ds,yhat,yhat_lower,yhat_upper
2021-05-04 00:02:01,1585.2657236589102,443.4545759796042,5649.521633254541
2021-05-04 00:10:58,1586.710417130362,435.5703256249765,5662.798112132728
2021-05-04 00:14:11,1587.1709010001957,410.3121990521533,6362.957774285524
2021-05-04 00:15:17,1587.3212777828714,405.9493865728391,6055.294328023361
2021-05-04 00:15:34,1587.3594274753227,406.5586369703678,5915.068655542733
2021-05-04 00:16:00,1587.417312248017,469.0873270730257,6345.450436433472
2021-05-04 00:18:52,1587.7862224482108,414.7138927471267,6096.920280827264
2021-05-04 00:20:28,1587.9815905908572,382.4452515879595,6551.202696891635
2021-05-04 00:22:02,1588.165630553666,420.61931241695095,6541.852572259299
2021-05-04 00:23:46,1588.3609410751455,397.8840988655556,6242.886550413802
2021-05-04 00:25:11,1588.5141383161272,435.76859019273786,5845.028663752152
2021-05-04 00:27:31,1588.7539792347625,394.77600501802664,5722.359201361231
2021-05-04 00:28:42,1588.8697350430293,433.64025239235656,5532.771996809741
2021-05-04 00:29:52,1588.980028048621,411.2814628057025,5388.050927266976
2021-05-04 00:36:26,1589.5314334962502,431.5883638779211,6160.2935885530305
2021-05-04 00:38:25,1589.6754516561532,417.8414737177432,5811.310480743476
2021-05-04 00:38:57,1589.7124488042532,439.61609524666807,6502.474511294361
2021-05-04 00:40:31,1589.8169490750863,400.88752262251836,6773.258502090753
2021-05-04 00:43:05,1589.9749189414342,392.5291676515854,5480.933943372605
2021-05-04 00:45:52,1590.1281805508897,400.97160479058954,6425.296473721113
2021-05-04 00:51:09,1590.3699774898391,429.03500275131194,6154.193869214673
2021-05-04 00:53:29,1590.4573834886785,456.0625105483699,5854.460483849149
2021-05-04 01:05:37,1590.7435604097284,440.0289169096204,6721.2101680608275
2021-05-04 01:08:15,1590.773230953594,416.84555945557264,6251.6811446879465
2021-05-04 01:10:23,1590.790126067763,453.83668229683593,6219.124917183694
2021-05-04 01:12:21,1590.8004870439308,416.49518979685513,6049.505864745302
2021-05-04 01:19:58,1590.8007502745772,420.05108709548904,5910.404601166184
2021-05-04 01:20:15,1590.799732525702,393.56253854510396,6431.954676145017
2021-05-04 01:28:51,1590.745315016414,400.0377584542287,5917.238207507191
2021-05-04 01:39:05,1590.6564295697478,411.65673614535854,5742.381910765678
2021-05-04 01:46:11,1590.6107803520974,414.2049759265871,6237.332440489783
2021-05-04 01:46:22,1590.610010629604,374.7197700963906,6570.892759764958
2021-05-04 01:46:33,1590.609266586996,451.63174247235366,6201.689781784813
2021-05-04 01:47:32,1590.605729817408,414.73535748457124,5860.45926728474
2021-05-04 01:52:43,1590.6017999864762,422.8992377280965,6222.945410976558
2021-05-04 01:56:01,1590.6148780261942,407.6309350592285,6456.995470688641
2021-05-04 02:03:48,1590.7079377113744,421.7190456426849,6043.793859630176
2021-05-04 02:04:58,1590.7307017232522,370.1018820017953,6148.888034151539
2021-05-04 02:06:08,1590.7560379316874,434.52782199145554,5696.304806711798
2021-05-04 02:06:20,1590.7606463814393,432.8060268196417,5335.308684897543
2021-05-04 02:08:23,1590.8125112976008,372.25588635910236,6656.345815710493
2021-05-04 02:11:23,1590.904388587988,459.7355996315046,6175.290396738041
2021-05-04 02:18:41,1591.2161637831855,446.9473062882839,6212.1698636562005
2021-05-04 02:20:25,1591.3103322088068,400.7337976419005,6169.751511051823
2021-05-04 02:27:02,1591.7487325280306,408.2723595722409,6053.597840444383
2021-05-04 02:34:24,1592.3980140346546,440.919146970709,5740.726810970645
2021-05-04 02:36:03,1592.5686494834656,404.079553569056,5731.618500136546
2021-05-04 02:39:52,1593.0008013402748,443.32405659415167,5820.584280265301
2021-05-04 02:42:38,1593.3478712135754,419.490239348093,6221.932711428679
2021-05-04 02:42:50,1593.374090895103,419.11402284039656,5843.534867913423
2021-05-04 02:45:36,1593.7527587902348,430.871849504086,6433.542274876974
2021-05-04 02:49:27,1594.3303984075583,411.21035859299104,5894.084187425146
2021-05-04 03:10:23,1598.5864143534595,419.9065988229367,6772.755053091349
2021-05-04 03:17:16,1600.425557580207,396.8751702214833,6175.465266994851
2021-05-04 03:21:04,1601.5383976625665,428.39919745291195,6398.3719125850985
2021-05-04 03:26:01,1603.093400445248,381.4460038352578,6602.436079450743
2021-05-04 03:28:16,1603.8398604002514,436.97768794031214,6217.992370133741
2021-05-04 03:29:41,1604.32259848596,439.88085819546023,6036.222414639949
2021-05-04 03:30:16,1604.5242374143886,419.01220882020596,6200.02064049122
2021-05-04 03:34:27,1606.0192416037444,416.2221460213476,6333.144113655717
2021-05-04 03:36:13,1606.6763913133034,453.8094174889175,6254.015080936149
2021-05-04 03:39:32,1607.9513620096773,385.05073643025,6336.419190031997
2021-05-04 03:41:08,1608.5856186503881,447.6566422116203,6244.942194100747
2021-05-04 03:49:56,1612.2951495756786,431.41255473527485,6481.17089393953
2021-05-04 03:53:33,1613.926660908158,378.0685621274896,6093.912524975136
2021-05-04 03:53:36,1613.9496460596192,431.29364689537437,6670.205469479636
2021-05-04 04:03:41,1618.8189262018427,432.8066289010291,5566.640894671856
2021-05-04 04:07:57,1621.0153883134199,429.13125942685593,6036.43758982139
2021-05-04 04:08:28,1621.2866659147192,374.87895030947703,5650.609298422339
2021-05-04 04:08:31,1621.3129785490785,397.9117844588641,6128.147637812741
2021-05-04 04:09:48,1621.9919381832874,455.3234650223884,6672.113852976402
2021-05-04 04:10:54,1622.579383109083,428.3451122265563,6673.7073910294
2021-05-04 04:11:30,1622.9019203934997,450.56002025565385,6474.202861793525
2021-05-04 04:14:56,1624.7757704569901,422.202599204491,7019.000299253337
2021-05-04 04:18:12,1626.6021679720036,471.7983077247931,6110.737281072703
2021-05-04 04:24:41,1630.346569804535,441.71504981914956,6662.070598969672
2021-05-04 04:33:57,1635.952026758504,441.25195805512067,6989.138315033647
2021-05-04 04:36:02,1637.249615622171,412.2581649203372,5803.133571336729
2021-05-04 04:39:24,1639.3729612498678,422.80427193307105,6012.759958362455
2021-05-04 04:42:33,1641.387475431558,400.7705837586585,5879.052595600252
2021-05-04 04:43:20,1641.8923844306228,398.273998337475,5490.123051987045
2021-05-04 04:46:19,1643.8289065732095,409.6196435959521,7061.085750895871
2021-05-04 04:46:52,1644.1881760831657,425.02831779773004,6048.140497035098
2021-05-04 04:54:06,1648.9718402640733,423.94210218046163,6095.974335855109
2021-05-04 04:55:00,1649.573962550662,439.5189865593698,6342.303986922709
2021-05-04 05:01:29,1653.9486232888905,384.5682437128457,6610.7191863844
2021-05-04 05:01:49,1654.1750968919455,458.2896743630679,5976.255561747693
2021-05-04 05:06:45,1657.5410001906484,449.9596164186292,6290.380364470542
2021-05-04 05:08:31,1658.751754192614,444.1874994522485,6742.475524974822
2021-05-04 05:08:51,1658.980456427778,389.8955384185647,6451.494121810535
2021-05-04 05:21:34,1667.7355643299913,440.1751277778447,6352.835960839872
2021-05-04 05:22:07,1668.114281918076,417.9592482160481,6961.64671915432
2021-05-04 05:33:56,1676.2047185675608,464.3429323212506,6738.738452570296
2021-05-04 05:41:18,1681.1674714766193,467.53724531219746,6952.041271897346
2021-05-04 05:46:29,1684.6016521174372,427.51187957575144,6548.066551820972
2021-05-04 05:51:50,1688.0834518729682,428.065061092546,7348.609372963429
2021-05-04 05:52:02,1688.2122265620567,414.16344250923055,7311.121666701869
2021-05-04 05:56:47,1691.2382885349298,438.8681075926677,6496.996904532906
2021-05-04 05:57:36,1691.7519888172096,468.80183321375677,6804.086931391454
2021-05-04 06:01:03,1693.8992499458984,525.7933197154593,6627.821520383818
2021-05-04 06:04:36,1696.067881296429,426.99644404951187,6285.970908703304
2021-05-04 06:06:03,1696.941030335377,452.84365395874534,7102.855522965457
2021-05-04 06:08:33,1698.428420690439,426.22715043503104,6900.028592747753
2021-05-04 06:17:48,1703.7176056822307,525.2511506310111,6490.926740693464
2021-05-04 06:20:02,1704.9403422972173,432.36150405333444,7062.1345945330695
2021-05-04 06:51:52,1719.6469470021302,436.1030877224476,6289.43936404617
2021-05-04 06:55:29,1720.960044632876,485.00163025321706,6486.354050930816
2021-05-04 06:59:21,1722.2765056011365,430.61007936724417,6479.538968517819
2021-05-04 07:01:13,1722.8792910521652,483.6591733448981,6876.080150076807
2021-05-04 07:29:30,1729.3275013467417,447.48812114727303,7225.713339961965
2021-05-04 07:32:34,1729.720582544996,488.61800145608066,6377.200845000275
2021-05-04 07:39:03,1730.35587997575,424.3623813419376,7161.971000810236
2021-05-04 07:40:46,1730.479942248229,421.2405002879955,7040.755546159916
2021-05-04 07:46:38,1730.7661539632632,432.58976204782164,6511.7245893172685
2021-05-04 07:50:06,1730.8363299411842,475.07605431406864,6630.100650980222
2021-05-04 07:54:18,1730.8246320892727,432.8466091352002,6353.9250425583205
2021-05-04 07:55:22,1730.8050093397524,471.27801578533376,6759.3890661247915
2021-05-04 08:10:35,1729.8175161427096,403.5196720306624,6882.9975773651495
2021-05-04 08:10:41,1729.8068012043466,379.7523778150849,6405.585728687772
2021-05-04 08:17:45,1728.9173438385512,459.5739927521376,6319.4773709351475
2021-05-04 08:17:53,1728.8981044336979,431.66805606703645,6562.44294436007
2021-05-04 08:24:45,1727.7892915838381,461.0015009746995,7420.935515290355
2021-05-04 08:25:26,1727.6665932870071,478.9302646069597,6361.045929862223
2021-05-04 08:38:17,1724.971746983291,436.23290319677557,6331.630452089561
2021-05-04 08:41:04,1724.297136832887,432.2768335983616,6605.357066747751
2021-05-04 08:44:24,1723.4500310195046,470.809195732526,6621.459243271596
2021-05-04 08:50:22,1721.8331421625762,438.97032869628214,6344.878120000708
2021-05-04 08:50:24,1721.8237639293095,431.41799095599174,6586.00989396001
2021-05-04 08:55:48,1720.2569353308454,468.09751677309157,6899.598160202933
2021-05-04 09:04:24,1717.5823175233947,449.2282746175797,6360.546171067505
2021-05-04 09:06:33,1716.8827615628425,443.68384482991314,7115.400743777262
2021-05-04 09:10:15,1715.6528880084388,438.9265591171117,6506.889556301023
2021-05-04 09:10:18,1715.636053419858,437.36120710169206,6724.198531500583
2021-05-04 09:23:22,1711.0673896695362,504.63296822031765,7320.817786617483
2021-05-04 09:23:50,1710.8987845228344,412.855279984411,6115.062471561014
2021-05-04 09:28:36,1709.1593116208721,452.71946813372386,6653.155083250252
2021-05-04 09:33:15,1707.435955147801,497.98133488076985,6387.166642390159
2021-05-04 09:34:17,1707.049984510877,435.31965022407456,5845.612767750178
2021-05-04 09:54:23,1699.418785152574,468.90227319711096,7142.855067002796
2021-05-04 10:02:31,1696.3186795116878,398.2385399936358,5802.716761847762
2021-05-04 10:13:23,1692.2264920680059,494.39809214697254,6725.249922193304
2021-05-04 10:22:36,1688.835442455425,431.02587120863643,6644.213601931846
2021-05-04 10:24:29,1688.1543779916847,452.9570220397017,6405.291374964502
2021-05-04 10:27:42,1687.0018070093686,433.63435957037166,6311.330707467432
2021-05-04 10:37:06,1683.7199421339885,426.2747213952962,6708.891628027538
2021-05-04 10:38:33,1683.2262599260996,435.0374501679172,6376.556632944808
2021-05-04 10:41:35,1682.2052559281183,433.6240917359603,6107.1483704389475
2021-05-04 10:46:25,1680.6128166397837,423.7519067023018,6983.205419287243
2021-05-04 11:00:44,1676.1685949118896,421.32567187183537,6894.09913049971
2021-05-04 11:01:32,1675.9331587260374,444.9851898918478,6553.15633877509
2021-05-04 11:02:01,1675.7916095622484,439.49820834085625,6882.21296239566
2021-05-04 11:21:57,1670.4324780957854,428.50975837554745,6668.935985928725
2021-05-04 11:24:29,1669.8214055629962,415.5003783865485,6552.454662791033
2021-05-04 11:29:47,1668.596323073532,424.1299423543279,6459.22028599864
2021-05-04 11:33:49,1667.7130867805615,443.0478542790912,5940.898028339122
2021-05-04 11:36:16,1667.1975313177325,512.829981264825,6443.888814469604
2021-05-04 11:56:47,1663.514411614645,426.5290019132712,6750.364957545372
2021-05-04 11:59:06,1663.1706246121455,464.510412053979,6766.799871530144
2021-05-04 12:06:00,1662.2340308651974,428.96607036798576,5729.051440042679
2021-05-04 12:12:40,1661.4533703536147,388.09291384828316,6063.975119004955
2021-05-04 12:14:27,1661.2652191388377,377.7017499498469,6558.541326439668
2021-05-04 12:28:05,1660.1136072903462,430.1383360983304,7090.219678819041
2021-05-04 12:33:08,1659.8147264161576,457.72470314747176,6821.115702980085
2021-05-04 12:34:44,1659.734282790314,434.04266782306297,6064.521580223993
2021-05-04 12:37:30,1659.6112682768699,425.0419844632339,5849.47782494887
2021-05-04 12:41:34,1659.4672356148362,510.29537289346734,6151.434190635622
2021-05-04 12:42:31,1659.439860638935,436.59351299168424,6418.12697853439
2021-05-04 12:55:56,1659.302965815365,379.93380749517144,6292.4252667850415
2021-05-04 13:00:39,1659.3636032657362,444.20385655922274,5931.29626594136
2021-05-04 13:01:34,1659.3818198493543,429.5744520763304,6510.946062147412
2021-05-04 13:20:11,1660.1906591633378,479.02009998350627,5964.175041922101
2021-05-04 13:23:43,1660.435441856538,478.2865881240491,6407.283875942242
2021-05-04 13:23:46,1660.4391071159016,421.7603782753681,6261.872275037075
2021-05-04 13:31:23,1661.0617005610466,437.988822179865,6290.281800764982
2021-05-04 13:32:53,1661.199085070777,421.9550700586563,5839.8294794912335
2021-05-04 14:03:15,1664.9317742064227,417.6383185646575,6884.737366057451
2021-05-04 14:06:43,1665.461718881518,427.9724455611033,6168.466909226107
2021-05-04 14:14:46,1666.7623045544276,452.1048684082735,6732.334100093413
2021-05-04 14:30:06,1669.4759643457614,424.3633429086642,6095.533999032419
2021-05-04 14:31:20,1669.7057967617604,393.89012902269803,6678.142538136554
2021-05-04 14:33:26,1670.100569069772,399.1755819308428,5880.416718963355
2021-05-04 14:33:40,1670.1446918200645,410.71223495252667,6428.088857662148
2021-05-04 14:46:03,1672.550859754323,412.0148025428743,6707.598710073702
2021-05-04 14:54:00,1674.1475224679725,432.46991926775354,6651.552946045415
2021-05-04 15:07:44,1676.9536831186383,454.1102015674213,6246.931606840487
2021-05-04 15:12:42,1677.971265666237,440.5649325098904,6292.387696230668
2021-05-04 15:13:21,1678.1041872831756,482.1360768499276,6296.863657953962
2021-05-04 15:21:32,1679.7674555135384,426.3125213933075,6245.5645547927825
2021-05-04 15:42:13,1683.7939561807557,461.8643477699448,6509.63288791388
2021-05-04 15:44:28,1684.2080820230922,457.5611760721894,6290.683438512542
2021-05-04 15:50:06,1685.217633215072,454.82077797061,6731.33873895678
2021-05-04 15:59:07,1686.7406969142253,451.1708126777052,6137.987281692647
2021-05-04 16:00:37,1686.9816837416765,442.43331550171155,6560.816501099965
2021-05-04 16:12:44,1688.780336136394,447.23945666131806,6204.592164659743
2021-05-04 16:13:34,1688.8936208580844,454.68144112276457,6735.922525758694
2021-05-04 16:14:38,1689.036538116333,422.43996010294217,7011.344929858888
2021-05-04 16:18:15,1689.5032613892786,428.6289058344457,6612.911362874787
2021-05-04 16:31:08,1690.9261389267485,480.07378810118814,6870.613126716626
2021-05-04 16:37:11,1691.4552149873653,453.47087976858285,7311.5953414107225
2021-05-04 16:48:35,1692.1905576797224,488.7936711015969,5733.1637318302755
2021-05-04 16:57:05,1692.5049152222089,445.98866672375004,6266.460749107144
2021-05-04 17:05:39,1692.611564167291,445.49191120752266,6179.507509724523
2021-05-04 17:05:45,1692.611543950461,397.1769080810165,6092.7275482907335
2021-05-04 17:05:52,1692.61148326386,459.32687874304145,6686.768416596913
2021-05-04 17:05:57,1692.6114154524907,482.075472820382,6467.975986505122
2021-05-04 17:14:19,1692.5005351938696,420.56450793412245,6090.340090912191
2021-05-04 17:15:28,1692.4691580823192,444.0449498165029,6698.348278910876
2021-05-04 17:19:07,1692.3437551950026,406.36399313850006,6372.650939383459
2021-05-04 17:23:02,1692.1656532747795,455.8881279904222,6544.075594646188
2021-05-04 17:36:03,1691.2547314253875,472.0177626409301,6521.696985573777
2021-05-04 17:41:23,1690.7435985939444,453.6901447401943,6462.739670354063
2021-05-04 17:46:44,1690.1536228117802,431.0635513612473,5833.2156509633405
2021-05-04 17:52:08,1689.482639254285,404.07898305207635,6772.092340007464
2021-05-04 17:56:07,1688.9410990105794,460.05695164664183,6462.003392378227
2021-05-04 18:01:56,1688.0828825882456,511.7871874112095,6287.2359526907285
2021-05-04 18:06:48,1687.3068747281334,438.3243548161162,6201.113218638153
2021-05-04 18:23:55,1684.2141232896206,470.85631037284764,6301.496348810115
2021-05-04 18:26:24,1683.725528821738,430.6363828730632,6285.587827474478
2021-05-04 18:55:07,1677.6397327519373,475.28360410005763,5782.181691287295
2021-05-04 19:01:59,1676.1364760744918,448.5957353339067,6856.660588263229
2021-05-04 19:05:34,1675.356331492746,402.70322361527496,6001.930362954623
2021-05-04 19:19:02,1672.4957795306757,466.2657956360452,6202.1890755629875
2021-05-04 19:19:51,1672.3276266866965,446.98821114493705,6308.551827408937
2021-05-04 19:24:07,1671.4622521525796,446.9178973809923,6052.3588883816965
2021-05-04 19:26:03,1671.0780587149366,437.8981550129081,6955.355100572838
2021-05-04 19:28:30,1670.5990283742756,464.55194300019724,5714.195238444793
2021-05-04 19:29:46,1670.355008407993,464.9744361175935,6689.298233932294
2021-05-04 19:32:39,1669.8094070271543,433.66687256923393,6715.669909384521
2021-05-04 19:33:23,1669.6729266975333,435.78138504116447,6228.454195154072
2021-05-04 19:36:38,1669.0798950265116,426.880461001747,6917.8826131338
2021-05-04 19:39:54,1668.5044081352712,432.88515778813047,5880.760519269509
2021-05-04 19:40:54,1668.332598484531,426.3678710360665,6276.278532579601
2021-05-04 19:42:40,1668.0342736249452,472.3847025395948,6529.241266828662
2021-05-04 19:43:58,1667.8191116044773,454.7587588123404,6443.147739581962
2021-05-04 19:44:46,1667.6885868129111,428.9188796689903,6879.101891566962
2021-05-04 19:45:42,1667.538154571167,406.24576679780176,6113.390776984664
2021-05-04 19:46:55,1667.345093959965,457.48063531731304,6233.323922600183
2021-05-04 19:50:47,1666.7551554995687,434.5504858243596,7146.44663562051
2021-05-04 19:51:01,1666.7207390762233,438.76337047719437,6230.833688335179
2021-05-04 19:58:01,1665.7544438884113,434.3104589248376,6677.1130678664185
2021-05-04 20:06:05,1664.8108744472254,436.78643403925884,6583.5277420127895
2021-05-04 20:11:12,1664.3141936287377,482.628359154341,6105.682471357322
2021-05-04 20:15:46,1663.941504157474,446.57523250066777,6754.230586778143
2021-05-04 20:18:30,1663.7513773203982,484.8525558422571,6133.035713175804
2021-05-04 20:25:37,1663.3759757123778,446.9612338308554,7102.650643693581
2021-05-04 20:27:14,1663.3153408388819,429.6067996761622,5775.872408531406
2021-05-04 20:38:37,1663.1548000407622,424.7320282038955,5887.380717381402
2021-05-04 20:52:48,1663.624007195503,426.1822594780657,5927.370537492833
2021-05-04 20:58:14,1664.0025370904239,411.4147151466825,5776.63274628212
2021-05-04 21:08:58,1665.0701201276959,390.5577273789097,5961.9379047906305
2021-05-04 21:24:32,1667.3441946690282,464.4993206269647,7287.797016482647
2021-05-04 21:27:15,1667.8243357008362,424.3866016123089,5983.036370133488
2021-05-04 21:33:22,1668.9901839252398,443.26010272450844,6381.267607624545
2021-05-04 21:41:29,1670.7080962990476,411.7057122332495,6313.220514370439
2021-05-04 21:55:15,1674.0155350500827,469.4175746681453,6608.900113144201
2021-05-04 21:55:23,1674.0497113028193,422.8233249538905,8214.627016334993
2021-05-04 22:11:41,1678.4756086464192,449.0175187893676,6711.312219998701
2021-05-04 22:18:20,1680.393291489858,430.53983912457744,6304.686967125992
2021-05-04 22:22:30,1681.6173574107788,484.8285360982178,6610.850630046904
2021-05-04 22:25:51,1682.610885996844,426.7256847337471,5930.932283102668
2021-05-04 22:25:52,1682.6158459947005,447.4864551729598,5838.193608545639
2021-05-04 22:33:16,1684.829387707537,435.3510890029964,6711.831203970983
2021-05-04 22:51:13,1690.186795719521,437.5467973536348,6038.568018045236
2021-05-04 22:53:04,1690.7289507222504,391.73017975328776,6749.568632284865
2021-05-04 22:54:21,1691.1031880131445,465.4839185484565,6675.198265087226
2021-05-04 23:11:20,1695.860089005954,443.9686767261311,6800.18036595154
2021-05-04 23:12:44,1696.2318823650858,412.1534878157969,7027.946576372541
2021-05-04 23:26:37,1699.7003104417884,517.3807118323998,6866.879201955693
2021-05-05 00:04:18,1706.5453388612143,509.1716659831971,6636.889934959708
2021-05-05 00:25:10,1708.457079446502,427.42018847429205,6547.642772036434
2021-05-05 00:31:09,1708.7586594820307,442.5190801697768,6759.092422887854
2021-05-05 00:37:26,1708.9644349727844,472.2903364693918,6955.699334641196
2021-05-05 00:40:53,1709.0313793709443,480.6100290566629,6431.908470534592
2021-05-05 00:45:39,1709.0730722677695,480.96362740470767,6354.914564839473
2021-05-05 00:46:50,1709.0746662107297,440.0346601989103,6071.018042370903
2021-05-05 00:51:55,1709.044071786685,381.9487483144572,7012.392106528089
2021-05-05 01:17:50,1708.1345339624518,421.6536873251481,6273.950620174768
2021-05-05 01:21:40,1707.926414095597,426.7698619532641,6032.419417257553
2021-05-05 01:52:29,1706.198288404124,474.1442798473181,6475.992396880534
2021-05-05 01:53:19,1706.1601516072071,419.18760970901616,5935.17571610542
2021-05-05 01:56:08,1706.0384429639266,476.33511199530153,6728.166414711444
2021-05-05 01:59:44,1705.9008673191545,439.2518808704878,6173.427059847998
2021-05-05 02:09:23,1705.6537001832226,451.89356699111664,6970.395830337058
2021-05-05 02:13:55,1705.6108285618823,465.1571965589427,6434.512158699344
2021-05-05 02:31:45,1706.0254244108098,503.0076621426893,6364.162678179664
2021-05-05 02:54:02,1708.2099957195178,423.7537630213002,6150.882096471873
2021-05-05 02:56:54,1708.6495050842043,474.1458919063586,6220.576899508511
2021-05-05 03:01:48,1709.4915967105792,464.0956303866835,6579.9119778598115
2021-05-05 03:04:19,1709.9696386426456,453.27833567549266,6293.9248941432115
2021-05-05 03:12:06,1711.6491128435835,431.58110511713164,6984.9614126921715
2021-05-05 03:12:17,1711.6923937406618,441.03674602775254,6928.758251923126
2021-05-05 03:12:28,1711.7358478038316,488.4483920726783,6099.7926093829465
2021-05-05 03:13:03,1711.8752641138312,432.29111536822666,6751.632777637055
2021-05-05 03:14:02,1712.1142613514746,491.79054848799586,6639.154280218781
2021-05-05 03:20:57,1713.937779985251,434.8781498165167,6220.847500173017
2021-05-05 03:41:08,1720.7069312643189,447.5161205205862,6621.3228294546325
2021-05-05 03:46:34,1722.8976669486203,476.3297556180248,6658.5065819545625
2021-05-05 03:47:31,1723.2965308283601,433.9478357103052,6879.391118085097
2021-05-05 04:03:12,1730.5429300645937,458.5193148947063,6943.649725851542
2021-05-05 04:04:47,1731.3416961783032,450.7515087809042,6311.821862988242
2021-05-05 04:15:14,1736.9034089294905,463.6370261641077,6956.310026316767
2021-05-05 04:20:55,1740.1283852811146,462.0321230612953,6445.026158702423
2021-05-05 04:23:46,1741.7951550387731,479.4079999634481,6287.241560641541
2021-05-05 04:30:07,1745.62037071755,450.11661814968704,6517.544242642478
2021-05-05 04:39:19,1751.410633620586,471.73549658006283,6416.454085377815
2021-05-05 04:40:48,1752.368972711593,439.6673187526383,7831.103251676424
2021-05-05 04:42:43,1753.616580458032,462.3209465130246,6485.656938951812
2021-05-05 04:47:08,1756.528992330564,418.6575127932037,6942.729938068019
2021-05-05 04:51:01,1759.129123593506,475.15898415479137,6591.305309870134
2021-05-05 04:52:45,1760.3004456046663,472.45235652840495,7444.257114350179
2021-05-05 04:57:26,1763.4946792387484,455.20219653725746,6915.528861919844
2021-05-05 05:03:28,1767.662875638911,428.36386609646246,6785.945943672828
2021-05-05 05:04:08,1768.1264759593914,478.9121184079275,7622.815836763994
2021-05-05 05:12:26,1773.9340922631914,452.77782099485245,6733.5610616406075
2021-05-05 05:17:15,1777.3231094695125,446.24402647470527,6406.541954479617
2021-05-05 05:31:08,1787.0728032458824,455.5315644362834,6593.221808064665
2021-05-05 05:37:29,1791.4784671923967,419.4471451544571,7570.594667512093
2021-05-05 05:49:17,1799.4814059985292,484.3054771607129,6958.544054337361
2021-05-05 05:57:39,1804.9505614817276,468.1953131614139,7416.7417674627895
2021-05-05 06:05:04,1809.61429022591,472.83430663151,6641.801946931766
2021-05-05 06:07:50,1811.303119472434,451.4097289757591,7037.693947020962
2021-05-05 06:09:53,1812.535193440991,464.61011740751565,6328.404659987874
2021-05-05 06:13:25,1814.6183235051342,513.5518316116309,7675.832106556647
2021-05-05 06:29:18,1823.2782099648127,442.4245939348701,6713.793139245413
2021-05-05 06:32:08,1824.6899359116867,449.7414957402569,6925.44795310871
2021-05-05 06:45:06,1830.578979279653,474.947786731781,6811.816715283211
2021-05-05 06:52:42,1833.567583093388,436.0424718017916,6453.041589593139
2021-05-05 06:59:47,1836.0273753297754,472.4279851336624,7284.994396193192
2021-05-05 07:06:51,1838.158339398573,457.41843466781216,7379.180397404416
2021-05-05 07:10:57,1839.2439245801945,471.4182552179471,6591.720424212042
2021-05-05 07:11:22,1839.3479940386303,476.97360673600747,7905.421552094584
2021-05-05 07:12:23,1839.597064431938,520.381501304329,7069.732284454208
2021-05-05 07:15:54,1840.4053161980557,461.15374142443187,6290.396103528939
2021-05-05 07:20:37,1841.3591422685877,464.3834356369004,6826.723692940313
2021-05-05 07:25:49,1842.2374111319186,477.1794956631586,7500.608506725287
2021-05-05 07:44:12,1843.8957684861923,525.5956098987461,8402.187906526593
2021-05-05 07:49:47,1843.9618510313276,474.2612426604281,7775.948484766873
2021-05-05 07:51:58,1843.933809208027,493.07994975713433,6825.659620980769
2021-05-05 07:52:13,1843.9286874527656,520.4975877790753,7335.590561225485
2021-05-05 07:57:15,1843.743033547061,482.9308360396659,7539.157686963509
2021-05-05 08:05:41,1843.088143204089,553.1013055627709,6597.399608791913
2021-05-05 08:09:48,1842.6176220771786,501.91567855643177,6652.900518399178
2021-05-05 08:09:52,1842.6092115256154,512.73601102374,7441.736811602845
2021-05-05 08:13:47,1842.071757823169,461.10297126148185,6445.607622537827
2021-05-05 08:13:48,1842.0692906319687,497.02410435276994,7040.323318281808
2021-05-05 08:18:28,1841.3198426876804,479.9095607270171,6862.119696636469
2021-05-05 08:36:12,1837.4792168865563,461.94592520313734,7967.662975866555
2021-05-05 08:46:29,1834.615129891337,458.8783611115062,6761.842868149737
2021-05-05 08:59:22,1830.482676158179,449.4688148309718,6645.218218733692
2021-05-05 09:00:32,1830.0825043972761,507.17852187346637,7851.343552427852
2021-05-05 09:14:04,1825.1804907243989,472.58082798610553,7497.712153955602
2021-05-05 09:18:24,1823.5244354287936,473.7088915993037,6846.581432813099
2021-05-05 09:22:30,1821.926488952502,478.0146780764003,6846.5750219394395
2021-05-05 10:32:09,1793.7886888749276,493.1992749430265,6435.46384752944
2021-05-05 10:39:09,1791.1939674146865,432.32819015595226,6449.126148399575
2021-05-05 10:43:35,1789.5985007673166,452.31593113231435,6771.305686340699
2021-05-05 10:51:17,1786.9239034112027,435.2113268874328,7139.592815775984
2021-05-05 10:59:59,1784.0615199433935,465.32767571462654,7449.976983906117
2021-05-05 11:00:30,1783.897157606864,448.45625240460333,6966.9999555435925
2021-05-05 11:14:02,1779.8304300084126,460.8109867607848,6189.044875000896
2021-05-05 11:23:03,1777.3885773942302,474.7455755740744,7303.924632146203
2021-05-05 12:22:42,1767.1393314428572,464.4169741408103,6843.831137827492
2021-05-05 12:48:49,1765.946614708626,427.3732328053081,6349.504350550178
2021-05-05 12:49:27,1765.941828128647,409.90592330910187,7246.664930849801
2021-05-05 12:57:35,1765.978916587304,453.7500475513647,6817.059875745029
2021-05-05 13:21:51,1767.1349695142048,473.67613085914024,6498.9462057379005
2021-05-05 13:55:12,1771.0220190751968,473.94867868684094,6496.565401852265
2021-05-05 14:32:04,1777.735164640231,454.24061611123756,6773.865925901071
2021-05-05 14:32:06,1777.7420763382909,446.7751270593535,6649.382166461682
2021-05-05 14:34:42,1778.2847484798735,465.1954372448287,6745.429834757108
2021-05-05 14:37:56,1778.9689145869909,469.9716253407526,6869.656166054745
2021-05-05 14:38:35,1779.1076232886296,466.05454740172445,7182.035873671199
2021-05-05 14:45:00,1780.495756164157,452.0251629046392,6490.9377869477885
2021-05-05 14:54:35,1782.6202312143298,446.9094046106625,6750.97946231208
2021-05-05 15:01:50,1784.2539996103023,498.1841214792322,6519.350866592408
2021-05-05 15:19:07,1788.1644408694708,496.94445176723036,6721.684797824126
2021-05-05 15:21:13,1788.6351298494235,457.02369443238,6877.396548997211
2021-05-05 15:21:21,1788.6649497575324,496.61123086146006,7081.652522875963
2021-05-05 15:21:30,1788.6984872864718,516.949290315989,6914.532250887692
2021-05-05 15:23:22,1789.114923279215,467.697266997928,6960.74794458227
2021-05-05 15:24:50,1789.4408313803226,483.7586972591807,6598.298054714043
2021-05-05 15:27:24,1790.0080873381544,458.9916667854251,6502.933192661582
2021-05-05 15:41:56,1793.1196581459571,449.9347269906573,6519.519157699459
2021-05-05 15:46:26,1794.0379112979515,488.51007972950157,6910.010059578744
2021-05-05 15:49:44,1794.6944485387344,455.82737428943983,7554.211042748086
2021-05-05 15:53:36,1795.443773831908,444.25241832362923,6290.211067375799
2021-05-05 15:55:47,1795.8566898410907,536.8677148620275,7102.334100122595
2021-05-05 15:56:11,1795.93150449889,492.2505444298257,6670.17017355462
2021-05-05 16:00:43,1796.7604892096367,436.8319161616189,7583.289340728131
2021-05-05 16:08:13,1798.0496796202174,513.9823114256009,7268.420249966309
2021-05-05 16:18:30,1799.6296896790236,513.5098336660999,6532.141726192675
2021-05-05 16:18:41,1799.655721438229,496.90274747412525,6436.205641510873
2021-05-05 16:33:35,1801.4956219535782,518.2766934477761,6869.959028444248
2021-05-05 16:33:39,1801.502567851437,511.79285958251336,6779.086102611653
2021-05-05 16:40:17,1802.1327969139234,505.04507175688906,6580.087889755343
2021-05-05 16:44:52,1802.4959275599208,460.6160650808555,6525.152499288259
2021-05-05 17:05:04,1803.3507092985485,517.5874744565108,6217.598337116695
2021-05-05 17:15:49,1803.2902281349686,465.089719536046,6878.954664743508
2021-05-05 17:26:11,1802.8878448955377,473.2510169041331,7287.545545974609
2021-05-05 17:30:36,1802.614866929095,509.3484295584241,7448.6268384897885
2021-05-05 17:32:31,1802.477807840105,452.5457125387051,6615.047678315583
2021-05-05 17:33:13,1802.424969371015,434.6342696414787,6932.065765957796
2021-05-05 17:39:08,1801.9196379449536,513.4351517045882,6577.966409723707
2021-05-05 17:42:58,1801.5371797001276,459.55389320869705,6517.920172699687
2021-05-05 17:46:56,1801.097091347403,450.9059085684139,7082.992869302719
2021-05-05 17:50:35,1800.6533957807676,481.52554518042933,7381.808629808795
2021-05-05 17:59:26,1799.4306465289396,478.6883489379319,6249.602923223827
2021-05-05 18:03:44,1798.765709390429,487.01541150333657,7383.764431712433
2021-05-05 18:04:05,1798.7096562074823,498.79733633440236,7247.38414841773
2021-05-05 18:04:55,1798.5750551837593,494.6480958324541,6441.380769107731
2021-05-05 18:07:58,1798.068985209879,450.6028338513981,7073.041382054182
2021-05-05 18:11:17,1797.4955857976531,433.8579029924569,6398.654914121875
2021-05-05 18:15:14,1796.7830679965998,520.850711914786,6465.672695169855
2021-05-05 18:18:50,1796.1074692338186,501.60107966053744,6745.612720322203
2021-05-05 18:30:26,1793.7830318186434,502.61346512056167,6746.861010723528
2021-05-05 18:33:10,1793.207526373857,467.67221941074035,6896.985892765671
2021-05-05 18:35:13,1792.7701353978864,446.7284406479846,6646.091232019035
2021-05-05 18:42:44,1791.1310110659663,515.230394448695,7182.002401040511
2021-05-05 18:50:33,1789.38430908202,512.3843345764145,7049.534417532235
2021-05-05 19:01:46,1786.8500024765033,513.0762179355106,7064.472432601113
2021-05-05 19:03:05,1786.5532285808374,440.3195652985934,6475.317132902458
2021-05-05 19:08:55,1785.2468412423273,494.013908928752,7203.65051823877
2021-05-05 19:11:04,1784.770200659004,461.26891569329104,7209.01226146309
2021-05-05 19:15:04,1783.8929438451119,432.67806631019977,6781.906626963385
2021-05-05 19:34:02,1779.9953345782828,474.44248578854143,6492.609121931991
2021-05-05 19:34:57,1779.8215690164982,484.110054862195,6557.602201062691
2021-05-05 19:42:23,1778.4758828860224,509.7166021068882,6448.334163197081
2021-05-05 19:48:52,1777.4044912864078,435.9428589174735,7303.796205635848
2021-05-05 19:54:47,1776.5204625199697,418.3805274439967,6419.242448111275
2021-05-05 19:59:00,1775.9498249335409,501.35899885326006,7222.598119898599
2021-05-05 20:02:27,1775.5219791024535,393.37527928515897,6995.904820847246
2021-05-05 20:05:40,1775.1561086836055,498.7139147479366,6677.68473434901
2021-05-05 20:15:48,1774.2242507577937,462.7891723460509,6077.921729953891
2021-05-05 20:24:14,1773.7203330217296,472.6178909781689,6794.830716746132
2021-05-05 20:25:46,1773.6564670337073,469.07095909393075,7345.197441595045
2021-05-05 20:31:44,1773.49154779243,463.0408143910263,7270.140371918284
2021-05-05 20:38:27,1773.4681316323167,494.3619467016776,6909.980381400632
2021-05-05 20:39:30,1773.4802299725136,479.3913621975125,7293.518265107133
2021-05-05 20:44:51,1773.6086707457769,470.23855441455635,7282.9836098191645
2021-05-05 20:46:42,1773.67916840824,443.41471490920577,6884.935497796604
2021-05-05 20:46:49,1773.6840645316854,395.5015246974193,6902.975414264566
2021-05-05 20:48:58,1773.783863458579,460.5172339590023,6420.164675951978
2021-05-05 21:08:04,1775.462942954022,492.9480386988549,6525.902473930747
2021-05-05 21:08:31,1775.5194340897892,495.30302127178174,7899.666159734327
2021-05-05 21:09:42,1775.671621158071,472.9727343484165,7986.581112232003
2021-05-05 21:16:10,1776.5951530840523,467.59166659876155,6825.111370061777
2021-05-05 21:29:40,1779.002329583069,470.7092924004525,6150.682564782787
2021-05-05 21:31:35,1779.393709451479,463.86594762338007,6509.075872209054
2021-05-05 21:32:41,1779.6236133600992,462.9290836486693,6671.035913252498
2021-05-05 21:41:47,1781.6666558057668,520.7107904617159,6938.680297475248
2021-05-05 21:48:13,1783.2520853569897,459.81329871455176,6977.151759222764
2021-05-05 21:56:55,1785.5590551489863,488.8980502623613,6570.940490410896
2021-05-05 22:02:54,1787.2397089543472,471.64916655379614,6664.927531356694
2021-05-05 22:15:22,1790.934120119161,494.3741656479349,6736.644009460542
2021-05-05 22:15:28,1790.9645962877353,493.95076730099026,6801.064696429373
2021-05-05 22:15:47,1791.061176736657,407.1393238136642,7201.643533708836
2021-05-05 22:23:14,1793.360848606355,417.708632324915,6722.626529408941
2021-05-05 22:24:51,1793.8655247031936,469.87569945390516,6602.3563585530865
2021-05-05 22:26:53,1794.5023303552086,475.0070084321085,6389.37379288606
2021-05-05 22:27:19,1794.6382969025553,485.8656491262298,6940.373446907849
2021-05-05 22:40:25,1798.7637141644016,422.04530664638514,6643.978481815034
2021-05-05 22:47:06,1800.8534310414645,462.007723291273,6654.049023839776
2021-05-05 22:47:31,1800.9827954656791,506.7595210817425,6491.162608407702
2021-05-05 22:49:44,1801.6686820754487,482.22641387559116,6522.917050381111
2021-05-05 22:53:01,1802.6763906607434,453.87296614044897,7088.8695490771415
2021-05-05 22:53:12,1802.7323350075958,446.12413587536497,6043.134020246301
2021-05-05 22:57:22,1803.9932803105935,487.2549604484062,6313.339505335821
2021-05-05 22:57:47,1804.1181830046207,482.2083332732312,7650.8752188105
2021-05-05 22:58:26,1804.3125654233636,478.79661726058885,7173.240836895042
2021-05-05 23:09:05,1807.404112647824,495.9701993876414,7105.824023337984
2021-05-05 23:09:53,1807.6282817891822,441.2816095324432,6314.538305685484
2021-05-05 23:13:57,1808.7478484950304,480.90787843455166,6794.666735774191
2021-05-05 23:15:41,1809.2143777354295,488.7749493469093,7256.125824916388
2021-05-05 23:26:25,1811.944860934788,451.7171316165751,7101.837609853093
2021-05-05 23:26:28,1811.9568951022898,487.1665858144573,7516.483644548311
2021-05-05 23:27:28,1812.1961620065947,420.77666196581316,7271.071724437924
2021-05-05 23:35:01,1813.9122241631571,444.3605453957083,6550.120901703671
2021-05-05 23:42:10,1815.3811918879455,441.7883945862261,7109.10723958277
2021-05-05 23:45:07,1815.940483548904,471.04421880280836,6693.030493328549
2021-05-05 23:45:57,1816.093383801187,476.8653321350739,7044.812592695474
2021-05-05 23:46:58,1816.2768517710188,425.84392710603123,7946.574165855964
2021-05-05 23:48:10,1816.4890343071108,490.75993183466494,7211.14677017632
2021-05-05 23:52:10,1817.1617367856554,484.6775785721349,7744.597480726635
2021-05-05 23:58:37,1818.1323964599007,454.3087452101551,6763.679538884652
2021-05-06 00:07:52,1819.273704279353,568.5979716134723,7104.385455558628
2021-05-06 00:31:02,1820.8387948796842,479.29444541916877,5985.465888600517
2021-05-06 00:32:29,1820.877526468937,493.38718504584057,7115.1176857522
2021-05-06 00:50:44,1820.8311369208905,471.05165301251,5948.988395062494
2021-05-06 00:51:12,1820.8180056837261,438.46391990607725,7142.453742415168
2021-05-06 00:52:08,1820.7901261874922,470.03400248126525,6900.962689917983
2021-05-06 00:57:05,1820.6076130819345,473.9379641051872,7228.343398677961
2021-05-06 01:06:04,1820.1423534346366,505.2335190382239,6747.983024217189
2021-05-06 01:15:59,1819.467233963775,426.74173423542334,7462.132343654317
2021-05-06 01:30:18,1818.3061188591118,452.1140206423215,6741.956185871403
2021-05-06 01:45:03,1817.058619414981,496.23466706486596,7421.202836840265
2021-05-06 02:10:26,1815.4213595729332,441.3544133362788,7287.069793883751
2021-05-06 02:11:43,1815.3719384554875,452.34925879509416,7043.704787421803
2021-05-06 02:14:19,1815.2849525455158,424.7771426830426,6208.81123423423
2021-05-06 02:14:57,1815.2665284598802,521.6010125517221,6717.561075645523
2021-05-06 02:26:32,1815.1426323319713,485.7446338215367,5992.413426754784
2021-05-06 02:36:03,1815.3867714898608,469.3521189756296,8237.135273327776
2021-05-06 02:38:30,1815.5066235974336,467.6511646576617,6769.110545913943
2021-05-06 02:39:33,1815.5655517260561,506.3760903515581,7226.634058066129
2021-05-06 02:40:26,1815.6187030274095,445.86832104025797,7104.145132457814
2021-05-06 02:45:59,1816.0295768791198,478.44093632079876,6864.944944369709
2021-05-06 02:48:25,1816.2528958601472,465.3603698010112,7178.199269991422
2021-05-06 02:51:57,1816.6257885273642,493.2940725342676,7225.078129534893
2021-05-06 02:54:40,1816.9526495211078,516.7832696762632,6569.986612886514
2021-05-06 02:55:43,1817.088520889716,453.73886684299123,6604.423202553248
2021-05-06 03:04:15,1818.395815630428,474.0417618558211,6350.605203192338
2021-05-06 03:12:08,1819.936216287069,489.48299992024675,6733.077435168597
2021-05-06 03:17:49,1821.2518425298642,449.66206184051475,6687.616641931397
2021-05-06 03:18:42,1821.47201140684,513.6609491862584,6846.5656214520195
2021-05-06 03:37:18,1827.1026838539974,507.2876130426216,6773.304187854573
2021-05-06 03:42:47,1829.1257494689185,437.1943907040124,6947.811395491292
2021-05-06 03:57:22,1835.2925092336689,470.9259870708509,6551.791523858256
2021-05-06 04:01:28,1837.2253848649477,465.6786397302979,7022.128697776925
2021-05-06 04:01:32,1837.2575112880206,479.92357965767576,6666.103567637249
2021-05-06 04:49:22,1865.1597422152354,523.0262747138921,6867.93072044907
2021-05-06 05:17:01,1884.0556700544537,514.7753738523033,6955.397765355844
2021-05-06 05:44:23,1902.718052192488,524.6745257558898,7266.224659007153
2021-05-06 05:47:31,1904.7714762324736,468.32964215868043,7296.781369312464
2021-05-06 06:03:52,1914.995875109504,496.99629228282157,6764.1395873156935
2021-05-06 06:39:19,1933.0566573422852,531.8959806035755,7556.311294793859
2021-05-06 06:44:49,1935.2146946009696,500.5074450849589,7345.268674518419
2021-05-06 07:48:38,1944.8586522781252,500.2480688947796,7529.550314029902
2021-05-06 07:53:23,1944.4214199754756,475.8467223989178,7888.627697734257
2021-05-06 08:04:00,1942.9030645829705,511.5663702425312,6877.612721560647
2021-05-06 08:26:05,1937.5337132231393,516.3271446965949,7396.897680209919
2021-05-06 08:32:07,1935.6003799862403,524.2351857594618,7100.259812208767
2021-05-06 08:33:25,1935.1601313537842,483.68745102835084,7610.740165896452
2021-05-06 08:36:36,1934.048097919067,512.3649642541864,7716.390563816607
2021-05-06 08:44:42,1931.0123185640552,504.5731074108509,7069.422171426266
2021-05-06 08:48:33,1929.472656979138,478.03371146384245,6912.898763883902
2021-05-06 09:17:21,1916.3800381740332,485.7185798766663,6821.614208601287
2021-05-06 09:20:23,1914.8758399998535,463.04463224106206,7468.532607233433
2021-05-06 09:30:46,1909.6078010188123,496.1563604090375,7199.544969552161
2021-05-06 09:30:47,1909.5992207058925,482.3534495587325,7424.239987652984
2021-05-06 09:48:41,1900.2431466537917,509.121491514773,6958.2111376939665
2021-05-06 09:51:28,1898.7742952895728,452.29314800382093,8233.710758974987
2021-05-06 09:54:07,1897.3753438675485,535.6643259142662,6842.614013448424
2021-05-06 09:58:46,1894.922432862918,500.07273727941595,7496.365126823963
2021-05-06 09:59:50,1894.3605200051882,475.10582255314927,7460.9552524048195
2021-05-06 10:00:25,1894.053394233112,485.47805589470613,7442.59284467284
2021-05-06 10:00:28,1894.0270752089327,480.26475762448325,6892.567387148186
2021-05-06 10:04:34,1891.8728078903312,476.7726269046894,6775.805855823231
2021-05-06 10:06:17,1890.9735654206224,497.41649169362853,7977.722042526426
2021-05-06 10:36:35,1875.6205993709705,523.2032189596538,8331.161932267722
2021-05-06 11:12:30,1859.6241398047166,490.4165319139947,6927.398033643111
2021-05-06 11:35:58,1850.9619524494408,515.4971641535328,6477.164004993211
2021-05-06 11:40:12,1849.5673680477944,475.6363988985715,7150.859335846945
2021-05-06 11:52:46,1845.7404402514487,493.7869586020224,7691.4144168614275
2021-05-06 12:35:25,1836.279459244523,536.0006166002645,7438.464679923706
2021-05-06 12:45:43,1834.79780971069,470.34865752812806,6576.611741932272
2021-05-06 12:47:59,1834.5122501777275,556.3060094492313,6518.631104184517
2021-05-06 12:48:03,1834.5040699601004,489.9540542170898,7098.798131111382
2021-05-06 12:49:42,1834.305574046134,435.44369057503786,7438.69814570202
2021-05-06 12:52:57,1833.9367715650326,463.8863775177855,6846.313913251268
2021-05-06 12:53:53,1833.8362617292141,479.1264403156543,7223.065891171574
2021-05-06 12:54:36,1833.7607119038762,506.0801471269718,6285.932524063281
2021-05-06 12:56:55,1833.526119578491,498.49323654709025,6720.555063367171
2021-05-06 12:57:12,1833.4984336913967,500.48214582396776,6701.544654117438
2021-05-06 12:57:55,1833.4293787709137,466.8965304759571,7637.754284792423
2021-05-06 12:58:21,1833.3883007773823,464.19168659608454,7132.315701227891
2021-05-06 13:02:48,1832.9957395961,511.7890069304162,7008.669144088656
2021-05-06 13:39:57,1831.6721243516413,440.8755906476954,6709.168854547967
2021-05-06 13:43:29,1831.7130774225047,468.23354646709157,6312.434144468001
2021-05-06 13:46:33,1831.769776197832,448.97854757980673,6561.209165740774
2021-05-06 13:55:22,1832.0373773192139,481.6635157370167,7700.173923893668
2021-05-06 14:10:43,1832.840315264227,462.50218944786536,7275.070515126273
2021-05-06 14:13:10,1833.0039789221642,469.39747338438616,7713.02673642651
2021-05-06 14:17:46,1833.3348999297452,464.86062619091666,7363.160543264165
2021-05-06 14:27:24,1834.1184778198724,515.727700280499,6744.132953654932
2021-05-06 14:35:05,1834.818765959836,461.22651873890834,7084.989637440535
2021-05-06 14:36:39,1834.9685287769394,508.1299101664776,7280.480382148492
2021-05-06 14:46:38,1835.9678044564243,498.9350703264628,6540.7977916901655
2021-05-06 14:48:00,1836.1096606675778,442.81072855550934,7248.966768678414
2021-05-06 15:12:23,1838.7290934197215,463.13086144114425,6556.124011379608
2021-05-06 15:13:56,1838.8953197144317,492.1733115178035,7062.1173284964
2021-05-06 15:23:11,1839.866881816918,513.7304026347098,8257.928486205321
2021-05-06 15:25:44,1840.1262514870266,484.6977360069138,7015.882411677813
2021-05-06 15:25:47,1840.1312916754064,550.6088977562003,7026.606895640141
2021-05-06 15:37:22,1841.2406648805818,481.7121598065564,6588.578640036685
2021-05-06 15:38:18,1841.324147525539,501.6579538642941,6632.752162623112
2021-05-06 15:41:51,1841.6321496179073,475.05271864593436,7298.572311976439
2021-05-06 15:44:57,1841.8878633827633,522.7135888657067,6949.133373698792
2021-05-06 16:12:12,1843.4468133432151,478.8562633048732,7504.1252739659385
2021-05-06 16:19:39,1843.6056038517854,452.6032369667983,6330.076610703323
2021-05-06 16:21:22,1843.623075564993,512.4168044246263,6539.170563878253
2021-05-06 16:30:52,1843.581597801867,458.52681126354315,6612.271448641969
2021-05-06 16:32:14,1843.5556142113085,448.97826090484557,6703.450875501736
2021-05-06 16:36:20,1843.4461842140456,472.04860795039474,7521.467792160919
2021-05-06 16:37:37,1843.4020657458927,431.9482502615967,7421.5133935370295
2021-05-06 16:43:30,1843.1380509780722,459.3655772968396,6622.269060229902
2021-05-06 16:44:19,1843.0932572373422,513.4396699606104,7446.449890074576
2021-05-06 16:55:59,1842.2295965151593,467.5556709922533,7006.973616983045
2021-05-06 17:02:04,1841.6092721743437,447.88237841118877,6670.090401705811
2021-05-06 17:15:59,1839.7409178098358,465.0534177399243,7354.3375331141215
2021-05-06 17:28:28,1837.531743662493,476.14732836164126,7386.604882197968
2021-05-06 17:37:39,1835.5917373594052,491.7595763518644,7615.614151885261
2021-05-06 17:40:10,1835.0149594615602,479.11355647452655,6634.312827167924
2021-05-06 17:43:56,1834.1164701556454,441.0882923743736,7278.827357104753
2021-05-06 18:16:30,1824.7763918483658,510.0880218587771,7097.279353814555
2021-05-06 18:22:18,1822.8666596249639,458.7589731194819,7484.161099811163
2021-05-06 18:29:47,1820.321799664099,503.6053880923616,7587.453920383403
2021-05-06 18:36:46,1817.8800277061669,485.43715087997555,6704.493077826439
2021-05-06 18:57:07,1810.5515103184275,502.9911594109641,7185.837819729574
2021-05-06 19:02:07,1808.7370445160716,491.9131028661904,6782.555313025142
2021-05-06 19:07:34,1806.7683491760993,461.44533769038327,7339.297625218329
2021-05-06 19:13:52,1804.5153330321832,513.7142282713979,7656.49812621379
2021-05-06 19:30:42,1798.7120738127896,444.13960960379995,6975.173892822814
2021-05-06 19:59:41,1790.0290444086029,486.2133087163579,7246.120751415044
2021-05-06 20:00:22,1789.8513750870618,455.38448753548425,6696.422163663547
2021-05-06 20:02:08,1789.3987064574808,438.0828239886343,6115.282427058911
2021-05-06 20:21:59,1785.0251627254147,476.46833961581603,7167.918180884732
2021-05-06 20:30:44,1783.5468564427515,484.94905544003274,7129.358432047394
2021-05-06 20:41:54,1782.0881934089996,474.2799144131127,7003.791206894069
2021-05-06 20:42:32,1782.0201355922225,439.6881908981718,7277.346043779961
2021-05-06 20:44:44,1781.7960612158918,476.1201377042557,6791.238363341148
2021-05-06 20:50:39,1781.288674326334,471.5120351375478,7058.726426577681
2021-05-06 21:24:15,1780.9836781266204,448.8061773111137,6336.475323362689
2021-05-06 21:28:24,1781.2321724227031,464.6748111202951,7165.20046641764
2021-05-06 21:29:00,1781.2728581610238,493.89822431682296,7327.126011571284
2021-05-06 21:56:54,1784.3334877949444,495.3999371524538,6812.163650356601
2021-05-06 21:59:08,1784.6628119884765,455.05377324832295,6935.883661286779
2021-05-06 22:14:29,1787.1650725345091,460.46875277326023,6156.107982787667
2021-05-06 22:23:28,1788.7702473954314,523.1767734864576,6926.612408391853
2021-05-06 22:24:39,1788.9865546925344,455.05265819456946,6470.481183594668
2021-05-06 22:32:49,1790.4967454331559,447.0887569973235,6725.586081856059
2021-05-06 22:46:01,1792.9400181524538,468.7308753442982,6722.1706770025285
2021-05-06 23:14:47,1797.702586158457,493.2039252837608,6990.848679446523
2021-05-06 23:32:45,1799.858271126877,475.51873111545495,7825.31744558806
2021-05-06 23:35:15,1800.0904045940672,465.5622636351729,7017.911813984436
2021-05-06 23:47:58,1800.9810341138523,441.9314327565487,6406.1792367239495
2021-05-06 23:52:55,1801.189771706413,483.8593779998058,7148.395615389472
2021-05-07 00:19:02,1800.9398784324148,521.2052327941889,7347.283000139235
2021-05-07 00:27:33,1800.3693423664927,485.8940548924564,6657.57130873177
2021-05-07 01:08:31,1794.8090831593204,439.62699819912035,7028.9415782401475
2021-05-07 01:13:13,1793.95041619008,424.0495457898144,6670.4773818330195
2021-05-07 01:20:25,1792.5860316567978,454.961535959122,6857.8138290326015
2021-05-07 01:23:02,1792.079256997852,471.76509985441237,7298.212084058557
2021-05-07 01:25:12,1791.6565215058092,445.94105755222284,7359.4324767172475
2021-05-07 01:30:51,1790.54582600761,541.1637487545634,7104.219520165188
2021-05-07 01:37:58,1789.1445214605747,491.4493174389078,6970.3943510052
2021-05-07 01:39:01,1788.93887368436,478.448742381845,7386.302523288447
2021-05-07 01:40:37,1788.6265167787094,484.26439877541236,7192.182778193229
2021-05-07 01:42:51,1788.193034037779,515.9717676333524,6724.161144253377
2021-05-07 01:53:28,1786.194900530983,475.54494919265665,6562.157786443873
2021-05-07 01:58:12,1785.3519104150603,450.24758954708875,6468.7558534546515
2021-05-07 02:01:54,1784.7202468710861,472.9712188958902,6960.886112192434
2021-05-07 02:09:03,1783.5809630540791,500.5175558603817,6825.67256579153
2021-05-07 02:36:57,1780.5623013660233,498.66568135312275,6670.7223259763605
2021-05-07 02:53:26,1780.2028380043187,445.0172490776796,6817.8402546938305
2021-05-07 02:58:22,1780.3421824850836,490.9039839409872,6750.403220560983
2021-05-07 03:00:44,1780.4519662728135,486.2482914499199,6657.101620929619
2021-05-07 03:16:27,1781.9182150416905,466.5286082483014,6769.597089755288
2021-05-07 03:40:26,1786.7358284711274,419.71532544450275,6503.744130221027
2021-05-07 03:50:21,1789.6468316603446,481.5436756767699,7855.9740643604355
2021-05-07 04:18:11,1800.4958300541423,435.6990278128932,6295.685056916401
2021-05-07 04:22:37,1802.5530426644518,441.67793945901127,6473.1543061883
2021-05-07 04:25:13,1803.7966750692526,414.3955635506821,6154.093059802129
2021-05-07 04:31:16,1806.790444749676,479.16429413670653,6707.486170820089
2021-05-07 04:34:12,1808.2892749925143,486.87587028264676,7303.588169260763
2021-05-07 04:36:47,1809.633145253682,470.04679330619206,7099.111658851445
2021-05-07 04:54:52,1819.5670552714842,484.0281806597139,6522.137125308421
2021-05-07 05:00:13,1822.6434481521903,484.9677418474997,6254.074251009923
2021-05-07 05:00:22,1822.7303597745574,462.1224148390594,6801.750026395997
2021-05-07 05:01:09,1823.1847537721017,469.07300423498026,6423.387275574336
2021-05-07 05:13:32,1830.45519708853,479.0845947173825,6670.554852272737
2021-05-07 05:15:46,1831.7769772556148,477.498532633864,7411.224814690955
2021-05-07 05:18:01,1833.109516452901,510.9764131459053,6764.32837414123
2021-05-07 05:55:45,1854.6909381559706,518.2406727105232,7024.534691034425
2021-05-07 06:00:09,1856.9988412097623,455.147303491747,6763.242926531139
2021-05-07 06:02:07,1858.008905223772,519.9273986281489,7411.557630318566
2021-05-07 06:09:22,1861.6063658002522,454.90948499268876,7247.026673398045
2021-05-07 06:18:05,1865.639298748732,452.39914406867416,7140.865567366488
2021-05-07 06:42:49,1874.9894437715473,473.603094392583,7455.526879257347
2021-05-07 07:04:02,1880.103076056738,498.405282285713,7424.656446805982
2021-05-07 07:20:57,1882.0446093879407,474.6714414617388,8072.827345499718
2021-05-07 07:54:19,1880.2137738417644,500.09443231840817,7271.922556249486
2021-05-07 08:32:22,1869.8498317766098,470.8491359870615,7206.515008581076
2021-05-07 09:21:26,1847.506016310819,462.6804371115463,6523.234096172229
2021-05-07 09:25:12,1845.5506427499631,499.67834949081305,7364.967687749388
2021-05-07 09:31:52,1842.047673065693,474.70131131278566,7095.833067189483
2021-05-07 09:35:56,1839.8905518304446,432.8259229468132,6823.079501543746
2021-05-07 09:48:45,1833.039077502852,449.5187984292877,7004.872209618626
2021-05-07 09:54:47,1829.8092616078964,505.6746998420997,6855.99563502533
2021-05-07 09:55:18,1829.5331026365611,457.739489926688,7111.540937733456
2021-05-07 10:06:49,1823.4151355998124,470.0566953919505,7359.899472245212
2021-05-07 10:14:33,1819.369857308923,483.68848287756435,6565.607932146667
2021-05-07 11:13:46,1791.9639564375605,531.9788415394819,6643.2805979305185
2021-05-07 11:22:57,1788.4911718835099,491.50328353281833,6613.3554263743945
2021-05-07 11:38:18,1783.2412469874232,493.4525781073468,6912.283031663674
2021-05-07 11:48:01,1780.288451859201,442.1934299917939,6628.528027602589
2021-05-07 12:26:14,1771.5234590478494,444.78630153832773,6599.169734460445
2021-05-07 13:06:58,1767.0659452496345,450.9858224654806,6709.063069909181
2021-05-07 13:15:06,1766.7410201105329,443.6191897562054,6292.84550657163
2021-05-07 13:41:03,1766.8398150843911,405.6574885012051,6891.8404628772805
2021-05-07 13:51:06,1767.3041254932605,411.69715593415407,7602.38363547134
2021-05-07 14:02:22,1768.075552628846,461.6703995975726,6808.12330286546
2021-05-07 14:16:08,1769.3384156251414,420.1216511162097,6628.066911796567
2021-05-07 14:16:38,1769.3902586457666,531.5060698345128,6865.684450344261
2021-05-07 14:17:22,1769.4670012076174,481.37065445854046,6564.365263282356
2021-05-07 14:29:07,1770.8034658710126,470.1726151684341,6527.643204297404
2021-05-07 14:30:08,1770.9278301621534,454.65041295412306,6420.452831329509
2021-05-07 14:38:29,1771.9946792860073,458.66693186431667,6589.145563618565
2021-05-07 14:46:49,1773.1289026196202,435.52710839854467,6821.406741433758
2021-05-07 14:49:08,1773.4543336795784,481.9190290308423,6668.427653413515
2021-05-07 14:50:14,1773.610180396724,480.3237117481862,6334.576742637584
2021-05-07 14:58:51,1774.8554433038616,444.3342734490139,6621.725573760674
2021-05-07 15:02:42,1775.4225197051064,487.95111265515834,6274.3678085276015
2021-05-07 15:34:22,1780.070356685432,475.41508843956007,6754.780369292036
2021-05-07 15:34:24,1780.0750253835508,420.5909856423071,7094.297877737053
2021-05-07 15:56:50,1782.9570519616454,473.8953675624254,6612.459447722914
2021-05-07 15:57:05,1782.9855307464172,488.6733101910419,6288.2763384341215
2021-05-07 16:21:13,1785.211858053316,478.0299141126547,6702.940502250553
2021-05-07 16:21:45,1785.2477735341247,464.69046059165504,6949.21381205124
2021-05-07 16:26:21,1785.530568202167,464.3891031664629,5964.23352696579
2021-05-07 16:34:44,1785.9157086438747,483.9610210264365,7779.136025857427
2021-05-07 16:49:26,1786.1518320102002,455.9930328452652,6530.1734898368895
2021-05-07 16:49:38,1786.1509780546028,431.9707534232153,7386.1248453619055
2021-05-07 17:14:24,1785.1523557991882,483.51546717563724,6853.7777179507275
2021-05-07 17:48:23,1780.8742643081414,466.98091924845295,6286.717474030328
2021-05-07 17:58:44,1778.953884453556,444.51958449738436,6756.715946397701
2021-05-07 18:09:35,1776.6784176572287,473.4972539421853,6675.270583416399
2021-05-07 18:10:24,1776.4973573807897,488.4896981802476,6613.526403072638
2021-05-07 18:22:27,1773.6882452253399,496.3902649195016,7153.0969422601975
2021-05-07 18:27:15,1772.5068048853834,488.20396358464467,7226.545348897401
2021-05-07 18:34:50,1770.5837833738199,497.13692222588656,6304.042782730651
2021-05-07 18:35:37,1770.3818364920276,430.336775434256,6299.611212807523
2021-05-07 18:36:03,1770.2698906147932,474.3051221123212,6426.1823485816985
2021-05-07 18:46:01,1767.6589084593934,433.34681530875764,6460.363638702662
2021-05-07 18:46:49,1767.4470922007863,460.4410118776696,7064.835567432286
2021-05-07 18:52:09,1766.0307796660668,479.6349435273136,7287.82775669442
2021-05-07 18:55:51,1765.0466552232451,492.584826959021,6468.526088410937
2021-05-07 19:00:56,1763.6978212651254,428.6803199766997,7062.741398412847
2021-05-07 19:04:26,1762.774426854545,454.7921555905163,6955.553888515873
2021-05-07 19:22:05,1758.2675441002775,447.8178170565694,6457.668318038668
2021-05-07 19:45:31,1753.0286766996555,492.7896256719137,6759.557641858134
2021-05-07 20:04:08,1749.8332531969763,461.46234951879325,6567.361996132865
2021-05-07 20:17:33,1748.2159605153968,490.3927347746204,6368.442747119593
2021-05-07 21:01:52,1747.7304072282082,451.21589441880815,6530.450139607534
2021-05-07 21:17:46,1749.4506665454253,463.66659909817304,6034.995573968463
2021-05-07 21:19:44,1749.72982249058,448.3480992845479,6435.903302457859
2021-05-07 21:25:52,1750.6898041072413,457.50143373793424,6688.931102165035
2021-05-07 21:28:40,1751.1718116579357,452.0822073761531,6628.722661856309
2021-05-07 21:30:04,1751.422798574235,456.63362398077777,6702.962064117052
2021-05-07 21:30:54,1751.5753055393589,459.7091651946538,7088.528669750294
2021-05-07 21:43:05,1754.0566516193999,466.6474421400351,6634.124734188243
2021-05-07 21:52:43,1756.3213420303437,459.00491235409646,6205.396005275131
2021-05-07 21:58:27,1757.7785859232526,475.9317425815929,6816.732384797967
2021-05-07 22:22:33,1764.561423442308,463.3825363681993,6546.67268754433
2021-05-07 22:46:46,1771.8666255750713,460.23623535974735,7096.294030158855
2021-05-07 22:47:13,1772.0018528276619,458.8972679646411,6963.443063729092
2021-05-07 22:48:32,1772.3968319589553,475.4153590898848,6850.052889772442
2021-05-07 23:29:01,1783.4123671554091,510.6668617923231,6806.885124366513
2021-05-07 23:47:20,1787.1901489377767,452.58348431602957,7556.24496649022
2021-05-07 23:50:08,1787.6803724435497,413.2265233400676,6598.677246385805
2021-05-07 23:59:41,1789.1662580052498,477.8232818146504,6455.23932589887
2021-05-08 00:11:36,1790.606598026547,481.43450370147315,6508.529741666906
2021-05-08 00:23:01,1791.5545319224138,481.26116612366934,6495.959241728935
2021-05-08 00:23:07,1791.5610020152355,445.63334711759956,7219.158541109215
2021-05-08 00:33:29,1792.0654899610342,482.75565408879595,6043.693914078069
2021-05-08 02:15:27,1788.5802643156564,458.27406252817883,7300.649946962926
2021-05-08 02:33:06,1789.1262983478437,489.4631719417195,6593.011969846921
2021-05-08 02:34:12,1789.1979618886635,436.4011157269444,6685.953358194395
2021-05-08 02:55:46,1791.6656266345033,476.237069225968,6561.626641944795
2021-05-08 03:58:51,1812.7936170932383,486.9688369055573,6658.933584220164
2021-05-08 04:11:13,1819.44916263381,497.19404914090944,6816.201436479628
2021-05-08 04:17:00,1822.8132642428168,429.5791878848445,6795.440323233012
2021-05-08 04:29:11,1830.3735246826675,459.5096733989514,7327.023205032426
2021-05-08 04:32:49,1832.7411655869184,492.45733127246007,7327.491828471323
2021-05-08 04:36:38,1835.278601443633,478.4444766239793,6828.542397778688
2021-05-08 05:24:33,1869.8699674645015,497.765570816702,7229.262576698807
2021-05-08 07:32:25,1933.9728326564004,550.9689668532338,7116.309313304444
2021-05-08 07:38:42,1934.5576522270576,462.8862613640743,7174.393368385896
2021-05-08 07:38:55,1934.5729151211694,490.99383351579513,6975.947662248317
2021-05-08 08:14:30,1932.867599492435,553.905774247018,7823.281050656829
2021-05-08 09:10:47,1916.5423082021348,500.5652029551504,7428.969874506596
2021-05-08 09:20:26,1912.6720421253108,503.1535967986859,7005.861636348184
2021-05-08 09:21:42,1912.1503752281178,506.51514737210795,6762.054825295694
2021-05-08 09:23:53,1911.2447638189733,499.2366203072958,7106.54969429533
2021-05-08 09:30:06,1908.6267811259647,516.3789738646865,6988.939773315099
2021-05-08 09:33:04,1907.3599886300174,490.54394155993737,7301.934475347531
2021-05-08 09:47:03,1901.2904800198544,491.95326148938295,7253.751761474486
2021-05-08 10:11:41,1890.5608658784374,508.9838354332532,6722.801254631048
2021-05-08 10:28:55,1883.3505026926844,485.2298184796702,7203.594830790643
2021-05-08 10:32:05,1882.0722866494937,485.0923430712491,6833.06162941103
2021-05-08 10:47:20,1876.1773037637106,516.504001117749,6850.07419468748
2021-05-08 12:08:02,1854.9200144305441,460.1065606487443,7883.498914864093
2021-05-08 12:15:24,1853.9389724094185,526.239064395938,7253.39141162051
2021-05-08 12:22:48,1853.1199128337312,514.5195939229028,6898.39698082914
2021-05-08 12:45:17,1851.637754046101,548.1691938859118,6760.958715754969
2021-05-08 13:01:42,1851.480548032588,464.29241432384896,6904.624761472568
2021-05-08 13:14:23,1851.8657515067882,511.14399936980556,6920.234268145172
2021-05-08 13:44:40,1854.4154188464208,494.6961809977302,7907.731322998366
2021-05-08 13:50:29,1855.1426883155882,506.25327006617243,7187.39195372854
2021-05-08 14:08:42,1857.843970009787,442.7493469029936,7069.759114341249
2021-05-08 14:10:25,1858.1285671916287,470.6311457939396,7652.86512923544
2021-05-08 14:53:18,1866.424532662691,469.30483416172217,6910.065422111596
2021-05-08 15:03:33,1868.6036272970794,468.5404551556753,8095.419150496619
2021-05-08 15:05:10,1868.9487664173303,519.7068278200319,6456.4027107686115
2021-05-08 16:00:17,1879.7328378573104,470.30730492936055,8075.477203710667
2021-05-08 16:25:24,1883.0508369021716,475.6762477046906,6832.4676635108635
2021-05-08 16:37:01,1884.0382741233525,476.2789634296936,7283.9559176225175
2021-05-08 17:09:06,1884.6085783088104,479.1879171633721,7423.6744366843395
2021-05-08 17:27:32,1883.3963366846035,488.32716369280286,7333.978232984336
2021-05-08 17:41:25,1881.74444402446,515.4664584985522,7387.5398451771225
2021-05-08 18:29:06,1871.9950932894133,502.22395363177844,7991.831314656561
2021-05-08 18:30:32,1871.6282158806025,504.151636102084,7505.85134660065
2021-05-08 18:49:19,1866.6083342432075,470.9245266308412,6855.261177625715
2021-05-08 18:55:21,1864.9454679157645,489.67174945846057,7297.182527606554
2021-05-08 19:13:26,1859.979802740448,463.58872382775525,7964.186087577666
2021-05-08 20:10:36,1847.5173674447083,525.1348680939163,6470.442335193306
2021-05-08 20:19:15,1846.4274744874256,534.1590215302388,6813.656231443789
2021-05-08 20:31:12,1845.3753146074882,473.25700152688717,6342.569836197508
2021-05-08 20:46:28,1844.8417698924954,455.59575039556194,7876.429819913863
2021-05-08 20:48:16,1844.840355393294,460.5500419970629,7834.691815285883
2021-05-08 20:55:43,1844.973221719561,512.5086570168826,7318.616174123974
2021-05-08 21:26:15,1847.7819209704105,534.9865861289637,6205.420933364122
2021-05-08 21:28:52,1848.1812640346955,519.7191864604291,7872.042345571097
2021-05-08 21:40:33,1850.233694003046,499.58452218098995,6892.018773156443
2021-05-08 22:21:31,1860.0317494304265,463.98906940823304,7202.840667284969
2021-05-08 22:39:28,1864.936511458406,490.9536779662454,7305.042831702994
2021-05-08 23:04:46,1871.570806251608,491.4537903908247,6656.910871900487
2021-05-08 23:12:18,1873.3614843489274,460.35242916656546,7353.37560819439
2021-05-08 23:21:36,1875.3972894775409,430.3481314414613,6595.3791241113895
2021-05-08 23:28:18,1876.725009847037,549.641936940078,6211.837440321906
2021-05-08 23:35:32,1878.0121119548621,520.7144531541217,6772.045274333329
2021-05-08 23:42:56,1879.1585923396933,499.7622041829763,8300.565241382923
2021-05-08 23:52:28,1880.364156758348,519.0923184003016,7962.248417901634
2021-05-08 23:57:11,1880.8427268770884,509.0301317505239,6666.799586343904
2021-05-08 23:57:51,1880.9039450398934,453.0909416639014,7319.8362003089105
2021-05-09 00:10:38,1881.766240072398,509.46592365828286,7112.075773339586
2021-05-09 00:49:28,1880.8925500418784,516.1928404478311,7850.855635926244
2021-05-09 00:56:13,1880.2746770487538,459.55400611077295,7001.689496163495
2021-05-09 00:58:10,1880.0756493789024,529.6630694289759,7064.483635864433
2021-05-09 00:59:23,1879.9471215133212,505.1013043693426,7056.75391738136
2021-05-09 01:25:20,1876.6015620736425,499.5049477167067,7550.477234550142
2021-05-09 01:27:02,1876.355856271056,441.7950622527618,7541.1815005823155
2021-05-09 01:30:06,1875.9092369519205,546.3594507318561,8290.672471779391
2021-05-09 01:30:31,1875.848304592757,500.0563955466942,6626.866121414757
2021-05-09 01:39:15,1874.5686724223099,510.6632232366516,6717.433461462575
2021-05-09 01:58:58,1871.8536344013405,500.0264395043007,6755.527044172469
2021-05-09 02:04:30,1871.191512930294,505.7488636048191,7431.050401948541
2021-05-09 02:04:44,1871.164958872407,491.78497517267243,6187.478109334948
2021-05-09 02:15:31,1870.0810589960606,478.6525280841386,7411.2036646802535
2021-05-09 02:39:50,1868.9922604906055,407.9990856052161,7839.112870885492
2021-05-09 03:12:23,1871.609869785776,480.09259835533703,6136.206523904831
2021-05-09 03:17:11,1872.4642477390423,499.719687259546,7133.782324059683
2021-05-09 03:21:20,1873.3062074464408,503.4326422932356,7272.170559010529
2021-05-09 03:22:37,1873.586115534114,458.17347007869796,7125.325170346008
2021-05-09 03:39:24,1878.1026947659277,426.6969456545354,7020.511657317244
2021-05-09 03:51:36,1882.3763018746656,490.63863655766147,7603.54701112615
2021-05-09 03:52:52,1882.8666429003483,486.3862408670093,7177.148754520956
2021-05-09 03:59:05,1885.3967475448144,538.0035425144328,6812.598003428449
2021-05-09 05:18:48,1931.1349093139431,563.0964025258064,7044.41204953287
2021-05-09 05:36:21,1942.4454978632557,506.4424030971957,6963.618842081651
2021-05-09 06:05:40,1959.868607929232,480.40147995755325,7636.397854711048
2021-05-09 06:16:47,1965.626700777567,517.866023385321,7587.137643946011
2021-05-09 06:33:57,1973.254984519479,546.6442664219624,8408.79941966591
2021-05-09 06:50:04,1978.784639910613,526.0810567009432,7516.267483163681
2021-05-09 07:06:08,1982.536109335664,547.1546953341647,7908.356152055398
2021-05-09 07:30:40,1984.6518990934487,491.25947411587225,7781.250552844617
2021-05-09 07:32:38,1984.630134790699,448.21354609862345,6715.674037469535
2021-05-09 07:42:33,1984.0938238210128,500.74036632953994,7620.553929975617
2021-05-09 08:02:47,1980.868480462229,552.8393992154164,7613.205094783095
2021-05-09 08:09:24,1979.2288491028592,477.9466035560074,7360.911156998018
2021-05-09 08:35:38,1970.2381474162705,524.7154907704506,7018.110066422256
2021-05-09 09:32:40,1941.1762379812296,497.87148252901125,7235.071487860024
2021-05-09 09:55:40,1927.8299356769803,476.62782325505407,7055.807032826014
2021-05-09 09:59:04,1925.8525005110369,509.0517012071491,7368.118303353597
2021-05-09 10:01:29,1924.449841543791,538.9109346165583,7226.064720901307
2021-05-09 10:13:42,1917.421691948905,465.591781171514,7073.312160583788
2021-05-09 11:28:50,1880.1398638554024,508.9817809317965,6840.884847452549
2021-05-09 11:37:37,1876.7496864612908,523.8923828317138,6866.154757037412
2021-05-09 11:45:29,1873.9141076367534,483.339363420628,6905.467577423646
2021-05-09 11:48:52,1872.7536424128057,460.0553913438464,7477.507781985582
2021-05-09 11:53:15,1871.3033676740324,482.09058297986803,7344.5526436179025
2021-05-09 12:05:40,1867.5224928371065,485.37845044624754,6886.625188084921
2021-05-09 12:24:26,1862.7252647271587,551.5604147031017,7283.647850879398
2021-05-09 13:03:33,1856.1663756156995,490.91620166333536,6463.842676166274
2021-05-09 13:52:06,1853.8007618452818,518.1254877392819,7484.0413981925385
2021-05-09 14:06:44,1854.1188958434832,521.0792181855013,6557.125986151162
2021-05-09 14:08:20,1854.1773662365779,510.0989542452796,6955.95360626934
2021-05-09 14:15:50,1854.5076296638993,497.93957937000624,7910.532532509435
2021-05-09 14:25:29,1855.0563000935156,522.4594867319873,6436.894633225944
2021-05-09 14:26:59,1855.152777245138,506.17606623374456,7833.168884444235
2021-05-09 14:48:11,1856.7674695688866,531.3327502551883,7331.061624461047
2021-05-09 15:20:46,1859.6730447143902,445.63852705047043,7272.671017679903
2021-05-09 15:32:17,1860.6407586045918,488.57207115002325,7053.573696212523
2021-05-09 15:35:33,1860.8963702144636,489.7369155599004,6599.14541626721
2021-05-09 15:38:25,1861.111987525029,511.7752776214188,6855.036347144581
2021-05-09 15:56:18,1862.221764648984,488.96232134317063,6992.841426673853
2021-05-09 15:59:35,1862.3719039876453,471.1010022500167,6360.6252984477205
2021-05-09 16:06:06,1862.610838903183,505.78309164802755,6825.9982957712355
2021-05-09 16:19:51,1862.8232258702333,453.01542735986806,6695.741265758779
2021-05-09 16:45:47,1861.9291279871597,450.36277669521434,6275.328744287739
2021-05-09 16:46:27,1861.8810909003948,507.0685170659696,6952.978731026895
2021-05-09 16:59:54,1860.6224048060271,512.5894578099045,7951.8286991296245
2021-05-09 17:28:21,1856.0810191785608,483.25984680063044,7063.757292039547
2021-05-09 17:32:44,1855.1545891592255,496.19632239162024,7291.29240635811
2021-05-09 17:35:25,1854.5584964381524,505.1559190451309,6772.767622634988
2021-05-09 17:48:33,1851.3350746162478,475.7666308173879,6751.399666459396
2021-05-09 17:48:34,1851.3306725911002,455.2354813745611,7000.245681897574
2021-05-09 17:50:22,1850.8507913888363,525.3841813878274,6976.151809420538
2021-05-09 17:55:20,1849.4817920094838,496.3461599987565,6883.832679253216
2021-05-09 18:11:17,1844.6768370008926,452.3693484650984,6902.244602239214
2021-05-09 18:13:05,1844.0994481580244,481.65300854516727,6930.424723745583
2021-05-09 18:19:38,1841.9464619510827,477.3832806626688,6932.863319836772
2021-05-09 18:31:04,1838.0213195871866,528.8963602222042,7011.2162128830005
2021-05-09 19:44:44,1812.3236464339047,487.1402051530716,7252.641083656962
2021-05-09 20:08:57,1805.9077343877964,468.0936399188043,6656.525016771179
2021-05-09 20:12:18,1805.168997679426,468.61321297866766,7451.946620832032
2021-05-09 20:13:50,1804.8441327215655,463.31716416597465,7008.0587639441965
2021-05-09 20:58:08,1799.3872992833371,447.85619512182717,7266.541583451221
2021-05-09 21:00:54,1799.3087133946617,449.0430957501032,7437.671823559108
2021-05-09 21:09:08,1799.2555028772556,477.7868270476717,7061.307182343085
2021-05-09 21:29:48,1800.2567484500673,478.8104019616621,6173.247834267758
2021-05-09 21:35:01,1800.7465597384885,457.25985066414495,7305.549776368912
2021-05-09 21:54:36,1803.3078669639951,468.9672511389589,6537.661136541354
2021-05-09 21:56:03,1803.5371210086357,475.5618963938986,7945.884780835314
2021-05-09 23:06:40,1817.1569587945687,483.1040142468821,6688.9425256377945
2021-05-09 23:14:13,1818.4505983006318,500.57744849555786,7363.808304019905
2021-05-09 23:46:42,1822.4464086721853,486.6247895616632,6635.727981926688
2021-05-09 23:56:04,1823.018079509061,439.01114869829445,7323.85839425346
2021-05-10 00:02:09,1823.2343076434931,469.0326907891887,6447.207794251939
2021-05-10 00:03:42,1823.2695742109895,477.8386509354366,6548.17263029553
2021-05-10 00:07:22,1823.320805650322,464.1682766667183,7423.514862534877
2021-05-10 00:44:25,1821.3910366417633,509.45592318585034,6994.664454828402
2021-05-10 01:00:15,1819.391818682853,437.038704289569,6306.092328797003
2021-05-10 01:23:50,1815.602563876837,471.38244572380313,6547.064556348426
2021-05-10 01:46:12,1811.7357038258197,490.9972334864014,6737.35812941522
2021-05-10 02:01:37,1809.312089465739,483.5085461621694,6054.285256866054
2021-05-10 02:27:19,1806.470289960845,482.74053616589293,7155.478558498713
2021-05-10 02:33:07,1806.127482074853,474.50128181894354,6276.414756654926
2021-05-10 03:39:01,1813.5293469786634,474.4615913784188,6720.417815397451
2021-05-10 03:40:13,1813.8814582490581,471.0894812625221,7436.848187925422
2021-05-10 04:04:06,1822.5104095865393,453.606687833798,7571.189647707954
2021-05-10 04:12:16,1826.1309024830455,484.9156258277255,6908.508500226774
2021-05-10 05:11:47,1859.8003579249757,498.57059104273935,6534.954987443829
2021-05-10 05:13:14,1860.7108628312508,529.9425278398774,6575.668631011736
2021-05-10 05:34:38,1874.1051447636803,501.16676632088826,7741.417178219322
2021-05-10 06:02:44,1890.5518538493045,473.7072531014843,7656.24058715689
2021-05-10 06:08:21,1893.5388001582382,546.4582331249984,7477.552264074836
2021-05-10 06:08:36,1893.6687749382993,489.44948403098005,7109.328545684041
2021-05-10 06:18:40,1898.6719949379537,520.1155260598719,7705.776885404768
2021-05-10 06:33:45,1905.2213201086545,493.4213627480811,7012.852355804966
2021-05-10 06:36:35,1906.3106737019928,533.6581607048839,6873.0035511361675
2021-05-10 07:20:37,1916.6151933211909,526.5000338631938,7285.895209961514
2021-05-10 09:11:24,1888.8324836557872,485.91144907990326,7475.145083476035
2021-05-10 10:09:35,1858.3692590421656,464.0369834789255,7807.305160101032
2021-05-10 10:58:19,1834.6909157138439,477.4548721506737,7101.887059948385
2021-05-10 11:43:36,1817.7931236037002,553.0273305702731,7530.452752743342
2021-05-10 12:58:37,1803.3218614846824,514.9246060376436,6517.237765169721
2021-05-10 13:29:13,1802.0424643190227,489.9360732075522,6985.149457361262
2021-05-10 13:48:05,1802.389341899542,497.42697827675255,7085.502072286024
2021-05-10 13:48:08,1802.3912921956216,501.01396725067826,6114.33255519809
2021-05-10 15:05:52,1809.9281412563305,491.337696249706,7157.067115404504
2021-05-10 16:04:43,1816.3901049231697,496.9253784840675,7173.988364180389
2021-05-10 16:42:08,1817.4520297339284,479.89766961804236,7976.39841338727
2021-05-10 16:50:18,1817.1858940741215,499.2902412091641,7012.277271855054
2021-05-10 18:50:10,1791.650783845402,467.72555823615255,5992.966710345491
2021-05-10 19:18:20,1782.5565620724976,487.1011031731064,6498.092019438671
2021-05-10 20:49:42,1764.2082955180142,498.9952932128498,6769.442627031314
2021-05-10 22:03:44,1770.5368818026664,474.89108427823265,6493.84148510593
2021-05-10 22:04:09,1770.6153233043606,522.8365428963361,6515.372756858106
2021-05-10 22:23:08,1774.439446525614,435.4727806145184,6682.724763338028
2021-05-10 22:26:49,1775.2202486890967,492.7865473899037,6844.189097636708
2021-05-10 23:53:55,1789.4167863539876,427.8261693785619,6977.21137357864
2021-05-11 00:04:45,1789.828767960966,443.6758901787006,6957.202215675459
2021-05-11 00:17:27,1789.8028446541696,446.1280454642053,6637.383132087748
2021-05-11 00:39:51,1788.466319124007,474.5518801655393,6373.977293137815
2021-05-11 01:52:13,1777.218673861754,484.2563482580141,6797.514019108021
2021-05-11 01:58:28,1776.2063287558024,472.1267314347169,6216.287902398601
2021-05-11 04:15:40,1791.3661406557785,482.09005948305906,5889.8430851500825
2021-05-11 04:41:56,1804.2909678948135,477.08744496281184,7048.477331860603
2021-05-11 04:46:06,1806.5414993023578,489.7968418653204,6858.2129455106915
2021-05-11 05:12:41,1821.6439446214406,507.9381659560851,7407.6846767872075
2021-05-11 05:15:20,1823.1860275835857,467.26280190198963,6410.714024925696
2021-05-11 07:25:27,1871.4503618286924,465.23962207363047,6883.582149326054
2021-05-11 09:07:19,1840.446755662156,476.1423508798001,7006.374305252509
2021-05-11 09:40:51,1821.7024837805584,478.93535292379113,6607.03569558118
2021-05-11 11:09:56,1773.448783089538,465.4392524850568,6836.744259232661
2021-05-11 13:55:15,1735.613303579093,436.81915052082223,5963.370459236157
2021-05-11 14:20:42,1735.5821929462645,479.9765881950082,6557.4759446126745
2021-05-11 15:37:26,1738.6152104926823,473.791733957677,6448.888952344948
2021-05-11 15:49:42,1738.9198124559402,427.0916404760932,6849.268807501035
2021-05-11 16:28:09,1738.2390911905186,449.96098093997426,6930.847080347895
2021-05-11 16:59:54,1735.0064676334048,409.8413500004647,6180.98273274693
2021-05-11 17:25:06,1730.3571254776682,485.6702648130657,6752.433101510373
2021-05-11 17:42:06,1726.166900683744,426.2434367385088,7497.811143986402
2021-05-11 18:12:22,1716.8546649500831,459.7373605253273,7379.251968239862
2021-05-11 18:12:31,1716.8035236412836,470.75534278984793,6546.558894072629
2021-05-11 18:18:31,1714.724868997283,463.2415741636378,6601.366285872937
2021-05-11 18:22:33,1713.2939612315427,428.79496737249036,6582.443264714883
2021-05-11 19:58:18,1679.0068170753539,427.398720190644,6418.24036405833
2021-05-11 20:13:44,1674.9443642198005,454.4055337222,7071.231503243341
2021-05-11 20:15:01,1674.6408285320385,444.17822036213585,7267.739793429066
2021-05-11 21:28:28,1667.1932955406207,437.07892879033665,6407.423192605307
2021-05-11 22:24:46,1672.6006590056963,399.77121780656427,6945.212347844887
2021-05-11 23:54:11,1681.2429635585024,513.2605884226911,6648.590410948968
2021-05-12 00:38:47,1678.098892924826,434.33802996173796,5939.432431593274
2021-05-12 01:09:14,1672.9378442282436,460.5967423964653,5797.728133296165
2021-05-12 01:42:04,1666.1021132657188,450.8845583045356,6841.12984451052
2021-05-12 01:50:37,1664.3468203174311,455.5692572188009,6632.247110283691
2021-05-12 01:59:20,1662.6466211610855,503.46288129296397,6217.281888232266
2021-05-12 02:40:51,1657.031867371,420.8592189663988,6272.312431108782
2021-05-12 04:28:01,1677.0594405061483,454.3413380330391,6199.4894018585765
2021-05-12 05:37:23,1711.4738566472413,465.01617769896274,7290.034210627689
2021-05-12 05:39:53,1712.7271997136452,502.64984082332114,6762.165965970195
2021-05-12 06:05:37,1724.7681128043998,481.9838501569003,6013.873061884633
2021-05-12 06:06:56,1725.3291182540665,442.75722331698586,6746.289685764245
2021-05-12 08:15:25,1734.7384316395132,425.81489861839935,7313.8209957215395
2021-05-12 09:14:10,1710.0319878149742,435.35451402507164,7154.687411718063
2021-05-12 09:46:37,1692.9465616945413,399.76302870764573,6310.02084267881
2021-05-12 13:12:22,1620.7616416350045,399.28296918266557,6010.459894154283
2021-05-12 13:44:55,1618.9978277078665,403.2559993837842,6385.548660022785
2021-05-12 14:28:52,1619.7131121464172,447.0724347818148,6164.412737741051
2021-05-12 15:12:25,1622.3628276711684,445.90858120599495,5856.6062402175
2021-05-12 17:07:57,1621.538490404386,409.8992908694092,5807.266583032662
2021-05-12 17:10:21,1621.206863615468,470.3126156189163,5736.224654150327
2021-05-12 17:11:11,1621.0879448123555,402.0600700698976,6341.445676122834
2021-05-12 17:27:41,1618.334290299883,419.209696736655,6226.023104167003
2021-05-12 19:40:02,1579.3410374945413,400.7409919914278,6307.667290803991
2021-05-12 20:55:34,1565.4378746311422,398.60913275321246,5891.859149307475
2021-05-12 21:17:33,1564.9318747191824,438.77188043756917,5872.958992027898
2021-05-12 21:19:18,1564.959804885566,376.651398104466,5658.934195372405
2021-05-12 21:27:32,1565.2175211348222,382.279285545268,6075.0999969470595
2021-05-12 21:35:36,1565.6615354108478,413.5931807878609,6353.195529961799
2021-05-12 22:05:30,1568.664371912116,418.99843417159667,6697.7005958570535
2021-05-12 22:24:31,1571.3144361199681,445.8285325925669,6017.999622475306
2021-05-12 22:38:26,1573.3868832002422,468.1232113559385,5908.882027838952
2021-05-12 22:43:50,1574.1871734068136,402.57413510111746,6168.733704141247
2021-05-13 00:19:02,1580.0156168784151,374.5439065445589,5799.354427227992
2021-05-13 01:23:20,1570.8689567756933,373.51457723799757,5740.329601211906
2021-05-13 01:42:37,1567.1005945987774,435.9486252721871,5749.483783766699
2021-05-13 02:21:26,1560.5671809844512,420.92617395513116,5404.08245483166
2021-05-13 02:23:19,1560.3304308920451,430.6580193935303,6160.909150548162
2021-05-13 02:29:04,1559.6719972133255,387.8221174387023,6450.674552125344
2021-05-13 02:36:38,1558.965749373378,442.02188219334766,6191.393470370051
2021-05-13 02:37:34,1558.89212209198,422.3904683538943,6031.931277468435
2021-05-13 02:55:14,1558.116345954314,377.23221936787616,6791.254668674587
2021-05-13 03:14:21,1558.7458355057227,370.1752807411184,5546.346256844759
2021-05-13 03:52:01,1564.917239306966,356.8781242495029,5947.827224413131
2021-05-13 04:28:09,1576.6611632440924,438.6853827732244,5941.85628048834
2021-05-13 05:59:00,1616.9907341164799,401.8127813808904,6233.361537568049
2021-05-13 06:24:07,1625.8742423536307,438.4922173798007,5865.924982749895
2021-05-13 08:38:51,1615.9430422422986,380.40336491483384,6666.3361626530295
2021-05-13 10:33:31,1556.3418294686903,424.3513806608433,5754.685063669322
2021-05-13 12:06:04,1517.6547263421432,403.1959677189412,5250.333778514012
2021-05-13 12:30:00,1511.0474173656683,373.82449474561975,5471.053913935644
2021-05-13 13:49:12,1498.6368429996496,393.5041397365802,5566.4986786004265
2021-05-13 14:41:02,1496.4080234326336,383.69534365958685,5253.724359010532
2021-05-13 15:21:43,1495.9411815011422,358.6199932956722,5698.031485037827
2021-05-13 15:24:46,1495.8986440069255,383.03116965076026,5957.308787714787
2021-05-13 16:27:50,1492.7378836497214,413.7000257416257,5685.876265386711
2021-05-13 16:47:35,1490.271923499425,397.53810235422617,5236.294060877088
2021-05-13 19:25:10,1441.8573119472755,359.08062008705264,5883.499099773121
2021-05-13 19:38:37,1437.136086900925,387.1545096911391,5093.270293711704
2021-05-13 20:20:07,1424.96228590873,388.03574388419645,5390.845581716457
2021-05-13 20:56:45,1418.3075079127607,352.6789121218736,5097.981573708565
2021-05-13 21:03:15,1417.571427287539,385.4436400098704,5023.825097150085
2021-05-13 21:20:27,1416.2489220382176,375.0231779425649,6167.284809498435
2021-05-13 21:20:51,1416.2285355862327,372.61017797152914,5874.05994730317
2021-05-13 21:27:06,1415.9679156527702,393.52014019050654,4970.276926059228
2021-05-13 21:38:37,1415.7571427611874,368.36985738523464,5455.769328111353
2021-05-13 22:16:21,1416.954755425103,391.4366031004072,5698.450248672826
2021-05-13 23:49:55,1420.1647834934834,321.9039158994929,5286.378343756512
2021-05-13 23:59:06,1419.6465126467112,403.6024592003205,5095.82057654519
2021-05-14 00:26:33,1416.7901422686452,348.98537423738037,5534.248166501073
2021-05-14 00:49:49,1412.9399515448004,369.7650108344993,5521.862958189501
2021-05-14 01:46:22,1400.5248476105392,373.0374802585794,5241.186461108278
2021-05-14 02:48:38,1390.1804296271494,374.1157395669023,5626.6668675587625
2021-05-14 03:53:57,1393.779803414018,374.3171944884259,5395.5987600464305
2021-05-14 04:21:41,1400.5824407720793,362.806347625925,5835.835184980454
2021-05-14 04:36:31,1405.2666630413903,411.5656692642198,5508.475937911957
2021-05-14 04:39:05,1406.1368436028417,356.8527105917986,5621.46667727634
2021-05-14 04:41:33,1406.9876376223783,385.86340916044594,5196.768593080913
2021-05-14 05:47:24,1431.7985479799215,363.7386029197575,5136.237386170499
2021-05-14 06:06:12,1438.1518095228128,380.26653124496016,6226.667943012816
2021-05-14 09:00:54,1424.6463796063833,396.5966308162475,5424.3985212161
2021-05-14 09:16:41,1417.6856764909307,375.5424022086903,5687.149698334016
2021-05-14 10:57:27,1372.3735615739533,374.1209283846291,5397.893319550298
2021-05-14 12:34:00,1345.2698178972578,354.1615143016521,5147.67276243651
2021-05-14 14:05:19,1338.9007370189431,352.02290892734976,4879.834999279097
2021-05-14 14:45:31,1340.3366696327384,372.61943059262467,5124.457563124755
2021-05-14 14:47:09,1340.4255151522857,334.5890791985311,4889.702358362412
2021-05-14 17:06:24,1343.0298113097545,369.40336147319346,5324.178353602837
2021-05-14 18:05:44,1334.1662199712055,353.6675733835035,4976.742869287757
2021-05-14 18:08:53,1333.5126842345035,371.0555406783785,5248.736600904549
2021-05-14 18:24:03,1330.182074466745,351.30259400222025,5240.016686481467
2021-05-14 18:51:00,1323.7770238517792,321.85676808346585,5204.085656040488
2021-05-14 20:01:56,1308.6647728054272,323.67503830459697,5223.408913463634
2021-05-14 20:06:47,1307.9488930247458,313.26041639064215,4588.318964354007
2021-05-14 20:57:33,1304.391755592368,353.94098350334747,5055.694164702859
2021-05-14 22:08:19,1311.3656424757141,337.1481385924409,4700.234981533613
2021-05-14 22:10:07,1311.6742518040699,363.70696843575877,4946.669154760972
2021-05-14 22:18:44,1313.199643324863,342.71686234481217,4947.940683459176
2021-05-14 22:28:19,1314.9653341787794,336.5572477381351,5145.560301424447
2021-05-15 01:13:01,1327.8867902327083,342.63413113172413,5167.245212949836
2021-05-15 01:22:51,1327.1534656107908,322.7214859675584,5349.846887459488
2021-05-15 02:51:57,1324.4570492064931,310.44993092781215,5342.367514987831
2021-05-15 04:04:46,1340.6489289570764,359.7441834073649,5105.210333723227
2021-05-15 05:30:51,1381.5176647792262,358.46389030000717,4876.810014638679
2021-05-15 06:01:29,1396.6551322475295,363.795045698146,5745.597504516164
2021-05-15 06:45:24,1413.66293541614,330.3911657693116,5158.893216731819
2021-05-15 07:09:51,1419.4881788685875,371.7758321534209,5438.502421668789
2021-05-15 07:46:56,1422.5099774302546,356.167624723723,5759.553041769324
2021-05-15 07:57:35,1422.0977819941313,363.616027582491,5112.637811203518
2021-05-15 09:52:06,1393.4773890640358,373.3819420167066,5098.200263967597
2021-05-15 10:56:45,1372.9888627280075,376.0268894279532,5150.394501834013
2021-05-15 11:18:11,1367.5613524379871,356.406420625156,5313.0137806759985
2021-05-15 11:38:34,1363.2795310834042,334.65251311804855,5081.945386548681
2021-05-15 12:57:32,1355.4529934241666,353.98207111333704,4947.561707963599
2021-05-15 13:52:12,1357.5977250059536,377.4953783158025,5109.915007216563
2021-05-15 14:07:58,1359.1252258667093,348.41235771099423,5117.525344863358
2021-05-15 14:08:45,1359.2096344499118,387.13448834338755,5618.487454352812
2021-05-15 14:25:58,1361.2389504958096,377.35873612849184,5043.931732164445
2021-05-15 14:42:29,1363.4382441505343,324.43441704171005,5619.016473701234
2021-05-15 15:25:05,1369.5549867829793,383.0252149248065,4739.151123790981
2021-05-15 15:45:09,1372.2501173122175,343.7133057217038,4707.77273028031
2021-05-15 15:50:20,1372.8885292255168,385.5108094037998,5697.130493905465
2021-05-15 16:44:10,1377.0959393432272,342.5732602948203,5636.754212837444
2021-05-15 16:53:12,1377.2381689275926,365.50642528697074,5525.380803549864
2021-05-15 16:59:50,1377.22151890418,355.0762201827565,5259.561387695703
2021-05-15 18:07:10,1371.2002683292585,416.54729796446617,5056.74143592255
2021-05-15 18:22:11,1368.6086886793025,387.2542873564729,5366.692571380721
2021-05-15 18:44:58,1364.1694038677713,318.53656843255465,5744.187954058157
2021-05-15 18:52:50,1362.5580617795254,386.78334314141614,5335.692528667829
2021-05-15 19:14:59,1358.0276895142358,374.264815703463,5122.903793589565
2021-05-15 19:15:04,1358.0110307847128,343.5425385226266,5006.798583103179
2021-05-15 20:01:02,1350.1810671735593,360.2674299952023,5100.521033740779
2021-05-15 20:15:19,1348.5910940533088,383.46952791638887,5074.006443976301
2021-05-15 20:15:51,1348.5417220082932,368.18895409127833,5135.034646945433
2021-05-15 20:20:26,1348.148681119674,340.15484267273825,4654.649808231364
2021-05-15 20:40:46,1347.113327439489,341.4126355374961,5467.579597616785
2021-05-15 20:41:39,1347.0954877783672,341.8012604626258,5362.9859964435445
2021-05-15 21:31:44,1349.7783279682958,389.78127562764496,5698.673338400432
2021-05-15 21:42:31,1351.219116651324,365.0596657280729,4814.452986728092
2021-05-15 22:21:24,1358.0894689855706,346.43712554920575,5443.674971120807
2021-05-15 22:23:16,1358.4602424717589,351.61442164672513,5129.50425710042
2021-05-15 22:31:11,1360.0477688855653,354.67074959276533,4975.567607554386
2021-05-15 22:53:25,1364.4777120315005,353.9354275929556,4761.776864519077
2021-05-15 23:56:19,1373.4659839985284,344.65759279185585,5297.2660976444295
2021-05-16 00:00:51,1373.7735080082402,355.3354459415085,4944.932827811898
2021-05-16 00:16:18,1374.4165623330337,364.6966523019053,5731.9643953654995
2021-05-16 00:18:21,1374.4549882376832,369.9385258326995,5545.684410292457
2021-05-16 00:26:09,1374.5030593203849,388.40470875955265,5458.740238336078
2021-05-16 00:29:30,1374.477040284617,377.91001346874776,4784.014591968805
2021-05-16 00:37:50,1374.2960111863538,351.6729933578895,5128.118993348682
2021-05-16 00:44:49,1374.0237914775141,367.99741379578484,6009.035167761736
2021-05-16 00:49:29,1373.7853287435914,368.15004247549047,5722.175401295122
2021-05-16 01:08:09,1372.4497917874296,364.20894077707175,4964.222482954577
2021-05-16 01:21:53,1371.184049394761,326.00054647404136,4913.754708114385
2021-05-16 02:39:53,1365.7864816176038,353.1897542439412,5280.851403322413
2021-05-16 03:01:35,1366.8014420697407,352.82846508523744,5113.614714058917
2021-05-16 03:28:20,1370.5387309715811,371.7306665843098,5052.456494379374
2021-05-16 03:52:21,1376.403551522941,331.11491365193837,5803.1828680159415
2021-05-16 05:10:13,1408.5908388003231,343.20339910275885,5107.5258887286545
2021-05-16 05:21:27,1414.073537101601,407.0913003237321,5595.222483471063
2021-05-16 05:36:48,1421.484262386929,394.25272050268615,5168.682895643882
2021-05-16 05:37:17,1421.7138157111324,366.3409040188912,5812.563045438343
2021-05-16 06:03:57,1433.68933315752,355.21014685926997,5524.196196225497
2021-05-16 06:20:54,1440.2686916363832,359.9794464299928,6102.946103983688
2021-05-16 06:29:12,1443.0984200948465,367.5146683367978,5268.795871779244
2021-05-16 06:54:22,1449.7967580210716,363.1943896859276,6280.153672618164
2021-05-16 07:00:47,1451.0076048976548,346.8732555947834,5863.49533908879
2021-05-16 07:04:08,1451.5549280223001,364.6911329896416,5618.093107089896
2021-05-16 07:26:10,1453.668830093742,370.9638279406832,6019.325234874523
2021-05-16 07:34:44,1453.789114763538,378.1450100889325,5413.006349726789
2021-05-16 07:40:21,1453.6570595251458,398.54155122214866,5688.464853173363
2021-05-16 08:30:06,1445.8061167977485,354.67969534610614,5625.659996297586
2021-05-16 08:47:24,1440.7248223763397,380.74486356536624,5557.0952141247835
2021-05-16 11:36:06,1379.520008040897,337.91919199599835,5007.62697874287
2021-05-16 11:46:40,1376.936264278086,367.3554982984164,5220.061343498075
2021-05-16 12:03:49,1373.2913388539462,336.9095735758689,5680.332777371412
2021-05-16 12:25:59,1369.5915122305198,356.33059663377264,5144.019916349352
2021-05-16 12:35:58,1368.2931494071192,374.05915400303365,5465.060680431823
2021-05-16 13:05:19,1365.74741277229,303.17025697200313,4653.571826985003
2021-05-16 13:17:49,1365.20926066005,343.86434415783725,5285.3412087549505
2021-05-16 13:27:19,1365.0033369803348,376.05731696113486,4837.5148756126455
2021-05-16 14:06:41,1365.7977432201258,404.36441612380617,5277.596953356897
2021-05-16 14:23:55,1366.8308022794233,368.07525197102973,5323.400431310686
2021-05-16 15:09:14,1370.6642498837614,360.0658691267207,4937.042667776588
2021-05-16 15:19:44,1371.6246072014844,340.48247681786995,5491.252960041206
2021-05-16 15:30:26,1372.569181378328,358.90077037157437,5062.209768221794
2021-05-16 15:43:40,1373.642694368079,376.5887052314828,5431.6459163161535
2021-05-16 15:56:30,1374.5307299451965,353.3804438138787,5717.478309251709
2021-05-16 16:12:16,1375.3368663564147,347.7355713188107,5269.926062096021
2021-05-16 16:19:47,1375.5859430605208,353.440455550596,5693.097990371934
2021-05-16 16:38:11,1375.7586689405737,409.29393962423757,4710.460905256944
2021-05-16 17:02:02,1374.9257619066168,352.5166684287824,5538.621663235473
2021-05-16 18:05:30,1366.4509953393242,365.5171800293615,5894.959155414302
2021-05-16 18:09:17,1365.6900816576024,382.5208546970314,5316.52984526603
2021-05-16 18:18:36,1363.7250476064698,373.66107423562084,5223.519743121501
2021-05-16 18:20:55,1363.2182735303802,391.4172368639891,5501.4261185756295
2021-05-16 18:21:21,1363.122751268806,354.6610223342339,5209.272184905027
2021-05-16 18:43:51,1357.9188399962309,354.22492026257476,5592.735263690966
2021-05-16 19:26:16,1347.9118214330258,352.10782903086255,4899.224247456771
2021-05-16 21:11:19,1337.0894030623315,334.7093088646496,4954.397901027554
2021-05-16 21:12:27,1337.1426510374322,355.73731763749413,4584.465021920892
2021-05-16 21:27:53,1338.223899153198,346.65592963405453,5642.412174270317
2021-05-16 21:34:48,1338.9114713731349,376.98343865573304,5139.8039890154305
2021-05-16 21:49:10,1340.693236585673,361.21792545978144,4797.9806898613215
2021-05-16 22:02:28,1342.7007420119735,350.0161318557483,5387.118417837876
2021-05-16 22:03:35,1342.8822016840415,357.6739070494754,5368.493498417974
2021-05-16 22:29:57,1347.5499564487682,327.43223584074934,4856.3171782076915
2021-05-16 22:36:32,1348.7775076051043,348.71192668374874,5057.379610990475
2021-05-16 22:44:42,1350.2986604338498,365.8359138722189,6109.217346438723
2021-05-16 23:02:33,1353.50808615541,338.00736847131344,5752.2702137727265
2021-05-16 23:16:35,1355.7979403652237,314.70491274947625,5532.5460113441595
2021-05-16 23:25:16,1357.06263131869,363.4593072787927,4993.049984095368
2021-05-16 23:30:58,1357.81716024872,348.01453615490334,5077.99623833044
2021-05-16 23:31:17,1357.8571890658454,389.6499706062062,5336.95038058787
2021-05-16 23:52:46,1360.0598633349603,372.52047840601443,5045.225321959298
2021-05-17 00:10:14,1361.039135754366,359.2077816929488,4526.824778201033
2021-05-17 00:50:10,1360.5401984922557,381.3184335390555,5114.30301735841
2021-05-17 00:56:11,1360.1815840711113,338.1102051098087,5233.424325777657
2021-05-17 01:06:35,1359.4333424951067,334.76556351507674,4919.586364699544
2021-05-17 01:26:41,1357.677076002619,352.34019474705804,5373.6245550208205
2021-05-17 01:31:48,1357.1992180946352,365.60168251374915,5199.742595204229
2021-05-17 02:17:38,1353.7462216645185,358.7974661085767,4913.32624286891
2021-05-17 02:18:49,1353.7014203476783,388.2982209983774,5646.0227271447
2021-05-17 02:30:03,1353.4530379835096,339.3085528268691,5446.542389029196
2021-05-17 04:00:05,1367.8820751317562,346.7490783435194,5211.576616098188
2021-05-17 05:32:40,1410.8560249573054,358.7164146465534,5166.922543151173
2021-05-17 06:27:58,1435.8590777250874,361.5406148065584,5516.89205322107
2021-05-17 06:58:45,1444.986725898274,368.4159749120219,5852.78662085699
2021-05-17 07:13:07,1447.6569176964858,380.88375833191066,5846.035863109548
2021-05-17 07:26:10,1449.1476649904002,428.96380053364106,5610.828820275797
2021-05-17 08:19:43,1446.2490313029496,345.6642460329242,5814.209381617916
2021-05-17 08:43:27,1441.009517977674,377.8451844181256,5875.720898463425
2021-05-17 08:50:38,1439.0625817170696,403.9502975617246,5902.377260884479
2021-05-17 09:17:37,1430.6590991572075,385.14993618306033,4965.689037385324
2021-05-17 10:07:49,1412.9485035579867,370.20231791275967,5517.846892690093
2021-05-17 10:32:53,1404.407095183609,352.53374991446856,5226.43631102107
2021-05-17 13:37:19,1379.387136919152,353.8608735429097,4710.5288064869665
2021-05-17 14:35:13,1385.3616330060993,375.17016923259166,5628.967393075941
2021-05-17 15:14:57,1391.139715841981,358.48895701634115,5717.094873344034
2021-05-17 15:58:35,1397.0693433055812,368.13093158828127,6189.397136158559
2021-05-17 16:00:06,1397.2422738142689,354.7655544395399,6231.756549075223
2021-05-17 16:47:46,1400.6668394864362,382.6817486488451,5499.585154854188
2021-05-17 17:01:30,1400.7681512599647,359.9225601356038,5309.550114936197
2021-05-17 17:49:20,1397.6012061739464,366.2625478318001,5863.8378004201995
2021-05-17 17:59:03,1396.3276385711579,357.01091527209434,5845.006440677776
2021-05-17 18:12:34,1394.262735265287,337.81464727773226,5306.838705209125
2021-05-17 19:28:54,1379.774242308121,396.5611894438451,4930.805714842302
2021-05-17 19:30:35,1379.4756586266744,384.96883317132506,5829.139796165931
2021-05-17 20:47:01,1372.3033304235714,379.5060016785913,5184.079125110549
2021-05-17 21:01:15,1372.7640349756516,327.74567305672804,5283.935939079262
2021-05-17 21:20:51,1374.3839913156417,364.1853167598513,5593.648649938344
2021-05-17 21:34:58,1376.2036905267007,326.3944603033888,4949.809510633105
2021-05-17 21:48:33,1378.4008689634475,365.7379836486379,5453.803913007058
2021-05-17 21:54:21,1379.4530432915178,363.0788530658461,5160.660674713969
2021-05-17 21:58:17,1380.2001592307713,369.06944675842635,5741.055116681791
2021-05-17 23:46:29,1401.3338440059913,407.0781878119907,5133.550916152144
2021-05-17 23:59:05,1402.6368610937411,316.46355702290083,5124.560421835902
2021-05-18 00:04:47,1403.0895029014887,355.7700426753552,5142.396887201107
2021-05-18 00:16:19,1403.7407921683089,368.44697283156586,5512.280209721578
2021-05-18 00:53:30,1403.5839275698818,348.8678197793643,4997.253080347143
2021-05-18 00:57:55,1403.3702487190435,390.65981740452054,5314.881223730142
2021-05-18 01:18:39,1401.9959963699855,354.716027444605,5520.390726166347
2021-05-18 01:45:30,1399.8117424778868,340.02518989890075,5880.316608542627
2021-05-18 01:47:34,1399.6495391706198,396.0626969212025,5227.7237167972635
2021-05-18 02:20:40,1397.8040189455285,360.4968587311025,5394.839035493406
2021-05-18 03:27:35,1403.5738233647025,317.39065081258474,5181.870360805911
2021-05-18 03:29:34,1404.013578574854,346.05849544439405,5082.124344757063
2021-05-18 03:42:46,1407.3677334624679,397.9728690339456,5267.257741598081
2021-05-18 04:16:23,1419.1141900950186,362.2461859718481,5073.963758291138
2021-05-18 04:28:57,1424.5453831606778,374.61440648570226,5302.995695387945
2021-05-18 05:50:34,1465.6290117628546,409.07817052523757,5516.8982647810435
2021-05-18 06:04:41,1472.2202673668605,336.79301408643533,5977.375572298829
2021-05-18 06:06:02,1472.8207204065236,379.50137871834875,5732.812767327322
2021-05-18 06:45:12,1487.1837958206897,383.9718672168532,5987.656145241536
2021-05-18 07:21:12,1493.8244946278498,438.7214043942459,6052.7901033213075
2021-05-18 08:11:37,1491.3759655998022,379.09749895431247,6884.802071605036
2021-05-18 08:16:34,1490.4544788776952,403.1031208871006,5809.439689414653
2021-05-18 08:27:28,1488.0565495270373,425.442613750287,5426.693029260545
2021-05-18 09:50:14,1459.0881340542803,358.0431539891837,6115.41537899109
2021-05-18 10:20:23,1447.0684047154161,416.1499658964089,5482.743298115805
2021-05-18 10:44:06,1438.2096034709282,356.92578969095126,5921.214967455359
2021-05-18 11:12:54,1428.6957708723635,355.2931443092509,4724.356884931303
2021-05-18 13:30:49,1408.6070469067622,365.2494463001407,5598.774001616968
2021-05-18 14:12:55,1410.1739711747655,347.5024049081555,5358.25837349417
2021-05-18 15:16:03,1415.9198232342437,352.93565787149413,5224.667670115719
2021-05-18 15:21:48,1416.4877506873845,341.356595441915,4867.335692307742
2021-05-18 15:22:25,1416.5479548722396,331.55391806613386,5291.407859677861
2021-05-18 15:22:32,1416.5593270424895,357.66139246115625,5950.756139322333
2021-05-18 15:29:13,1417.199822624114,399.3190380641105,5526.450483642182
2021-05-18 15:45:18,1418.6152430497177,358.36973811249663,5676.991892690656
2021-05-18 15:48:02,1418.832242491517,325.1110705669291,5372.16746115905
2021-05-18 16:05:06,1419.9794226068632,376.9619755563874,5427.325547341282
2021-05-18 16:28:45,1420.8071598007266,364.8637330463499,5507.848291890773
2021-05-18 17:02:07,1420.0008694144851,389.63662211593044,5194.228251892062
2021-05-18 17:30:21,1417.2373394826777,389.1521066816925,5429.446498172498
2021-05-18 17:35:43,1416.4937049342452,381.4969422936683,5924.37090230326
2021-05-18 17:38:35,1416.0689627549145,338.55123241534375,5026.600709634992
2021-05-18 17:40:30,1415.7744785263449,358.5483236268085,5579.068992278749
2021-05-18 17:48:25,1414.471383666146,390.37212916675355,5920.4167211898975
2021-05-18 17:57:47,1412.7582270345004,395.0907444156998,4951.39569874967
2021-05-18 18:05:39,1411.1876539456762,377.11941418969633,5492.65845482004
2021-05-18 18:24:07,1407.102543185116,396.58150247350454,5349.18149931054
2021-05-18 18:36:21,1404.1626781352961,425.690975071994,5629.400796972154
2021-05-18 19:19:57,1393.2758719498743,360.551735912422,5332.65186294567
2021-05-18 19:30:51,1390.7180492058328,362.673642443998,5214.921489551628
2021-05-18 19:38:14,1389.0781006780956,389.5451931508067,5511.919007392691
2021-05-18 20:19:57,1381.922068730203,376.9579710782342,5428.979594646691
2021-05-18 20:23:14,1381.5475729253599,336.10951918542264,5559.534784958681
2021-05-18 20:27:03,1381.1516291951982,379.2810537152584,5648.743665359699
2021-05-18 20:59:30,1379.573763851773,372.29703855001014,5535.255882073301
2021-05-18 21:04:53,1379.6257713463067,401.51304399765365,5496.132848707109
2021-05-18 21:11:31,1379.809836922467,330.3760577398761,4853.539127496452
2021-05-18 21:25:26,1380.6089930151147,349.88348009769027,4862.391239436192
2021-05-18 21:27:46,1380.7950568695248,355.07953437152037,5306.035714145769
2021-05-18 21:29:38,1380.9541480817622,338.5208071666429,5581.801600126436
2021-05-18 21:30:12,1381.0042172788033,342.82165696183574,4990.196516194782
2021-05-18 23:01:07,1395.1513848224486,332.404145542102,4970.223905718319
2021-05-18 23:13:18,1397.0623099957775,371.79210166456414,6192.513783529694
2021-05-18 23:31:45,1399.490190577973,412.4831575022214,4942.3650466591835
2021-05-18 23:42:17,1400.5597779885252,399.8605235602025,5546.817678596964
2021-05-18 23:44:15,1400.730874894094,366.7785821832188,5511.279552129133
2021-05-18 23:45:57,1400.8712365817514,357.42564895485236,4880.726400933772
2021-05-19 00:28:45,1401.9772933561862,408.3707282904844,5369.093206071275
2021-05-19 01:42:52,1395.3336114351844,364.7197673930171,5516.326181064261
2021-05-19 01:47:00,1394.8709508510626,354.2494763999345,4899.563861607082
2021-05-19 02:13:41,1392.370612198026,367.99012646367987,5014.285213181415
2021-05-19 02:16:26,1392.1844410548506,340.54914970351797,5577.104756244729
2021-05-19 02:48:04,1391.5341112260874,373.03955984853445,5782.842648295374
2021-05-19 02:48:54,1391.5606675702156,361.8653608032858,5287.085331340336
2021-05-19 03:15:21,1393.7994544562966,355.04397711622624,5239.439066230564
2021-05-19 03:58:06,1403.625800958752,384.9865347739701,5053.350782771211
2021-05-19 04:41:43,1420.9003996438548,363.89831873843974,6037.288152051459
2021-05-19 05:24:38,1441.9140873765994,386.46546911936724,6034.640360834881
2021-05-19 06:22:21,1467.931300838853,389.2365890052608,5257.023700585769
2021-05-19 06:35:59,1472.551852631534,420.6981518237021,5702.570294689788
2021-05-19 06:57:31,1478.099251433054,395.48795597291064,5538.3401272971705
2021-05-19 08:45:25,1470.4033464674442,410.46349766216446,5745.251986532762
2021-05-19 08:52:25,1468.203428998676,384.09776491022353,6172.877594773704
2021-05-19 09:03:06,1464.6014501056227,372.7453294662999,5714.356234043164
2021-05-19 09:19:51,1458.4869208176508,393.86595065413735,5831.080582852336
2021-05-19 10:10:44,1438.4977589580265,362.75181256269366,5210.514901856275
2021-05-19 10:39:47,1427.632688549973,368.62840138738653,5343.004663801122
2021-05-19 12:06:01,1404.5621297073023,373.43971666951154,5216.878213117441
2021-05-19 15:13:01,1406.9273680884578,351.38308427059627,5760.773506164879
2021-05-19 15:25:11,1408.321626247956,325.3083391511792,5447.978764143716
2021-05-19 17:33:27,1410.5513089889785,359.2396650458187,5568.4012864333
2021-05-19 20:10:56,1379.5102953238193,365.4743110012167,4924.895353199465
2021-05-19 20:14:51,1379.0246692772691,359.7362965941583,6065.790550187262
2021-05-19 20:37:37,1377.0571932472978,351.44177951006117,4854.739055440889
2021-05-19 21:03:21,1376.7036107135186,369.6141102770115,5297.322366675752
2021-05-19 21:59:36,1382.300031857973,326.6559341110423,5400.65851238734
2021-05-19 22:18:18,1385.507612411548,383.42585975516664,5624.469306207968
2021-05-19 22:20:32,1385.913142402011,363.7270808510685,5535.331270483449
2021-05-19 22:29:29,1387.5643692594674,388.84635460253463,5066.907710804921
2021-05-19 22:52:12,1391.7586643388488,318.56685154308565,5249.938547629998
2021-05-19 22:53:06,1391.9197281370868,366.0652284958463,5037.486606702943
2021-05-19 23:36:10,1398.3059763439353,389.8822617216424,5786.389410828322
2021-05-19 23:39:31,1398.6520818870608,396.67378496531944,5519.730075327629
2021-05-19 23:45:26,1399.1972299290721,375.3017779617891,5265.295222738523
2021-05-20 01:04:52,1397.963499588184,393.91792254842073,5658.741054642005
2021-05-20 01:42:30,1393.610760494625,386.04695617388563,4901.103498607313
2021-05-20 01:49:47,1392.7587224567073,375.489071205874,5049.476726261899
2021-05-20 01:51:40,1392.544897645859,383.5282094776562,5296.8267417001325
2021-05-20 02:25:55,1389.590232464098,325.49995584157006,5169.1559630682505
2021-05-20 02:26:11,1389.57697808049,373.4625912397073,5648.555736074943
2021-05-20 02:29:06,1389.4445816951873,347.7434697514106,5467.9789295127275
2021-05-20 02:35:27,1389.2400290302687,349.39798678103585,5023.244103229539
2021-05-20 04:29:17,1411.335014907958,376.7793644572695,5261.245228505224
2021-05-20 04:29:40,1411.4906302634522,387.14351427720186,5540.08328857839
2021-05-20 04:45:51,1418.390529523558,398.08556801267383,5422.855190616464
2021-05-20 06:11:00,1456.5494231431035,392.4149417992102,5375.020205535407
2021-05-20 06:16:45,1458.6420132029696,354.6438915757893,5744.025863819738
2021-05-20 06:44:34,1466.8378771750017,382.4264261649633,5935.937500487688
2021-05-20 06:54:31,1468.8834884823755,384.79738640792516,6278.003261087836
2021-05-20 07:05:28,1470.5395450554852,407.98801016461886,6015.97611555155
2021-05-20 09:04:33,1449.8190240662107,373.86428347507376,5966.557924991932
2021-05-20 09:17:32,1444.4620937873797,364.54401879996146,5674.851570653749
2021-05-20 09:40:38,1434.372589692923,369.4727945545771,5970.016444993178
2021-05-20 11:04:28,1398.938172165897,345.9119859078699,5144.064416396501
2021-05-20 11:29:18,1390.473882878242,360.1147963134658,5229.678941931435
2021-05-20 12:48:38,1372.6038451490037,350.1551112014984,4941.425559498586
2021-05-20 13:04:48,1370.6588004000703,355.835233913699,5343.599706615444
2021-05-20 13:54:44,1367.7504006032852,378.66935968568026,4948.3234271596
2021-05-20 14:02:13,1367.6583625495362,351.1847972381765,5545.834885520319
2021-05-20 14:42:23,1368.2212774564887,371.3851304353602,5157.754781404097
2021-05-20 14:51:58,1368.531312414913,361.2552671241171,5074.967948832255
2021-05-20 15:07:15,1369.075740875012,345.8152176432357,4492.35182894801
2021-05-20 15:29:13,1369.8097155984242,330.7159045313459,5495.384106948751
2021-05-20 15:42:53,1370.1321134430093,347.863842340191,4794.211499490277
2021-05-20 16:24:23,1369.7364781373224,370.1331939697326,5307.168541848798
2021-05-20 16:29:09,1369.5075939247342,366.311429511486,5448.139222768141
2021-05-20 16:33:24,1369.2651735124596,349.6961283975221,5231.82094884962
2021-05-20 16:54:52,1367.4465068728784,385.84477113641003,5255.112334490575
2021-05-20 17:30:50,1361.9968766299312,392.9820304471575,5039.475585560192
2021-05-20 17:38:48,1360.3799137053127,367.39636944535386,5371.202912323688
2021-05-20 18:00:20,1355.332638136067,355.0066709073703,5292.634528345744
2021-05-20 18:38:31,1344.5148110618234,338.1143064475152,5041.517308216919
2021-05-20 19:08:44,1335.2201648042435,342.6013839793854,5076.302993613869
2021-05-20 19:22:48,1330.989836662819,345.6042749230707,4564.887158024753
2021-05-20 19:54:01,1322.495150725494,362.7533628567775,5388.168518495189
2021-05-20 20:13:24,1318.1922062042922,388.53522749356983,5247.021934417715
2021-05-20 20:17:11,1317.4608757939295,369.67441031222313,5420.5380049142495
2021-05-20 20:52:42,1312.5497525521048,324.91392051409116,5350.399958149903
2021-05-20 21:01:38,1311.8925996931105,332.9387061907724,4871.695655275441
2021-05-20 21:02:51,1311.8210285491314,342.04681203693013,5408.917276961787
2021-05-20 21:12:54,1311.3907609060088,323.4762268571029,4214.829270632374
2021-05-20 21:17:02,1311.295199535556,362.1213353084992,4609.6614652631615
2021-05-20 21:21:12,1311.2452253379404,340.6678892432803,5212.970266429802
2021-05-20 21:22:36,1311.2386466647813,335.7042736757744,5314.064336328462
2021-05-20 21:26:50,1311.2492043193242,341.28475037071354,4993.590834400678
2021-05-20 21:50:11,1312.0520800527302,372.2180937715109,4966.550426431015
2021-05-20 21:54:28,1312.317908384134,335.4066574480599,5026.994086536918
2021-05-20 21:56:58,1312.4872376488845,334.8541742745597,5466.24275779649
2021-05-20 22:04:14,1313.032662815619,347.924405416182,5402.721179724584
2021-05-20 22:08:48,1313.4110457681497,354.8166440577696,5313.008146162945
2021-05-20 22:16:24,1314.0898288803287,340.4754935095196,5272.085990153607
2021-05-20 22:22:38,1314.6814379752627,350.0326685970705,5335.712373096611
2021-05-20 23:02:07,1318.4788487158087,333.6699643221329,4372.621041374344
2021-05-20 23:09:39,1319.0822670465561,314.82970322872404,4937.248450412892
2021-05-20 23:11:08,1319.192280882741,325.13695018882703,4975.955094850369
2021-05-20 23:13:16,1319.3449216270608,351.0063198067806,4753.790445301538
2021-05-21 00:13:59,1319.87235774484,343.6957435910803,4752.364778355174
2021-05-21 01:13:59,1312.3977060672946,344.0952520808216,5170.926352941195
2021-05-21 01:27:40,1310.0037764760461,342.19136514379124,4636.3119567243975
2021-05-21 01:37:04,1308.3314761283673,323.9414780387153,4417.587314059553
2021-05-21 01:55:59,1305.0799564432489,352.46572730316404,4912.079625716123
2021-05-21 01:56:17,1305.0309836938934,343.5521005840377,4665.035196739973
2021-05-21 02:26:19,1300.9030664738336,338.14534699521806,5012.194234098211
2021-05-21 02:27:10,1300.8148800877275,334.7155025323178,4521.084849871791
2021-05-21 02:33:32,1300.216812181506,323.8001743482828,4375.889034088343
2021-05-21 02:35:33,1300.0513781975808,347.6436069539546,5066.829268863114
2021-05-21 02:56:59,1299.094978649033,291.4041052140754,4782.24138799185
2021-05-21 03:00:00,1299.0879964943426,360.2208179118161,5190.797248578575
2021-05-21 03:09:45,1299.2984695807156,329.88649751419484,5261.510282710843
2021-05-21 04:20:39,1311.9880990718607,322.806637290796,5022.9947303680865
2021-05-21 04:24:10,1313.087399276285,325.22817283298514,4945.215745312234
2021-05-21 04:40:55,1318.778469098517,350.2050821981032,4535.784724797561
2021-05-21 05:33:13,1339.1514683380979,354.29241947917245,4579.506128888026
2021-05-21 06:10:54,1352.7330081485868,314.54674449743953,5281.489934950498
2021-05-21 06:55:58,1363.1038492978246,343.01217218044604,4987.8251425833805
2021-05-21 07:03:35,1363.982195461905,377.4010819442318,5308.7685130022555
2021-05-21 07:08:11,1364.3774067082102,357.80901770101906,5268.058073560086
2021-05-21 07:19:24,1364.9068867045157,361.8030644422644,5176.440359653495
2021-05-21 09:15:41,1338.7972679748882,337.5624865765129,4702.06632279659
2021-05-21 09:20:44,1336.7930514933669,336.82805384930356,4924.302696168725
2021-05-21 10:03:10,1319.3866789738715,340.33459633096095,4376.802592496764
2021-05-21 10:59:11,1298.1944503304921,339.648850811314,5587.2006094916405
2021-05-21 11:02:40,1297.0376060834049,334.11846777180733,4672.56667771424
2021-05-21 11:30:13,1288.7518998813389,356.3831189075254,4629.649105538698
2021-05-21 12:14:38,1278.9055674836357,355.32974799640357,4644.725525623908
2021-05-21 12:36:28,1275.6997822612939,334.8560855905517,4862.472120568971
2021-05-21 12:46:26,1274.5855682166043,336.791631133358,4854.453900195265
2021-05-21 13:30:33,1272.1054168908183,356.0185922228871,5057.554026156702
2021-05-21 13:36:10,1272.0542364844375,334.59632005180737,4564.6759453209215
2021-05-21 14:38:30,1274.570305669321,344.95852991341775,5048.418281136875
2021-05-21 14:55:55,1275.9667797191696,327.60777658419516,4726.197641396395
2021-05-21 15:26:38,1278.622268447279,312.3761875053966,4922.202048866892
2021-05-21 15:33:13,1279.1712570739896,337.5229742213689,5149.151417968719
2021-05-21 15:40:07,1279.7224698219434,341.6816319368287,4810.565240488213
2021-05-21 16:38:33,1282.3366515256455,353.3813162255172,4879.435212855497
2021-05-21 16:45:11,1282.2953704435665,327.4268112977823,4959.07050043643
2021-05-21 17:44:52,1277.8857226648524,359.49647288008913,4703.130227645472
2021-05-21 19:30:09,1258.1917588366796,333.9743687978024,5004.014139465091
2021-05-21 19:49:07,1255.0408502472287,366.0013593660723,4959.867261939675
2021-05-21 19:52:42,1254.5182839488439,340.3913989011636,4821.690141940277
2021-05-21 20:00:05,1253.5263665786094,318.3522369575034,4718.387927757048
2021-05-21 20:01:31,1253.3477418217126,368.70466634889186,4987.892874655277
2021-05-21 20:29:48,1250.8669423717688,338.4418130248963,4287.840432685937
2021-05-21 20:34:07,1250.6771733736562,324.2537781149993,4724.30444249251
2021-05-21 20:42:25,1250.4615079340258,350.32860515846863,4873.341565193942
2021-05-21 20:51:41,1250.4557946184957,317.81495100668656,4711.798773247068
2021-05-21 20:52:16,1250.4637669552071,332.572050274591,4675.413319413598
2021-05-21 20:54:28,1250.50270144239,325.51679791444906,4705.168814186977
2021-05-21 21:06:15,1250.9480530494513,316.30204799389776,4659.022294575272
2021-05-21 21:56:59,1256.9519715059948,353.82803934744385,4693.083178764009
2021-05-21 21:58:22,1257.1912155231373,328.2873091500792,4579.063885082683
2021-05-21 22:11:34,1259.6098913971582,337.4887006955462,4521.403637185164
2021-05-21 22:11:37,1259.619459891815,322.3336278913063,4923.103625019091
2021-05-21 22:13:17,1259.9398932133874,316.2922244604607,5130.212356248379
2021-05-21 22:27:29,1262.762947716012,316.45421682193756,4510.809648136966
2021-05-21 22:34:48,1264.257748141182,309.5002218621104,4722.241027402637
2021-05-21 22:39:49,1265.2871714064304,323.0963045402885,4499.439251691095
2021-05-21 23:23:43,1273.6485160061945,314.4552527674608,5019.507849131898
2021-05-21 23:26:25,1274.0852834470088,370.2499932170186,4696.834040211053
2021-05-21 23:35:53,1275.5124090037486,304.20880237331437,4779.722309863626
2021-05-21 23:42:20,1276.3844192657139,325.44929680070186,4965.5533846609815
2021-05-21 23:57:02,1278.0390455694294,341.2385684540946,4906.698412534157
2021-05-22 00:12:26,1279.2465995531484,311.6311340150976,4989.289191344811
2021-05-22 00:14:42,1279.3781056814398,338.0929893133006,4974.7442399996835
2021-05-22 00:34:54,1280.0428679417457,329.6258169575015,5108.8499901248715
2021-05-22 00:47:56,1280.0261632570152,339.8532702494103,4710.161384449735
2021-05-22 01:27:52,1278.5020975998984,361.5939616320022,4953.301540990526
2021-05-22 01:45:09,1277.6061787266067,318.7575757199051,5076.082535016028
2021-05-22 01:56:33,1277.1087488020682,344.04247540324667,4705.019928703741
2021-05-22 02:46:47,1277.7261120549945,333.8515243319051,4994.635645608755
2021-05-22 02:59:52,1279.067320039749,340.16604814313325,4842.970646755661
2021-05-22 03:12:43,1280.993380745865,339.82312774949384,4999.9563500803915
2021-05-22 03:32:44,1285.2798671179899,335.26943727198807,4639.329230640304
2021-05-22 03:34:03,1285.6180456213,332.7814478386664,4709.956447559718
2021-05-22 03:36:29,1286.2613396237814,339.313300865316,5025.781571316595
2021-05-22 03:40:12,1287.2896412211858,343.9496819473762,4891.807837104189
2021-05-22 04:25:19,1303.9095406276654,362.81448332642873,5809.962795402316
2021-05-22 04:56:48,1319.081462772658,366.73063688469847,4882.065555660356
2021-05-22 05:25:54,1334.2781094233228,339.89875790673784,4743.174728262521
2021-05-22 05:54:30,1348.8585310467329,305.4506740239947,4744.812906486166
2021-05-22 06:05:29,1354.060312211104,347.77620789739154,5333.593937423774
2021-05-22 06:09:48,1356.0163523333115,367.9043867354521,4828.632823253899
2021-05-22 06:22:33,1361.4492689053745,394.6971402825228,5176.178997133073
2021-05-22 07:26:32,1378.3746983678807,368.891906817845,5477.518647237905
2021-05-22 08:17:32,1377.7475708566908,358.8599584522549,4800.5871083646125
2021-05-22 08:50:26,1371.7154255660366,372.823007637653,5324.768544638375
2021-05-22 09:16:44,1364.7993044236412,382.37050534002816,5269.182374600304
2021-05-22 09:40:47,1357.5881622961526,368.20968417698276,5195.607277904442
2021-05-22 10:13:06,1347.612304818602,367.10169632495223,5103.298031138952
2021-05-22 12:52:47,1320.7740530083795,312.90968754069496,4607.982386182296
2021-05-22 13:13:00,1321.1255678397808,352.70743625051534,4856.788817375333
2021-05-22 13:32:26,1322.1876268425224,337.86992368177994,5589.6442482890525
2021-05-22 13:43:59,1323.1255180962244,362.8107220081026,4944.020978317106
2021-05-22 14:04:28,1325.2834187598467,373.6973128292019,4760.067133346612
2021-05-22 14:29:22,1328.6001560023128,358.1561354780755,4494.870490540409
2021-05-22 14:54:11,1332.4049632826486,356.0334221405658,5837.157279825627
2021-05-22 14:57:09,1332.8782095887818,347.69156829150074,5014.539621975071
2021-05-22 17:53:31,1343.6664804041836,360.25420547782636,4720.554274299583
2021-05-22 18:27:43,1338.755526208207,381.848310398076,4884.1372048198655
2021-05-22 18:31:29,1338.1160054800275,353.2921584370559,5255.988114151758
2021-05-22 18:34:35,1337.579488490571,347.86126415456056,5378.505357585149
2021-05-22 18:36:28,1337.249518139825,339.1630551395032,5087.493085392681
2021-05-22 19:06:04,1331.8593736643581,345.54023885418235,5173.737911986699
2021-05-22 19:48:38,1324.8782194547355,322.17473165268314,4629.510420318139
2021-05-22 20:02:13,1323.241244936913,378.3408301456096,4680.388041069874
2021-05-22 20:09:31,1322.5303390869785,338.78967655875005,4812.418396415906
2021-05-22 20:12:27,1322.2809416109742,367.7788499999048,5224.539499156311
2021-05-22 20:29:19,1321.281168635628,350.1406189420965,5235.243282311014
2021-05-22 20:33:43,1321.1481755083703,359.406494374582,5560.189365813807
2021-05-22 20:55:00,1321.289411840278,369.93129082717763,4848.185825847896
2021-05-22 21:34:01,1324.8583211581238,335.6510802498467,5190.054944976887
2021-05-22 21:39:50,1325.718785060707,333.34496702059585,5813.472890479915
2021-05-22 21:50:23,1327.4579617901084,341.4005975493817,4907.564932195119
2021-05-22 22:02:31,1329.6997319756279,344.168123894837,5223.653033854447
2021-05-22 22:55:35,1340.8201913616688,375.89630726505953,4919.651508197143
2021-05-22 23:08:00,1343.2845659681618,374.12457052968597,5700.565235787975
2021-05-22 23:37:37,1348.1740059954327,348.73031075118155,5170.845473539144
2021-05-22 23:50:06,1349.6769519776392,330.694658400988,5291.06369375432
2021-05-22 23:53:54,1350.0588641651045,325.3134811868774,5379.872820205083
2021-05-23 00:10:15,1351.2812928623184,301.13893796228894,5203.817963847959
2021-05-23 00:25:45,1351.8062731632094,356.00669013914694,5288.016995410148
2021-05-23 01:27:37,1349.0301037301945,358.0498148733017,5436.521694636259
2021-05-23 01:55:51,1346.7872420073993,371.090798567057,4739.2313810328815
2021-05-23 02:00:09,1346.4961038604322,348.4189679487564,5550.011901468992
2021-05-23 02:05:09,1346.1892624892048,345.1934539361249,5090.804186579042
2021-05-23 02:42:22,1345.56325818744,337.09910466094334,5014.577930201868
2021-05-23 03:15:38,1348.6631971275538,322.48649771663594,5116.519035300908
2021-05-23 03:16:13,1348.7553178547594,340.2972317474124,4706.909906776074
2021-05-23 03:22:22,1349.8103224200033,345.67506431553136,4837.238765762734
2021-05-23 03:34:49,1352.4194225143474,365.4991021671579,5673.02206944953
2021-05-23 03:45:45,1355.2337356736343,352.8826939744999,4742.628116657044
2021-05-23 03:48:47,1356.1000324183578,340.24355530238364,5182.013720249702
2021-05-23 04:21:55,1367.8071282320518,403.2332924110097,5387.434475397692
2021-05-23 04:40:34,1375.9302121141816,348.19376156385476,5218.260369952833
2021-05-23 05:03:07,1386.7157239976991,336.68512504343147,5127.115721398909
2021-05-23 05:15:41,1392.9614649017292,344.14020724763844,5456.40985261184
2021-05-23 05:43:24,1406.5985083366136,364.4378904977828,5289.716897072237
2021-05-23 05:51:17,1410.297000434573,369.26017388066816,5424.087078208495
2021-05-23 05:53:29,1411.30601017818,397.6385138844063,5476.514209151247
2021-05-23 06:05:03,1416.410114874182,378.22671967743463,4926.049867200288
2021-05-23 06:12:10,1419.3560323299043,347.1529173970108,5933.684575395496
2021-05-23 06:24:11,1423.9303675153571,355.7243739915903,5011.830866116405
2021-05-23 06:48:28,1431.3475374611717,389.0272579443028,5680.924585872676
2021-05-23 06:52:30,1432.313760150786,371.96137539203283,5486.528056786595
2021-05-23 07:08:35,1435.349286888202,369.35107694316787,5382.575206267164
2021-05-23 07:33:07,1437.3680185135986,387.269953530486,5720.435943678591
2021-05-23 07:38:09,1437.38956165759,387.0615066070421,5029.372563833755
2021-05-23 07:47:16,1437.0956106493375,380.8853252145854,5886.642039892519
2021-05-23 09:02:58,1420.7538820834293,355.8088829698543,5489.13204135796
2021-05-23 10:14:27,1393.8863588454562,365.40721807159315,5537.8131429674595
2021-05-23 10:16:44,1393.026638412908,342.5197740261296,5153.020268006731
2021-05-23 11:56:38,1363.605112241501,343.3616065642001,5261.658087206476
2021-05-23 13:53:51,1356.1937030826844,347.3766613142132,5375.599978476314
2021-05-23 14:31:23,1358.9198954969554,340.247298839303,5363.254250968145
2021-05-23 15:37:54,1365.8447633306737,353.7181323050287,4886.782943514193
2021-05-23 17:16:30,1368.1567412610868,341.74801801434813,5376.70612268906
2021-05-23 17:16:32,1368.1541502315022,351.39694333029996,5188.522057410935
2021-05-23 18:22:33,1358.4320039607471,355.3773500891054,5371.217020780862
2021-05-23 18:30:14,1356.8353041152732,363.8701614342457,4996.199981482315
2021-05-23 18:39:19,1354.8806642405273,361.12180948521814,5080.114756592902
2021-05-23 19:10:58,1347.883395380797,348.7749839925365,4975.19299389001
2021-05-23 19:27:38,1344.3802020361034,352.23355872797913,5760.29274941481
2021-05-23 19:55:20,1339.4282168523787,322.31186474182084,5757.756291792207
2021-05-23 20:38:35,1335.2556948280671,381.81458042479846,5532.268356106391
2021-05-23 21:30:41,1337.474837939878,324.5489777672582,4739.145720617065
2021-05-23 22:10:47,1343.807200220035,332.7821783646036,5333.226044150159
2021-05-23 22:13:05,1344.2486721326723,376.91338231774,5367.59770889713
2021-05-23 22:14:55,1344.6044799921333,334.0169817517906,5104.909282819048
2021-05-23 22:44:04,1350.5119712819119,330.25015886773707,5265.811820762417
2021-05-23 22:45:57,1350.8958251757117,344.5913404116819,5281.741441109296
2021-05-23 22:46:36,1351.027986991057,369.3166098843552,5015.989834715351
2021-05-23 23:01:44,1354.0289366599495,332.9762385186222,5107.086117603393
2021-05-23 23:02:37,1354.1979719940898,369.93154213768634,5206.9445283079185
2021-05-23 23:03:13,1354.31230367999,398.2016914382051,5666.825575640305
2021-05-23 23:08:03,1355.217939534512,325.970964796419,5062.3752693144115
2021-05-23 23:09:09,1355.4199609192954,371.9761544166282,5135.079733356636
2021-05-23 23:12:45,1356.0695301227279,329.15452583534955,5251.578406574478
2021-05-23 23:58:15,1362.1866786834848,378.8495744426676,5067.202088531465
2021-05-24 00:04:16,1362.6435287990905,355.68911375922397,5174.480070498351
2021-05-24 00:38:16,1363.5642103195155,350.5221654795709,5130.800563715494
2021-05-24 00:39:21,1363.549881621875,341.53711558100406,5168.874346358461
2021-05-24 00:50:39,1363.2616987650517,380.55752547788666,4982.416146151987
2021-05-24 00:54:55,1363.0924515002087,376.74195197281625,5092.783799899858
2021-05-24 00:56:03,1363.0424755846466,367.3179650009631,5061.513408730531
2021-05-24 01:04:00,1362.6384640432552,362.4781500987424,5289.662618191969
2021-05-24 01:07:12,1362.4522353463965,368.86415946080285,4989.680100872982
2021-05-24 01:10:06,1362.2734315349305,372.59738040280166,5063.803311667782
2021-05-24 01:13:18,1362.0663430915386,341.9423021092283,5064.84145234908
2021-05-24 01:18:58,1361.6787776294045,352.60853012117354,5054.128248506436
2021-05-24 01:38:02,1360.2822209462836,343.55911800478293,5287.706770406463
2021-05-24 02:08:34,1358.4505872197244,364.27536302085923,4357.3648001902875
2021-05-24 02:31:23,1358.155388111471,359.1345858962162,5107.399117957637
2021-05-24 02:50:52,1359.0932273487767,404.79950308847793,4980.367784791298
2021-05-24 03:02:57,1360.3541081236217,364.21089087368443,5550.972594892863
2021-05-24 03:11:23,1361.5742137696961,356.44625672061164,5329.505030829
2021-05-24 03:51:24,1371.4291501563182,379.91764102025843,5235.6888026917095
2021-05-24 04:31:23,1387.6391601878795,343.5814338898642,5346.72675769714
2021-05-24 04:57:19,1400.6525005189694,346.1541613869498,5287.617366565813
2021-05-24 05:12:07,1408.553087572187,328.1248176183222,5528.625760824013
2021-05-24 06:37:54,1449.717738341071,398.48076296398585,5584.04533017486
2021-05-24 07:17:20,1459.6565420086135,424.8010837963313,5763.378533596387
2021-05-24 07:17:35,1459.6940774791478,390.7789713540517,5531.093630712378
2021-05-24 07:29:28,1461.0964453638808,390.6273113794137,5611.584477640266
2021-05-24 08:22:47,1458.634758354508,354.21253799391116,5340.652542826592
2021-05-24 09:22:09,1443.338789411096,384.37973244334796,5564.283491542227
2021-05-24 09:34:57,1439.143826170956,367.05118907680765,5815.695662780977
2021-05-24 09:37:45,1438.2091151765173,373.27633082085083,5402.543568772065
2021-05-24 09:47:07,1435.0584616972865,360.364394626207,5828.853777619294
2021-05-24 10:23:32,1422.992800499307,364.3436808660544,5252.623470711361
2021-05-24 10:37:22,1418.7234650732523,366.45503516072273,5475.530541012407
2021-05-24 11:01:26,1412.0128441075317,373.2361093731993,5458.165168584934
2021-05-24 11:15:30,1408.6013989860255,401.78395400362893,5165.680985517494
2021-05-24 12:19:32,1398.7175794403533,370.17436779166104,5979.787711601588
2021-05-24 13:25:17,1398.428337661152,413.0733664627896,5670.636010921867
2021-05-24 13:51:46,1400.788983324122,356.9434526430638,5930.56836860753
2021-05-24 14:33:35,1406.6480307416005,374.0774123178079,5457.963636585691
2021-05-24 14:43:34,1408.3157141055008,357.9166477629338,5875.074862601347
2021-05-24 14:51:19,1409.653374971448,385.7760083362185,5850.2277238154575
2021-05-24 15:19:50,1414.7072422296912,339.27812573874616,5472.222178490138
2021-05-24 15:20:12,1414.7719269869938,361.2870328807482,5439.289904210922
2021-05-24 15:22:24,1415.15910466494,396.2935198105201,5998.563373745899
2021-05-24 15:48:23,1419.5167986502565,368.6002010670648,5263.094258998027
2021-05-24 15:51:27,1419.9923814370175,388.6102783971633,5676.394676895342
2021-05-24 16:19:03,1423.6954086726096,404.0122077994632,4935.675249098279
2021-05-24 16:48:08,1426.0986829160563,366.67715503882545,5490.579668772151
2021-05-24 17:02:24,1426.5851788849113,406.6810639321251,5606.565519458788
2021-05-24 18:27:20,1419.764073521989,337.7843362208871,5521.4621867686765
2021-05-24 19:05:27,1413.2659317627579,383.09650432531555,5291.769593073372
2021-05-24 19:14:14,1411.7652479066867,354.1916424642785,5042.3542157754055
2021-05-24 19:20:59,1410.6493584299187,368.97625866619137,6130.787051317424
2021-05-24 19:52:44,1406.21832706148,370.7653695867758,4989.696273909524
2021-05-24 20:19:24,1404.1310336193571,342.8051719293156,5242.23533996671
2021-05-24 20:22:08,1404.0248283762503,384.39933281428074,5522.539389457262
2021-05-24 20:34:54,1403.8212869262588,359.9908270416655,5283.863565647868
2021-05-24 20:39:19,1403.86628597845,379.2419791205533,5916.371274152802
2021-05-24 20:43:17,1403.9583384628654,348.4043676125939,5150.195223586831
2021-05-24 20:51:58,1404.3317718922547,349.797713288913,5252.90803502479
2021-05-24 20:54:23,1404.4777648333886,339.57954203597006,5271.037712824395
2021-05-24 21:02:47,1405.1268802169602,375.8905133044065,5494.819067239933
2021-05-24 21:29:59,1408.6745874260039,367.39636941034365,5814.586933990114
2021-05-24 22:24:59,1420.93275095638,397.0386669124447,5836.203297687432
2021-05-24 22:31:20,1422.577191210226,380.84733907424345,5078.309343661566
2021-05-24 22:34:09,1423.3096400961097,377.0881372798121,5365.578207493947
2021-05-24 23:06:10,1431.4128422268006,336.68751045420794,5396.735650701398
2021-05-24 23:07:30,1431.7294671442837,339.460485111832,5406.129424826772
2021-05-24 23:26:39,1435.9536703442911,409.40357175627287,4731.7432591962115
2021-05-24 23:32:09,1437.0348961080065,361.0739912157858,5553.32033211458
2021-05-24 23:32:46,1437.1519627103964,387.5589486804805,6228.789309413242
2021-05-24 23:41:57,1438.7901572451588,422.75949184166853,6062.053405785801
2021-05-24 23:48:31,1439.8345960099582,344.529696438507,5399.982524255302
2021-05-25 00:48:44,1444.1185343225616,358.8844680381087,5909.2177284443405
2021-05-25 00:52:54,1444.0907926344607,365.7234424881134,6213.967099549026
2021-05-25 00:55:00,1444.0643450868683,358.86845612029674,5599.445314628493
2021-05-25 01:02:41,1443.9028413200967,385.29566841913254,5602.05336923857
2021-05-25 01:07:02,1443.771227982196,373.01768250675303,5360.753430160416
2021-05-25 01:23:05,1443.10160464098,357.1443714375118,6190.001828456161
2021-05-25 02:22:37,1441.165858542798,335.73240803003966,5616.240385528609
2021-05-25 02:37:26,1441.702254993307,423.6388798199124,5691.494340521556
2021-05-25 03:31:03,1450.4076866810792,397.5686107057491,5559.216166367246
2021-05-25 04:06:57,1463.1174128603918,389.31279377747927,5984.703253792314
2021-05-25 05:02:54,1491.8934114351352,384.25458707558454,5798.268832934271
2021-05-25 05:09:27,1495.6663536131894,376.41017117492356,5367.003679085862
2021-05-25 05:26:37,1505.618012355028,402.5678357700135,5587.478878461225
2021-05-25 05:30:56,1508.1048115882518,370.3509262953408,5444.090309352006
2021-05-25 05:47:53,1517.6474336810438,387.50930971221356,5980.036776330376
2021-05-25 06:19:36,1533.6357052769108,410.65275833848943,5045.618242765239
2021-05-25 06:46:24,1544.0815278075293,351.70913053074605,5546.204286260041
2021-05-25 07:35:06,1553.3688727031351,435.36768601059526,5733.913690195633
2021-05-25 07:43:54,1553.6155805071387,406.27480470288526,6192.473434888725
2021-05-25 07:45:44,1553.612874740149,382.6499835740557,5594.079901873631
2021-05-25 07:50:05,1553.5330715297273,392.6633686690501,6833.734666020443
2021-05-25 07:54:25,1553.3524027391281,393.5974982282593,6150.76871500637
2021-05-25 09:03:39,1539.0644475738798,415.13913759616827,5617.804520751286
2021-05-25 09:37:13,1527.1994779409551,397.4098136092021,5586.827038341925
2021-05-25 10:10:44,1514.6091816228832,400.04438515698206,5923.102293262459
2021-05-25 11:13:22,1494.049735243078,405.2745657374789,6155.585427072102
2021-05-25 11:17:26,1492.9665935568282,383.23456534635955,6098.394936307248
2021-05-25 11:18:50,1492.6022693235175,374.58027069816524,5918.785169513147
2021-05-25 11:18:56,1492.5764154903297,393.4215009179607,5614.854289886364
2021-05-25 11:35:50,1488.539753598536,370.17408934842706,5441.462027248607
2021-05-25 11:43:52,1486.8592261492338,390.9338950921192,5667.801105706078
2021-05-25 12:16:58,1481.6086369031568,375.1800491371644,5925.721154661939
2021-05-25 13:40:56,1479.8949908108225,340.13911362338115,5989.5882180141725
2021-05-25 14:26:27,1484.583405139789,355.69800190989525,6277.334988707302
2021-05-25 15:18:40,1492.309208943161,411.2147810252454,6063.272612152653
2021-05-25 15:38:11,1495.1803330402852,400.1234400752478,5913.999634799802
2021-05-25 16:17:35,1499.7595955395777,396.7267608604437,5965.298179549409
2021-05-25 16:43:51,1501.2777862611613,393.6972875320186,6622.026631957279
2021-05-25 16:47:00,1501.3550117830184,374.47501251985705,5247.434190316069
2021-05-25 17:11:21,1501.1158970659612,407.1654417284287,6428.8825128549115
2021-05-25 17:22:09,1500.52180287698,396.679068677307,5940.715172650087
2021-05-25 17:55:51,1496.800158878417,397.370053689134,5738.281633916953
2021-05-25 17:59:48,1496.1946592181594,439.1702779162025,5728.751101533718
2021-05-25 18:07:35,1494.9119399740064,389.82251035024433,5280.606626726598
2021-05-25 19:34:46,1477.1264838701986,400.2387855519089,5839.1866106984335
2021-05-25 19:47:06,1474.9908670338573,332.23156707964586,5485.542337576654
2021-05-25 20:08:05,1472.1332836763158,374.0296161907336,5648.349503208086
2021-05-25 21:15:14,1471.8547662580827,374.62398329037416,5485.676615186739
2021-05-25 21:20:16,1472.418993877358,386.84734236490823,5818.896097977903
2021-05-25 21:27:23,1473.3451309904428,408.7413964984311,5754.592864061818
2021-05-25 21:54:01,1477.9897680983113,373.08383494833856,5218.262801262722
2021-05-25 21:57:41,1478.7521406772153,378.67016817482704,5950.229354665395
2021-05-25 22:09:59,1481.4726018494662,388.75784913538604,5828.698538181556
2021-05-25 22:11:16,1481.7687437348832,386.0230023481218,5776.530343104342
2021-05-25 22:43:22,1489.553200475562,397.7736773362427,5254.886985642774
2021-05-25 22:48:30,1490.8063281067803,415.44782823582744,5972.851762463456
2021-05-25 23:25:00,1498.9141797665054,387.5066908707768,5034.601765405744
2021-05-26 01:15:11,1505.0074857125226,413.4610129985012,5464.599203319312
2021-05-26 01:17:07,1504.891333634286,397.1720045412849,6528.816798548497
2021-05-26 02:13:00,1501.8395638757852,395.5327127027166,6215.948566281812
2021-05-26 02:43:42,1502.5959725962718,381.7256394609493,6051.880970649905
2021-05-26 03:13:23,1506.641096353648,396.42002549921335,5507.034327944681
2021-05-26 03:19:27,1507.9450198484844,397.0143094890882,5638.890227678896
2021-05-26 03:21:51,1508.507958715547,420.7896524036024,5377.8698512493975
2021-05-26 03:54:27,1518.8228578175344,391.1141919262616,5504.261523381996
2021-05-26 04:12:00,1526.3539882121095,372.6031933408561,6188.663491628324
2021-05-26 04:22:46,1531.583009896685,384.92278967673064,6176.243781832829
2021-05-26 05:23:57,1566.879697934921,413.3900207976013,6469.463339303413
2021-05-26 06:58:54,1613.3018655866888,414.1223423934369,6566.187911444527
2021-05-26 08:10:57,1618.7761026869216,424.7425281430222,6275.0519738620305
2021-05-26 09:08:24,1605.1895793496283,375.23381665301235,6304.355560570227
2021-05-26 09:23:18,1600.1542237162412,432.11067093289876,6370.2861334207755
2021-05-26 12:09:41,1553.345519593905,382.734470762773,5715.102354502053
2021-05-26 14:21:45,1560.0782818196449,428.75334008992803,5979.067507332663
2021-05-26 14:30:03,1561.5809827355793,372.2117848643687,6129.062521742076
2021-05-26 14:46:15,1564.7018251373363,448.8750657740274,6399.487891542001
2021-05-26 15:42:27,1576.015220432886,420.88289459936567,6332.459270345881
2021-05-26 15:52:17,1577.815616165279,398.7096674299128,6261.4951987801705
2021-05-26 16:04:36,1579.8895573246484,423.3174720877509,5491.019832571211
2021-05-26 16:05:15,1579.9924955514537,379.2344420258315,5407.702236802045
2021-05-26 16:17:18,1581.7652292352673,403.1184164660605,5766.109916029629
2021-05-26 16:21:42,1582.3431261531011,415.5417837264411,6358.81634404398
2021-05-26 16:23:18,1582.5433593472103,437.886712460384,6567.415931206784
2021-05-26 16:34:43,1583.8090796978972,422.3341784314814,6031.798807489643
2021-05-26 16:46:52,1584.8183123036022,419.38422610505364,6598.360002045677
2021-05-26 17:06:15,1585.6407490510676,457.59095669768953,5841.684558800108
2021-05-26 17:24:18,1585.490858163481,385.37663064711455,6416.745769153426
2021-05-26 18:19:50,1579.8851898086195,426.640313027265,5824.5001588093755
2021-05-26 19:26:23,1568.049623615503,456.77150095633954,6710.427331033646
2021-05-26 19:38:16,1566.190998805492,397.3162907654071,5974.258596357854
2021-05-26 19:43:22,1565.4702604512725,416.62827861614727,6312.509315874569
2021-05-26 20:29:52,1561.9470631756465,404.60727003760627,6686.041415847718
2021-05-26 20:38:15,1562.021824155178,385.211351448926,6236.309818047882
2021-05-26 21:13:11,1564.9486026200102,436.79007842870396,6660.739902254073
2021-05-26 21:45:31,1571.1627024815955,409.6413999737004,6006.339342612747
2021-05-26 22:15:41,1579.1642338284973,427.6312599232105,5888.384219652712
2021-05-26 23:35:05,1600.9395292335673,419.6164405115088,5716.962655505777
2021-05-26 23:43:40,1602.6604240128445,416.06525076102383,5937.00787817077
2021-05-26 23:45:53,1603.0718772724374,415.9908491695033,6251.373253247351
2021-05-26 23:53:21,1604.3538934416326,465.79899259639467,5910.796389200213
2021-05-27 00:08:00,1606.3867669410274,441.87705159428486,5848.539322136379
2021-05-27 00:08:15,1606.4158088328797,406.64638442340816,6298.3621317165225
2021-05-27 00:12:37,1606.892421477085,446.81866664884797,6736.093498797005
2021-05-27 00:13:00,1606.9314978740526,440.17922637294544,6135.330772031138
2021-05-27 00:13:04,1606.938248343546,405.05491727364745,6519.097106912611
2021-05-27 00:23:08,1607.804507106352,430.7789667238951,6606.602257956003
2021-05-27 00:24:58,1607.9299993963452,396.6383474753237,6801.06238580698
2021-05-27 00:25:44,1607.9795868324147,396.4396304948395,6237.232999851881
2021-05-27 02:10:12,1605.9161805219908,453.29699338506794,6022.788304196207
2021-05-27 02:36:30,1606.5858842492182,463.31434700212526,6186.040576481151
2021-05-27 04:15:03,1634.8979757061,441.24416417692026,6011.469585769125
2021-05-27 05:05:03,1664.453191000602,422.5718914627741,6769.658567655643
2021-05-27 06:29:18,1714.2763454622836,454.82779158034674,6363.22773081151
2021-05-27 06:34:23,1716.5169858468669,451.90559015948105,6998.727437488705
2021-05-27 06:40:50,1719.1617681300747,481.2411955610461,6837.100055959391
2021-05-27 06:45:20,1720.869906790568,398.8683270245487,6969.915694208553
2021-05-27 07:15:56,1729.2562220349719,466.2448672735858,7113.325252688729
2021-05-27 08:06:41,1730.1911062534184,441.4289140469255,6431.399794104918
2021-05-27 08:23:11,1727.2747078927862,441.9334740511982,7246.498371143228
2021-05-27 09:19:11,1709.1105920165796,498.850701649102,5946.501431658437
2021-05-27 09:19:15,1709.083808010048,441.60593838512335,7183.204474597013
2021-05-27 12:17:40,1648.9729712912936,421.9097052215159,6594.884597369111
2021-05-27 12:21:07,1648.4935358896996,477.53784003763565,6092.04696262835
2021-05-27 12:41:19,1646.3228123554481,404.89037306318096,6145.960473278196
2021-05-27 14:06:00,1647.792416649363,448.5067688430743,6123.531041213064
2021-05-27 15:20:06,1657.8077253041574,456.4489556394139,6457.3841485193825
2021-05-27 15:31:54,1659.4859503865093,422.7059500140249,6060.617386927873
2021-05-27 15:39:38,1660.5276627622911,461.58736776197577,7051.214215502854
2021-05-27 16:01:18,1663.0641806616395,424.0237930212664,6381.609489333703
2021-05-27 16:28:56,1665.0994420413813,471.06527614349926,7451.655530881565
2021-05-27 16:42:50,1665.45761508242,439.97256598902817,6497.750996157731
2021-05-27 16:48:25,1665.4585582651212,420.5862687844797,6360.730573647805
2021-05-27 16:54:00,1665.3736413887596,435.1545987392639,6315.187298796149
2021-05-27 17:13:11,1664.4042173200094,448.4698968882084,7914.139537267028
2021-05-27 17:40:48,1661.1452800948969,410.56056545385894,6392.114595360394
2021-05-27 18:00:04,1657.6566362866643,403.65841492232624,5906.962615777054
2021-05-27 18:12:43,1654.9049039165602,416.369026325045,6060.628845619822
2021-05-27 18:15:44,1654.2027625080882,381.3898939128852,6099.2999550196355
2021-05-27 18:49:16,1645.5821694282588,406.3136284843514,5696.818960565212
2021-05-27 18:57:59,1643.214768838689,413.77425848247645,6036.3099292038905
2021-05-27 19:04:28,1641.4568323301687,396.16357690057544,5953.874190618076
2021-05-27 20:28:24,1624.6111806035915,428.31343633157104,6192.154365425335
2021-05-27 21:05:39,1623.868812457336,422.9725338610591,5411.868186677326
2021-05-27 21:22:14,1625.1267727383397,410.0515986576607,6532.751882769808
2021-05-27 21:31:03,1626.1619769744646,417.3992483710409,6064.303617193351
2021-05-27 21:34:53,1626.6852956993685,421.2886882614135,5787.838759827311
2021-05-27 21:35:46,1626.811887330684,406.60969563725183,6065.091911699557
2021-05-27 21:37:30,1627.0666630390383,449.55407712856254,5597.332032582431
2021-05-27 21:57:12,1630.4966520340845,395.2949694617283,6642.385490745161
2021-05-27 21:58:10,1630.687220868874,440.73084064183274,6061.643975040364
2021-05-27 22:11:33,1633.4907593047783,417.092727741594,6908.304598874209
2021-05-27 22:33:58,1638.6312469207933,412.5288340988905,6712.373943592103
2021-05-27 23:14:07,1647.5678452548332,463.7893679355955,6635.005153744105
2021-05-27 23:31:49,1650.7230023544105,459.1747155627026,5937.898950580574
2021-05-27 23:47:36,1652.8778650755564,474.7575647735896,6320.881858679902
2021-05-28 00:12:31,1654.7994824320988,425.2865662360216,6165.568834453317
2021-05-28 00:15:51,1654.913214499374,426.0168734204783,6150.078400863691
2021-05-28 00:57:40,1653.7179658689206,436.1924833521458,5884.687260674282
2021-05-28 01:33:30,1650.1161954054314,459.89519900326115,6174.308410189869
2021-05-28 01:37:43,1649.6489382303876,474.7818035614837,6405.791010948873
2021-05-28 02:11:11,1646.5579880263472,411.99830992360273,6566.502076203408
2021-05-28 02:19:27,1646.128009507064,413.3718239215691,6468.444915817908
2021-05-28 03:07:41,1648.5037767276208,439.2454224601576,5672.874317797276
2021-05-28 03:11:48,1649.1841561257477,476.7337207810293,5958.064037127789
2021-05-28 03:33:07,1654.0798658192818,454.8792260505228,6541.1919630992
2021-05-28 03:38:35,1655.711759784855,449.82931228485535,6447.53878430058
2021-05-28 03:45:13,1657.8974722434566,418.52529704957885,6197.936803986756
2021-05-28 04:06:53,1666.5532749057174,456.9934189139607,6407.284259303231
2021-05-28 04:19:58,1672.819486693419,454.42790081124684,6185.223554185895
2021-05-28 04:37:44,1682.3855527400829,482.3326583905606,6017.677682882294
2021-05-28 04:54:41,1692.3868048888908,458.44264332481663,6806.318999397796
2021-05-28 05:04:09,1698.224181562871,429.9952202941706,6410.326413702245
2021-05-28 05:07:20,1700.2133534541265,421.2967904912515,6215.519340743817
2021-05-28 05:20:24,1708.4475505868588,481.2001299839942,7500.94360318915
2021-05-28 05:20:33,1708.5423004456889,439.13993687122905,6397.907567107955
2021-05-28 05:24:53,1711.2772438591542,476.68553697207165,6394.878603640975
2021-05-28 05:26:40,1712.4005972854072,438.68418583212804,6755.958124813337
2021-05-28 05:26:44,1712.4425570527244,414.0836527154775,6284.32300203238
2021-05-28 06:32:37,1748.9376565523407,454.2520901063843,6891.991400567675
2021-05-28 06:40:47,1752.2563662667974,461.98716462161235,6717.847937204338
2021-05-28 07:18:58,1762.6170497242126,472.86901271576517,6647.160070924604
2021-05-28 08:45:03,1754.1428935890344,470.06412221579444,6814.8870373559685
2021-05-28 09:59:04,1725.6279042271317,443.156767878886,7116.135453226837
2021-05-28 11:26:39,1695.3698859981425,469.1340763384659,6789.828221866454
2021-05-28 11:49:52,1690.4673450817927,476.93033911278906,6952.277904975524
2021-05-28 12:00:43,1688.71906865451,427.12453434288733,6105.700904280797
2021-05-28 12:04:55,1688.1363792755135,410.6339304825208,6110.488986026555
2021-05-28 12:44:03,1685.2143247939164,466.21357452837907,6344.722959017217
2021-05-28 12:49:58,1685.158442534923,429.7745613220415,6438.964349812092
2021-05-28 12:50:38,1685.1583089959038,427.2811948231682,5891.687922381618
2021-05-28 12:52:02,1685.1620627196007,435.0323556501175,6470.017126901672
2021-05-28 12:57:30,1685.2286835735122,490.97272412130974,6360.821389976498
2021-05-28 13:20:50,1686.4126053373207,472.3210491184873,5728.974150537479
2021-05-28 13:24:52,1686.758776545881,450.65258623391105,6463.561105343895
2021-05-28 13:31:34,1687.4212012259343,387.2895166229473,6360.029076215303
2021-05-28 13:31:43,1687.4372556008755,404.23715429021087,6112.698198884613
2021-05-28 13:32:51,1687.5602614822533,423.6358925445964,6013.5864049860165
2021-05-28 13:34:37,1687.7579793423367,441.53436451751514,6870.217076194919
2021-05-28 13:35:20,1687.840245420767,451.02367574870016,6736.941797462377
2021-05-28 13:43:09,1688.813035672964,424.8532423757476,6027.170607356774
2021-05-28 14:03:18,1691.9155061954004,421.3848616773122,6546.659592102742
2021-05-28 14:11:59,1693.489566430333,425.96581860006745,6567.557932003135
2021-05-28 14:22:42,1695.6016451906523,444.04964501599994,7405.742977490968
2021-05-28 14:29:14,1696.9702319425282,481.02620384488824,5957.679920081865
2021-05-28 14:41:36,1699.7007627759015,436.60105746717227,6697.144167145902
2021-05-28 14:45:46,1700.655163501526,430.8400668069737,6089.871965251256
2021-05-28 15:08:58,1706.1688393123952,433.48094064092936,8065.147189296992
2021-05-28 15:14:57,1707.6167938772483,433.7645791105956,6604.679752101871
2021-05-28 15:46:21,1715.0151815259126,430.53885895019704,6446.208059452142
2021-05-28 15:47:48,1715.3386671661813,499.64186621030143,6743.898450674992
2021-05-28 15:51:55,1716.2437516675807,437.06210991432664,6495.21300746483
2021-05-28 15:57:34,1717.450610046992,398.79202588433776,6343.948028883403
2021-05-28 16:27:08,1722.8936879888165,427.83048810068726,7123.303930778914
2021-05-28 16:29:39,1723.2752152852368,453.60976671407445,7309.319369976079
2021-05-28 16:34:21,1723.948228832766,506.24274501954676,6700.469767696378
2021-05-28 16:40:26,1724.7398651419073,403.27460819627606,7286.851112411471
2021-05-28 16:50:16,1725.8199241100367,447.8876728404217,6219.089696424985
2021-05-28 16:52:59,1726.073156264472,417.6272520645214,6559.898521281071
2021-05-28 16:56:51,1726.3989534241707,413.45453736133067,6434.622057310878
2021-05-28 17:07:14,1727.0684971890216,427.409188984572,6968.97958924095
2021-05-28 17:09:25,1727.1706817681002,445.1773908536638,6280.350856570921
2021-05-28 17:36:06,1727.3323446194897,396.98815679684975,6868.330358858379
2021-05-28 17:44:56,1726.9562192855358,442.4258804172469,6233.3654155101885
2021-05-28 17:59:58,1725.8698593621873,481.90817243697063,7194.389579268027
2021-05-28 18:05:08,1725.378572389259,453.7322730190248,6870.379092843506
2021-05-28 18:10:37,1724.7983333987925,482.5790799916783,6359.034583140356
2021-05-28 18:19:21,1723.7624409362822,453.8946642137848,5897.5105184963495
2021-05-28 18:32:52,1721.9404608872796,441.1770353138758,6875.819170095578
2021-05-28 18:33:33,1721.842798312577,528.1120785922542,7994.026485848609
2021-05-28 18:33:42,1721.8213014805842,483.00486333159955,6530.880776352569
2021-05-28 18:38:42,1721.093764027842,448.49133966153744,7019.44013059609
2021-05-28 18:40:29,1720.8297514862675,482.91456439623715,5945.558310207038
2021-05-28 18:40:58,1720.7578477284142,512.2210940692751,6367.50505858599
2021-05-28 18:58:41,1718.0704131568305,400.4861400405924,6987.060108239845
2021-05-28 19:02:17,1717.52555324899,452.02161037294917,6365.349615112721
2021-05-28 19:07:34,1716.7369772372701,474.39091668646904,6581.0167542525205
2021-05-28 19:23:48,1714.46949934721,452.9253018197999,6637.4259757034
2021-05-28 19:28:18,1713.902544407858,442.5523819374016,7187.801682705968
2021-05-28 19:32:13,1713.4374403394772,448.3503796091997,6424.766812846536
2021-05-28 19:41:40,1712.4415141175418,422.5324126608328,6997.808824891186
2021-05-28 19:56:24,1711.3186638091304,451.68729778242994,6682.325593777522
2021-05-28 20:08:24,1710.8686797024488,483.67094126027223,6681.473772893038
2021-05-28 20:37:13,1711.8328001802831,394.1398592642545,6721.05449781816
2021-05-28 20:54:00,1713.8677086387618,408.81695918051116,5906.682580251803
2021-05-28 20:56:28,1714.2613615032817,452.4254828687348,5951.706758908173
2021-05-28 21:15:05,1718.0020884819917,452.9588016975492,6271.470108473223
2021-05-28 21:25:57,1720.788854382417,477.76732145659037,6210.301149069222
2021-05-28 21:26:18,1720.8855943572287,451.7975323499579,6414.218672749431
2021-05-28 21:36:08,1723.7716029416933,457.3895492277176,6523.367230498627
2021-05-28 21:45:36,1726.8363734678753,459.1607509414293,6495.053821274283
2021-05-28 22:01:56,1732.685369176659,480.20820680753656,6154.455917884649
2021-05-28 22:09:28,1735.5767580958186,464.8940422015241,7161.390818697222
2021-05-28 22:11:59,1736.5643647467703,485.7942047816721,6335.945999066818
2021-05-28 22:20:37,1740.0188212924354,431.1716374601984,6218.59879237531
2021-05-28 22:38:18,1747.29166630036,473.08737349766994,7121.227219112933
2021-05-28 23:01:34,1756.8188011358834,475.81245603588707,7439.480237659054
2021-05-28 23:08:55,1759.7183491629698,434.84106526149793,6582.079364225554
2021-05-28 23:11:05,1760.557152479119,463.4132680277725,7296.660328120636
2021-05-28 23:21:56,1764.6258791140347,516.316120023386,7099.394667710268
2021-05-28 23:31:17,1767.925861250383,495.12838617140187,6626.471229458987
2021-05-28 23:42:33,1771.603713273525,426.16517014496367,6312.987167355073
2021-05-29 00:21:59,1781.4650257729697,492.3350730047918,7105.773285313097
2021-05-29 00:29:08,1782.7318127873891,500.6056048134948,6739.596045355603
2021-05-29 00:31:11,1783.0668612307352,468.2426992824479,7235.5334763791
2021-05-29 00:33:16,1783.3948532466914,432.55610912905377,6887.899528420536
2021-05-29 00:33:58,1783.5022680241286,482.28701250901497,7371.690507988325
2021-05-29 00:37:48,1784.0661146812165,438.57823265720157,7322.067712202871
2021-05-29 00:45:02,1785.0224943454596,467.4914793127452,7206.60278796116
2021-05-29 01:03:24,1786.9040679753864,467.38902671694694,6482.025351249751
2021-05-29 01:14:45,1787.7687195254964,501.9023837547499,6646.658095377141
2021-05-29 01:15:18,1787.8065614745758,486.8317915044243,6942.902891660038
2021-05-29 01:41:35,1789.4495314720905,474.4029630978165,6951.515694891896
2021-05-29 01:42:20,1789.4976845823792,465.0201014767416,6558.799751535902
2021-05-29 01:46:06,1789.7464306579668,469.1021465417158,6971.671405195112
2021-05-29 01:47:11,1789.8204423361617,488.39140052812076,6549.919008019402
2021-05-29 01:52:18,1790.1885307014566,446.75208447752186,6741.50353801812
2021-05-29 02:10:49,1791.8994454058752,464.92927896628754,6579.170500011007
2021-05-29 02:20:15,1793.0968506798715,487.57395117676566,6835.136490129843
2021-05-29 02:34:16,1795.428348325141,459.49562024907834,6662.502228697261
2021-05-29 03:23:21,1810.6915272842548,465.2978288263978,7140.34014675718
2021-05-29 03:31:36,1814.5343289424286,445.49156824738265,6342.038217140333
2021-05-29 04:40:28,1860.8270446966926,476.5060017546549,7744.554813084103
2021-05-29 05:10:11,1886.4570869745064,455.1267649708914,6644.027148779199
2021-05-29 05:10:53,1887.0786760463823,471.35270913289554,7766.14247938713
2021-05-29 06:06:33,1935.2694344258298,540.3710377834577,7650.628071095014
2021-05-29 06:24:59,1949.2322430455147,490.53786152058603,7271.90607979154
2021-05-29 06:26:03,1949.9894444851288,533.9842231793874,8285.3237642564
2021-05-29 08:04:19,1987.8947405669787,545.6123825408794,8595.396046714925
2021-05-29 08:19:11,1987.9483815925787,492.351132381006,7266.500488458428
2021-05-29 08:24:17,1987.672516713661,468.2092467957722,7461.897425403832
2021-05-29 08:31:37,1987.0336120155143,540.1365254632459,8291.012472515307
2021-05-29 09:35:17,1972.9229171835102,512.4087307775305,7200.588488879959
2021-05-29 10:20:09,1959.558751199138,475.28778179274786,7402.202011050272
2021-05-29 10:24:57,1958.2125240353855,524.0481467462079,7777.946927952228
2021-05-29 10:47:50,1952.341355477052,588.7442932679264,7583.590872345865
2021-05-29 10:50:23,1951.75399879678,496.9159588595494,7283.151914115482
2021-05-29 11:04:47,1948.7344351928891,541.9115371022156,7379.817357976319
2021-05-29 11:19:45,1946.1824508047814,506.09189922713057,7741.711294704291
2021-05-29 11:50:27,1943.0353349738223,449.5359412203078,6788.439881591549
2021-05-29 12:01:27,1942.6300479206252,545.5697672610307,8209.430956673723
2021-05-29 12:08:30,1942.5750176118652,518.8860197132324,7982.449172313048
2021-05-29 12:13:19,1942.6295191111478,491.33588995716536,7649.4550034776985
2021-05-29 12:49:24,1945.3859876548336,510.1094663853655,8276.574507054367
2021-05-29 13:17:41,1950.3149534034087,540.5247828507453,7105.151422845253
2021-05-29 13:48:22,1958.1127306219764,507.6491348885531,7452.694538316908
2021-05-29 13:51:28,1959.0262183994928,517.6185566648631,7442.647587181391
2021-05-29 14:13:48,1966.186611074386,526.2586478434633,7249.242788021432
2021-05-29 14:16:27,1967.0967889550845,527.9366289651107,7535.692123343798
2021-05-29 14:35:10,1973.8173954294105,525.6992245225745,7951.8571559537295
2021-05-29 14:42:33,1976.5831528092976,550.2983559082037,7502.640127091737
2021-05-29 14:43:40,1977.005801653057,506.09441166237133,7641.85882773255
2021-05-29 14:51:12,1979.881404047472,498.2958665350721,7471.484775424167
2021-05-29 14:53:02,1980.5866333403283,546.4438989445449,7162.3838300780935
2021-05-29 14:57:07,1982.1631637231428,509.3757660434376,7238.534518675662
2021-05-29 15:00:08,1983.3319006403042,538.686516287033,7954.533786797375
2021-05-29 15:16:14,1989.5850987806589,533.5544472409256,8439.526612829277
2021-05-29 15:37:35,1997.7179360890036,513.0710470122601,7584.985506313421
2021-05-29 15:48:51,2001.8226702688594,523.4570470409819,7844.262227912511
2021-05-29 16:04:15,2007.0989426881133,561.3353149281193,7258.029168807887
2021-05-29 16:19:37,2011.858567616332,496.36436368434875,7682.415947859966
2021-05-29 16:47:54,2018.9137873980994,496.0962880882149,8842.191543524286
2021-05-29 16:53:26,2019.9964317644806,526.7848578392347,7830.902980881691
2021-05-29 16:53:38,2020.0336126545028,555.9533477879218,7792.056929562901
2021-05-29 16:54:30,2020.193142212563,510.75456176610084,8164.701896463382
2021-05-29 17:24:49,2024.1070875543048,538.8450402897572,8121.470239337351
2021-05-29 18:23:37,2023.0313729710883,536.5025240568525,6888.8664650074315
2021-05-29 18:25:59,2022.8012353266517,558.9333192598881,7402.341756242785
2021-05-29 18:35:37,2021.7707445420353,485.10328884470425,8158.998704167419
2021-05-29 18:45:56,2020.5396940699463,527.7982532266185,7938.490940636388
2021-05-29 18:48:49,2020.1798730812714,558.2871464955168,8394.762203498167
2021-05-29 19:00:14,2018.7253561685977,532.7831584717442,8317.68485088372
2021-05-29 19:05:32,2018.0507421063621,542.5683250324705,8191.017665734464
2021-05-29 19:12:20,2017.2047282405729,528.9683503481134,7301.593995469494
2021-05-29 19:12:32,2017.1803472100669,566.141179167,7922.32703103073
2021-05-29 19:27:03,2015.5322132740055,541.7188507084761,7944.686718822346
2021-05-29 19:28:00,2015.4349383761667,508.66027971279914,7665.171698204768
2021-05-29 19:30:10,2015.21908051924,509.1818900820405,7726.972811003358
2021-05-29 19:31:24,2015.1001019443738,458.1117038344511,8351.326450305462
2021-05-29 19:36:36,2014.632181182809,545.1022184724358,7942.668542943054
2021-05-29 19:46:00,2013.9441014705737,446.01202652200743,7344.920985862157
2021-05-29 19:50:52,2013.679306246676,548.7190464752338,6700.192576186636
2021-05-29 19:56:27,2013.4617547983494,523.1835190407758,7683.701838197219
2021-05-29 20:11:29,2013.3917125288392,551.7613662931361,7232.121233311603
2021-05-29 20:13:39,2013.4491974157663,566.8091009605911,7751.787771781405
2021-05-29 20:15:25,2013.5094414840162,521.9904533786403,7580.305970135668
2021-05-29 20:15:44,2013.5215241765268,540.6059551704452,7278.502994013885
2021-05-29 20:29:12,2014.410139000874,533.3051978778998,7860.580462031843
2021-05-29 20:32:34,2014.7506208669756,469.3800186203342,7648.200343388127
2021-05-29 20:38:28,2015.4654237276134,455.53631098712515,9139.348693044067
2021-05-29 20:44:39,2016.3784103581766,494.8057004524583,7852.444594070447
2021-05-29 20:44:46,2016.3972620695645,616.5055470165074,7136.5538390577885
2021-05-29 21:09:49,2021.8404585222559,556.0879972628688,7459.672361465238
2021-05-29 21:17:28,2024.044287989275,461.6911860960654,8165.72693641312
2021-05-29 21:17:42,2024.1153201958407,568.3009389530902,8323.208331949807
2021-05-29 21:17:54,2024.1763817373294,529.9455112134199,7712.747051241631
2021-05-29 21:20:29,2024.9796635385203,552.8879801628088,7728.117918652709
2021-05-29 21:29:24,2027.9541515299752,546.7351926712648,7734.41692939277
2021-05-29 21:50:35,2036.1487429083775,535.1800175380777,7844.968439661786
2021-05-29 21:59:55,2040.1791625023318,568.0520643105673,7924.974323760567
2021-05-29 22:08:24,2044.0131210844922,572.9810904365427,7999.075243891154
2021-05-29 22:09:26,2044.489403089211,563.6770417772731,7591.583952358822
2021-05-29 22:11:55,2045.6411809064864,485.8707701529367,7805.272138746178
2021-05-29 22:19:58,2049.4339905572338,553.91071783018,8229.636889198273
2021-05-29 22:23:27,2051.097165352569,526.2151227106388,7848.642303726464
2021-05-29 22:35:24,2056.856050143458,498.4668810498235,8298.23128471765
2021-05-29 22:50:31,2064.1192207004738,568.8337405180101,7743.0797976420945
2021-05-29 23:00:58,2069.0151552086054,532.5801894144716,7957.372919407216
2021-05-29 23:33:31,2082.788788225404,523.6167333890832,8238.496746188222
2021-05-29 23:35:20,2083.4673846521314,512.3361365583311,8345.902437734392
2021-05-29 23:36:30,2083.897262993323,550.6877429892103,8704.131665126337
2021-05-29 23:41:48,2085.7902555388823,516.0839023536605,7761.061657718777
2021-05-29 23:46:18,2087.317973830419,492.9308214597117,8163.402143861159
2021-05-29 23:50:43,2088.7438682017996,612.360021595712,7624.75265872927
2021-05-29 23:54:37,2089.94087951114,529.6546113819339,7861.379509231072
2021-05-30 00:19:13,2096.1061578232593,545.4697942967083,8052.398367838462
2021-05-30 00:24:19,2097.085074008137,565.7158821132439,7576.541269757429
2021-05-30 00:28:11,2097.760937021274,514.7153663203329,8319.062021541218
2021-05-30 00:34:19,2098.7192324018088,570.1194524710352,8252.640930558766
2021-05-30 01:13:09,2102.0893395765797,524.6826410239738,7560.603400167411
2021-05-30 01:21:42,2102.3950000708255,599.3844465034168,7630.967547233075
2021-05-30 01:27:06,2102.549895022206,506.08549794820766,8227.911185158744
2021-05-30 01:44:23,2103.0013154571147,589.4307071423898,8134.928811262431
2021-05-30 01:53:34,2103.3156035355414,552.5396207876164,9054.123541568493
2021-05-30 02:05:24,2103.9244690472037,577.3096805363406,8957.566735419088
2021-05-30 02:15:12,2104.6892553627913,498.0721696080947,7338.547782775112
2021-05-30 02:21:43,2105.3669565719356,575.8734609834684,8674.189233255356
2021-05-30 02:26:20,2105.9420347532364,564.5643631818144,9302.873243471282
2021-05-30 02:26:32,2105.9688565998913,509.5163618346891,7750.539211992815
2021-05-30 02:40:31,2108.278520823329,588.7204916374583,8231.728593028027
2021-05-30 03:10:13,2116.5635764160725,594.2457785136843,8186.219415830997
2021-05-30 03:15:55,2118.7536074883533,519.0107964945415,7742.856020852123
2021-05-30 03:55:26,2139.685800758016,546.7175304404552,7540.407719241664
2021-05-30 04:04:50,2146.1157104870626,550.8588253131713,8449.261373850657
2021-05-30 04:25:39,2162.112293047769,560.7018304650288,8299.065298717946
2021-05-30 04:28:12,2164.2209402558838,510.4589385272528,7786.940841861781
2021-05-30 04:31:44,2167.1903743492117,546.07007587119,7525.494211134704
2021-05-30 04:40:43,2174.968649122935,585.3934555634715,8562.878606898525
2021-05-30 04:43:11,2177.1564068401785,539.0488961655626,8020.176205067826
2021-05-30 04:44:01,2177.9001201819883,539.7194108885485,8663.798914261357
2021-05-30 04:58:01,2190.6906904871194,563.8265008049323,8513.80652207792
2021-05-30 05:04:14,2196.509671003873,567.4491530498035,7528.03759874025
2021-05-30 05:30:39,2221.5423961802503,614.1367171504024,8198.996430455041
2021-05-30 05:38:22,2228.768137147029,628.21178417685,8018.725226932271
2021-05-30 05:44:33,2234.4703523262965,640.5858091986805,8082.597171390862
2021-05-30 05:50:04,2239.4706187631696,606.7144170317795,8398.021020458289
2021-05-30 06:11:01,2257.4150148150597,613.3666497595053,9369.800579684203
2021-05-30 06:14:37,2260.2908094064055,593.3189609826434,9009.000878809089
2021-05-30 06:17:31,2262.555577358848,632.4201226008307,8714.350540097925
2021-05-30 06:17:41,2262.6842842160518,645.1292567848831,9736.759810019223
2021-05-30 06:22:59,2266.6916445667907,603.4940743971185,9066.027334333901
2021-05-30 06:25:39,2268.64301985304,605.0164565584624,9305.476906725382
2021-05-30 06:28:36,2270.7488852904776,640.7960648542416,9029.524708891848
2021-05-30 06:31:32,2272.786090552931,617.1791813787388,8304.53550499674
2021-05-30 06:32:54,2273.7154355816674,588.6721542456047,9326.547820957672
2021-05-30 06:39:10,2277.8102349180904,592.23767823951,8672.499681384304
2021-05-30 06:42:05,2279.619970401467,647.3345612067995,8106.757139293872
2021-05-30 06:44:50,2281.268661391697,564.2983116805943,9269.171049244333
2021-05-30 06:46:40,2282.336172181479,589.3958629421338,8540.145421207333
2021-05-30 06:52:21,2285.4812546366657,615.4517012503596,8512.467780722494
2021-05-30 07:09:36,2293.4438192723383,537.1372314265702,10210.977035957927
2021-05-30 07:31:31,2299.9777478658766,605.923775415768,8990.495765469841
2021-05-30 07:37:25,2301.0443734597548,628.3382253612249,9006.721390454379
2021-05-30 07:39:13,2301.3119636765123,597.2463013705235,9501.159292881865
2021-05-30 08:14:20,2301.3918099012058,669.0540365606604,9296.60512502577
2021-05-30 08:23:40,2299.9041386386016,650.4052564768904,9128.96304605858
2021-05-30 08:25:11,2299.6092772778998,583.265761493283,8481.958333410896
2021-05-30 08:26:08,2299.417308021615,625.1417140943817,8718.805875628706
2021-05-30 08:26:57,2299.247852942166,617.9469411666773,9346.44290329415
2021-05-30 08:27:31,2299.127885377851,622.572769361307,8295.165487320004
2021-05-30 08:27:50,2299.0599982636804,596.7273985766392,8906.755313867732
2021-05-30 08:30:15,2298.5221639759575,630.4997697313452,9205.41889979773
2021-05-30 08:31:13,2298.297386449036,592.8461821287782,8526.86093876315
2021-05-30 08:34:06,2297.594977011929,602.2355773936417,8939.21478809344
2021-05-30 08:36:08,2297.0715302692697,653.0994954145799,8216.3682332945
2021-05-30 08:49:09,2293.2110182867227,568.9698512112028,9023.825454440912
2021-05-30 08:57:30,2290.3208788375605,565.7341747693305,9882.655952311661
2021-05-30 09:00:02,2289.388232613881,638.8760505350621,9821.556757953496
2021-05-30 09:15:02,2283.419048347961,537.735305614939,8434.958135959127
2021-05-30 09:21:53,2280.484460046828,565.577651041383,8675.573827791339
2021-05-30 09:32:49,2275.608133018566,636.70904299348,8683.878028427096
2021-05-30 10:07:08,2259.702240795829,606.5883330768191,7985.775667740466
2021-05-30 11:04:55,2236.066850730888,594.4532662833257,9525.502173333765
2021-05-30 11:05:36,2235.837598263241,510.30218255248997,8287.902190910738
2021-05-30 11:27:25,2229.316370391291,621.5394455644926,8934.116090514115
2021-05-30 11:27:58,2229.1727936465877,571.9408677584635,8676.040465327533
2021-05-30 11:36:11,2227.154927574647,532.4279529442441,8310.535302575447
2021-05-30 11:37:22,2226.884145051122,630.464096352198,9040.408056780094
2021-05-30 11:45:22,2225.1863616475034,533.7196039400434,8256.744538818291
2021-05-30 11:48:14,2224.634777353717,554.8278294370297,8422.706917834465
2021-05-30 11:55:30,2223.372061643427,631.4456353490278,8983.991738694232
2021-05-30 12:00:30,2222.616653474538,611.27973481256,9069.886455188984
2021-05-30 12:00:54,2222.5602274263074,590.7774614306524,8424.864106307945
2021-05-30 12:48:56,2220.0703967517284,588.5009365537771,8166.156584201253
2021-05-30 12:52:04,2220.1968767916146,594.1405743489183,8177.631743285736
2021-05-30 12:56:41,2220.44516384877,604.2097717554881,8508.360855237488
2021-05-30 13:16:38,2222.3407342133905,568.7862663000737,8492.965534042267
2021-05-30 13:17:16,2222.4220958239816,598.4366485640095,8482.319283514846
2021-05-30 13:18:42,2222.6108913555413,584.0900916569119,8080.302141761571
2021-05-30 13:22:04,2223.079546712861,536.2666036073281,7460.338160560375
2021-05-30 13:23:45,2223.3269894940813,577.3717356990298,8298.525005241614
2021-05-30 13:23:48,2223.3344718091353,574.3697378607891,8584.531387784487
2021-05-30 13:28:17,2224.036118121458,604.3900573217635,8415.268564119051
2021-05-30 13:45:08,2227.1939303146387,610.1354698939567,7958.283372495639
2021-05-30 13:48:41,2227.9583844350364,589.9089005447188,9162.69116443586
2021-05-30 13:51:20,2228.5502184635407,599.2774450245905,8636.796752065517
2021-05-30 13:53:26,2229.0317735648086,557.390445214359,8778.284152827873
2021-05-30 13:55:12,2229.445319094803,610.8824488130628,7949.363278614952
2021-05-30 14:25:57,2237.731116400303,578.6418016394717,8824.845237443033
2021-05-30 14:50:34,2245.4685622638026,567.9099813874041,7417.304733428392
2021-05-30 14:52:16,2246.0251138238364,585.546647401803,8487.695571518721
2021-05-30 14:53:35,2246.457470379348,585.7646989673796,8869.499902994963
2021-05-30 15:00:31,2248.7492731319744,588.9980859897638,9086.502167682762
2021-05-30 15:07:40,2251.129068975743,596.1445589712835,8626.438693327527
2021-05-30 15:08:38,2251.4512979351475,626.1449392315201,8954.49203049084
2021-05-30 15:09:02,2251.5846361514787,561.8174992352355,8487.503584197595
2021-05-30 15:13:32,2253.0838842700527,541.0162012487824,8043.276116997636
2021-05-30 15:16:16,2253.992767880012,655.7780644783371,8786.890167303081
2021-05-30 15:23:22,2256.3403765994376,587.380069089857,9085.447531018865
2021-05-30 15:24:44,2256.789146489738,627.6286025878621,9212.440934279339
2021-05-30 15:30:27,2258.651312064468,554.0230550017624,8384.900926155226
2021-05-30 15:36:44,2260.6628942729067,546.2279252895762,8558.342739059777
2021-05-30 15:40:56,2261.981845778797,603.2230584453315,8296.891164632425
2021-05-30 15:41:06,2262.033705399471,539.1675452103323,8113.985605259092
2021-05-30 15:41:18,2262.0958862089697,644.9272858791427,8507.008441343372
2021-05-30 15:42:49,2262.5655877728955,661.0404142661354,8388.431940843227
2021-05-30 15:43:17,2262.709444155689,573.0000919562603,9357.75986614459
2021-05-30 15:43:37,2262.8120020921137,604.8673342178403,9127.608303844752
2021-05-30 15:48:58,2264.43431090067,614.9497372801558,8851.869597392055
2021-05-30 15:49:42,2264.652997202877,635.7101621530541,8474.323053226917
2021-05-30 15:50:03,2264.7570397473946,555.9533526691546,7995.537903414382
2021-05-30 15:50:48,2264.979258443377,580.9445256454343,8899.832719971104
2021-05-30 15:50:58,2265.0285039124005,592.9746714098992,8183.38930334727
2021-05-30 15:52:11,2265.386467461438,565.0621829163797,8244.288800243165
2021-05-30 15:53:04,2265.6446450776625,551.0931705263662,8809.68134584514
2021-05-30 15:54:27,2266.045988566689,650.2885585255526,8863.687031194164
2021-05-30 15:54:52,2266.1661503036826,613.4298354249927,8669.27043444605
2021-05-30 15:55:49,2266.438839714275,573.3603121518184,8634.531321414732
2021-05-30 15:56:11,2266.543606811928,526.8045407792017,8054.567242463382
2021-05-30 15:56:22,2266.5958887710713,609.7974434758174,7887.556467124793
2021-05-30 15:57:01,2266.7807019232196,614.1153624749875,9316.332338191754
2021-05-30 15:57:27,2266.903429841821,639.652503359027,9094.669999042222
2021-05-30 15:58:05,2267.0821015797437,663.6617426070644,8033.22828390903
2021-05-30 15:58:30,2267.199191158376,618.452232493828,8846.964523004903
2021-05-30 15:58:42,2267.255264109752,655.188245511076,9058.627682838396
2021-05-30 15:59:05,2267.3624999783715,586.1769975747468,9752.02218910875
2021-05-30 15:59:07,2267.3718100401848,648.3638449399202,8955.24050978167
2021-05-30 16:00:25,2267.7330359401026,635.3290997018327,8611.745064155532
2021-05-30 16:01:27,2268.0175296833713,519.5585049101569,9264.130040851998
2021-05-30 16:01:39,2268.072319302035,577.9814007371159,9227.241902913276
2021-05-30 16:01:51,2268.127019396017,577.5843694434425,8803.425096947354
2021-05-30 16:02:24,2268.2769804540194,565.3412142155108,8902.91883525492
2021-05-30 16:02:38,2268.34039342225,618.5255484619319,8672.351344814208
2021-05-30 16:02:50,2268.394648743131,547.6164462010881,8311.038397743941
2021-05-30 16:07:58,2269.755043247402,624.3949700446103,9554.76465241042
2021-05-30 16:09:50,2270.233777908477,628.0084670049677,8691.259806311065
2021-05-30 16:10:31,2270.4068164884375,557.6230971231421,7913.431114051181
2021-05-30 16:11:38,2270.6869887783673,601.2816543731495,7843.321995059507
2021-05-30 16:12:26,2270.8857026802316,566.7150778441413,10064.435993938914
2021-05-30 16:12:42,2270.9515646106647,592.3731869002324,8473.813032225344
2021-05-30 16:13:05,2271.045909537098,587.8697427982283,8793.775825832214
2021-05-30 16:13:33,2271.160233643631,594.8097003992204,9081.85725706176
2021-05-30 16:13:36,2271.172447959765,556.3686868002693,8959.367837595692
2021-05-30 16:14:17,2271.338700298802,552.5304419876649,9460.549987167777
2021-05-30 16:17:34,2272.119624837405,546.6198795011597,8638.244871383878
2021-05-30 16:18:46,2272.397482214765,605.2739781207148,7925.079138234131
2021-05-30 16:19:41,2272.606948535418,680.018346033575,8541.39953664097
2021-05-30 16:21:07,2272.9295736957783,581.397153539755,8603.856314458182
2021-05-30 16:21:45,2273.0702015272263,610.7753178359301,8612.612303361211
2021-05-30 16:26:35,2274.1035100472673,609.111749928939,8887.005868192135
2021-05-30 16:31:09,2275.0127225517476,655.3410692008832,8693.137574808734
2021-05-30 16:35:34,2275.8273508471702,565.9691480789813,8402.891618565509
2021-05-30 16:39:32,2276.5027685483806,632.7575725388355,8502.803122231686
2021-05-30 16:39:56,2276.5678599820876,599.141872305524,8161.917297216612
2021-05-30 16:40:34,2276.6697774341706,623.2484194260152,7712.558684455732
2021-05-30 16:41:50,2276.8693839084117,579.4108590572858,8457.772210280145
2021-05-30 16:46:28,2277.550830543548,623.9837350719131,8887.87085666944
2021-05-30 16:48:05,2277.7703375794067,634.9544583618672,8489.61841940711
2021-05-30 16:48:55,2277.8797476128657,529.3391341602194,8540.191810825901
2021-05-30 16:53:20,2278.4166956373656,618.7758375606711,8973.81118663288
2021-05-30 16:54:26,2278.5390863694074,645.0155839706209,8598.528103651925
2021-05-30 16:56:02,2278.7089590654505,595.1213397045515,8829.76393493429
2021-05-30 16:59:08,2279.01041144498,618.9324476633991,8993.405831209022
2021-05-30 16:59:11,2279.0149728720066,584.6464854782007,8601.12236498691
2021-05-30 16:59:35,2279.0511194109463,593.2152374603486,8542.378367185687
2021-05-30 17:02:31,2279.2974037266126,649.1899727512598,8635.304682565464
2021-05-30 17:03:41,2279.3861318650193,638.9479002016294,9083.109543505028
2021-05-30 17:04:11,2279.4225455394762,635.4416168382038,8935.358042448812
2021-05-30 17:04:31,2279.4462830708053,572.1317503181627,8760.932699247951
2021-05-30 17:05:12,2279.493597617273,571.4994645914109,9361.314782868814
2021-05-30 17:06:39,2279.5879891825825,522.5748971811978,9443.43069566484
2021-05-30 17:07:17,2279.6266516284186,560.388652005096,8702.918216063574
2021-05-30 17:08:52,2279.716471328052,529.4566006667606,9142.401860583499
2021-05-30 17:09:07,2279.729759823625,591.8670974975371,8331.474819440817
2021-05-30 17:11:19,2279.8361782209026,602.2281666396522,8710.682894073454
2021-05-30 17:13:15,2279.9140875486423,622.823258904442,9741.738895833776
2021-05-30 17:13:34,2279.9254561091375,623.6688195883567,8479.377288400197
2021-05-30 17:17:52,2280.041043992667,581.2690000520647,9135.297796011553
2021-05-30 17:17:58,2280.042873072918,593.6711027382045,8293.988688911108
2021-05-30 17:18:43,2280.0553482068003,590.4969126640602,9474.430913074815
2021-05-30 17:19:13,2280.0624469416516,642.6993850882426,8988.956206700648
2021-05-30 17:19:34,2280.066836631371,563.0942194133888,8253.524718571438
2021-05-30 17:19:49,2280.0696801109625,602.0237384433632,9637.530003468373
2021-05-30 17:22:16,2280.084687055278,615.9096360638708,9456.973961973397
2021-05-30 17:22:19,2280.0847506819723,613.9790261738615,8300.391184452365
2021-05-30 17:22:52,2280.0848111654454,575.8460291523312,8574.01030819231
2021-05-30 17:23:04,2280.0845426687915,674.1134666598872,8619.362491102962
2021-05-30 17:23:31,2280.0833725528664,599.3407193992089,7805.639811727901
2021-05-30 17:24:36,2280.077345249453,645.2747115112153,9001.071268909647
2021-05-30 17:25:36,2280.0677629917004,633.5278654776322,8809.28251543569
2021-05-30 17:27:35,2280.037384012673,588.0775202343467,8901.517488064082
2021-05-30 17:27:54,2280.0311377877247,583.9040856316036,8233.323043296357
2021-05-30 17:28:02,2280.028393088061,581.9139194198059,8722.410920688113
2021-05-30 17:28:11,2280.0252241013254,633.7784885971735,8462.715087100045
2021-05-30 17:28:13,2280.024508210906,635.1905254783131,8854.289981307256
2021-05-30 17:28:54,2280.0088979430243,573.2390069170439,8774.635867299588
2021-05-30 17:28:58,2280.0072796603627,587.7725428375336,8582.626708964393
2021-05-30 17:29:37,2279.9906146472986,663.9923447114837,8492.401219680645
2021-05-30 17:30:25,2279.967899559023,534.2258976128861,8647.614003219993
2021-05-30 17:31:13,2279.942758710307,625.7475442167585,8972.32185164673
2021-05-30 17:31:17,2279.9405543701428,606.9619683738014,8798.55520297989
2021-05-30 17:33:46,2279.8465200297314,661.0413463838901,8773.72151213622
2021-05-30 17:34:33,2279.812062987494,603.3152229656545,9107.924705375148
2021-05-30 17:36:18,2279.7268396010927,623.2912205593755,9846.437801459939
2021-05-30 17:37:21,2279.6702699300968,597.4018071447556,8523.082583225829
2021-05-30 17:38:35,2279.598652847682,561.2530356815212,8151.845041459889
2021-05-30 17:38:39,2279.594623221867,581.545017186331,8780.67950184421
2021-05-30 17:39:03,2279.570105328286,611.166418039226,8418.620858003409
2021-05-30 17:42:11,2279.3580186343415,598.9247256006133,9078.43865026831
2021-05-30 17:45:16,2279.1151245969127,571.5503878365167,8177.500215035288
2021-05-30 17:45:34,2279.089708097759,581.3865284803771,8073.800353852069
2021-05-30 17:48:00,2278.8720342668216,588.2046179335406,8198.466917631911
2021-05-30 17:48:17,2278.8453664089507,643.7692010751041,8660.467312342485
2021-05-30 17:48:24,2278.8343059813687,525.1031846584493,8060.649164523605
2021-05-30 17:48:28,2278.8279649311607,647.5026989821031,8007.366356919522
2021-05-30 17:50:15,2278.6527572184286,624.2416388281706,7841.52385049499
2021-05-30 17:53:20,2278.3248005911505,603.272513534517,8247.616063196716
2021-05-30 17:55:00,2278.134594673452,586.4841022182861,8724.885569123395
2021-05-30 17:55:03,2278.1287505406835,604.70032948191,8940.069968739248
2021-05-30 17:55:15,2278.105294187636,648.6253964527373,8774.864737457407
2021-05-30 17:55:17,2278.1013723912984,636.0339748054258,9341.580388551227
2021-05-30 17:55:59,2278.018198741475,572.003915703033,8618.505017014611
2021-05-30 17:56:47,2277.921246429897,552.3818020819532,8288.367417499463
2021-05-30 17:57:48,2277.795144228723,592.1622754480173,8149.480671388935
2021-05-30 17:58:07,2277.7552107419287,614.2750437071611,9227.699982668113
2021-05-30 17:58:31,2277.7043262281263,528.9028305605177,9213.983572658042
2021-05-30 17:59:12,2277.616262891802,623.2343564441719,8560.944845368263
2021-05-30 17:59:20,2277.598913578205,642.4636584037696,8563.046620661318
2021-05-30 17:59:31,2277.574970007628,553.0634063663136,10015.404268889542
2021-05-30 18:00:08,2277.4936854031293,587.7687588807436,9092.312753103466
2021-05-30 18:01:45,2277.2751751578276,624.3121530220566,8607.104171362664
2021-05-30 18:01:51,2277.261404280522,598.9067101610448,8655.694828304619
2021-05-30 18:02:09,2277.2199151166265,589.2387881586412,8831.69593511706
2021-05-30 18:02:14,2277.208343458685,635.062422590806,8390.265001589376
2021-05-30 18:02:55,2277.112690559368,596.9209925944311,8130.134157475325
2021-05-30 18:03:20,2277.0536996839655,624.8962589738032,8199.478525632525
2021-05-30 18:04:37,2276.8688729096643,605.9407983443098,8256.495874093072
2021-05-30 18:05:49,2276.691824928218,522.9998384462859,7706.689412118347
2021-05-30 18:06:23,2276.606821458464,548.7846863391824,8733.895487867405
2021-05-30 18:06:57,2276.5209320539707,597.6958948185046,8326.298584016737
2021-05-30 18:07:24,2276.4520998147455,560.5468836463797,8841.161919305845
2021-05-30 18:08:47,2276.2370784614377,573.9398521611774,8719.031796050815
2021-05-30 18:09:39,2276.0997706037488,637.6471466614224,8617.960488792782
2021-05-30 18:10:26,2275.9739740162554,567.8233926167868,8638.00105895183
2021-05-30 18:12:02,2275.712131079085,570.6417896394921,8423.098956207587
2021-05-30 18:12:45,2275.592754713039,574.6863628786436,8891.242452888242
2021-05-30 18:14:09,2275.355905229537,577.6026724594268,8751.986819827951
2021-05-30 18:14:36,2275.2787667506113,609.1401072812133,8848.690155337956
2021-05-30 18:15:45,2275.079450717622,616.0195990448208,8519.379016104524
2021-05-30 18:16:06,2275.018174339789,573.5562064993951,9085.085302494259
2021-05-30 18:17:52,2274.704594247208,560.1225356921908,8742.673844030447
2021-05-30 18:19:52,2274.341233225928,595.0111419445744,8541.03624587431
2021-05-30 18:20:16,2274.267528843615,581.5836318379705,8763.296660842749
2021-05-30 18:20:23,2274.245968220582,664.1184071117935,9085.837912550383
2021-05-30 18:20:58,2274.137738727685,574.0978087103551,8876.103042606635
2021-05-30 18:21:46,2273.988168548688,553.2291032276163,7873.872905467244
2021-05-30 18:25:06,2273.351323483727,530.8691159257532,9818.839073173855
2021-05-30 18:25:24,2273.292971697235,613.2249706591871,9367.666722556438
2021-05-30 18:26:20,2273.1103864871366,532.3256477927911,8550.515974950802
2021-05-30 18:26:22,2273.103836672295,524.7064754720602,9313.060448008366
2021-05-30 18:27:01,2272.975723260806,663.0745895099319,9274.841425944354
2021-05-30 18:27:25,2272.8965177661566,594.6050210802232,8050.708558093398
2021-05-30 18:29:50,2272.412264638492,627.4653559061127,8420.129084589864
2021-05-30 18:31:27,2272.083108683221,542.3920281143887,9377.450573889917
2021-05-30 18:31:44,2272.0250137339826,570.605193333086,9106.600323138297
2021-05-30 18:32:37,2271.8431410377384,608.3792331330939,9121.6368045973
2021-05-30 18:34:14,2271.5074350459486,577.7230556981254,8545.67849428599
2021-05-30 18:34:44,2271.402894547975,568.0799594320512,8758.902658084939
2021-05-30 18:39:00,2270.498380843649,583.6487721877625,7734.167492000242
2021-05-30 18:39:47,2270.3301190429083,577.142296464648,8441.6951863288
2021-05-30 18:40:51,2270.1000220018923,567.8131224144425,8519.059430001169
2021-05-30 18:42:13,2269.803677327278,532.4773045522503,9857.882199929993
2021-05-30 18:42:54,2269.654904290567,546.4084088138145,8246.712346328683
2021-05-30 18:43:11,2269.593107078014,583.9369243486332,8255.841745256468
2021-05-30 18:45:48,2269.01960428891,575.6219407338239,9048.672937044981
2021-05-30 18:46:29,2268.869092396657,588.0737958873437,8271.185671477182
2021-05-30 18:47:32,2268.637301245589,573.8153091583795,8500.998817042082
2021-05-30 18:48:26,2268.4381737723925,593.529987794624,8734.480273887431
2021-05-30 18:49:00,2268.312606664499,598.0759327385546,9044.36993176033
2021-05-30 18:50:02,2268.083296413549,623.7265579624204,8448.99687716031
2021-05-30 18:50:18,2268.0240562697713,609.158856305774,7736.085389127514
2021-05-30 18:51:20,2267.794289057955,595.8137286701702,9336.118023968389
2021-05-30 18:55:07,2266.9511727224085,631.1334752952248,8180.139796861146
2021-05-30 19:05:15,2264.7014564095152,640.9023704543486,8783.790485261352
2021-05-30 19:06:22,2264.4563761569657,586.1938410883566,8646.709272887227
2021-05-30 19:08:42,2263.947291227552,549.4681790693462,9104.315283219394
2021-05-30 19:09:10,2263.846021559352,616.4145910007571,8655.281485805837
2021-05-30 19:09:21,2263.806290896765,523.5859752555762,9133.25421400121
2021-05-30 19:12:06,2263.2142791211395,614.9380214932539,9017.39398245188
2021-05-30 19:13:57,2262.820631264602,649.5205294207885,8081.290196233376
2021-05-30 19:16:16,2262.3336547279296,541.9779829384644,10082.757962268961
2021-05-30 19:17:34,2262.063577398712,566.8389301159611,9136.328984546133
2021-05-30 19:18:20,2261.9054521114394,583.5869048376699,8558.936329182237
2021-05-30 19:19:38,2261.6393771792746,549.424249157964,7869.219738922059
2021-05-30 19:20:05,2261.54789693927,596.82402574296,8310.493495790235
2021-05-30 19:20:15,2261.5140987694735,561.7931740722923,8786.638198408846
2021-05-30 19:23:45,2260.8153225693486,562.4009811800455,8385.761625760824
2021-05-30 19:25:51,2260.4068534204584,604.4810517006308,8804.444917178766
2021-05-30 19:27:14,2260.1425660956497,587.9348892100963,8440.616112483465
2021-05-30 19:28:27,2259.913418581011,577.641789847878,7787.544362174411
2021-05-30 19:29:10,2259.779934212866,567.7497252168577,8456.565430899991
2021-05-30 19:32:36,2259.156602187332,540.2815032861193,8724.066214546361
2021-05-30 19:32:41,2259.141817826323,518.5356826238298,8449.719033202033
2021-05-30 19:33:43,2258.959904404572,620.8012962917173,9022.14109741926
2021-05-30 19:33:55,2258.9250006581424,607.1152021249931,8275.367577808933
2021-05-30 19:34:50,2258.766314495993,637.9101186187957,8195.129440085477
2021-05-30 19:35:52,2258.590013887437,570.6633764925093,7656.598097998722
2021-05-30 19:36:57,2258.408190932815,603.774290033406,8312.80935313693
2021-05-30 19:38:16,2258.191460266127,607.844018050954,7882.294184595731
2021-05-30 19:38:21,2258.1779030771727,637.4115501325105,8314.605509542122
2021-05-30 19:38:57,2258.0808614789958,590.5308266570449,8934.935221827129
2021-05-30 19:39:53,2257.931920808092,589.0533032212985,9670.536454481766
2021-05-30 19:42:10,2257.5781519162056,620.1781214766314,8759.059564678826
2021-05-30 19:42:31,2257.5252869653978,522.6697189661471,8979.31087213557
2021-05-30 19:43:07,2257.4355215456044,560.666044286838,8546.191950441531
2021-05-30 19:46:06,2257.0057181139005,542.6727378531026,9254.91788900649
2021-05-30 19:47:19,2256.8385654239405,567.8763937365003,8513.92461917478
2021-05-30 19:48:04,2256.7379400683853,541.9761602725988,7851.671349237255
2021-05-30 19:49:20,2256.5722503867287,613.0312769547892,9318.967415326018
2021-05-30 19:49:35,2256.5401878249427,562.1040059412081,8616.590687701326
2021-05-30 19:50:24,2256.43693706482,590.0268634359498,8933.30145930153
2021-05-30 19:50:49,2256.385142014006,563.6570553355745,8480.633721463462
2021-05-30 19:51:26,2256.3095917209275,619.4704504984395,8581.268057134102
2021-05-30 19:53:04,2256.115951372538,589.135828930922,9009.848706764478
2021-05-30 19:56:21,2255.7558582993506,538.133415872414,8352.862781362579
2021-05-30 19:56:37,2255.728363428511,548.6339966709606,8806.287022124407
2021-05-30 19:59:19,2255.465203537072,591.3233537620293,8123.754285996475
2021-05-30 20:00:15,2255.3807856005415,531.2297363337885,8116.695824910258
2021-05-30 20:03:03,2255.148245797405,548.8178852644255,8463.653351331337
2021-05-30 20:05:16,2254.9866818277274,609.5241124544029,7941.777878697148
2021-05-30 20:06:06,2254.9312009241594,572.4781963183711,9315.35849091381
2021-05-30 20:06:13,2254.923665336686,646.6853468748833,8346.13244118178
2021-05-30 20:07:05,2254.86947931676,563.7758755475147,9558.071444084158
2021-05-30 20:08:03,2254.8127925415547,599.0332632582605,8706.481288975596
2021-05-30 20:08:30,2254.7877631884267,572.2936820365073,7280.81201952877
2021-05-30 20:10:37,2254.681743606327,607.9018678555477,8568.978869513292
2021-05-30 20:14:56,2254.526606171148,573.888935416865,9026.603804677643
2021-05-30 20:15:13,2254.5193431489824,599.3177492867471,7620.3793991625425
2021-05-30 20:15:33,2254.5112648269387,559.4714820163018,9230.656454494305
2021-05-30 20:16:04,2254.499742713766,535.2650834921491,7513.4129037143
2021-05-30 20:16:28,2254.491659246735,589.8934759019189,9116.189403185967
2021-05-30 20:17:04,2254.4809085056936,529.7361507829308,9040.690959000809
2021-05-30 20:18:35,2254.4611306779866,616.9965787378129,7764.743536985406
2021-05-30 20:19:22,2254.4550950492635,627.6778036910276,8517.613692878156
2021-05-30 20:20:03,2254.452170149829,633.9077052359443,9069.451697892166
2021-05-30 20:20:47,2254.4514685143517,507.9874035357881,8360.137150935218
2021-05-30 20:21:03,2254.4518411914,677.5432087014923,8109.802726791177
2021-05-30 20:23:00,2254.4648037411653,598.3035771001273,8488.541439007553
2021-05-30 20:24:35,2254.488676381019,642.6360826958397,8587.374465220862
2021-05-30 20:24:51,2254.4938823698753,601.5854689184398,8202.28284296478
2021-05-30 20:26:02,2254.5211286463873,609.643160538034,8090.244902619788
2021-05-30 20:27:07,2254.552029319063,658.5886435911307,9173.207390299476
2021-05-30 20:28:35,2254.6029915510508,581.1824272493077,8240.872359675552
2021-05-30 20:29:17,2254.631034276147,621.7258737602542,8537.857747417991
2021-05-30 20:32:43,2254.8036581078027,616.0522518052619,8391.557412045417
2021-05-30 20:34:57,2254.9474854051173,618.3150889809364,7883.224906333473
2021-05-30 20:35:22,2254.977089668554,553.3515157828188,8429.110831187378
2021-05-30 20:36:21,2255.050423166888,577.6952621033039,8013.6287231754595
2021-05-30 20:36:50,2255.0882571260026,640.4349305132737,9843.52979303817
2021-05-30 20:38:36,2255.2366052429975,541.6774310631835,8090.679214039971
2021-05-30 20:40:44,2255.4368688441377,587.3666129635475,8654.617791208759
2021-05-30 20:41:38,2255.528310376464,595.5612321516799,8323.02296753662
2021-05-30 20:43:43,2255.7558625181136,604.2377133486237,8598.304936976338
2021-05-30 20:43:49,2255.7673437722206,619.6917142421031,8079.95145324641
2021-05-30 20:44:14,2255.8157338793453,589.9853798198244,8694.334723995242
2021-05-30 20:45:53,2256.0161019748675,555.0143703011427,8849.576778240951
2021-05-30 20:48:59,2256.430358181245,627.6766185914051,8785.4851987176
2021-05-30 20:49:35,2256.5162418564632,572.1307449485553,9025.60852032287
2021-05-30 20:52:08,2256.9018938691456,615.1949239468944,8178.324660083009
2021-05-30 20:53:24,2257.105880474531,600.5653217597917,9135.717248181874
2021-05-30 20:53:47,2257.169237084009,570.8692661117568,9447.8721682859
2021-05-30 20:53:49,2257.174781996574,607.3914070675057,9031.830782436813
2021-05-30 20:54:37,2257.3095700778285,611.7100064310384,8646.457253401448
2021-05-30 20:54:47,2257.338064091651,592.2207306508933,8643.055007139132
2021-05-30 20:59:57,2258.291858333868,556.4464507586614,8753.24521560887
2021-05-30 21:00:09,2258.3315165217773,513.7633749925086,8921.162253559796
2021-05-30 21:05:48,2259.535465346292,643.9719531097221,8179.546472210683
2021-05-30 21:05:55,2259.5620179085226,578.7109779213421,8244.31007980478
2021-05-30 21:06:13,2259.630608338021,577.9074591124606,8176.476507542985
2021-05-30 21:07:14,2259.866393592589,568.5803691622691,8864.963931120148
2021-05-30 21:10:08,2260.5671503550334,598.4983140001153,7804.202728515475
2021-05-30 21:11:10,2260.8268644633595,597.3924692088248,8480.004739649083
2021-05-30 21:12:09,2261.0788647060194,671.9249447140526,8601.939045320536
2021-05-30 21:14:15,2261.6327753793416,562.8659701805879,8347.545304666168
2021-05-30 21:16:50,2262.3432952084204,595.9936648634023,7511.586760645071
2021-05-30 21:16:58,2262.3808312730475,617.7559254970814,8743.755117627607
2021-05-30 21:18:09,2262.7176517872995,588.0476140259098,8676.201759401867
2021-05-30 21:18:51,2262.9200051571374,590.9340474386926,8295.438668266355
2021-05-30 21:20:16,2263.336547652654,624.6725183951598,9085.086229394743
2021-05-30 21:23:11,2264.223375595194,541.0309201438122,8196.145146045943
2021-05-30 21:25:09,2264.843229904396,659.6865814033791,8556.12341427459
2021-05-30 21:26:24,2265.2462188774234,578.7484589441303,8481.523236447327
2021-05-30 21:35:12,2268.2745883002517,653.8805484482203,8851.793391612657
2021-05-30 21:35:13,2268.2806313966094,584.4524871101287,9283.540550895737
2021-05-30 21:35:23,2268.3411242519423,543.6621302238722,8422.758479395126
2021-05-30 21:35:35,2268.4138640795395,566.2937321895054,7359.657027752746
2021-05-30 21:38:01,2269.311691659195,521.7572432907557,8993.478721371166
2021-05-30 21:38:42,2269.568028129328,574.8967258588688,8570.70886008342
2021-05-30 21:41:46,2270.7405497460863,598.0426718285531,8832.908652624248
2021-05-30 21:46:20,2272.551196495859,575.4041062976363,8393.325775711932
2021-05-30 21:49:49,2273.981490187868,590.7329667606454,9004.201037523413
2021-05-30 21:50:43,2274.3576287853944,536.6600006389376,8497.924578840015
2021-05-30 21:52:30,2275.1106473461605,593.7474528398162,8791.134863249661
2021-05-30 21:52:51,2275.259616219153,557.4090935047673,8368.93081552191
2021-05-30 21:55:30,2276.399707519018,581.5809611921325,8863.501143397201
2021-05-30 21:56:42,2276.9228578941784,589.3954532519306,9132.061838036561
2021-05-30 21:59:55,2278.3453118154816,583.3124882216362,8490.160401884163
2021-05-30 22:00:51,2278.763310201617,608.4314570491825,8729.382694225544
2021-05-30 22:02:35,2279.5455833031765,609.8672623148855,9112.726489495397
2021-05-30 22:06:56,2281.541035863663,529.2183558694895,8981.443371337258
2021-05-30 22:07:56,2282.005855709717,572.1082726586607,8560.527980461638
2021-05-30 22:08:02,2282.052456208173,652.5278618723074,8742.522638549637
2021-05-30 22:09:31,2282.7461576111946,592.5120640659242,8883.724725242626
2021-05-30 22:10:26,2283.1770909051197,625.0144803270853,9466.507515140916
2021-05-30 22:12:39,2284.2258689909904,599.2917484576822,9254.237771521946
2021-05-30 22:13:30,2284.630425814468,618.3886385732092,8341.262718442824
2021-05-30 22:14:49,2285.259564262854,483.4215413838832,8442.432786890788
2021-05-30 22:17:36,2286.598729718163,496.387668563077,8547.718183297911
2021-05-30 22:22:31,2288.9907735172364,588.6462267589033,8873.885421206462
2021-05-30 22:25:21,2290.381760641597,622.4033221597253,8330.853543167595
2021-05-30 22:26:23,2290.8909082137448,586.7370008559589,8873.969765535676
2021-05-30 22:28:15,2291.8127756944823,610.2411679757645,9240.872250451432
2021-05-30 22:32:09,2293.745712901624,609.9441260530199,8043.780185658256
2021-05-30 22:32:38,2293.9857491554053,568.3181789042658,9579.090231595324
2021-05-30 22:33:13,2294.275551709551,582.8378528248044,9265.140787092734
2021-05-30 22:37:36,2296.4553543361244,646.6876643632285,8845.059515753444
2021-05-30 22:38:41,2296.994224534143,612.8846842905041,8472.865760832346
2021-05-30 22:39:46,2297.53295678977,614.2184920781237,8687.252299358619
2021-05-30 22:41:55,2298.6013513154858,604.5454232822068,7782.356147290742
2021-05-30 22:43:50,2299.552421505351,555.6892660655895,9026.221297078415
2021-05-30 22:44:42,2299.981898078402,634.6230694452332,8366.548509365226
2021-05-30 22:46:37,2300.930127104727,601.7312321882533,9305.062047449434
2021-05-30 22:47:11,2301.2099998113413,625.2077165707469,9096.850247839884
2021-05-30 22:48:29,2301.8511324414017,563.434740332472,9031.143125224076
2021-05-30 22:50:26,2302.8101130856535,601.6132415133552,8441.026955906873
2021-05-30 22:50:32,2302.8591953362975,635.8556189070202,8454.726583943631
2021-05-30 22:51:17,2303.2269914098524,636.1047562551214,8979.802987902971
2021-05-30 22:53:03,2304.090978579199,607.8920598045727,9841.111093040754
2021-05-30 22:56:37,2305.8237084928883,603.1746986964444,8931.302194644804
2021-05-30 22:57:20,2306.16979170323,607.8267321368198,9068.675918694757
2021-05-30 22:57:59,2306.4830274453734,596.5652286693784,8879.813750665773
2021-05-30 22:58:17,2306.627382573208,553.3197081108592,9730.331554426983
2021-05-30 22:59:02,2306.9876602872946,596.1132264908997,8285.408557386125
2021-05-30 23:00:15,2307.5701948577566,624.2712200563021,8445.75317381935
2021-05-30 23:01:40,2308.2453576422363,571.010469586203,9790.953151041796
2021-05-30 23:01:43,2308.2691231447957,625.9681068808176,8359.812556252667
2021-05-30 23:03:14,2308.987864183767,566.2307489954535,10250.963007040284
2021-05-30 23:03:19,2309.0272325819033,578.6942714410181,8167.456772723447
2021-05-30 23:05:31,2310.061718132467,587.8781797502141,7919.960850228788
2021-05-30 23:06:32,2310.536506704408,625.3054231754243,9669.014355490339
2021-05-30 23:07:20,2310.908594714749,612.4179519943561,9652.755630009078
2021-05-30 23:09:23,2311.855734077429,573.5570321686924,8575.773054814936
2021-05-30 23:09:36,2311.9552897110666,577.0572986441124,9398.452649946146
2021-05-30 23:10:18,2312.2761943809805,649.3343963458447,9205.636087510396
2021-05-30 23:14:15,2314.065011025052,566.8258972061326,8907.114569077063
2021-05-30 23:15:17,2314.526507779738,600.5048684487546,9845.993268884518
2021-05-30 23:16:37,2315.117829876577,566.0045551249848,9207.114222374114
2021-05-30 23:16:42,2315.1546291696886,685.5211709968405,8908.978191844826
2021-05-30 23:18:14,2315.828341804336,556.506734838763,9482.899485193106
2021-05-30 23:19:02,2316.177245605662,597.520775932645,8041.000233425965
2021-05-30 23:21:02,2317.0414854754968,599.2942031571747,8725.718275165042
2021-05-30 23:24:10,2318.3715705583513,575.5012486350215,8734.872855390644
2021-05-30 23:25:51,2319.073613992186,601.7949659209796,8562.45652734221
2021-05-30 23:29:17,2320.4771681664715,546.6571737455196,8756.117634938742
2021-05-30 23:33:05,2321.984365635059,572.8488377017538,8787.061360981743
2021-05-30 23:37:05,2323.5158444205317,643.8604817426391,9047.867504583046
2021-05-30 23:38:12,2323.9329595276854,538.1549585893777,9033.783004169445
2021-05-30 23:38:19,2323.976271483121,615.3378908901685,9603.38431027539
2021-05-30 23:43:12,2325.7429666535318,619.5395410902881,8215.370376930652
2021-05-30 23:49:32,2327.8955519370884,590.3040553801783,8997.369347022901
2021-05-30 23:53:31,2329.166386197106,605.6060181139505,9045.480795941394
2021-05-30 23:58:06,2330.547285601951,609.7595920054906,8174.340132058844
2021-05-30 23:59:50,2331.0465375714084,545.7595211395726,8860.423708055607
2021-05-31 00:10:35,2333.857888034058,643.3600146693612,7956.815573323105
2021-05-31 00:11:49,2334.1489549417097,606.7312415485159,8911.298750587352
2021-05-31 00:22:55,2336.4799477469996,593.7150811243912,9270.028429178983
2021-05-31 00:25:19,2336.9167643037736,598.7993651129632,8304.963575931948
2021-05-31 00:30:50,2337.8331637275687,600.4370414879357,9361.536043813585
2021-05-31 00:33:29,2338.2309894939,665.4649270874821,9035.74948689864
2021-05-31 00:35:46,2338.5523425917313,580.2617466882753,8848.77128511406
2021-05-31 00:36:27,2338.6447253969022,675.5230592835005,8821.798302220124
2021-05-31 00:36:36,2338.664773377275,585.4873568818246,10361.577838573208
2021-05-31 00:38:35,2338.922104937967,570.4609280605202,8687.284091781134
2021-05-31 00:41:09,2339.2341114822807,599.0153306044439,9322.492516730186
2021-05-31 00:42:59,2339.442827037975,588.0965017735616,9069.560309014334
2021-05-31 00:47:35,2339.9166591897306,575.3485267619448,8396.435246658464
2021-05-31 00:49:05,2340.0563492133087,639.9700725374879,9177.852164132466
2021-05-31 00:54:03,2340.46998261173,579.0891021848705,9202.168839456339
2021-05-31 00:58:09,2340.7585730807114,580.514715209234,7692.650424351767
2021-05-31 01:03:56,2341.0930188775715,572.9576976319208,8852.003148242147
2021-05-31 01:09:26,2341.3427496677973,614.6792989155889,8679.697806847007
2021-05-31 01:19:53,2341.6770919215937,592.1833372112682,8332.877637838033
2021-05-31 01:22:15,2341.734397615021,584.9468465229887,8599.752810445452
2021-05-31 01:29:14,2341.8812614012736,621.9305922935212,8393.345173630398
2021-05-31 01:35:22,2342.0003751076283,558.3999478486398,9060.00882849939
2021-05-31 01:38:03,2342.054962048683,622.6647397839224,9529.97964245465
2021-05-31 01:38:18,2342.0602217573437,591.8802965627442,10021.571384751163
2021-05-31 01:40:37,2342.110833153094,566.8236352364082,9243.015342184108
2021-05-31 01:42:45,2342.1610889090175,605.0963785121488,8350.000859076881
2021-05-31 01:45:43,2342.238463062821,650.8470702475192,9194.896608797577
2021-05-31 01:47:03,2342.276626248392,631.959418248118,10802.413848379281
2021-05-31 01:47:20,2342.285038055019,606.5876623053489,9150.0267057781
2021-05-31 01:48:34,2342.3229678541798,639.2275252600231,9423.983867012013
2021-05-31 01:51:57,2342.4391360122154,636.296421796813,7854.312194784406
2021-05-31 01:55:45,2342.594230973454,561.4125353365137,8460.713614080852
2021-05-31 01:58:14,2342.711917777126,609.6088574999071,8256.045336199286
2021-05-31 02:07:41,2343.3041308835946,631.8292303033763,8596.083682940378
2021-05-31 02:07:51,2343.3169125487275,603.5444752953415,8834.90285148005
2021-05-31 02:13:35,2343.813434649418,622.3264712103307,9015.253778284045
2021-05-31 02:14:08,2343.867188995217,603.7175138452608,8680.84623186044
2021-05-31 02:23:17,2344.937740060898,618.2543930692331,9126.166820843411
2021-05-31 02:30:57,2346.120646116687,629.6041525663583,9109.438556236171
2021-05-31 02:35:53,2347.03682536103,671.5338351273396,8910.539345453488
2021-05-31 02:36:22,2347.133525158209,613.8454502197834,8442.361308500125
2021-05-31 02:36:29,2347.1570564806916,563.4136905809227,9225.960985612139
2021-05-31 02:39:02,2347.6900807605784,588.925021592483,9563.044692143756
2021-05-31 02:44:01,2348.838093900329,667.0234668334144,9298.509414688868
2021-05-31 02:44:51,2349.0442295112616,615.5367698037002,8802.517124705408
2021-05-31 02:48:59,2350.1286839334352,618.493660200724,9384.156646283433
2021-05-31 02:54:01,2351.592993799467,613.3038728998324,9892.675030569786
2021-05-31 02:56:13,2352.2841902700084,626.5125757778176,10141.163486804535
2021-05-31 02:57:15,2352.61981361679,669.5208279999143,9946.266280434867
2021-05-31 02:58:20,2352.97928307072,646.8019592281703,9615.478770435935
2021-05-31 02:58:38,2353.0802126298277,635.1103330858156,9309.664205557492
2021-05-31 02:59:22,2353.3294686569743,632.6762609377363,9229.928944903515
2021-05-31 03:05:05,2355.3978358356117,610.4978876841955,8039.952518317928
2021-05-31 03:09:12,2357.027619676743,585.9176634508734,8896.952577275802
2021-05-31 03:11:47,2358.1115885115805,624.837767186548,9794.695361918495
2021-05-31 03:12:21,2358.3557423072393,626.199864043057,8411.814666164633
2021-05-31 03:15:07,2359.5809943377994,665.3135492948211,8747.23923778236
2021-05-31 03:18:09,2360.9881386480233,598.874204744176,8591.86977998528
2021-05-31 03:22:30,2363.1236388684965,622.6128230125578,8332.669999278993
2021-05-31 03:33:15,2369.0015697929875,635.8125493318669,8695.448647899186
2021-05-31 03:52:02,2381.3238675738944,668.6682160959241,7899.774627381261
2021-05-31 03:55:11,2383.640813408896,645.0682561559817,8985.505163797474
2021-05-31 03:57:20,2385.262338797157,664.280992807176,10801.552815762136
2021-05-31 04:02:25,2389.2233071824203,603.831170432787,8557.967004033335
2021-05-31 04:02:53,2389.595757836731,621.832345074638,8178.264406615982
2021-05-31 04:04:24,2390.816312665258,649.2726507044113,9632.569909461427
2021-05-31 04:10:49,2396.147519800133,626.567379635229,9303.211080851956
2021-05-31 04:11:40,2396.8735693126955,606.6712422443095,9377.86567450378
2021-05-31 04:13:19,2398.2958714751994,549.8608052336397,9052.424582712209
2021-05-31 04:16:28,2401.057665625255,672.6133214545082,9912.519731600314
2021-05-31 04:20:09,2404.362252168191,580.2148742069702,10621.930731190263
2021-05-31 04:21:02,2405.1664684093507,676.9491979132431,8298.103144586677
2021-05-31 04:24:57,2408.7851031134683,680.7104769804056,8298.46565190084
2021-05-31 04:26:36,2410.3346238262925,575.7844729666256,9369.431806174887
2021-05-31 04:36:48,2420.2191538400502,654.6587772390982,9788.912013439669
2021-05-31 04:45:08,2428.642125244315,562.1268616630589,9475.136965372718
2021-05-31 04:48:52,2432.502007065084,616.0615440644543,9412.79245665926
2021-05-31 05:02:05,2446.5043284954545,607.4447864240627,9476.770210491231
2021-05-31 05:04:43,2449.343093886777,655.5118146797143,9210.654224475893
2021-05-31 05:06:46,2451.5612159560205,618.3043562904385,8068.005836412778
2021-05-31 05:12:33,2457.848845567638,519.1642652538245,9802.208570450397
2021-05-31 05:14:58,2460.4855970550134,610.921954320473,9338.108738825931
2021-05-31 05:25:36,2472.1035379414725,633.6231874173254,9244.458621474221
2021-05-31 05:26:15,2472.812667570174,616.9322918715067,9738.346933442115
2021-05-31 05:38:57,2486.5654398387787,555.2681708838287,9941.825750560203
2021-05-31 05:40:20,2488.04615463786,595.808335415052,10111.67659920215
2021-05-31 05:40:51,2488.5980474827525,614.2785552010157,8993.796778719652
2021-05-31 05:41:22,2489.149292989601,684.9527059868931,10190.749330011506
2021-05-31 05:44:19,2492.283556154411,562.413407795855,9491.181788085114
2021-05-31 05:48:50,2497.033843842302,634.112470523944,9896.811067042769
2021-05-31 05:52:37,2500.9611264577557,688.3071015194395,10193.380566932867
2021-05-31 06:00:41,2509.148650281061,721.0988705771048,9347.29724350435
2021-05-31 06:06:15,2514.6275569798754,537.3798876773286,9895.581080000027
2021-05-31 06:13:48,2521.7995098326737,619.4818625148243,8738.620948779235
2021-05-31 06:26:41,2533.2410693754146,699.9641808017833,9931.484037703014
2021-05-31 06:28:17,2534.5843945364836,649.0935937940225,9746.949499347784
2021-05-31 06:32:24,2537.955932916102,645.5746715399257,9737.20264800873
2021-05-31 06:38:03,2542.3769034806023,670.6439405514504,10611.954461443214
2021-05-31 06:39:33,2543.5091025741845,708.7344653802206,10052.101006205728
2021-05-31 06:42:34,2545.731846279078,699.705968989152,9208.697822889337
2021-05-31 06:48:05,2549.604564856975,595.5504743921338,10077.576175925287
2021-05-31 07:15:10,2564.770970752841,645.1833345838864,10792.950590671944
2021-05-31 07:15:12,2564.785535071823,689.4381130634687,9291.922646839252
2021-05-31 07:19:56,2566.748937283005,681.4303839681119,10339.922316492874
2021-05-31 07:20:05,2566.807753068097,665.9310152683101,10119.804541826146
2021-05-31 07:37:55,2572.310653152131,588.1808401873672,9478.424735026516
2021-05-31 07:40:47,2572.9216774601227,640.3690522779707,10007.538516629977
2021-05-31 07:46:48,2573.962358721689,706.1750620094272,10356.0316824978
2021-05-31 08:01:37,2575.1693455969103,638.2608252248187,9687.503431628162
2021-05-31 08:02:04,2575.176816814105,646.5587393481339,9274.402787936833
2021-05-31 08:04:59,2575.184938569937,623.9303825865989,10277.049197922059
2021-05-31 08:05:23,2575.1806510128654,668.1128036313471,10026.954063323796
2021-05-31 08:09:15,2575.073111326021,637.3644437322539,11317.55472748613
2021-05-31 08:17:01,2574.505658977602,674.9078328339516,9717.320481471774
2021-05-31 08:20:19,2574.1280926635914,610.0843304978357,9384.710401418228
2021-05-31 08:22:49,2573.7900151733766,691.905832076566,9631.665540344753
2021-05-31 08:29:55,2572.5953714540346,693.30822184643,9655.189708668235
2021-05-31 08:33:51,2571.7912856156972,671.7040163750288,8936.17255836402
2021-05-31 08:39:11,2570.5490677774806,710.816848342034,10047.7767883076
2021-05-31 08:44:46,2569.0729489923688,715.47401685467,9124.624825442643
2021-05-31 08:51:29,2567.0784588830047,706.1409135945393,9724.02595176003
2021-05-31 09:11:44,2559.8631733587526,669.9811191883826,9859.275073838742
2021-05-31 09:19:08,2556.8738120476314,663.6034071722113,9968.111573777054
2021-05-31 09:19:27,2556.7426261081855,677.987851025031,9656.329098884691
2021-05-31 09:31:09,2551.7451748434055,624.1721240723006,11779.349777128782
2021-05-31 09:38:28,2548.5069807931295,679.5953851938689,10039.21392971781
2021-05-31 09:42:53,2546.5259784588375,632.626593801667,9468.412786330506
2021-05-31 09:51:58,2542.4214768611537,626.1761704573178,9725.98907204543
2021-05-31 09:55:51,2540.66473303275,614.3516016195609,9577.192833007657
2021-05-31 10:16:46,2531.377925210913,616.549645745053,11513.665517740632
2021-05-31 10:18:32,2530.6180531515847,667.9860359858353,9512.60322807167
2021-05-31 10:18:56,2530.446729074321,650.6783510056488,9604.37838019682
2021-05-31 10:20:43,2529.686292795014,624.7938396907189,9561.282059335585
2021-05-31 10:23:17,2528.602002297374,649.8618163649695,10124.211236916786
2021-05-31 10:36:25,2523.2716441986927,641.6675677454862,9245.031827619503
2021-05-31 10:37:48,2522.734098944834,619.688908421073,9282.671023209485
2021-05-31 10:47:13,2519.213312542624,675.6753415904831,9351.170609849714
2021-05-31 10:52:33,2517.334386241899,679.9332794459805,9677.232299645366
2021-05-31 11:00:55,2514.569834540343,641.5718776086914,10053.052200676935
2021-05-31 11:11:37,2511.38451612401,629.9011569623284,9933.307955957864
2021-05-31 11:20:52,2508.9692384021614,740.3956098251336,9961.697563061156
2021-05-31 11:23:08,2508.427257215974,610.3463625721812,8524.190561468688
2021-05-31 11:23:19,2508.384294267161,713.1839252581285,9669.574792651614
2021-05-31 11:29:21,2507.044220622314,667.3079671262375,8816.295910960856
2021-05-31 11:34:32,2506.008901010926,716.0346238689845,9137.268885308788
2021-05-31 11:39:46,2505.074163636829,598.9128057607604,9648.13351497044
2021-05-31 11:50:44,2503.481708788662,687.205148249178,9522.3798624414
2021-05-31 11:54:23,2503.0629387578006,671.2534004577075,10060.882464593684
2021-05-31 12:09:58,2501.905757679902,616.7048176707154,9302.258910650826
2021-05-31 12:15:33,2501.7402953061073,659.0366040072593,9891.35975111876
2021-05-31 12:19:11,2501.703051364712,660.9170168445243,10404.861694144029
2021-05-31 12:26:12,2501.787606707672,590.3581171869615,9558.859279474702
2021-05-31 12:30:20,2501.9333888459964,718.2701101954993,9280.373472727775
2021-05-31 12:32:41,2502.0478035942842,631.5380047715627,9576.7813923743
2021-05-31 12:34:32,2502.1538828194934,641.8635417097632,9866.13965565479
2021-05-31 12:36:14,2502.2637515029223,603.9927761996219,9244.67210390211
2021-05-31 12:43:51,2502.900638550768,619.546910866998,9657.607963741439
2021-05-31 12:46:23,2503.16443108404,692.6662315810803,9837.851514415861
2021-05-31 12:50:38,2503.664565394625,657.4896784057823,9194.704703842557
2021-05-31 12:55:24,2504.310465619208,677.6715378601597,10176.233621383144
2021-05-31 13:00:54,2505.165769840567,683.4340982693959,8797.520453786141
2021-05-31 13:06:18,2506.1182630697363,670.243543286801,9373.130407816216
2021-05-31 13:06:55,2506.2340449977196,643.6615936147044,10306.899986020604
2021-05-31 13:08:12,2506.479560612677,683.8426831091082,9834.49545093098
2021-05-31 13:08:57,2506.6258882800444,595.006114845412,9664.998915206901
2021-05-31 13:19:29,2508.8988028519166,689.3019132504712,9015.349371491307
2021-05-31 13:19:58,2509.0126870031604,662.523733711497,8916.068627580493
2021-05-31 13:26:08,2510.5375094279316,688.7077408746212,9649.342068062833
2021-05-31 13:27:06,2510.788450956663,618.9460292970581,9589.269931603396
2021-05-31 13:30:20,2511.6508263787377,675.1869629932373,10759.621203680454
2021-05-31 13:33:28,2512.519861194295,623.5705516709598,9822.199998544236
2021-05-31 13:36:06,2513.2751257159157,667.430507182146,9253.106568963203
2021-05-31 13:39:43,2514.348739208029,594.1152654973209,8968.829539378788
2021-05-31 13:42:43,2515.27051237062,634.3850408560074,9564.053074321791
2021-05-31 13:46:43,2516.5424404920686,717.1443794433004,9684.172109032965
2021-05-31 13:50:54,2517.9235825118917,667.1450850610748,10579.400833472953
2021-05-31 13:51:50,2518.238648571563,679.0290160479589,9156.792577416914
2021-05-31 13:52:35,2518.4936253339665,726.2156062523931,10243.504363469041
2021-05-31 13:57:46,2520.2986884299135,647.2944847216789,8857.831590760343
2021-05-31 14:00:35,2521.310113081098,638.8373514932975,9784.151773643247
2021-05-31 14:15:31,2527.0025864302306,644.732346221465,9856.301270632606
2021-05-31 14:17:38,2527.8507348483413,664.4939839546535,10537.75808421557
2021-05-31 14:18:30,2528.2007181331187,672.5597949740826,9765.6375218522
2021-05-31 14:22:27,2529.81503147285,653.6571310314603,9316.850790734052
2021-05-31 14:25:43,2531.172763136641,637.6877333704524,9591.731173005875
2021-05-31 14:26:26,2531.4732470327353,696.8241810374545,10316.54178128181
2021-05-31 14:26:50,2531.6413562905464,655.557072444574,10021.39398974779
2021-05-31 14:31:15,2533.515768250628,660.9060069277017,10414.975634550552
2021-05-31 14:31:16,2533.522902534624,615.8311650695342,9824.668695485841
2021-05-31 14:52:39,2542.9775361806833,698.8074180539338,9860.774625759264
2021-05-31 14:57:17,2545.0840660849294,686.975068974323,9610.319218428012
2021-05-31 15:00:03,2546.347534809622,665.5054721130822,9944.356081242406
2021-05-31 15:06:30,2549.3031963521485,677.7440147079361,9335.806988527605
2021-05-31 15:10:04,2550.9401607118543,683.4286385058576,9181.134183914708
2021-05-31 15:10:05,2550.947809708651,645.8037340002419,10430.36248198233
2021-05-31 15:15:13,2553.30171880317,710.3510312164894,9877.127191487783
2021-05-31 15:21:27,2556.148284819783,726.8359987375918,9489.979586215502
2021-05-31 15:22:21,2556.5575872677664,640.3862377443342,9478.148060977876
2021-05-31 15:23:36,2557.125168754364,688.242381524668,10316.430620436284
2021-05-31 15:25:06,2557.8047713527726,626.4079417838068,10096.295613639537
2021-05-31 15:25:08,2557.8198539428786,714.5132390188901,9045.741858784419
2021-05-31 15:26:08,2558.271912243669,690.6121842066843,10421.856804449779
2021-05-31 15:28:40,2559.413231578107,703.832935693163,9971.733875048123
2021-05-31 15:33:01,2561.358030158416,753.1610284425266,9457.118877351431
2021-05-31 15:33:34,2561.6024124437913,709.4485075248377,10017.561539602399
2021-05-31 15:34:51,2562.171198273743,636.2832007943686,10197.848186289799
2021-05-31 15:44:44,2566.473435328731,646.8548900453363,9516.934744786577
2021-05-31 15:56:45,2571.468192320426,696.3832818549447,10450.231677532147
2021-05-31 15:57:29,2571.7629113905273,675.0042959626959,10194.721585435183
2021-05-31 16:03:13,2574.021676360218,641.822264814678,9432.691109806521
2021-05-31 16:07:03,2575.4841036016237,696.6714306167584,8901.197091885608
2021-05-31 16:15:12,2578.453245011999,679.9444382502932,9533.198596206757
2021-05-31 16:20:42,2580.339970692185,726.180764368444,9975.607731956141
2021-05-31 16:31:34,2583.761835857424,658.7486571603556,9039.740980780085
2021-05-31 16:32:55,2584.1568113845406,648.4774866618628,9665.409221354614
2021-05-31 16:37:31,2585.450088926812,702.2960790787557,10218.425210209849
2021-05-31 16:43:11,2586.92815134519,657.3224306775747,9915.005315570315
2021-05-31 16:55:56,2589.7659180038136,625.388102159345,9266.718257391349
2021-05-31 16:56:29,2589.8726325907282,648.8225868421832,9977.350442011624
2021-05-31 16:56:30,2589.8758457196627,649.5570288340613,10392.682864518223
2021-05-31 17:02:23,2590.9336635581435,606.1662466076243,9916.164772408469
2021-05-31 17:02:27,2590.9447718373444,656.7157751064794,9755.607811587863
2021-05-31 17:04:12,2591.2292786798844,695.8763525210123,9702.23620231449
2021-05-31 17:04:17,2591.2424856610664,637.5158296262327,9604.834131100835
2021-05-31 17:06:13,2591.540164703718,702.1491492643828,9996.58153770518
2021-05-31 17:06:22,2591.562560444045,677.302914882172,10138.7979216814
2021-05-31 17:09:29,2592.00502701221,688.4517835428658,9631.735257254453
2021-05-31 17:11:56,2592.322149767105,669.6833728336052,8981.811022940707
2021-05-31 17:12:48,2592.427847925876,708.3365061940633,10602.702304087199
2021-05-31 17:13:16,2592.4833585072024,703.8253672810978,9107.667156615153
2021-05-31 17:17:40,2592.958427906999,719.7494248073407,9434.577873993918
2021-05-31 17:20:46,2593.2407308138227,699.3039254587937,9210.017450183084
2021-05-31 17:21:01,2593.2616134526374,739.4204564687452,9939.089126871371
2021-05-31 17:21:13,2593.2781174286533,652.2457292912263,9369.160341299645
2021-05-31 17:23:25,2593.447818582191,687.2734250542056,9060.728836526765
2021-05-31 17:25:07,2593.5641165586435,635.4285330108753,9873.078056737682
2021-05-31 17:26:34,2593.6531295243303,709.035501515324,9799.042598231654
2021-05-31 17:28:46,2593.7703610092867,716.5978718368441,10127.479974842247
2021-05-31 17:29:01,2593.782328221777,719.7299042016763,9889.231201796765
2021-05-31 17:30:26,2593.8449414748643,631.2951826731725,9542.513138947439
2021-05-31 17:32:15,2593.912345928246,662.6692766599368,9202.443199790498
2021-05-31 17:32:31,2593.9210263494647,690.7808615053578,9513.043243797589
2021-05-31 17:32:46,2593.9288828713807,688.098962112503,9920.344547649791
2021-05-31 17:37:12,2594.0232902525136,654.1479389961123,9397.758046394629
2021-05-31 17:39:47,2594.03953188002,643.4632998827009,10233.664403897956
2021-05-31 17:40:52,2594.037965284316,689.8250879068521,10420.49633790728
2021-05-31 17:41:20,2594.0357769247667,645.0434658856472,10627.477933923974
2021-05-31 17:43:00,2594.0205702378976,663.7769556126777,8878.333281235258
2021-05-31 17:43:40,2594.011273127523,640.5475407749279,9997.248389827648
2021-05-31 17:44:24,2593.998939076842,697.0694760541171,9877.534204214162
2021-05-31 17:47:58,2593.9078379310663,744.2799060517705,9186.538483993996
2021-05-31 17:48:29,2593.890412084106,697.1379290949606,9254.497511471167
2021-05-31 17:53:30,2593.6669320623414,655.2086044462509,10076.087092512775
2021-05-31 17:56:19,2593.499389388472,673.9764386102045,9741.90303334235
2021-05-31 17:56:56,2593.458782395072,676.411683174359,9455.425504445466
2021-05-31 17:59:17,2593.2913745671194,640.5025249079278,10550.962042415122
2021-05-31 18:01:29,2593.116827518813,691.6762579958778,11035.82457889102
2021-05-31 18:04:15,2592.8735729594105,752.2252177053351,8870.746744829583
2021-05-31 18:06:33,2592.651844766399,756.2452222293383,9878.063394365388
2021-05-31 18:09:03,2592.3914634925254,751.3264571012324,9837.629891483943
2021-05-31 18:12:26,2592.008284862606,626.1837040512444,11111.443090878665
2021-05-31 18:14:36,2591.7451237172572,672.3890532127044,10438.037693119726
2021-05-31 18:16:27,2591.509928040798,673.7132034488518,9484.545146872651
2021-05-31 18:23:40,2590.50687945468,697.2721364479345,9495.919616062138
2021-05-31 18:23:45,2590.4945550468883,657.2595149506114,9606.934557803923
2021-05-31 18:28:52,2589.708710849801,665.4661779043619,10102.465796801665
2021-05-31 18:30:03,2589.519303096653,640.2416193767147,9844.290211744736
2021-05-31 18:30:32,2589.4411689216595,649.6415698501173,9729.6178067159
2021-05-31 18:34:40,2588.755936680354,617.8372402152654,10273.341101404494
2021-05-31 18:37:04,2588.345262786059,664.9992114259549,9407.397158676837
2021-05-31 18:39:37,2587.8999076321325,685.1171184715879,10384.419813450217
2021-05-31 18:41:42,2587.52993952038,632.0637570001442,9339.434235463774
2021-05-31 18:43:37,2587.185294698628,728.8451282127752,11033.445120944074
2021-05-31 18:45:16,2586.8857104721806,634.961824712879,10386.1603209277
2021-05-31 18:47:07,2586.547049770359,614.1811815545586,9541.189744812675
2021-05-31 18:51:29,2585.7386695874643,651.8614572865829,11081.712606053034
2021-05-31 18:52:30,2585.5491208210515,670.8917032423592,9752.127546168189
2021-05-31 18:52:35,2585.5335677464764,627.0140565080752,10210.867806715149
2021-05-31 18:58:14,2584.476008846302,677.8033710829365,10251.146815801298
2021-05-31 19:04:33,2583.297846125269,620.8663150869653,10595.10088533705
2021-05-31 19:05:12,2583.177575499856,659.3333413134117,10034.622287485563
2021-05-31 19:05:34,2583.1098443211904,654.2388324319338,9238.124576590808
2021-05-31 19:08:00,2582.6627311169323,708.3470569455851,9258.668739873425
2021-05-31 19:11:10,2582.088385867485,680.9178664819392,8774.56210346866
2021-05-31 19:20:04,2580.5392334845596,701.5272678988752,9766.769160428898
2021-05-31 19:21:51,2580.2436598652166,729.9004098825857,10826.088090465331
2021-05-31 19:25:16,2579.6943083794918,695.1065200919581,10777.310076400692
2021-05-31 19:25:48,2579.610711650158,740.3051270720262,9306.730536814337
2021-05-31 19:32:23,2578.6327165799094,705.9462193153735,9551.790334593234
2021-05-31 19:37:33,2577.9438536270472,676.8850207068579,9032.914458860563
2021-05-31 19:39:15,2577.7341462206014,692.2391614332773,10003.06990405609
2021-05-31 19:40:25,2577.595390091976,664.8458485652575,9700.251865568314
2021-05-31 19:42:20,2577.376866874319,675.75001816033,9668.002836628904
2021-05-31 19:43:49,2577.216051884255,721.9480847190418,9563.367627627844
2021-05-31 19:44:40,2577.127256073101,678.7868556769582,10306.944510681282
2021-05-31 19:46:50,2576.912289758392,641.7861449117266,10201.458488917826
2021-05-31 19:47:22,2576.8619352115325,691.8093189195879,9449.766128999647
2021-05-31 19:47:41,2576.8325242500136,691.2328671487091,10063.191542186229
2021-05-31 19:52:04,2576.463798021738,664.1210050708216,10148.893427787389
2021-05-31 19:53:56,2576.329280218282,673.64469628438,9940.31409263808
2021-05-31 19:53:57,2576.3281416585837,716.7769649513381,10510.025763745121
2021-05-31 19:57:20,2576.120495049,658.6541704412547,9797.925469661224
2021-05-31 19:59:00,2576.03578500631,634.4483944721278,9558.256440077259
2021-05-31 19:59:30,2576.012689715088,662.0493065165141,10587.132952661872
2021-05-31 19:59:47,2576.0000820956284,672.0247120726725,9676.914909291596
2021-05-31 20:01:34,2575.9287777182935,684.0653068407831,9873.725760382336
2021-05-31 20:08:02,2575.790608050807,679.8309567720001,9791.205205134402
2021-05-31 20:12:38,2575.812450886568,600.2897257499995,9486.686642273944
2021-05-31 20:15:53,2575.8907940657227,697.6561916172329,11385.150807029615
2021-05-31 20:17:14,2575.9390374660284,686.782235943361,9990.022386236897
2021-05-31 20:18:40,2576.0004982022315,674.2738282593452,8654.336856211778
2021-05-31 20:19:32,2576.042820668201,604.4327985990581,9831.234539769892
2021-05-31 20:19:47,2576.055755944715,691.6337443834963,8939.02539013897
2021-05-31 20:20:22,2576.0872087079247,704.523015477546,9620.069102519765
2021-05-31 20:21:34,2576.157528904689,671.3863149516876,9886.15472793641
2021-05-31 20:25:27,2576.437509965147,626.0932333747837,9912.356597039874
2021-05-31 20:27:05,2576.5795012353387,599.8382916982354,9971.621240593018
2021-05-31 20:30:20,2576.905352499421,718.712975337673,10802.296919776967
2021-05-31 20:33:51,2577.323692232401,630.1152667481608,9385.913381679467
2021-05-31 20:34:30,2577.408571359487,683.3667756254258,9339.231678162541
2021-05-31 20:34:35,2577.419624626386,685.605229670315,10159.219744802778
2021-05-31 20:37:12,2577.7865730121493,708.1466831595044,9593.586454293412
2021-05-31 20:37:15,2577.7939608738448,555.8036950832769,10298.660451233376
2021-05-31 20:39:44,2578.1787180217684,714.5358016493734,10042.998686010327
2021-05-31 20:41:11,2578.4195851961113,660.5491683555947,10259.63904693858
2021-05-31 20:43:44,2578.8722920328755,692.8216065616848,10179.833173167124
2021-05-31 20:45:16,2579.1624284514205,642.916764981406,8921.15975903482
2021-05-31 20:45:59,2579.3026597616895,650.5002424515651,11611.726691149392
2021-05-31 20:53:13,2580.8832102353313,701.4671528123599,10335.397975134563
2021-05-31 20:54:06,2581.0968233808185,721.9208976737646,10425.806169032925
2021-05-31 20:54:29,2581.1909163906626,738.7696255839838,9522.230134215157
2021-05-31 20:56:04,2581.5884859430275,580.3511313089401,10005.37410201059
2021-05-31 21:01:59,2583.2008245123875,681.5074840914959,10925.698388435161
2021-05-31 21:07:12,2584.7866740753507,669.4445207375093,10278.716546054866
2021-05-31 21:09:17,2585.462444834797,740.4327084240847,9932.09152205708
2021-05-31 21:10:02,2585.711592300646,679.8009927204671,9524.517518488943
2021-05-31 21:12:06,2586.4140964484764,681.90868015032,9428.980366943804
2021-05-31 21:12:15,2586.4659922954716,680.497043184297,9703.81071006875
2021-05-31 21:12:30,2586.5527572503415,637.3825111781218,9592.376612644224
2021-05-31 21:14:39,2587.3129029105357,673.2589281594754,10179.940462324334
2021-05-31 21:14:45,2587.3488648416383,706.1945274088226,10369.944219442332
2021-05-31 21:20:09,2589.369659913941,707.4700645777475,9943.474225432596
2021-05-31 21:21:22,2589.8460304243235,683.8261642338072,11346.502025110109
2021-05-31 21:22:50,2590.4303929099497,731.6667671502709,11101.674317680912
2021-05-31 21:23:39,2590.760523570424,620.2208764862695,10605.115430868063
2021-05-31 21:27:47,2592.4825791983667,659.8456104751151,9748.803382866168
2021-05-31 21:31:18,2594.013367947565,726.6835474017474,10481.132367791393
2021-05-31 21:31:40,2594.1763635073917,625.4325495154308,9567.069411548484
2021-05-31 21:36:24,2596.3361999338595,657.8951174313153,9480.33262206662
2021-05-31 21:42:48,2599.413705404059,720.0292544577247,9184.99240098817
2021-05-31 21:48:21,2602.2181632907877,742.4232148162239,9163.16808576683
2021-05-31 21:55:28,2605.9806414666787,682.4450616026287,9775.331211365847
2021-05-31 21:56:57,2606.7863741794467,600.2525258993501,10002.856324639153
2021-05-31 21:58:24,2607.580672112934,660.6282510892732,10092.014714994128
2021-05-31 22:00:46,2608.890699975701,676.9567210624297,11046.56131309139
2021-05-31 22:03:40,2610.5176515545527,727.2000234969264,10105.210360993153
2021-05-31 22:03:43,2610.5459022226783,759.7434828108329,10220.489476028553
2021-05-31 22:06:19,2612.023781042079,690.8899898002808,10809.827954503073
2021-05-31 22:08:20,2613.1814726415664,743.081158846431,10085.561060408187
2021-05-31 22:09:39,2613.9423484428194,663.9598730603172,10092.63022132975
2021-05-31 22:17:24,2618.4909929453192,699.5480558049528,10453.10284069107
2021-05-31 22:18:00,2618.8474834057115,692.335810867209,10225.738329088003
2021-05-31 22:20:31,2620.348376579676,694.4927650006177,9239.927373732391
2021-05-31 22:25:08,2623.1216695349935,757.2004836750058,11051.348905363315
2021-05-31 22:25:09,2623.1317205275027,706.9574437148773,9441.288219610804
2021-05-31 22:30:13,2626.196712058792,671.0696455980243,10241.474198239173
2021-05-31 22:32:41,2627.6937196597983,689.9268393496804,10608.535723823306
2021-05-31 22:33:04,2627.9265233708193,719.9241501679599,10314.787760576046
2021-05-31 22:37:17,2630.488248314729,735.8897503677515,9621.585840464135
2021-05-31 22:37:26,2630.5793620624627,657.4575304163177,10029.812432830848
2021-05-31 22:37:44,2630.761577468418,691.8339546520924,9704.730898493224
2021-05-31 22:40:09,2632.2285662029853,664.5792552245159,9574.4718131771
2021-05-31 22:41:40,2633.148087557727,667.6089857181337,9501.496419240326
2021-05-31 22:43:22,2634.177274729225,763.443650842542,10316.863232324393
2021-05-31 22:45:21,2635.375469006061,712.2266732219737,11683.905566835374
2021-05-31 22:56:24,2641.971563692271,675.5844604656959,8912.355642598917
2021-05-31 22:57:13,2642.451848266525,715.9480900121126,9610.144067608615
2021-05-31 22:59:45,2643.9337416845724,698.4270699130652,10223.022599728369
2021-05-31 23:02:31,2645.537173618063,685.3937737904558,10385.45156334413
2021-05-31 23:02:37,2645.5948165016453,670.7056879310369,9750.400233484568
2021-05-31 23:03:36,2646.160424121871,735.7772995733379,11603.672877628533
2021-05-31 23:04:42,2646.790462233463,769.569507703957,10141.22421190808
2021-05-31 23:05:58,2647.5123337395157,749.068728872322,9794.491112442975
2021-05-31 23:06:46,2647.9661866528163,699.8659911127597,10339.33269569349
2021-05-31 23:08:05,2648.7095535306744,711.1413205677334,10484.394775744559
2021-05-31 23:10:06,2649.8391063090644,735.051736823596,10423.76193594986
2021-05-31 23:16:27,2653.318375785239,691.6922035191203,11052.170677232603
2021-05-31 23:18:32,2654.432156706265,655.1728975403855,9510.288042224594
2021-05-31 23:22:38,2656.5806151006036,758.0967192230665,11368.787171130414
2021-05-31 23:23:10,2656.8556799943435,715.9957748442905,10080.409228637986
2021-05-31 23:25:08,2657.8608824153644,722.9777434217416,10444.53687063089
2021-05-31 23:31:03,2660.794956633627,695.3898985238098,10451.149560503154
2021-05-31 23:35:29,2662.899830375195,709.352168767615,9857.464086328653
2021-05-31 23:37:00,2663.600627084716,714.1560398707646,11375.15078945473
2021-05-31 23:47:00,2667.9620438533025,697.3288618631617,10553.619948735717
2021-05-31 23:47:40,2668.2362633375765,722.7218070099069,10567.234390528418
2021-05-31 23:48:29,2668.5692884751443,684.5446713067724,9001.617334352688
2021-05-31 23:50:16,2669.2853597128483,704.6433893257052,10177.629844301151
2021-05-31 23:52:50,2670.2888749292647,696.9514994486776,11102.205705545388
2021-05-31 23:53:17,2670.4614958131824,718.1573341303739,10604.630275367574
2021-05-31 23:53:48,2670.6584621433117,614.6472086501365,10106.63186581301
2021-05-31 23:55:02,2671.1233168476197,704.9571398301797,10423.41367136486
2021-05-31 23:55:34,2671.3220043920483,662.0763971371767,10781.009217079865
2021-05-31 23:57:10,2671.90958929611,617.8684593936081,9457.76337799917
2021-05-31 23:59:57,2672.901283354797,628.7828194449789,9531.214124639158
2021-06-01 00:06:16,2675.007208761603,686.1420604079757,10630.169212178269
2021-06-01 00:06:42,2675.144282195114,708.4178276394565,11009.235459484487
2021-06-01 00:07:08,2675.2804043872625,752.0279118645958,9981.137194755263
2021-06-01 00:09:03,2675.8710746542442,706.0740240510942,9787.109245239153
2021-06-01 00:10:16,2676.2363692179506,626.8845819813848,9767.749550893042
2021-06-01 00:12:28,2676.8778941931664,667.5890365394027,9696.20603831488
2021-06-01 00:12:42,2676.9445009792516,682.1577429021908,9898.422157397285
2021-06-01 00:14:00,2677.310572017481,767.2951294142277,11066.513931783531
2021-06-01 00:16:13,2677.9151720906693,680.7106957626792,10881.875935565207
2021-06-01 00:19:08,2678.673259459142,695.7877757268351,10527.587031407978
2021-06-01 00:21:04,2679.152490850775,672.3471689501496,9697.69281897799
2021-06-01 00:31:27,2681.4161884647147,681.3186790376848,10503.58045792256
2021-06-01 00:33:24,2681.7846545699713,619.1364338261941,10072.712281964885
2021-06-01 00:36:36,2682.3520076973105,538.9870697641832,10492.832009693268
2021-06-01 00:38:25,2682.653909578885,704.536062130505,10966.4145587338
2021-06-01 00:48:49,2684.116449746431,729.6080250248062,9585.442583025735
2021-06-01 00:52:35,2684.542289589377,641.7275630051921,10000.86239137615
2021-06-01 00:53:09,2684.601936754823,738.025053510445,9389.95854244992
2021-06-01 00:55:19,2684.819766051932,756.3782138303046,10153.937792367775
2021-06-01 00:56:49,2684.9613305875455,731.8776709050629,9851.99482328538
2021-06-01 00:58:25,2685.1043027508335,650.8106496446044,10438.554204622582
2021-06-01 01:01:54,2685.3883001555173,718.9334775329222,10424.068228397768
2021-06-01 01:03:41,2685.5200346997617,739.8963650234398,10609.066375554077
2021-06-01 01:07:54,2685.7978178325666,689.068473899261,9141.374285507254
2021-06-01 01:07:57,2685.800844726304,722.2834588868405,10629.763311314628
2021-06-01 01:17:42,2686.2902048153983,720.0797824340051,10489.027022216364
2021-06-01 01:17:46,2686.29295341034,662.9556155358866,11323.697145090742
2021-06-01 01:19:08,2686.3478371243214,622.4710799753609,10258.749946240883
2021-06-01 01:19:20,2686.3556427595345,692.7983773900407,10042.557925716672
2021-06-01 01:19:37,2686.366605788799,680.9081429867226,10155.42121553074
2021-06-01 01:30:30,2686.725086266737,731.0513623979184,9909.894424043256
2021-06-01 01:33:12,2686.803266849657,700.4861865654924,9824.117677064696
2021-06-01 01:33:34,2686.8138105677003,785.1573060803917,9619.746972187624
2021-06-01 01:34:56,2686.853129969,714.4509642418585,10903.116124414415
2021-06-01 01:36:46,2686.906275494242,675.3646144962588,9496.09615765301
2021-06-01 01:37:59,2686.9420732634576,670.8456533534847,10410.335485478232
2021-06-01 01:38:15,2686.9499978141216,732.2114470163062,11435.482230152791
2021-06-01 01:43:53,2687.128011739407,699.9273714874358,10090.762210232466
2021-06-01 01:44:03,2687.1336868925523,710.6403826763566,9775.2553607121
2021-06-01 01:45:00,2687.166605970199,699.7931982644561,9861.687962349994
2021-06-01 01:46:51,2687.233761819107,653.7664686110817,10540.276922124875
2021-06-01 01:46:55,2687.236263378922,752.5939891762088,10328.458129961147
2021-06-01 01:47:24,2687.254580271316,723.4930283911442,11211.95295152459
2021-06-01 01:52:19,2687.4614375372685,692.5358199830628,10941.193245499871
2021-06-01 01:54:01,2687.543032063704,809.3411572915421,10380.460083549335
2021-06-01 01:57:07,2687.7076274333226,639.5742051673884,10753.698163869241
2021-06-01 02:03:25,2688.1162622128227,780.0074836883998,9681.538518797326
2021-06-01 02:03:54,2688.152267242171,687.2090326168743,10626.345077395386
2021-06-01 02:07:21,2688.430871584513,742.1037183484336,10340.288020321046
2021-06-01 02:12:41,2688.9433409292556,722.1445817764876,9431.306916768333
2021-06-01 02:14:01,2689.0884498177516,604.472051728934,10681.634252937078
2021-06-01 02:16:15,2689.347877408842,766.3584159575321,10898.769356910334
2021-06-01 02:19:30,2689.763950747672,675.6431187431571,9810.712799274952
2021-06-01 02:22:41,2690.2185515710185,692.6379653091894,10069.641579967067
2021-06-01 02:24:25,2690.486729749506,743.5117657158862,11232.148680578848
2021-06-01 02:24:48,2690.548068653473,724.8845593393983,10337.872535575532
2021-06-01 02:33:09,2692.0777557106044,700.2805106411125,11371.411775356382
2021-06-01 02:33:27,2692.139934226587,733.2827046114552,10685.771407503762
2021-06-01 02:33:39,2692.1816769931743,709.7896967023518,11355.846969115633
2021-06-01 02:42:03,2694.1530877312603,706.3190883814168,10083.20646761189
2021-06-01 02:47:06,2695.555010583801,627.7527754900559,10482.009746618014
2021-06-01 02:48:47,2696.0604996191482,718.5119057274736,10078.568690393975
2021-06-01 02:52:32,2697.257534504686,692.9461424411132,9873.314190791192
2021-06-01 02:58:07,2699.2269589356683,774.8004871838106,10504.984048790493
2021-06-01 02:59:07,2699.6039709677016,667.7845212015221,10456.936882944588
2021-06-01 03:01:36,2700.5727930871126,700.4213642785747,9887.393974906738
2021-06-01 03:04:14,2701.6515267449954,725.2589116087032,10788.420204867274
2021-06-01 03:10:48,2704.5770051220734,750.4531732369813,10263.572712192517
2021-06-01 03:11:03,2704.6951268013295,697.363225682441,9848.344907615949
2021-06-01 03:16:18,2707.2918920774655,662.0476724690511,11285.600778940347
2021-06-01 03:26:46,2713.1415931510637,647.0562471206104,10906.048621684704
2021-06-01 03:29:16,2714.6730328315616,754.259165076712,9855.933835878996
2021-06-01 03:31:33,2716.1172087385576,680.7676715282701,10996.23699364415
2021-06-01 03:33:57,2717.681978545539,683.2553842311414,9953.824686644206
2021-06-01 03:34:11,2717.836666692221,738.7531064501993,10463.768247541675
2021-06-01 03:36:33,2719.4312370217476,744.6447365770856,10015.4816410006
2021-06-01 03:36:58,2719.7167902763167,722.225658715047,9817.520013549829
2021-06-01 03:38:28,2720.7567105744306,747.8949427588062,10047.354114926831
2021-06-01 03:39:01,2721.1426877550653,754.6606631503452,10401.738679975579
2021-06-01 03:42:55,2723.95131557105,694.6505490508241,10857.147971966662
2021-06-01 03:43:36,2724.4563211457307,722.4435535828572,9974.970512213924
2021-06-01 03:44:31,2725.1397813842195,692.5420944364334,10373.140146259377
2021-06-01 03:48:13,2727.96817454078,751.2784069155326,11164.644222314106
2021-06-01 03:49:58,2729.344586476267,722.8728656178914,11651.368530085632
2021-06-01 03:53:16,2732.0069378178623,716.6776885055571,10407.756323015446
2021-06-01 03:55:34,2733.9136314727643,676.2639780755842,12007.667794826466
2021-06-01 03:55:43,2734.039426442494,740.8350308605367,9319.523538693922
2021-06-01 03:59:13,2737.024368123534,762.1151684537696,10544.390044700807
2021-06-01 04:00:19,2737.982012989765,759.2217422256305,10372.146863514303
2021-06-01 04:02:29,2739.895215903281,705.8787660089447,10237.854756002838
2021-06-01 04:04:33,2741.7530191348087,683.4109633486235,10285.7740665808
2021-06-01 04:05:26,2742.5567630983887,738.9679082904835,12620.456616574096
2021-06-01 04:06:48,2743.8115957498567,750.0167620326306,10079.14873806926
2021-06-01 04:11:01,2747.7682779401516,718.520772385328,10332.205235538308
2021-06-01 04:11:13,2747.9590862672358,753.2921839628342,10491.086564029287
2021-06-01 04:13:09,2749.8179466629103,754.4040724422407,10049.308461427594
2021-06-01 04:13:38,2750.2867002467287,714.2497584362247,10893.079303426153
2021-06-01 04:15:24,2752.0136295397506,750.4563540040376,10082.916985853655
2021-06-01 04:15:39,2752.259710765871,790.1321990612156,11125.318103611222
2021-06-01 04:16:10,2752.7696058788533,723.9799302875282,10312.662562090614
2021-06-01 04:17:01,2753.612335356111,675.1995876995181,9617.412314312476
2021-06-01 04:18:28,2755.0609273910827,743.84457253983,10899.230435834173
2021-06-01 04:19:29,2756.0847706840204,707.875495636513,10148.0772797067
2021-06-01 04:22:21,2759.0071506784197,724.0775431544369,10092.479885277286
2021-06-01 04:23:21,2760.038658837549,697.3181234769473,11603.269341244353
2021-06-01 04:24:47,2761.5277930052234,756.9584912249506,9941.423983783417
2021-06-01 04:26:06,2762.9065739950483,705.0693605668195,10816.36099027235
2021-06-01 04:26:09,2762.959134919778,720.236663239312,11373.5225846311
2021-06-01 04:26:19,2763.1344440350304,795.0092503913797,11632.47831880524
2021-06-01 04:28:55,2765.8900930340847,759.861547068514,10301.670361809227
2021-06-01 04:30:23,2767.461456458536,735.5886258467773,9743.753176357463
2021-06-01 04:32:12,2769.424168554393,787.9799676656306,10371.403098175317
2021-06-01 04:39:30,2777.482462404,802.6016859822059,9766.097756210374
2021-06-01 04:41:26,2779.6593577176504,748.8412194667291,11081.422270563919
2021-06-01 04:42:07,2780.432756113067,740.2403496747514,10480.573785603474
2021-06-01 04:45:55,2784.769581156842,774.2136468669639,10364.134738698718
2021-06-01 04:46:41,2785.6516170917334,697.5069352834977,9871.080809443225
2021-06-01 04:48:16,2787.480300390391,711.3990681398856,10684.505499549989
2021-06-01 04:49:01,2788.3497514193896,728.6296869535188,10332.656770846457
2021-06-01 04:53:22,2793.430751157011,785.0885715957206,11331.672119728604
2021-06-01 04:56:53,2797.5814057506454,691.5143363516476,10586.5555588939
2021-06-01 04:57:02,2797.7592170538383,703.8902067247792,10760.413921476938
2021-06-01 04:57:35,2798.4116979757755,699.7513593603983,11446.075727967816
2021-06-01 04:58:19,2799.282882854097,705.0421469424904,10381.50901332823
2021-06-01 04:59:38,2800.8503858680756,766.7636979080714,9654.325466412101
2021-06-01 05:02:15,2803.977275061146,772.2217266198892,9921.10755786947
2021-06-01 05:03:55,2805.9762394324744,766.8841185334973,9978.074628005068
2021-06-01 05:03:58,2806.0362886477037,784.5854359140781,10690.583326407417
2021-06-01 05:07:09,2809.868001017007,719.1555477271487,12148.102076760231
2021-06-01 05:10:48,2814.278611561581,699.8537711592172,10434.57716974603
2021-06-01 05:11:18,2814.88391196961,750.1339109539427,10053.288472049966
2021-06-01 05:13:11,2817.1656933871704,721.8172630164082,9615.794512967095
2021-06-01 05:14:00,2818.1558791824414,713.1717652703994,11050.874761768355
2021-06-01 05:18:21,2823.434260586154,739.3980085607882,11922.24388672737
2021-06-01 05:19:03,2824.283853886368,702.6242855320985,11202.88478044143
2021-06-01 05:20:47,2826.387221598975,739.0368411853412,11114.173341962569
2021-06-01 05:21:05,2826.7511735290286,735.9272734113525,9730.331591142874
2021-06-01 05:21:21,2827.074655818705,722.6195645648734,10685.37054046107
2021-06-01 05:21:55,2827.7619485438136,708.466614486349,10589.801674412605
2021-06-01 05:22:24,2828.3480389995602,703.5959018526263,10375.965821170832
2021-06-01 05:25:39,2832.2847413968957,721.8674804820718,11439.314487326381
2021-06-01 05:27:41,2834.742576534006,778.0551563738018,10850.383495428652
2021-06-01 05:28:09,2835.3059651610347,755.4593847685948,11010.043612833495
2021-06-01 05:29:40,2837.1348948237064,663.883048046042,11424.08358422865
2021-06-01 05:31:16,2839.060467253405,801.9179293493346,10470.408770508646
2021-06-01 05:33:38,2841.9003310815783,730.4996586312059,10462.362836948847
2021-06-01 05:35:23,2843.992893596828,711.8710864448233,10540.721127805034
2021-06-01 05:37:19,2846.2964777306065,762.6221761062501,10085.483802978264
2021-06-01 05:38:15,2847.405201300916,814.7383311152089,10485.267674984843
2021-06-01 05:39:00,2848.294458480404,704.1378231476806,11024.497133478168
2021-06-01 05:41:52,2851.6785601492365,735.9550707808547,11916.374873853192
2021-06-01 05:43:37,2853.731931912416,844.2560793871011,10235.529791556195
2021-06-01 05:44:29,2854.7450607359906,758.5453732032754,9888.136435159671
2021-06-01 05:45:18,2855.697347214848,809.9247024695417,10381.204971141025
2021-06-01 05:47:11,2857.8841971214656,712.6142360534375,10507.964792969136
2021-06-01 05:47:22,2858.0963645145584,752.5043790458749,11784.482999995878
2021-06-01 05:49:11,2860.1916242033753,750.2278199038949,10967.86170119327
2021-06-01 05:50:45,2861.9877485496736,765.7977404145456,10616.233681722202
2021-06-01 05:51:17,2862.596821240718,701.243754075645,10764.853213917577
2021-06-01 05:51:23,2862.710885205511,798.7607353892146,11334.48196448209
2021-06-01 05:55:29,2867.3485145446966,748.0707592619724,10422.660304069817
2021-06-01 05:57:00,2869.0437636102592,727.3029467169364,11656.666315439874
2021-06-01 05:57:54,2870.0442628638457,806.5705032417045,11176.322949912415
2021-06-01 05:58:25,2870.616738276918,730.3040447903433,11313.285230281092
2021-06-01 06:04:35,2877.337104963742,735.4798791018776,10738.634322574895
2021-06-01 06:07:15,2880.174639100075,823.5251059504753,10428.44050746412
2021-06-01 06:08:42,2881.6989905680916,792.4628289058746,9675.647475058417
2021-06-01 06:10:52,2883.951471567272,747.2437216994678,10722.66737810029
2021-06-01 06:20:35,2893.652581098367,785.3956274658148,10534.285200428683
2021-06-01 06:22:40,2895.641374351603,738.6456970313524,11248.882472446492
2021-06-01 06:25:15,2898.059885248896,817.9672725383548,10904.140084790703
2021-06-01 06:25:39,2898.4295580526154,808.0223777072842,10461.153803716701
2021-06-01 06:31:43,2903.8728778108184,730.353030889244,10425.3706589011
2021-06-01 06:35:41,2907.260245828979,746.5757819985557,10918.356215433494
2021-06-01 06:35:59,2907.5107283710963,800.3128305522181,11012.376342056064
2021-06-01 06:39:24,2910.3055883011884,857.2716558817835,13549.726944308504
2021-06-01 06:39:45,2910.585817825409,760.623191751921,11378.081594735664
2021-06-01 06:43:19,2913.375914977735,720.8062649287081,11255.990055708373
2021-06-01 06:47:07,2916.2147164169496,841.3524984180751,11708.959390275919
2021-06-01 06:48:24,2917.1416491257405,772.4151326161532,11586.903661198363
2021-06-01 06:50:51,2918.8660028469576,710.9757827245667,11507.77226980371
2021-06-01 06:51:50,2919.5412423025314,738.5183413487654,11617.900250128081
2021-06-01 06:52:44,2920.1507340644694,746.8111714958276,11317.891950568055
2021-06-01 06:54:01,2921.005657978165,754.2534915315665,11539.016446480864
2021-06-01 07:02:21,2926.145454598281,677.5908788576445,12165.54137331324
2021-06-01 07:05:48,2928.060941959467,778.8770073780313,11002.603546269691
2021-06-01 07:06:42,2928.5398966059206,754.5967115725308,11250.499671078931
2021-06-01 07:11:33,2930.9720659410204,702.9841639061272,10433.378774870775
2021-06-01 07:12:18,2931.3256526818864,763.0648974403101,11109.77743156137
2021-06-01 07:13:30,2931.8787927531193,794.002343959576,10785.432423194492
2021-06-01 07:17:15,2933.507156247018,747.8531064910303,10970.509049478467
2021-06-01 07:21:40,2935.229728024477,787.0515308694322,11607.306869530736
2021-06-01 07:22:45,2935.619934195383,739.9307043740075,11434.718478340837
2021-06-01 07:23:36,2935.917181713368,843.5796248563205,10965.69620714061
2021-06-01 07:25:26,2936.5316243595107,698.2945056197846,10918.312271880879
2021-06-01 07:27:51,2937.2859096880575,809.1523046537728,11375.09910083928
2021-06-01 07:31:19,2938.2575998269217,763.8795689582887,11793.077587801414
2021-06-01 07:31:51,2938.3955777138694,764.8199350119551,11636.792334349773
2021-06-01 07:35:37,2939.282966709753,684.8295984828042,9887.478279366755
2021-06-01 07:36:39,2939.4998273942106,787.5488159404972,12394.361545281976
2021-06-01 07:38:54,2939.932624744076,889.4201289379616,12079.29389037453
2021-06-01 07:48:19,2941.1646963935623,798.8575984087065,10902.623546112807
2021-06-01 07:48:32,2941.182178032374,765.9060169221412,11951.511475394362
2021-06-01 07:48:41,2941.193997753413,756.9265013124657,10870.209953775304
2021-06-01 07:52:10,2941.4037145193365,783.7209856246732,10757.499536552079
2021-06-01 07:52:54,2941.4321416665007,801.8496393100371,11385.778743611949
2021-06-01 07:55:12,2941.4861765855812,760.3297750324866,11166.670025683678
2021-06-01 08:00:47,2941.398960114443,717.1961323763855,10794.504483127379
2021-06-01 08:05:39,2941.0765434667924,764.1184171109937,12033.91238243328
2021-06-01 08:06:44,2940.9742768003684,769.1230169246784,12075.614815667226
2021-06-01 08:06:49,2940.9659562901147,786.4439192334312,11449.086366747139
2021-06-01 08:16:10,2939.6310024136774,728.2539307780046,13080.63832590705
2021-06-01 08:20:43,2938.7039872263717,789.6591799074474,10697.368315652238
2021-06-01 08:21:31,2938.5230038341365,747.7047623620447,10970.737395510303
2021-06-01 08:21:37,2938.500008934827,676.6623356881296,10818.99031154565
2021-06-01 08:27:20,2937.0509714514233,680.6274721508022,11169.445048022793
2021-06-01 08:27:41,2936.953844239781,773.577284292613,10106.920846902296
2021-06-01 08:31:22,2935.8748601821117,839.0862561929314,10429.71960768797
2021-06-01 08:39:50,2933.019601857391,779.8223381477839,11690.14178383389
2021-06-01 08:40:15,2932.8662759012946,722.092080324002,12954.156037620494
2021-06-01 08:41:38,2932.348999061612,765.2945455666049,10137.607076660446
2021-06-01 08:45:44,2930.743544045058,720.6035648702891,10101.175136706148
2021-06-01 08:54:06,2927.1542351086173,679.4699238222884,10790.3670405012
2021-06-01 09:05:32,2921.6551239685905,723.5235173821349,10356.011575393457
2021-06-01 09:06:28,2921.179741175111,740.0638644399461,10164.25321167718
2021-06-01 09:08:48,2919.9755960951143,816.8445547124167,11913.776964459586
2021-06-01 09:19:43,2914.0769764756055,762.1108240014005,11582.070611598563
2021-06-01 09:24:22,2911.452392965318,804.4451416268624,12326.913088372414
2021-06-01 09:31:50,2907.130499739173,816.3103638876436,10930.636548576687
2021-06-01 09:33:18,2906.268708902792,786.3221021562346,10969.549897414103
2021-06-01 09:33:46,2905.993745896138,737.6244828878816,10517.698206355706
2021-06-01 09:37:53,2903.5540457235843,800.3703963833511,11271.47059319763
2021-06-01 09:46:38,2898.3059545250003,811.6685637168948,11481.103066870266
2021-06-01 10:05:10,2887.129055348538,706.8576535084723,12504.662739669753
2021-06-01 10:10:15,2884.099241823401,594.1045505238515,11704.610843195378
2021-06-01 10:14:49,2881.4053395119035,748.639289389276,11084.091247646264
2021-06-01 10:21:43,2877.3995001255626,714.6297505288778,11035.603954516015
2021-06-01 10:28:39,2873.4705487100878,674.6716046660541,10687.82328648656
2021-06-01 10:45:40,2864.3516067677547,691.4402640576717,9933.365469332724
2021-06-01 10:56:40,2858.9380971006162,758.7275830053148,9909.063310714213
2021-06-01 11:25:04,2847.0910064926757,730.0894369731866,11987.596079769188
2021-06-01 11:35:48,2843.5028399988196,764.2505831744215,11421.09431455089
2021-06-01 11:41:23,2841.8411529755253,792.1106767744309,10432.187677739643
2021-06-01 11:50:48,2839.362692423927,767.942800628704,10725.922127213049
2021-06-01 11:56:17,2838.1089643091423,821.4146529558815,11238.124245467236
2021-06-01 11:57:32,2837.8427932889563,822.7596484008512,11378.186143934896
2021-06-01 12:01:08,2837.117041658717,721.1421015534042,11072.487864334078
2021-06-01 12:02:57,2836.773833466771,806.4007972113104,10938.898677071284
2021-06-01 12:04:11,2836.549637728996,774.4332120597993,10630.353567476783
2021-06-01 12:21:54,2834.1142549766705,660.4507054209125,11672.918988890675
2021-06-01 12:23:43,2833.947195877315,691.9466053287783,12400.221930173637
2021-06-01 12:26:26,2833.725861409144,695.2370258566355,10725.816746379409
2021-06-01 12:28:30,2833.580284023321,747.713584310107,9835.295319198542
2021-06-01 12:35:28,2833.2338175178174,669.1789241870588,10785.36765721474
2021-06-01 12:36:51,2833.1913415299778,753.2102437510028,10554.975238984265
2021-06-01 12:37:32,2833.1735588353436,781.9467826020585,11632.889500209487
2021-06-01 12:38:48,2833.1461787725666,723.580475347213,10723.765102321902
2021-06-01 12:40:18,2833.1231122479676,636.9398694265593,11211.956356315157
2021-06-01 12:43:09,2833.1071222842934,751.5482428021586,10794.921154214735
2021-06-01 12:55:56,2833.477719436522,696.0962194796411,10591.543113604866
2021-06-01 12:58:21,2833.627709269695,793.1730535253417,11013.320146487169
2021-06-01 13:02:23,2833.933495509677,791.255331957115,10820.933302323478
2021-06-01 13:02:47,2833.9675714754458,711.680005843961,11211.412462508577
2021-06-01 13:11:57,2834.9307544515605,663.0724178961802,10449.302023542852
2021-06-01 13:13:31,2835.129795583608,785.3290951786473,10519.880952598436
2021-06-01 13:14:34,2835.268724809803,711.0719852987135,10900.82560914877
2021-06-01 13:15:28,2835.3913199359017,717.2326586147308,10403.417992275017
2021-06-01 13:18:56,2835.893580546307,733.569972908616,11453.940848028778
2021-06-01 13:26:00,2837.0623457722536,724.4669050293533,10107.598751522375
2021-06-01 13:26:39,2837.179424075079,734.7117580312878,11672.807185393049
2021-06-01 13:33:06,2838.4262641736054,720.9228708109713,10353.013748550502
2021-06-01 13:41:37,2840.301646265279,733.270565989469,11819.791269866068
2021-06-01 13:41:46,2840.3369324072064,788.9232968831378,11427.988631951912
2021-06-01 13:47:32,2841.7505672054235,732.6639067392547,11532.810247950294
2021-06-01 13:48:56,2842.1102145515233,810.4349452529787,9741.310616281677
2021-06-01 13:50:36,2842.5465380096593,752.5396303631776,10110.725578349788
2021-06-01 13:53:06,2843.2174003272207,811.4197951509597,10558.555948318444
2021-06-01 14:05:17,2846.7533087256734,743.5345132294237,11222.569849767362
2021-06-01 14:07:25,2847.415261417142,750.1469893874992,11226.241009061447
2021-06-01 14:08:01,2847.603599421746,681.1497156184512,11000.246217135733
2021-06-01 14:10:54,2848.5215951646514,734.0922499279891,11602.343318036628
2021-06-01 14:11:52,2848.8340558383516,764.9243622709756,11152.628508102518
2021-06-01 14:29:56,2855.0610548920563,716.8328904338966,11401.903740158641
2021-06-01 14:30:40,2855.3275703379113,719.1650024343012,11954.780952885445
2021-06-01 14:35:30,2857.1066629372444,724.3708394510567,11607.661588324452
2021-06-01 14:38:46,2858.329543740198,730.4338100665683,10957.994676440956
2021-06-01 14:38:58,2858.404908008781,756.1291543182722,10429.286145670296
2021-06-01 14:42:24,2859.706906667759,750.7877209484975,9873.003530344386
2021-06-01 14:46:46,2861.3832847739122,780.4826030522411,12442.995123680006
2021-06-01 14:50:59,2863.0204164772586,743.8000731553357,11017.677063667063
2021-06-01 14:51:48,2863.3392659761403,759.0363167731141,9957.254956281287
2021-06-01 14:53:11,2863.8805160088987,748.1110668411085,10387.179618724838
2021-06-01 14:53:37,2864.0503469018863,757.1585236696743,11214.041608414485
2021-06-01 14:53:43,2864.08955696123,717.0996232909175,10383.63602595799
2021-06-01 14:54:39,2864.4558371759167,739.7218745141829,9592.352085662515
2021-06-01 14:54:48,2864.514755915965,745.8167222912209,11655.788484756866
2021-06-01 14:56:51,2865.3213130342474,710.8797460142563,12141.51573513385
2021-06-01 15:00:03,2866.5845449866365,732.6585521448718,10839.01038667538
2021-06-01 15:06:54,2869.2988955067403,752.2572107171197,10677.536655784306
2021-06-01 15:10:06,2870.568040242939,729.7086993601782,9959.506719502539
2021-06-01 15:12:27,2871.4991149206116,763.2430667218924,9918.922361220011
2021-06-01 15:28:34,2877.805284799675,814.416597994091,10623.054479428889
2021-06-01 15:29:13,2878.054832016318,770.0015073810739,10966.352702694583
2021-06-01 15:38:14,2881.4577047729317,760.0250338521489,10544.935458798269
2021-06-01 15:42:55,2883.173477288395,767.8228544763671,12572.7866405199
2021-06-01 15:45:29,2884.096035561826,814.6155629828451,10484.832704921939
2021-06-01 15:52:13,2886.4485805219874,789.7912806039598,12209.355584086368
2021-06-01 15:52:41,2886.607703266517,731.7071429972985,11859.744504953895
2021-06-01 15:54:47,2887.3170149541747,714.6749009612073,10813.52652596003
2021-06-01 15:57:26,2888.1957815739297,746.3709595390052,11602.925330480497
2021-06-01 16:11:11,2892.4274271143545,758.6047643788515,10553.494532989598
2021-06-01 16:13:27,2893.066591989546,756.541330382975,11165.072574591399
2021-06-01 16:35:28,2898.260743484912,734.4245857467657,11782.875197539235
2021-06-01 16:36:25,2898.439770453875,746.4056049394653,11594.751709235748
2021-06-01 16:38:38,2898.8419251965315,720.6739796034203,9876.995893466932
2021-06-01 16:39:59,2899.076048007306,757.7737851361155,11940.772683608073
2021-06-01 16:40:34,2899.174658943383,799.2123650259865,11300.111607016997
2021-06-01 16:42:45,2899.529947483409,721.039140625341,10889.00834631589
2021-06-01 16:45:11,2899.899981347987,696.0379646196064,10058.629141664785
2021-06-01 16:45:35,2899.9581664320563,709.2149433137947,12036.21208783671
2021-06-01 16:49:50,2900.529714717058,735.5727619123282,10889.673618576657
2021-06-01 16:50:40,2900.631687813259,706.4904101912294,10471.857965041962
2021-06-01 16:51:54,2900.7764738154733,724.3186718220331,10816.242517097473
2021-06-01 16:54:40,2901.0744494344663,844.6862010668619,10800.644274311162
2021-06-01 16:58:10,2901.397754190087,724.6592995125228,10742.1939732158
2021-06-01 16:59:14,2901.4842708387714,828.0478164511615,11106.807249331607
2021-06-01 17:05:34,2901.881223840794,794.8823310776113,11163.723604219642
2021-06-01 17:07:24,2901.958596370695,724.8422726899283,10648.720818177882
2021-06-01 17:18:36,2902.0627449111394,800.0901127180955,10914.91933032674
2021-06-01 17:23:44,2901.8989773894336,792.3040725066203,11114.25073782732
2021-06-01 17:32:51,2901.284678115579,853.1821133214062,11978.060327224406
2021-06-01 17:36:10,2900.9603686094442,726.2098864166215,11665.397401788068
2021-06-01 17:41:12,2900.3680429842566,726.160116955736,10403.208752184742
2021-06-01 17:41:38,2900.3114929907397,733.3858858261189,11380.783183846117
2021-06-01 17:41:45,2900.296119215088,752.7311368658596,11865.652237755692
2021-06-01 17:54:07,2898.3195400225113,731.8352924128101,11861.105386553183
2021-06-01 17:56:44,2897.81685509229,743.9691046855418,10813.688310249176
2021-06-01 18:02:03,2896.7106350914473,762.9634155705762,9816.69918508461
2021-06-01 18:06:37,2895.6742212226613,715.5843137023381,11373.99273781061
2021-06-01 18:09:21,2895.017934970025,710.8766834683469,10962.51847307731
2021-06-01 18:14:21,2893.7521723201908,791.9111866198193,10259.005515352463
2021-06-01 18:14:48,2893.6343119689495,769.7824919859795,9899.512463190462
2021-06-01 18:17:33,2892.900643711496,695.796519623497,11134.481635063012
2021-06-01 18:20:16,2892.1541613669324,761.6774534797295,12526.629116456055
2021-06-01 18:31:51,2888.7604850699986,808.6925895286383,10940.789024190859
2021-06-01 18:32:09,2888.6686572666754,737.0838605538414,10877.197421426377
2021-06-01 18:39:30,2886.3700008073283,737.4877346419919,11197.577700304953
2021-06-01 18:42:24,2885.441194759871,764.2847160969602,11593.522439410079
2021-06-01 18:48:47,2883.3660494951646,746.2156321315775,10116.85801820283
2021-06-01 18:50:49,2882.698760322901,711.1840037642253,11543.760911540823
2021-06-01 18:52:24,2882.1778264965997,683.5876091897898,10239.556688620962
2021-06-01 18:53:43,2881.7440047138975,748.1554959269254,12551.396611583912
2021-06-01 18:55:14,2881.243845023854,798.1848301398463,10962.27381657066
2021-06-01 18:56:58,2880.6720119500305,803.3972912452484,11385.68330791387
2021-06-01 19:07:36,2877.184317525617,760.718320285387,11419.650298236655
2021-06-01 19:12:41,2875.548877180479,776.1441903322923,10519.495809622627
2021-06-01 19:18:52,2873.608736250031,791.8967590485404,10045.038984202936
2021-06-01 19:18:54,2873.598456284735,757.3901311469846,10639.407301713636
2021-06-01 19:24:16,2871.97305738084,760.1840444262103,11438.576364621631
2021-06-01 19:28:14,2870.814321998131,828.2142103059815,12307.536537438596
2021-06-01 19:28:30,2870.737870798242,703.8787782020946,11042.107782382487
2021-06-01 19:31:12,2869.9748102183803,770.3900616449005,10277.167872120504
2021-06-01 19:31:26,2869.909836261731,752.7775661091678,11090.487326126098
2021-06-01 19:32:14,2869.6882799957257,750.8756463004577,11119.98364279517
2021-06-01 19:34:02,2869.196810380072,773.3231753900282,10506.188847614194
2021-06-01 19:45:30,2866.3217769678176,760.5613867125046,10854.564713080066
2021-06-01 19:46:17,2866.1431762484153,736.9797120441079,10476.60268236634
2021-06-01 19:50:12,2865.287867307295,829.4182573599907,11582.209270718493
2021-06-01 19:51:19,2865.0558947813956,819.3790859775202,11174.248348163048
2021-06-01 19:52:34,2864.802685299467,815.9818513490386,10254.716275093306
2021-06-01 19:52:53,2864.7396370221036,728.2924303708592,10925.20203078951
2021-06-01 19:53:31,2864.6148865769205,726.5701980375422,10718.164179082205
2021-06-01 19:54:36,2864.4056989771575,757.1197830706775,9157.666669656854
2021-06-01 19:55:32,2864.229780931648,757.4696504741561,10632.353813890417
2021-06-01 19:56:16,2864.0943904431037,779.8226020825293,11237.13562819271
2021-06-01 20:09:06,2862.1533547950835,831.1471050329192,10284.778387126184
2021-06-01 20:09:33,2862.100779318077,790.8836450231961,10798.837001697764
2021-06-01 20:09:38,2862.0911634723047,757.2668051963499,11338.954657178014
2021-06-01 20:10:43,2861.9695966558,709.1912912596122,9769.589534233495
2021-06-01 20:19:21,2861.235387768073,715.7267868790178,11041.465518714864
2021-06-01 20:31:27,2860.944350782414,803.8134645745853,11664.072792534838
2021-06-01 20:37:10,2861.120749032474,704.0428156039812,11144.39182035772
2021-06-01 20:38:25,2861.1868026139077,757.4986210699923,11344.717814111136
2021-06-01 20:39:15,2861.2363555273037,710.054529905998,10757.08763199406
2021-06-01 20:50:29,2862.3383078966435,768.1259439212607,10931.576059389483
2021-06-01 20:52:21,2862.60003346446,730.6223190438602,11614.129187063229
2021-06-01 20:54:29,2862.926586996661,765.2630725841582,11316.111640402583
2021-06-01 21:04:25,2864.830227682784,751.0805331773114,10244.78220633359
2021-06-01 21:06:12,2865.238124002291,873.5160763798065,10936.66771845584
2021-06-01 21:08:42,2865.8433520975323,745.991015275184,12126.336611214385
2021-06-01 21:15:14,2867.6063923374854,629.6170543025182,10789.363089068644
2021-06-01 21:15:31,2867.688697521875,706.9615206128534,11209.065219933918
2021-06-01 21:29:21,2872.2733355151795,777.6520076729298,10455.694632246317
2021-06-01 21:29:39,2872.3846093535562,732.5245787641848,11090.533671734385
2021-06-01 21:35:44,2874.74296131188,749.8267286570325,10524.42751149684
2021-06-01 21:40:44,2876.820813046152,770.5875090641307,10283.520591095057
2021-06-01 21:50:08,2881.0387259662552,702.0264354570642,10899.520185149257
2021-06-01 21:50:12,2881.0699887814617,761.6325684459187,10472.980534840266
2021-06-01 21:58:41,2885.187144054019,706.214796625622,10454.905908949222
2021-06-01 22:01:52,2886.797545518428,795.1754062277836,12200.254090162329
2021-06-01 22:02:42,2887.2244518298926,747.8381997485945,12357.205077471534
2021-06-01 22:04:33,2888.179690806005,732.4448394711844,10918.607960028357
2021-06-01 22:13:20,2892.840821277634,678.0629920166623,11993.123400468245
2021-06-01 22:15:59,2894.2820603626988,721.9265368177303,11464.973172609407
2021-06-01 22:20:03,2896.518908918782,777.8525707258468,10845.936834251153
2021-06-01 22:23:40,2898.5293987078626,752.0259728160466,11117.917952321348
2021-06-01 22:29:13,2901.6428874371263,758.026076472568,11112.387263749932
2021-06-01 22:31:20,2902.8364556037545,773.429720942955,10145.56230505886
2021-06-01 22:35:17,2905.068498348515,807.5499945953637,11909.742685909878
2021-06-01 22:45:35,2910.87946673837,868.0212338756695,10659.079586146714
2021-06-01 22:48:09,2912.316695811795,762.9325391576582,10222.867850484394
2021-06-01 22:51:09,2913.986994210131,758.0584219073962,10550.115312075053
2021-06-01 22:53:45,2915.4244187745767,769.1422023341911,12936.560380444826
2021-06-01 22:55:14,2916.239610738161,687.7601627417655,9968.167546869967
2021-06-01 23:03:42,2920.809178996114,820.7559081639315,12162.780957611287
2021-06-01 23:05:58,2922.004156280046,769.0326015259831,11085.76237825975
2021-06-01 23:07:33,2922.8307236945643,761.8976075331749,11750.578071473034
2021-06-01 23:12:54,2925.5694205726068,718.1469641463436,11566.834409409152
2021-06-01 23:17:57,2928.0696401992514,805.241680919528,11177.345448826964
2021-06-01 23:21:32,2929.788397878824,793.1498338156424,9822.264275607093
2021-06-01 23:26:35,2932.125843549963,771.1946905682216,11620.66434480202
2021-06-01 23:33:46,2935.265267830179,756.6554591881011,11081.351939670505
2021-06-01 23:35:26,2935.960585284935,712.7188541494761,10455.141471131661
2021-06-01 23:40:14,2937.889858353161,792.7539675834805,11362.710467714027
2021-06-01 23:43:02,2938.9635622609494,790.741502011863,11004.922999302007
2021-06-01 23:49:30,2941.2921242874127,785.6205482841866,11784.49545698144
2021-06-02 00:17:23,2948.7773803707582,826.424972875819,10396.680881302344
2021-06-02 00:17:37,2948.8222071239516,811.1557913156925,11074.540097197414
2021-06-02 00:23:21,2949.8324634189944,782.3145716572955,11374.881518958993
2021-06-02 00:25:50,2950.2163353867127,752.1058299836659,10920.082479838311
2021-06-02 00:42:20,2951.986670099378,831.1867619076692,11789.871018818169
2021-06-02 00:46:11,2952.218249901057,792.1020046999049,11594.560224961355
2021-06-02 00:51:43,2952.443521676949,759.7258225981853,11072.103067435051
2021-06-02 01:14:17,2952.297866010172,819.3341145445085,10517.743508012629
2021-06-02 01:21:50,2951.9834092093165,725.1436732078362,11339.389692346835
2021-06-02 01:25:00,2951.829912618701,773.7060796384214,11164.969786790472
2021-06-02 01:34:21,2951.343147567714,685.8564704956027,11425.5924174244
2021-06-02 01:39:57,2951.0550126060643,775.9382862119053,10710.43985305866
2021-06-02 01:40:43,2951.017176906761,768.2966867314375,10977.071545961633
2021-06-02 01:42:12,2950.9455637437204,733.9352640217745,11515.1316821902
2021-06-02 01:45:52,2950.779639661509,724.2934930011977,11165.532264263471
2021-06-02 01:52:23,2950.5383319204393,716.1471276137875,10422.29700371582
2021-06-02 01:59:53,2950.3805558126905,746.6899575087037,11654.418351256314
2021-06-02 02:09:26,2950.4372438302544,737.987561196555,9714.684652670576
2021-06-02 02:10:59,2950.479556899831,745.3562698414682,12972.428069437658
2021-06-02 02:14:21,2950.607636518247,753.0983232571974,11089.307724384038
2021-06-02 02:15:45,2950.6762255814933,805.0653439771261,11871.681369353599
2021-06-02 02:18:40,2950.8497233502626,832.156843976107,11003.397237549578
2021-06-02 02:23:27,2951.2295022505145,767.359659054578,10193.562859621781
2021-06-02 02:27:00,2951.593393853226,750.6750686426554,11934.423859232398
2021-06-02 02:34:35,2952.626262859043,833.6569863525323,11935.830912751851
2021-06-02 02:39:16,2953.451745777887,723.1779435649931,11700.744812313422
2021-06-02 02:49:04,2955.686154943156,847.1724158607366,11300.027923855574
2021-06-02 02:52:26,2956.6220954097344,825.7507425148851,12387.258341248531
2021-06-02 02:55:52,2957.669659229383,889.5561828237794,10333.34930024556
2021-06-02 02:57:26,2958.1795867576243,743.882534746374,11015.19130211031
2021-06-02 03:07:26,2961.921665312273,790.987194396982,9467.790357542393
2021-06-02 03:09:52,2962.963106192177,779.928489951997,10383.57913028711
2021-06-02 03:11:36,2963.736915591133,786.4973186231724,11482.579088625673
2021-06-02 03:15:29,2965.5680896356826,760.2065051716585,10994.019259375644
2021-06-02 03:16:58,2966.303441992735,706.0763367576213,10381.415670921826
2021-06-02 03:17:39,2966.648916135455,795.698859940878,10216.484683179677
2021-06-02 03:17:58,2966.8104536674464,795.1613613379488,11351.951603517819
2021-06-02 03:20:15,2968.0022897582357,742.7124418727756,10408.116302818202
2021-06-02 03:25:28,2970.9045845811133,799.7611827765663,11730.022765786563
2021-06-02 03:27:27,2972.0738010887057,825.4371355766089,10899.739701959052
2021-06-02 03:27:51,2972.3140139315256,795.5342382064842,11625.602390080518
2021-06-02 03:34:12,2976.3256748147987,792.7307039124757,12427.45730796646
2021-06-02 03:43:08,2982.5995769650276,760.5439939662401,10485.148802579373
2021-06-02 03:43:23,2982.785683559685,784.2394997849573,11078.325884635962
2021-06-02 03:45:02,2984.0282601022955,723.1495796297265,11250.505711318463
2021-06-02 03:49:21,2987.395614330122,717.1714406522073,11332.546047878854
2021-06-02 03:52:28,2989.930671713101,824.4886729733347,11631.71579472616
2021-06-02 03:58:28,2995.0515675706088,790.3106760409357,11104.702641321312
2021-06-02 04:03:59,3000.032345469479,849.1782675074644,11525.146322752786
2021-06-02 04:05:09,3001.1182505402166,782.1742908487894,10685.358318585664
2021-06-02 04:05:17,3001.2430665765337,788.4374482936194,12052.450371509409
2021-06-02 04:11:24,3007.1231702416217,794.670420620834,11081.434710864221
2021-06-02 04:22:44,3018.774425319779,768.406281432879,12450.783109800288
2021-06-02 04:26:28,3022.811710873816,759.287728265409,10125.374189076505
2021-06-02 04:30:03,3026.7723485485976,722.8538644106242,11132.952812832062
2021-06-02 04:32:34,3029.6016574994273,849.1726385584368,11626.816113321956
2021-06-02 04:33:55,3031.1349126778287,729.5967951988301,11151.874762659489
2021-06-02 04:38:47,3036.7476633597994,758.052685693098,12008.176216877198
2021-06-02 04:45:51,3045.115253278712,771.4515792796591,11478.153666895494
2021-06-02 04:58:51,3061.053330381409,840.4952568669951,12077.349958961848
2021-06-02 05:02:16,3065.3317596322295,840.4573993823876,11910.904767930877
2021-06-02 05:04:27,3068.0803241413696,751.0449712166438,11893.052985521535
2021-06-02 05:14:58,3081.4294017764196,786.8787040944491,11224.776973998487
2021-06-02 05:18:05,3085.4047777264777,835.2669453260835,12090.531335888272
2021-06-02 05:33:07,3104.5184339519396,747.3110304598063,11781.28530955183
2021-06-02 05:52:01,3127.834144802905,777.9217475287683,12895.588382743283
2021-06-02 05:52:53,3128.8701001643285,743.604933329018,11783.750873805751
2021-06-02 05:53:04,3129.088782731528,790.341459023109,12820.96047230496
2021-06-02 05:54:17,3130.535865974395,784.7764456851364,11783.98077946827
2021-06-02 05:54:37,3130.9310409210616,820.173049881519,10605.369082704246
2021-06-02 05:56:43,3133.4075039178665,823.2898458183748,11845.009370318658
2021-06-02 06:03:38,3141.3908797551535,805.3617059738287,12511.332774029892
2021-06-02 06:04:22,3142.2205395593796,776.416879209278,11831.917330857465
2021-06-02 06:14:29,3153.2971256421065,764.7501310830935,11192.35744923306
2021-06-02 06:18:40,3157.658377060199,794.7321491182747,10861.863082711969
2021-06-02 06:20:08,3159.1545817503015,819.9344211333365,12823.642944129833
2021-06-02 06:24:55,3163.9101442824317,803.6551772139269,11528.148007714914
2021-06-02 06:25:19,3164.29897472075,769.7371241504387,13569.137076168076
2021-06-02 06:26:56,3165.8562099171745,851.8778510912916,12650.903635957411
2021-06-02 06:48:29,3184.247920368866,750.8175152606897,11838.032989712854
2021-06-02 06:49:54,3185.2919983707884,795.6828224134391,10503.165736652412
2021-06-02 06:56:08,3189.628464440104,765.8928551526097,11601.472020985882
2021-06-02 07:13:32,3199.432895211391,868.4443817596863,11895.603993966928
2021-06-02 07:15:43,3200.4176796226416,867.8345447301004,11467.235143250806
2021-06-02 07:17:06,3201.012934726731,909.9991869670401,11515.483149594746
2021-06-02 07:17:51,3201.326346046851,760.8832277815329,12573.047620954625
2021-06-02 07:27:39,3204.818573553199,824.2527588905529,13289.857321650778
2021-06-02 07:34:23,3206.569985810803,809.4400691817453,12868.427255085058
2021-06-02 07:35:56,3206.8989053309997,883.1554248328978,12485.816920256155
2021-06-02 07:55:07,3208.7216381255566,897.3091495434109,11611.744306412154
2021-06-02 08:04:31,3208.154804761552,878.7000572078803,13260.229218035664
2021-06-02 08:06:34,3207.910290851846,841.1021915849371,12885.62343728308
2021-06-02 08:25:49,3203.653050879063,813.7085004880367,12271.495704769706
2021-06-02 08:30:48,3202.0164711184943,825.9272150725573,13063.515587379065
2021-06-02 08:35:25,3200.323038044871,867.5919357585936,12423.706043544638
2021-06-02 08:40:06,3198.440792397441,855.119297838832,11793.49114439626
2021-06-02 09:17:37,3178.6343157472083,824.9548331832725,11798.902712346635
2021-06-02 09:19:20,3177.5779383045733,846.3823638604961,13491.128597672849
2021-06-02 09:24:07,3174.5888201406124,852.4697763484663,12853.702469647336
2021-06-02 09:30:01,3170.8226230499636,703.3338874809381,11350.408292857233
2021-06-02 09:31:01,3170.176953908631,843.196911296923,12424.24506826638
2021-06-02 09:40:37,3163.8978544019233,827.3885084399896,11615.135152521396
2021-06-02 10:05:01,3147.729118912219,803.5796863760169,13211.165141750673
2021-06-02 10:20:38,3137.6602168548,851.2118609883128,11906.694879924284
2021-06-02 10:49:18,3120.76646267758,785.1927634456239,11838.351288177932
2021-06-02 10:56:00,3117.2265825973554,821.2477645670072,11608.244332570413
2021-06-02 11:11:18,3109.8449016071286,759.3673626753766,10449.412709185443
2021-06-02 11:19:28,3106.335323033563,782.3380231371792,11857.650532744228
2021-06-02 11:35:28,3100.3902197414354,882.0656834227515,12410.00642336883
2021-06-02 11:43:50,3097.7912451163857,776.790111865552,11700.642334324546
2021-06-02 12:06:24,3092.5817452190595,766.2728026771174,12105.626078750343
2021-06-02 12:20:30,3090.6726493232977,847.1450979993461,11619.982472597703
2021-06-02 12:26:41,3090.1604003411353,801.6456089005575,11995.26990158441
2021-06-02 12:40:26,3089.7214328325645,870.0440334230908,11850.538197312522
2021-06-02 12:43:03,3089.7458169339193,803.1272245216164,11888.545200612018
2021-06-02 12:51:19,3090.0453870113793,896.6631038603261,11310.382270788597
2021-06-02 13:21:47,3093.9459909863463,821.0264610343263,11075.428922373563
2021-06-02 13:22:01,3093.992010087147,824.8859445780022,11354.568137999031
2021-06-02 14:04:07,3105.8012784922234,812.0604655212837,11656.624466259867
2021-06-02 14:24:45,3113.713567470447,875.5827838052345,12662.598401367195
2021-06-02 15:35:13,3145.1780269224523,796.0446617707885,13114.609453438778
2021-06-02 15:38:33,3146.6287606442716,836.5474684712328,11951.275752620057
2021-06-02 15:42:28,3148.3073786832792,785.7127109442278,11651.95320565293
2021-06-02 15:51:32,3152.066248980851,923.3236162662643,12423.025042185798
2021-06-02 16:10:17,3159.1157914151304,864.5659637400743,11376.899415518097
2021-06-02 16:13:53,3160.333959025496,746.4211071530597,13965.521386587227
2021-06-02 16:14:52,3160.6581828990434,832.1920858978319,11904.934861251917
2021-06-02 16:16:44,3161.2633167751014,854.0999298704465,12110.857514884186
2021-06-02 16:44:31,3168.476767326562,776.3377388868323,12347.704543571725
2021-06-02 16:45:25,3168.6489317190903,833.4986011387753,11218.575672352392
2021-06-02 16:48:15,3169.163834210151,817.6731769865333,13237.658413600133
2021-06-02 16:48:35,3169.2216873493717,816.5599461390046,13145.089378477984
2021-06-02 17:00:37,3170.917251823364,863.9967652435672,13585.232968333648
2021-06-02 17:03:47,3171.2339488756793,783.1136696431287,12335.053357147024
2021-06-02 17:05:25,3171.375873147268,842.3390920253984,14965.732764660896
2021-06-02 17:10:13,3171.7081027498693,881.8740222153638,11695.95355593566
2021-06-02 17:12:34,3171.824432215712,759.9827304078858,11598.121682118903
2021-06-02 17:32:43,3171.5755779981105,790.5845576470442,11502.23764301948
2021-06-02 17:56:32,3168.535141206076,809.275090329738,11547.78165765009
2021-06-02 17:57:06,3168.429624001365,790.8627140076228,12590.995847589544
2021-06-02 18:12:45,3164.985213813611,773.0834350253989,12174.228910266625
2021-06-02 18:14:07,3164.6397585360246,837.4467990447463,13384.076609412337
2021-06-02 18:18:54,3163.3809039718235,787.8076935222934,12278.439078538013
2021-06-02 18:19:20,3163.263206627218,816.8994188710444,10802.337094684804
2021-06-02 18:21:51,3162.5683245933783,769.992650149694,11438.323340159106
2021-06-02 18:30:55,3159.920073233654,860.1240873127091,11385.98541294963
2021-06-02 18:33:18,3159.19114432436,809.5699341609501,12280.882390394985
2021-06-02 18:51:21,3153.3753475482677,837.8503685026287,14654.809161013241
2021-06-02 18:54:46,3152.240819297269,736.1218494952468,10568.108385040185
2021-06-02 18:54:49,3152.224191896591,779.9616819414698,12138.917981154314
2021-06-02 18:59:31,3150.6608060362764,718.692344442712,12208.562432196659
2021-06-02 19:08:26,3147.717831906413,859.3539385262297,11452.394308091643
2021-06-02 19:10:23,3147.0832888916493,876.8393916435183,12208.604327220804
2021-06-02 19:12:04,3146.5393114003923,868.5496500011924,12840.279264220453
2021-06-02 19:14:01,3145.914154722645,861.7447006640242,10848.229407286944
2021-06-02 19:15:55,3145.3108025650886,863.941564613787,11874.635654139367
2021-06-02 19:16:32,3145.116308385437,830.9269065208437,11198.918738546878
2021-06-02 19:18:11,3144.5993480790034,859.6315380859982,11050.90120763515
2021-06-02 19:24:50,3142.574067886789,858.618160091682,13085.893017029912
2021-06-02 19:25:36,3142.3473462509664,835.6995568774141,12513.86194854405
2021-06-02 19:26:38,3142.0442121462147,893.0049879708234,12661.086932977923
2021-06-02 19:28:13,3141.5853891480656,831.1104523124583,12257.730588880571
2021-06-02 19:30:05,3141.0536745989316,863.9439893991147,12878.001660628497
2021-06-02 19:30:58,3140.80568743949,768.3656488723567,10358.578321972918
2021-06-02 19:32:15,3140.4497178922225,860.4616353360469,12378.090387613338
2021-06-02 19:33:26,3140.1261539717952,792.1364395563554,11096.329641207727
2021-06-02 19:34:36,3139.8116727201846,934.2204190201423,12144.91567488663
2021-06-02 19:42:22,3137.8424032398216,814.0234761914934,13155.852770778572
2021-06-02 19:50:13,3136.099196458397,815.4044594213705,11116.565842776276
2021-06-02 20:06:05,3133.481236645879,799.4234040945781,11680.085036461885
2021-06-02 20:09:09,3133.132222435456,771.7012618880491,10913.021638250719
2021-06-02 20:11:08,3132.9356539417013,813.6212514842153,12929.068975063288
2021-06-02 20:25:40,3132.2325952132096,804.3785091853075,11875.631921005826
2021-06-02 21:13:17,3139.8814664524743,810.8572150611463,12542.40833605473
2021-06-02 21:28:19,3145.453451224735,790.1631721286094,13252.403317125492
2021-06-02 21:30:00,3146.1627960115925,779.8383995513922,12787.322958387847
2021-06-02 21:35:48,3148.7298258239607,813.4035759309163,12423.692201882248
2021-06-02 21:41:16,3151.3154001801863,891.239461306097,10830.457385714566
2021-06-02 21:54:10,3157.98799117898,830.2834517530434,12903.880704500116
2021-06-02 21:54:22,3158.097130329837,768.4504185695034,12496.350052943002
2021-06-02 21:56:48,3159.437525649041,848.407528859305,12173.47698406804
2021-06-02 21:58:23,3160.3217536280877,834.5254190037559,12962.931094302361
2021-06-02 22:03:39,3163.3263802310566,856.6463870725297,12181.236257145958
2021-06-02 22:06:06,3164.754652200529,801.588093732817,12547.545305912528
2021-06-02 22:07:06,3165.342727633171,891.5881110439689,12754.59173443184
2021-06-02 22:07:22,3165.5000279331052,828.1681745397849,11966.897855101584
2021-06-02 22:07:47,3165.746206769163,794.3760300728817,13221.386043959354
2021-06-02 22:37:22,3184.0170330601563,879.4530530272543,11822.804455016643
2021-06-02 22:48:07,3190.7409332056586,798.5546491230774,12947.00143412086
2021-06-02 22:48:35,3191.030157555259,840.6144050685533,12721.90684810435
2021-06-02 23:08:45,3203.099199711928,824.2574226305974,12183.749652080773
2021-06-02 23:09:05,3203.2893524671945,790.0131692587064,12064.442112926758
2021-06-02 23:13:56,3206.012105260975,823.0218602982783,12848.42207486509
2021-06-02 23:18:57,3208.7348092996162,777.4173449278578,12128.77268584347
2021-06-02 23:31:06,3214.87529853069,849.6465781627741,12085.388646307747
2021-06-02 23:31:21,3214.9942678286716,739.848522928388,12438.226383067378
2021-06-02 23:34:43,3216.565372042969,850.3786999720129,11536.610471570446
2021-06-02 23:42:43,3220.057372333182,818.635637131307,12160.42817033219
2021-06-02 23:47:06,3221.8196933199674,876.4340281176299,12292.51742986988
2021-06-02 23:51:19,3223.410032512345,857.4165185123617,12046.193826887393
2021-06-02 23:54:45,3224.6271969724576,793.4087592072718,12674.590751321897
2021-06-02 23:59:04,3226.0568144417243,915.0784556130683,13071.39541938414
2021-06-03 00:10:33,3229.3051698437976,866.5199175087824,13160.857139996782
2021-06-03 00:10:43,3229.3463480652154,789.6848600587715,12239.73131802054
2021-06-03 00:16:07,3230.5884629316947,859.4203190407544,12522.689177322734
2021-06-03 00:24:09,3232.109598297968,791.3613495574358,12627.558522523
2021-06-03 00:25:46,3232.369370158531,856.3016409007807,13678.790214635133
2021-06-03 00:26:45,3232.519915573265,954.8073066895894,12134.800516410678
2021-06-03 00:26:56,3232.547362707752,780.4450163059437,11290.268680813117
2021-06-03 00:35:27,3233.612175043073,844.5108496871185,11629.498785816148
2021-06-03 00:39:03,3233.9426047170723,846.2989207862923,13537.493050361327
2021-06-03 00:49:46,3234.537880058343,921.3031758758001,12488.564970151987
2021-06-03 01:06:54,3234.461535452393,787.3837424182808,13427.891118619556
2021-06-03 01:10:08,3234.3341221122464,878.570017631879,13449.653120886513
2021-06-03 01:12:16,3234.2345146583593,844.58000487639,11882.807956086026
2021-06-03 01:12:37,3234.2170777573538,788.6089023642363,12661.538369952563
2021-06-03 01:21:56,3233.6582685778144,894.4729581535618,13677.55765652179
2021-06-03 01:28:35,3233.1796885187464,870.6456459743093,12625.470903349684
2021-06-03 01:36:36,3232.5685612789302,875.0179769620037,12571.075492077982
2021-06-03 01:37:12,3232.522883175314,802.0846258340741,12656.3002941204
2021-06-03 01:40:55,3232.244118192475,811.8275770407074,11590.222135213899
2021-06-03 01:47:15,3231.7995558240723,793.9250154284741,11039.916646244157
2021-06-03 02:14:22,3231.0222035231022,785.0596729580553,10714.177519383062
2021-06-03 02:30:04,3232.065995922302,826.0377484215691,13488.900140204909
2021-06-03 02:37:33,3233.1108790578915,785.8439171828207,11605.074333989016
2021-06-03 02:51:32,3236.1883809090277,876.0094349222938,13395.524632482324
2021-06-03 02:53:54,3236.8670351921533,807.1175084252094,12728.134231419332
2021-06-03 03:02:17,3239.6649245573917,868.01455097143,12578.23127668733
2021-06-03 03:04:16,3240.4193605882288,823.3724109519184,11660.440396657857
2021-06-03 03:11:03,3243.2760899198115,891.5158677999829,12284.01499422459
2021-06-03 03:12:18,3243.849931156046,800.7066274937231,12167.410994785945
2021-06-03 03:21:23,3248.4725196962636,817.6142359010455,13697.916173245389
2021-06-03 03:26:08,3251.2108807532586,875.921497456155,11122.44880420906
2021-06-03 03:37:44,3258.8347397602406,862.8376124328976,11418.587142880026
2021-06-03 03:38:23,3259.3012432750606,910.6028903187458,13344.903702569423
2021-06-03 03:39:11,3259.8811038294807,821.8542380316403,12520.078549647886
2021-06-03 03:40:54,3261.146587629938,808.590608174077,12256.467919453537
2021-06-03 03:56:27,3273.9061387799297,931.6712389700863,12446.014566496862
2021-06-03 04:07:06,3283.9401348279744,848.541665186238,12967.563923120328
2021-06-03 04:13:53,3290.8429224152087,801.612332919847,13299.377599719819
2021-06-03 04:32:01,3311.034783668271,813.8254946235952,12379.85630659066
2021-06-03 04:33:30,3312.7861227878657,757.0931480211198,12562.045223583022
2021-06-03 04:46:56,3329.20842154596,884.0614176029272,13213.394411798663
2021-06-03 04:50:35,3333.8212005454966,833.7914117338566,11689.993145966746
2021-06-03 04:53:40,3337.7587772887005,898.0969853501634,12386.07966589898
2021-06-03 05:10:42,3359.9942373689755,818.3224449517642,12982.011333488519
2021-06-03 05:13:00,3363.034859040384,824.41680043277,12237.359081923469
2021-06-03 06:04:59,3428.9853016762577,934.7593583391326,13521.078465348508
2021-06-03 06:19:22,3444.6361107610082,910.7004697091337,12682.859376921311
2021-06-03 06:34:48,3459.323004461977,845.5530982100471,14460.7862633554
2021-06-03 07:11:34,3483.4925725794183,834.9385128392481,14169.636715525705
2021-06-03 07:32:47,3489.687510654511,987.3891930036099,13692.399413974494
2021-06-03 07:42:00,3490.5708493579195,845.4154795681691,12910.48325108204
2021-06-03 07:56:54,3489.7577629850684,928.8433920222774,12956.121643405084
2021-06-03 07:58:17,3489.5464407740114,894.8781882877674,14413.515313587128
2021-06-03 08:09:46,3486.944635335041,842.4512781653507,13127.577468001276
2021-06-03 08:52:01,3466.1410675964316,902.987267358204,13339.529667976372
2021-06-03 08:52:10,3466.0414115244726,875.9883567670595,13762.542706758222
2021-06-03 08:53:31,3465.1378983076966,1005.0778800644558,13018.421399052046
2021-06-03 08:56:41,3462.9731317794435,911.254105578462,13766.292395190476
2021-06-03 08:58:15,3461.8794515858867,922.9409845804676,13656.587260422504
2021-06-03 09:02:00,3459.20381207486,931.6818394058715,13329.06204031143
2021-06-03 09:02:42,3458.6956878969117,832.9796290470845,12955.423555541294
2021-06-03 09:06:37,3455.8051618368263,922.9933596698256,11699.525327325413
2021-06-03 09:16:10,3448.4544063277435,962.2062985895304,14503.320767753323
2021-06-03 10:20:52,3394.083847531576,892.963300148565,13472.841734960286
2021-06-03 10:38:21,3380.082394383168,881.9062978515433,12942.372596474326
2021-06-03 11:26:00,3347.8640933859665,814.887856318911,12285.218313812222
2021-06-03 11:30:32,3345.3578566187616,823.817775356131,12961.949731074881
2021-06-03 11:46:04,3337.5882189453077,863.6419581919457,12352.980765698816
2021-06-03 11:49:30,3336.0448415329147,905.3876250507144,11420.20730553741
2021-06-03 12:06:17,3329.420473195587,954.1780694364026,12833.843150905532
2021-06-03 12:07:10,3329.1142853326533,928.7391623947375,13042.084923985645
2021-06-03 12:25:00,3323.8381062194385,853.9796819652718,12185.530918755965
2021-06-03 12:34:11,3321.7876259697896,859.3734416299213,12808.671337137093
2021-06-03 12:36:00,3321.4349019860706,804.2062856733304,12421.311136269958
2021-06-03 13:02:11,3318.236117370496,884.3447636848032,12187.257737757574
2021-06-03 13:07:44,3317.99571504965,834.4261416085646,12093.299267875209
2021-06-03 13:35:40,3318.925386786011,888.2283071241394,12637.852986621621
2021-06-03 13:40:17,3319.3993354465683,896.5570841251381,12639.600478917093
2021-06-03 13:42:59,3319.715397812848,878.640222993616,12889.990651969829
2021-06-03 13:58:50,3322.113018617603,798.4024618745102,13162.049104925753
2021-06-03 14:12:22,3324.818298247112,897.9441423511047,11214.738970548182
2021-06-03 14:25:01,3327.8033642394025,972.1957672786692,12438.802774087022
2021-06-03 14:27:35,3328.4546425214994,799.1479065654506,12979.932149053753
2021-06-03 14:34:12,3330.194112435599,877.8267394491464,11964.768100389383
2021-06-03 14:41:00,3332.060525517551,918.0236463286959,12743.816982461174
2021-06-03 15:06:21,3339.439789701453,821.6538333516099,11676.653038419501
2021-06-03 15:10:46,3340.7477383138175,905.0290520014438,11934.609706599704
2021-06-03 15:15:17,3342.078338069294,870.9362656555138,11692.459990931384
2021-06-03 15:16:04,3342.3079742205286,826.4384585016328,13030.639251146395
2021-06-03 15:19:52,3343.4155567789226,833.956636193504,12344.784981562607
2021-06-03 15:33:41,3347.306209377567,855.4429013948399,12954.565057529331
2021-06-03 16:01:41,3353.971008357159,835.6546373014736,12246.094002052296
2021-06-03 16:08:35,3355.2414598643886,846.2505520861964,13740.515529471586
2021-06-03 16:09:35,3355.4105913105504,817.0936693736587,12467.570400345123
2021-06-03 16:10:17,3355.5266300609437,897.265853799007,13043.839668251841
2021-06-03 16:15:20,3356.304578217023,816.1383560606462,12879.41153445634
2021-06-03 16:15:32,3356.333192427571,826.7806913716373,13191.155662065554
2021-06-03 16:18:34,3356.745962546797,969.9451041012117,12851.27712310943
2021-06-03 16:21:37,3357.119894548069,841.1535300863461,13448.64519750459
2021-06-03 16:29:08,3357.8568088855377,893.5208451476509,13693.854907828945
2021-06-03 16:38:50,3358.394666429968,965.1549106766271,12408.44505950074
2021-06-03 16:59:13,3357.8698054286224,891.0685855750513,12666.457942641175
2021-06-03 17:30:10,3352.469784034842,873.5220111194797,13400.51787085955
2021-06-03 17:30:30,3352.381164303279,914.2559886965994,11375.015264021984
2021-06-03 17:36:38,3350.6382146501915,936.500532256988,12608.512579533668
2021-06-03 17:37:11,3350.4716160774124,834.9493634263088,11841.195084763682
2021-06-03 17:59:06,3342.5339512004493,882.7119271573555,11126.420267208861
2021-06-03 18:00:38,3341.8900100592155,863.1313671180279,12100.489419024187
2021-06-03 18:25:02,3330.3712164572817,876.7589901361642,12117.524417523115
2021-06-03 18:28:59,3328.320593665478,885.9461038023175,12438.89091735847
2021-06-03 18:31:53,3326.790114655344,804.3133592042388,13239.704731302712
2021-06-03 18:50:49,3316.4326785517924,829.4099098868538,13561.035201380108
2021-06-03 18:56:44,3313.127909721097,857.638536825688,13304.117807344506
2021-06-03 18:57:45,3312.559640660222,860.9648533186268,12174.459112503606
2021-06-03 18:59:47,3311.4236342111776,893.9480237331363,12299.655162466428
2021-06-03 19:07:54,3306.910804164043,906.7637274309359,12462.20308033294
2021-06-03 19:25:33,3297.4219781727734,845.3868297303203,12979.603679975688
2021-06-03 19:36:00,3292.1819665193134,944.6424035726246,12207.274278470313
2021-06-03 20:22:03,3275.155303948948,795.9428646703213,13004.958075048484
2021-06-03 20:22:34,3275.0360881873544,839.3308668001554,12628.77338590244
2021-06-03 20:27:57,3273.902928078493,853.4670124295853,12462.987658392629
2021-06-03 20:35:23,3272.6720088428824,901.4034762318461,13321.492599845693
2021-06-03 20:39:25,3272.169510961392,904.9047459189808,12454.393158548877
2021-06-03 21:04:48,3271.7246457911256,903.6386884334443,12405.081295032232
2021-06-03 21:13:17,3272.608831901559,940.033219934548,13237.811250190323
2021-06-03 21:39:40,3278.3756476347953,864.2000059098496,12621.595128049243
2021-06-03 21:41:24,3278.898333494874,810.6053908687404,11669.056230266831
2021-06-03 21:45:17,3280.1258794440428,876.2778909142065,12192.417245763017
2021-06-03 21:47:04,3280.7148246006755,935.7755460049499,13384.431151322598
2021-06-03 21:51:59,3282.416059491385,838.1100362307732,12612.938207683188
2021-06-03 21:54:23,3283.2855591970642,932.1813974187521,12729.496396037064
2021-06-03 21:54:27,3283.3100602502263,914.3015882367538,12546.37312669274
2021-06-03 22:01:23,3285.9541073527125,867.0285637401068,11876.251501867511
2021-06-03 22:08:00,3288.635583133732,835.5530761127486,12264.757213425648
2021-06-03 22:11:06,3289.936950125908,876.0381856099553,12368.726370046403
2021-06-03 22:32:51,3299.5856378852377,835.7056252578911,13396.79931015045
2021-06-03 22:48:26,3306.6400201197907,917.0468909662329,12698.224767591479
2021-06-03 23:06:47,3314.486992090304,823.1481513087723,14206.004146128718
2021-06-03 23:25:21,3321.337041317871,902.8136491732315,12904.05973789405
2021-06-03 23:27:19,3321.9760755921798,759.0434899453368,12538.493489120554
2021-06-03 23:30:21,3322.9248305511924,783.0081737512874,13289.345340037864
2021-06-03 23:40:43,3325.8076812879362,880.6028720940976,12118.535176635829
2021-06-03 23:48:25,3327.563180861507,777.8368554448913,12231.018581409864
2021-06-03 23:55:18,3328.8370539974,883.9440851631707,12970.18094488049
2021-06-04 00:01:36,3329.750667490033,887.7309555008012,12420.935444736033
2021-06-04 00:16:05,3330.921456244272,815.7571541032906,12010.360542966508
2021-06-04 00:52:08,3328.540629891739,759.783452742443,13047.374839099448
2021-06-04 01:27:07,3321.1275394115264,925.967893230048,12534.297032931989
2021-06-04 01:55:20,3314.427074207204,908.7277271674396,14821.855536916977
2021-06-04 03:13:16,3315.7651190138063,840.2204727361377,13475.723895287943
2021-06-04 03:33:01,3324.5031853095247,844.602519796879,12429.84948148976
2021-06-04 03:43:50,3330.9911617446555,845.3655764741015,12017.384462117083
2021-06-04 03:53:18,3337.6436894898757,767.6630332650436,11631.650465103974
2021-06-04 03:57:02,3340.510706671425,923.6223797614592,14705.423735948085
2021-06-04 04:05:32,3347.533435728879,802.9906900152781,12732.750037409898
2021-06-04 05:07:10,3414.3843762766337,927.562601888261,13201.284834567634
2021-06-04 05:13:57,3422.746971184377,914.4792471446938,12868.859908854452
2021-06-04 05:17:48,3427.511649835368,892.2847475056532,13387.538981120368
2021-06-04 06:34:14,3511.038698896419,907.8326338499875,13563.079087856066
2021-06-04 06:45:51,3519.698783462228,953.6923775768373,12773.801044831704
2021-06-04 06:52:36,3524.026069620875,878.1353725563561,14121.676592244483
2021-06-04 07:09:15,3532.342974148578,904.3820024209397,15007.615397368785
2021-06-04 07:16:10,3534.7778271607317,934.0631607982393,14666.521060554016
2021-06-04 07:24:33,3536.9117625905474,912.5362120660566,12447.100419781036
2021-06-04 07:41:22,3538.5007449060236,944.6645626058884,12907.680968967283
2021-06-04 08:07:55,3534.0130512125365,921.954516231303,12237.95249416731
2021-06-04 08:08:17,3533.895043179192,1002.9522265811531,13469.902124702574
2021-06-04 08:49:15,3512.7150069462623,887.4969929522856,13105.295148179584
2021-06-04 08:52:36,3510.3951956376236,855.3046757089829,13593.877309418982
2021-06-04 09:21:50,3487.6881479437316,865.2906085256926,13395.487703528186
2021-06-04 10:47:19,3416.534305899906,901.7736871763934,12863.703056313505
2021-06-04 11:09:19,3401.6374456125855,865.3342005983129,12440.991255823401
2021-06-04 11:38:10,3385.931410923399,901.9206480755773,12514.072126595544
2021-06-04 11:56:32,3378.4141139943818,924.7679513952842,12806.396915522673
2021-06-04 12:13:28,3373.25253507155,841.7029931639046,13236.522008022239
2021-06-04 12:55:37,3367.6919385337737,934.0645422201561,13016.725425902107
2021-06-04 13:05:19,3367.8257270178483,856.5220535209712,13047.04068568763
2021-06-04 13:05:36,3367.8372070921137,860.2983696022686,13136.93904928239
2021-06-04 13:06:57,3367.897729028632,817.219228127869,13174.08809911295
2021-06-04 13:07:27,3367.9225806054296,817.8424383144243,12198.778387142771
2021-06-04 13:19:18,3368.8899291612397,842.396602237882,13081.793949661536
2021-06-04 13:23:08,3369.3546544578435,921.9406372608552,12684.03165561887
2021-06-04 13:35:02,3371.248926042903,911.0507156182997,13862.526682451859
2021-06-04 13:45:07,3373.362386285546,938.0229813846704,13445.053494397014
2021-06-04 13:45:34,3373.4670490916697,842.5673653728678,13277.147162908457
2021-06-04 13:49:35,3374.439015308508,816.672408662975,12011.635875437494
2021-06-04 14:00:00,3377.2632488349004,875.7128384277564,13073.486424943161
2021-06-04 14:05:56,3379.0558656552025,860.7045865969707,13405.313103272565
2021-06-04 14:21:19,3384.2564597693568,920.7700905128263,11933.977041647751
2021-06-04 14:38:52,3390.9972064377002,929.4088635454776,12317.335429778777
2021-06-04 14:47:31,3394.5589542510593,894.349847487398,12698.470703670431
2021-06-04 14:51:33,3396.259960445786,931.4601892362044,13451.388001691044
2021-06-04 15:00:45,3400.210360370283,922.9902954339774,12219.93427581326
2021-06-04 15:09:44,3404.126252949536,874.5503047976839,12691.651643098074
2021-06-04 15:39:41,3417.0144955135142,864.0662647749873,12941.915714854464
2021-06-04 16:10:31,3428.6111783228544,875.461794528106,13271.802531174815
2021-06-04 16:19:48,3431.498904980244,890.0463616450697,13646.512914294966
2021-06-04 16:25:12,3433.016050616033,918.4801326652698,13317.165895717168
2021-06-04 16:26:07,3433.2609542193604,873.814824681869,13242.813224893502
2021-06-04 16:38:17,3436.1416086931044,867.3614162546354,13038.107564420334
2021-06-04 16:43:52,3437.220555789949,868.6535649684611,13143.169905450988
2021-06-04 17:00:16,3439.4369202984126,868.7885357176943,12786.904852788974
2021-06-04 17:12:58,3440.129493236434,860.29797327131,13861.675852984365
2021-06-04 17:32:31,3439.413688625573,964.7366228361155,13542.289424073415
2021-06-04 17:34:10,3439.2560037837115,903.3382837362058,13103.113437027198
2021-06-04 18:04:26,3433.9089986813456,873.5188205994685,13270.116377354743
2021-06-04 18:24:30,3428.231483970205,883.3853478711537,12434.474133950256
2021-06-04 18:31:28,3425.9811743077425,902.3495494679638,13144.324577973759
2021-06-04 18:52:38,3418.662148104782,853.7467682796157,13626.013431348283
2021-06-04 19:14:09,3411.194479480913,840.0665808222975,12398.432436796124
2021-06-04 19:42:54,3402.8615657447576,855.8254383088647,12801.113074935296
2021-06-04 19:45:57,3402.170194728149,860.5299806739282,13291.436208300387
2021-06-04 20:10:24,3398.4947778899386,853.9055150186125,14029.026132854593
2021-06-04 20:51:51,3401.70997031718,796.1116261621708,12175.06517004983
2021-06-04 21:03:32,3405.0217661343095,847.7324820806741,13903.906219853665
2021-06-04 21:48:04,3426.760089563789,878.0354453629207,12411.597809495634
2021-06-04 21:50:55,3428.572526240001,834.6551521209415,14224.63567959464
2021-06-04 21:53:30,3430.2504757139445,897.7458933869228,13514.630716854155
2021-06-04 22:05:39,3438.541300338819,899.1646663802733,12893.013958630041
2021-06-04 22:45:23,3468.3126347412876,883.2465772425229,14110.90210118381
2021-06-04 22:48:40,3470.81186358253,873.6366356649969,12077.648869707258
2021-06-04 22:50:48,3472.429180360434,859.9960582229932,13010.956206428124
2021-06-04 22:57:56,3477.7845509900358,969.760888396622,13740.401164583118
2021-06-04 22:58:31,3478.218120169912,940.1509719860776,13709.920184556348
2021-06-04 23:20:49,3494.038905880043,923.4539860970101,13136.898615158974
2021-06-04 23:41:38,3506.9053287044644,931.6676153648643,15361.597165931005
2021-06-04 23:53:03,3512.9493581524334,964.2024918684698,14967.935984050604
2021-06-04 23:54:35,3513.70120623266,936.5059931736823,14236.075088050344
2021-06-05 00:02:25,3517.3136186853526,914.8728724416749,15231.380401590486
2021-06-05 00:24:08,3525.3044719854934,1005.4711933933005,12834.517615584486
2021-06-05 00:33:09,3527.770630129105,916.6875427446096,12751.668349277308
2021-06-05 00:44:12,3530.1691300874404,882.2562764555637,12454.679936932644
2021-06-05 00:54:30,3531.855521279301,868.7753845103766,13928.635771310783
2021-06-05 00:58:20,3532.3654386550743,926.7850092211405,14009.506318007807
2021-06-05 01:00:13,3532.595123916584,1002.6735241735369,12438.238936726571
2021-06-05 01:49:05,3536.2385999178664,939.2764516005069,13168.619679589343
2021-06-05 01:55:49,3536.836911998842,914.3755583423491,13064.920326810628
2021-06-05 01:59:47,3537.2561648633996,999.7356371707426,13318.566677886542
2021-06-05 02:05:05,3537.9112368916176,912.7667458611862,12452.623479794933
2021-06-05 02:11:56,3538.948334801638,990.1382964204975,14558.32737487418
2021-06-05 02:19:18,3540.347424361106,971.8031982977453,13791.446721809238
2021-06-05 02:28:05,3542.4675672206117,858.5679296095085,12946.534971292222
2021-06-05 02:42:09,3547.0741277282273,951.2322981216511,13150.732622165207
2021-06-05 03:35:07,3581.663665619617,1035.759836905579,11683.484330578878
2021-06-05 03:39:15,3585.65207469994,866.6117136670591,14080.221187680114
2021-06-05 03:47:56,3594.6521967044278,914.5316036830042,14088.297438876012
2021-06-05 04:00:42,3609.3766648301385,850.7663311890386,13419.55529660477
2021-06-05 04:03:12,3612.460894515683,1055.111534731354,14291.535500495076
2021-06-05 04:04:10,3613.670554073149,873.6348105065233,12115.715312794806
2021-06-05 04:12:22,3624.3045054812474,906.7326082297623,12881.936799528945
2021-06-05 04:20:32,3635.525922264502,1024.16890544769,14746.19486224412
2021-06-05 04:22:15,3637.9600398520765,1006.9068935195729,15028.549526505216
2021-06-05 04:25:24,3642.491172712023,901.7194911916558,13270.220396796009
2021-06-05 04:31:19,3651.2175045632375,1061.7544583242147,12221.132938901883
2021-06-05 04:32:06,3652.3928987945014,919.7869161464307,12731.895836979515
2021-06-05 04:34:18,3655.7179286421547,893.0309371114691,14613.99491252563
2021-06-05 04:36:07,3658.489457382619,987.4121468712764,13509.635785252121
2021-06-05 04:45:23,3672.960835434205,995.1774118832567,12984.25456071551
2021-06-05 04:46:38,3674.951958263475,1006.5614678998248,13803.092743226893
2021-06-05 04:56:12,3690.447906186903,957.1614007838733,13345.487611148134
2021-06-05 05:02:35,3700.995950776494,1058.0230741257571,16096.184222982363
2021-06-05 05:07:10,3708.645170468626,982.2822640978898,14222.350003754877
2021-06-05 05:22:27,3734.3870307252237,976.7586351158506,14560.4772329064
2021-06-05 05:24:24,3737.676580097042,935.0649469144523,15029.229737551412
2021-06-05 05:28:22,3744.357344029657,887.8688950646238,14494.157666983067
2021-06-05 05:39:27,3762.8647950523336,990.0629206709265,13444.566663456753
2021-06-05 05:45:07,3772.1794246349805,971.4229089411808,14471.810884395223
2021-06-05 06:03:24,3801.114548641106,1016.7070744248771,14738.825369424052
2021-06-05 06:05:39,3804.5242178216054,1056.041247722241,14111.615729449362
2021-06-05 06:05:56,3804.9508402047945,1164.8955079131958,15145.359045316232
2021-06-05 06:09:26,3810.1682498362256,1039.1073181448671,14956.338689621147
2021-06-05 06:13:29,3816.0780687270153,1037.955032766397,14666.242725356857
2021-06-05 06:20:24,3825.828502015973,923.8227823571469,15352.123985125474
2021-06-05 06:20:43,3826.2639705174015,1114.0642864732267,14484.244189798976
2021-06-05 06:28:19,3836.4084821131382,987.2399290899585,13869.803472859941
2021-06-05 06:29:19,3837.6978566363296,1052.9619405143596,13777.17564854628
2021-06-05 06:30:59,3839.8224276772808,1001.4572107979733,15800.253243261315
2021-06-05 06:33:23,3842.827319915991,918.0416482384331,14424.085925581538
2021-06-05 06:40:46,3851.653394524149,1034.1009894378697,16995.500973218805
2021-06-05 06:47:09,3858.7519144610296,1135.895408374311,14700.648537509418
2021-06-05 06:59:58,3871.4227523211243,942.0571146145072,14592.434255827966
2021-06-05 07:01:52,3873.1146359772465,996.2004789489404,16119.451100882676
2021-06-05 07:10:27,3880.1393700403496,1008.8027813678144,14354.73301964144
2021-06-05 07:25:20,3889.874441805809,976.8630147196865,14001.596687732392
2021-06-05 07:25:21,3889.883588584851,1027.0737290215584,14781.423018633506
2021-06-05 07:31:04,3892.7893534910722,1025.3856157238422,14736.269631686688
2021-06-05 07:44:43,3897.8758469662926,1013.9109210681295,13745.18531837546
2021-06-05 08:06:06,3900.798388782805,995.8917129633119,14187.406642007942
2021-06-05 08:06:48,3900.7954137340384,981.8535268054615,14935.106174559054
2021-06-05 08:18:28,3899.8896619530283,996.0153529587236,13187.993692905615
2021-06-05 08:20:03,3899.6467583313215,1029.5635875987332,13140.584251101789
2021-06-05 08:52:41,3889.156934167329,996.048599024615,14764.229483598127
2021-06-05 09:00:38,3885.282284563003,1018.6416627145106,15708.945602292722
2021-06-05 09:10:07,3880.1547511665513,956.9621972486162,14976.067341264721
2021-06-05 09:16:24,3876.5040026238257,1085.807078546695,17358.395541001166
2021-06-05 09:18:47,3875.0742726457033,987.6287191149926,14733.551477966163
2021-06-05 09:20:00,3874.335778736889,898.8936252775314,16347.308661620487
2021-06-05 09:26:23,3870.3756114098155,1125.2489824530226,15923.945251844636
2021-06-05 09:44:30,3858.583084234405,897.896610052783,13506.4714009559
2021-06-05 09:44:51,3858.3503551803838,943.3900033374437,14057.66397596121
2021-06-05 10:10:47,3841.1392934854252,1031.8566173053775,15060.02544991854
2021-06-05 10:24:34,3832.37449405393,981.969249820513,14892.114558533607
2021-06-05 10:49:50,3817.87924231565,1011.3991491707243,14270.96379162057
2021-06-05 10:54:57,3815.2669674483877,1123.3541792633027,13512.884703262518
2021-06-05 11:17:13,3805.4364304283094,981.7033458964255,14468.888817781119
2021-06-05 11:18:58,3804.7776799522867,1129.926141997537,14418.902419354134
2021-06-05 11:28:06,3801.625867997892,980.742688813564,14926.567930059791
2021-06-05 11:28:48,3801.4044522640856,890.1370997508546,13790.886985285682
2021-06-05 11:41:13,3797.965894853835,922.5563248684293,16370.140225863173
2021-06-05 11:48:25,3796.4034120912606,1039.584720537617,14491.358784687252
2021-06-05 11:58:56,3794.7004565604416,963.3059629619328,14427.27972127099
2021-06-05 12:08:38,3793.7442880771196,1064.6669792297046,17003.632790185886
2021-06-05 12:22:24,3793.400439718679,971.8297508014687,15401.033467867228
2021-06-05 12:35:54,3794.207113480284,1086.7299312340879,14535.35819563268
2021-06-05 13:00:54,3798.60388112431,962.1209109291109,15223.63417365325
2021-06-05 13:23:11,3805.5204498896314,1104.0994299897022,15601.747164442619
2021-06-05 13:24:12,3805.8992032154933,834.443407809333,13659.852840349111
2021-06-05 13:25:06,3806.2389116469035,942.8314777273059,13933.065412631577
2021-06-05 13:36:45,3811.001000777723,1021.5964817356835,15458.934586323368
2021-06-05 13:43:13,3813.924936943191,903.0771885011707,13939.563733723035
2021-06-05 13:44:45,3814.646278592971,1087.9946081100325,13496.623552596362
2021-06-05 13:48:03,3816.234113506066,991.7007352026127,13965.904135318598
2021-06-05 13:49:20,3816.8644307793775,891.4514275997478,15171.169342975321
2021-06-05 13:54:22,3819.403964867444,1007.7742477648504,15808.776595078465
2021-06-05 13:55:43,3820.102927435345,1066.477051132861,14430.140355590358
2021-06-05 14:01:40,3823.2697564182176,1050.3616891746199,14997.441039858513
2021-06-05 14:07:54,3826.730776803673,1034.7926335503164,13505.961946277072
2021-06-05 14:09:19,3827.536739416806,1088.091794357456,12966.40322545666
2021-06-05 14:16:10,3831.5285788281576,944.9060668226598,15151.550818822443
2021-06-05 14:34:21,3842.785051636903,1012.9802613156911,14799.55867907196
2021-06-05 14:36:44,3844.3194568330164,1016.1417917249638,14261.411943787552
2021-06-05 14:38:19,3845.3450471038896,1092.8377865455964,14144.489736425541
2021-06-05 14:56:07,3857.139912806463,1082.7416120479454,13984.604660539697
2021-06-05 14:57:40,3858.183333109045,953.3744345755722,14393.224173377705
2021-06-05 15:03:01,3861.7948077741657,977.7452454475915,14742.294439130656
2021-06-05 15:07:59,3865.1543743091293,1078.277091799138,13685.653021551343
2021-06-05 15:11:35,3867.5885907937977,1059.9764271292688,13981.114662224876
2021-06-05 15:12:49,3868.42166487149,1051.0157773708422,15255.748150817879
2021-06-05 15:15:05,3869.9508838626134,978.2810319618081,16543.33947947467
2021-06-05 15:24:51,3876.4938303546487,1025.2039778351136,15762.6942963452
2021-06-05 15:27:25,3878.1951858030716,935.0230821793102,14371.442199269239
2021-06-05 15:30:05,3879.9522453942654,926.2496699096363,14964.370333967172
2021-06-05 15:35:16,3883.3313954856517,1086.62251401355,13516.551704828327
2021-06-05 15:35:29,3883.4714893872897,1110.7184509394672,14842.893482838985
2021-06-05 15:38:47,3885.592494454636,1020.5879107617213,15062.817400109772
2021-06-05 15:45:47,3890.0030569163464,1022.2098769695098,13676.649735823356
2021-06-05 15:49:29,3892.2788761852757,908.4315770964447,13967.545340505249
2021-06-05 15:51:12,3893.320325897987,980.8546718991835,14028.860456264929
2021-06-05 15:52:47,3894.2723225445834,919.07287327464,15187.969505223986
2021-06-05 15:54:07,3895.0674123204085,977.7118260491864,14815.769742165152
2021-06-05 15:56:35,3896.5218351429185,985.7029746839862,14625.181330181562
2021-06-05 16:03:34,3900.514880260506,907.9831423713661,15455.550792290904
2021-06-05 16:03:49,3900.6542118536936,1017.292214869152,15009.712937857877
2021-06-05 16:11:05,3904.5858375294506,949.0306281364335,14655.032006230476
2021-06-05 16:12:22,3905.255355302867,1079.9089907442674,15826.306071474859
2021-06-05 16:16:38,3907.4244311670795,1041.196691604767,14905.099288313348
2021-06-05 16:26:07,3911.9124723596246,1037.0325138236094,14683.39581441952
2021-06-05 16:28:40,3913.036046550195,967.6965448205033,15018.686486383205
2021-06-05 16:31:44,3914.338192384746,1112.4700857557887,15555.103907303299
2021-06-05 16:33:38,3915.1174643697577,1042.037486806315,15441.137784650105
2021-06-05 16:34:50,3915.598610934399,1082.1084045304578,14240.409414160058
2021-06-05 16:35:38,3915.914583918515,1003.73401575093,14742.309966125918
2021-06-05 16:36:53,3916.4005537660373,1041.9378634280808,14909.112791155172
2021-06-05 16:40:00,3917.570618214034,1010.2485424841338,14663.280860510264
2021-06-05 16:40:33,3917.770861205407,988.9511220415355,14734.067009097113
2021-06-05 16:54:39,3922.2418311803604,1092.4237020522773,15599.706843706967
2021-06-05 17:01:50,3924.011724542776,981.3195243916095,13744.3317123951
2021-06-05 17:03:34,3924.386001491405,1004.7205993976169,13339.830602043105
2021-06-05 17:05:22,3924.75275577231,913.9649039526553,15315.114575157642
2021-06-05 17:05:44,3924.824720272693,990.6060944527385,14520.164454817417
2021-06-05 17:06:36,3924.9911189617374,1123.6953137411224,15647.825854934461
2021-06-05 17:07:05,3925.0816580698934,1154.465612590262,16212.226145641294
2021-06-05 17:08:35,3925.352323101535,1020.1394083166981,13063.445951058915
2021-06-05 17:12:47,3926.0269757061897,1064.325402345465,15019.076232557883
2021-06-05 17:13:00,3926.058448392622,1065.4540842310166,16124.78440661611
2021-06-05 17:18:30,3926.747875252237,1021.918703385725,14667.248810183963
2021-06-05 17:21:26,3927.0295405803126,1015.119239471534,17629.876927770467
2021-06-05 17:21:41,3927.050785998797,987.8881807487511,14077.17072749367
2021-06-05 17:27:59,3927.443822176957,1027.1260971409224,13397.392625245055
2021-06-05 17:28:58,3927.480602771229,1017.0222035161631,14865.736280641391
2021-06-05 17:30:59,3927.535459677877,1073.18022094825,15066.915785801686
2021-06-05 17:31:06,3927.5377896952177,1048.3628767881214,15662.342430033588
2021-06-05 17:49:18,3926.8053716642244,1074.2725296436608,14693.650076098891
2021-06-05 17:51:52,3926.533950751973,1076.6240835866217,14321.234458199397
2021-06-05 17:57:44,3925.767968113685,1064.8276483573939,14305.48503396978
2021-06-05 18:10:35,3923.4346568088768,1054.8467472717568,16163.470195148728
2021-06-05 18:13:21,3922.8251894073082,974.0987845354166,15490.022522614528
2021-06-05 18:13:33,3922.779779271201,899.7644139169472,14699.988412832281
2021-06-05 18:20:13,3921.167825202046,968.7457731929038,14988.918258110207
2021-06-05 18:23:17,3920.366480999782,966.4920854861522,14406.483215066528
2021-06-05 18:27:21,3919.2516341859973,964.9213281042382,15517.179124101702
2021-06-05 18:51:18,3911.819159804168,913.0535977705091,13330.112336219414
2021-06-05 18:51:52,3911.632237206188,1043.848216758637,16096.467395043313
2021-06-05 18:54:46,3910.672618358503,1024.2162422097726,13419.182541288023
2021-06-05 19:04:20,3907.5003796354013,1013.3024291999953,14546.842347620295
2021-06-05 19:10:52,3905.36599677287,1090.3540628435449,13815.832077932442
2021-06-05 19:19:56,3902.5147460108337,979.7869756112129,14104.902137665875
2021-06-05 19:21:53,3901.9254726114586,1124.476858424842,15543.316731031658
2021-06-05 19:24:28,3901.1608528938305,1036.8449901015326,16030.551072964263
2021-06-05 19:38:19,3897.449681517773,1034.340858812584,13954.444549351263
2021-06-05 19:45:16,3895.893622519015,1043.4642251576777,14289.157363352375
2021-06-05 19:45:20,3895.8798528486063,1031.6261583353216,15369.772400940796
2021-06-05 19:48:50,3895.189926865313,1031.550769114786,15181.384923367774
2021-06-05 19:58:29,3893.648638820214,992.5412858415713,16367.907147482712
2021-06-05 19:58:51,3893.601251233728,979.4602741889086,14034.098034143519
2021-06-05 20:01:43,3893.260632804354,929.7861302377314,14638.404518063573
2021-06-05 20:05:11,3892.9213917528973,1067.3376310930373,15953.213997626117
2021-06-05 20:10:01,3892.5867705988367,1030.506377327133,15172.155551280302
2021-06-05 20:14:55,3892.4192895092615,1088.8031761351776,16684.256689281625
2021-06-05 20:21:22,3892.474741065159,1036.8941878320527,14240.568816081563
2021-06-05 20:21:39,3892.48457411189,1046.0299100739414,14626.20508940311
2021-06-05 20:28:14,3892.8932221282107,1011.3700588544591,15252.206926781762
2021-06-05 20:41:03,3894.7107899930234,963.7054753167557,14052.843112550014
2021-06-05 20:48:13,3896.332523602176,926.5147070565456,15604.860102108747
2021-06-05 21:04:49,3901.773854570069,1020.4624328969578,13226.368073208609
2021-06-05 21:16:29,3906.9773896260053,918.7608078544857,15249.385762917263
2021-06-05 21:17:08,3907.2995711567505,982.4584643375923,13319.672120386665
2021-06-05 21:20:25,3908.977512404339,1029.7314010331786,14202.751997950994
2021-06-05 21:21:25,3909.5051258317244,1024.774594378506,15542.89751195819
2021-06-05 21:24:27,3911.152021685333,1061.556119822262,14786.722541474106
2021-06-05 21:30:41,3914.7495133491625,941.342174513075,14208.519890708036
2021-06-05 21:31:20,3915.1406719031584,1039.970063334842,15963.245511543631
2021-06-05 21:31:56,3915.504359835382,1035.8606583882815,14257.212305545638
2021-06-05 21:39:56,3920.58551593957,905.2135951923912,13811.116725797514
2021-06-05 21:47:43,3925.9151270487446,1113.7366862122294,14455.576686027398
2021-06-05 21:50:27,3927.869050263038,1024.0265872510056,16029.317519417622
2021-06-05 21:53:18,3929.948445347815,989.5838983619113,14815.909818331134
2021-06-05 21:57:51,3933.3513114482303,1097.3099163425193,17269.020272157723
2021-06-05 22:13:24,3945.620291210306,1050.6950571629714,14939.687841301731
2021-06-05 22:14:00,3946.1096278473083,1031.2140628305044,17190.54259437929
2021-06-05 22:39:10,3967.1465574826616,1108.8374080282688,15323.18743766009
2021-06-05 22:50:59,3977.01709377034,1008.4516299463522,13245.169345230257
2021-06-05 22:51:51,3977.7319368831786,1029.5970347067448,14903.967735989876
2021-06-05 23:03:52,3987.4363739267255,972.4064229583549,17141.309406982855
2021-06-05 23:10:56,3992.9097837403506,1081.4167068737195,17136.672391794807
2021-06-05 23:15:42,3996.47890017324,988.8370781772497,13762.733562147696
2021-06-05 23:30:50,4007.0183572679816,1002.8964932476566,14059.739424381905
2021-06-05 23:40:24,4012.95904406116,1056.735732128487,15856.99440343514
2021-06-05 23:41:28,4013.5831797923906,1049.6510366290158,15084.779404551578
2021-06-05 23:59:56,4023.0807608115806,974.0715557285159,14603.217293611118
2021-06-06 00:03:54,4024.786048933729,1022.8278022125755,15295.091696051852
2021-06-06 00:25:02,4031.8368329813047,980.8189475226177,13480.354995296058
2021-06-06 00:25:59,4032.0747262345803,1102.0231863059055,14930.309463793503
2021-06-06 00:34:27,4033.9087827991398,1064.5183083638126,14474.898833175037
2021-06-06 00:34:32,4033.924337052938,1047.4964836530917,14577.359770179663
2021-06-06 00:51:08,4036.1296108096544,1081.701519510625,14875.2815764996
2021-06-06 01:22:28,4036.586773152161,1120.3859293537546,17140.177765280816
2021-06-06 01:26:46,4036.4273416034716,1009.1363976567337,17704.969888286112
2021-06-06 01:36:55,4035.992535476323,1017.4431199778322,14368.494212308744
2021-06-06 01:42:11,4035.7744098952644,1203.363024582725,14827.114402122552
2021-06-06 01:46:05,4035.6337347687568,1055.1614685795118,16205.878606086768
2021-06-06 01:49:56,4035.5222566526227,1103.5616260130985,14859.281134175235
2021-06-06 01:50:05,4035.5185865648205,1068.9518482038004,15591.006749686509
2021-06-06 01:52:41,4035.464213254456,994.5712573046704,14936.450580950212
2021-06-06 02:09:44,4035.710978049318,912.8871444335734,14008.345878434026
2021-06-06 02:21:00,4036.6964535705833,1130.6326901087073,15160.761077657009
2021-06-06 02:26:51,4037.548704754656,994.5074743862702,16146.631234375016
2021-06-06 02:35:00,4039.188578955068,1023.1432663185758,15229.346556158931
2021-06-06 02:37:30,4039.8063909785424,1047.6803985543436,15498.219836207963
2021-06-06 02:49:08,4043.460226481248,1095.5287213848667,14420.851522792418
2021-06-06 02:51:04,4044.1990754418116,1047.9393467219413,16083.751385976348
2021-06-06 02:59:23,4047.834291033896,1056.0645157112797,14464.4697049011
2021-06-06 03:07:54,4052.360572857709,1121.8381009770403,14368.017307213591
2021-06-06 03:27:41,4066.2105344934052,1115.287489989504,14973.212967730957
2021-06-06 03:36:39,4074.074489075101,1044.1737453988771,16212.60890014257
2021-06-06 03:37:08,4074.526690522413,1125.0662043686216,15263.408482788713
2021-06-06 03:44:42,4081.9811112026678,1107.424136091386,16045.150234256154
2021-06-06 04:03:04,4102.933638698766,1152.470823325683,17108.882222775628
2021-06-06 04:06:36,4107.408168612542,1126.8972284176753,15196.421092541856
2021-06-06 04:16:33,4120.722370033518,1083.0818690223186,16484.398364691842
2021-06-06 04:20:05,4125.690496447916,986.7843065220335,16259.933264885974
2021-06-06 04:29:20,4139.242034284497,1129.31296177034,15934.073490475675
2021-06-06 04:30:27,4140.9280065944495,1103.7835166969974,14052.322179309775
2021-06-06 04:36:15,4149.843708038699,1093.4863688757407,17390.713661487625
2021-06-06 04:46:51,4166.750693938071,1044.3459257441123,16794.95212193725
2021-06-06 04:50:24,4172.563842628341,1034.1989488774245,14894.118788278038
2021-06-06 04:52:17,4175.674037196298,1116.086130766981,16055.887644963732
2021-06-06 04:56:59,4183.5060431386455,1154.3204651045,15461.895462431212
2021-06-06 04:57:50,4184.932156651458,1041.6525307110142,15793.478162525673
2021-06-06 04:58:15,4185.632222038157,1016.5452617954503,16813.57320202434
2021-06-06 04:58:32,4186.108629357298,1129.9130127894596,16212.661441163693
2021-06-06 04:59:11,4187.2026490395265,1085.4014309434322,17693.13433870824
2021-06-06 05:01:33,4191.198060498654,1106.5905044523051,16999.256367657446
2021-06-06 05:07:00,4200.459652123378,1103.1205006029684,16865.403787884276
2021-06-06 05:25:19,4231.8495817692965,1120.7408359929607,16670.37326231948
2021-06-06 05:33:39,4246.034087731415,1145.7128107309325,17209.021782642954
2021-06-06 05:37:42,4252.855453159865,1152.279059521248,16261.0310261743
2021-06-06 05:46:39,4267.681013863029,1155.1917985053353,14955.93693884951
2021-06-06 06:08:30,4301.69335894705,1160.5440606062375,15386.833055011899
2021-06-06 06:23:05,4321.9569562317265,1143.9320487906891,14799.26719768584
2021-06-06 06:23:26,4322.414100315361,1107.6693422135008,17956.97593392044
2021-06-06 06:25:36,4325.211320620419,1070.1027770916064,15444.985429573484
2021-06-06 06:31:05,4332.031154397225,1143.0750411148915,16690.960010957486
2021-06-06 06:33:54,4335.3845451733305,1283.7706457271674,17058.051526160885
2021-06-06 06:35:05,4336.76210892855,1037.7109409470652,14924.143690301104
2021-06-06 06:35:11,4336.87766488558,1083.7274060361412,17080.449293863967
2021-06-06 06:36:14,4338.0828763726995,1105.7242310197107,17587.310013591654
2021-06-06 06:36:40,4338.575920124624,1132.4070322077068,15959.825463660887
2021-06-06 06:38:08,4340.225691842017,1141.975207948862,17169.997044834665
2021-06-06 06:43:43,4346.232522858914,1105.085013929083,17829.752427357915
2021-06-06 06:44:24,4346.937359798543,1228.4274172165317,17404.571337214395
2021-06-06 06:45:35,4348.14201939963,1053.1053410763282,17387.03673171064
2021-06-06 06:46:24,4348.961570735402,1236.6126381819192,17814.456672490018
2021-06-06 06:48:29,4351.008121570902,1073.7908976348883,17888.01198871112
2021-06-06 06:56:22,4358.166559897952,1205.7147464612378,15726.466170456853
2021-06-06 07:07:17,4366.50015743745,1144.1917417209218,16694.041867491953
2021-06-06 07:08:21,4367.21374041085,1106.8373909510915,17205.232213347874
2021-06-06 07:12:07,4369.588252854445,1197.306765026591,16590.90278936648
2021-06-06 07:12:23,4369.747747034348,1166.8940742665982,16507.624406744584
2021-06-06 07:18:52,4373.2732967329,1145.6583329884454,15468.322104104827
2021-06-06 07:19:20,4373.500905553218,1079.1893678982656,17456.69546739219
2021-06-06 07:23:42,4375.460139766849,1155.2272880588216,15955.563968802091
2021-06-06 07:23:48,4375.501398408574,1095.8442508895698,17346.279482463255
2021-06-06 07:24:33,4375.80568847001,1041.8307606662058,17501.737684441898
2021-06-06 07:31:15,4378.121451774171,1105.330755796308,16796.79607710086
2021-06-06 07:46:28,4380.721743567111,1067.1018062694125,16672.125559819382
2021-06-06 07:46:33,4380.725993815188,1112.9921914215042,16993.892991651137
2021-06-06 07:49:09,4380.805012552591,1263.814525422419,16374.381567628026
2021-06-06 07:53:58,4380.679858057663,1105.2788813903699,17013.45377790066
2021-06-06 07:54:04,4380.673564300649,1173.3383074601795,16777.560299622517
2021-06-06 07:56:24,4380.484535794053,1218.112041491705,16217.44392909257
2021-06-06 07:59:30,4380.109499016699,1141.6019391292616,17803.33729565878
2021-06-06 08:01:13,4379.841796746579,1244.7791613895736,17595.67962752912
2021-06-06 08:08:20,4378.286689219994,1126.5748191375646,15264.575541333856
2021-06-06 08:25:55,4371.559717728069,1203.9444118438355,16233.552595300735
2021-06-06 08:30:06,4369.40336830716,1049.6843214705007,17572.70704578866
2021-06-06 09:02:12,4347.0887668758,1105.1848491781686,16139.038961713906
2021-06-06 09:03:28,4346.035514849902,1134.217134787804,16881.993486334326
2021-06-06 09:09:13,4341.126873861334,1197.1256745592648,15505.150517217378
2021-06-06 09:09:51,4340.574182969958,1264.4645240556922,17115.22659183235
2021-06-06 09:13:48,4337.077735831925,1119.411018384214,17022.929886343274
2021-06-06 09:23:34,4328.11250498844,978.7260431853767,16585.703596518284
2021-06-06 09:24:17,4327.439248335159,1208.6939832765684,19091.929910135423
2021-06-06 09:47:52,4304.553959884245,1089.4210447802452,17466.241040904915
2021-06-06 10:02:37,4289.992275140843,1075.1814957555143,16140.0081728844
2021-06-06 10:03:37,4289.010539596093,1189.9094392690001,18751.72093183966
2021-06-06 10:12:00,4280.8423177466675,1114.1093379961462,15120.540126293034
2021-06-06 10:12:17,4280.568597170232,1122.4115240955932,16419.21081178461
2021-06-06 10:23:10,4270.2090793889565,1192.9004143971151,16288.515733799757
2021-06-06 10:59:17,4239.09395442223,1065.1034590790857,15946.724108161849
2021-06-06 11:13:59,4228.372718762597,1017.910121283696,17460.61787458688
2021-06-06 11:19:13,4224.874872807181,1131.0211514951409,15443.016716760629
2021-06-06 11:23:40,4222.038428690517,1071.5351980764237,15038.478747372368
2021-06-06 11:23:42,4222.01766706873,1053.216223670012,15705.666449823211
2021-06-06 11:35:40,4215.040262752349,1100.4029966801218,16629.276308054454
2021-06-06 11:35:48,4214.967939216607,1072.7827307088926,16151.96945192474
2021-06-06 11:38:57,4213.294534144122,1117.2502975584744,16249.20321462383
2021-06-06 11:55:35,4205.5941042501845,1219.2662683647407,16611.033342320698
2021-06-06 12:03:16,4202.689768592772,1091.105502847994,15538.69899882776
2021-06-06 12:09:32,4200.628178747989,1117.7090345075578,16254.46768183927
2021-06-06 12:10:07,4200.450318359863,1057.8893442215292,15279.821593506782
2021-06-06 12:32:20,4195.445666135262,1123.681047978519,16199.404781755553
2021-06-06 12:42:22,4194.3003395101005,1197.0204318243732,16535.91041210309
2021-06-06 12:47:34,4193.9734866142,1187.7812099675457,14079.262383335263
2021-06-06 12:54:03,4193.816465532387,1101.14124062173,16446.499577797047
2021-06-06 13:02:21,4194.013302375944,1125.3889542297059,16457.81716630345
2021-06-06 13:10:05,4194.58855719565,975.9573316265501,15220.7440841682
2021-06-06 13:20:59,4196.018533218688,1078.4153511742545,16592.695583888977
2021-06-06 13:21:38,4196.126030923606,1157.89135501495,16662.93607901399
2021-06-06 13:26:47,4197.06368807721,1174.5536396541893,16250.429854670283
2021-06-06 13:29:03,4197.524033513694,1162.0225232652263,14389.631412163386
2021-06-06 13:30:10,4197.761356067986,1140.4862434024449,16230.697137039242
2021-06-06 13:55:27,4204.880837616379,1022.2868491014516,14736.472015580835
2021-06-06 14:10:36,4210.575681972109,1192.4593368529643,17170.37579878285
2021-06-06 14:12:02,4211.162297661247,1110.815441626359,16556.287080372396
2021-06-06 14:14:19,4212.112500790429,1151.2102782870566,14721.740832623449
2021-06-06 14:19:01,4214.1266652979675,1102.9391889819,15648.755384426382
2021-06-06 14:28:09,4218.245935430027,1161.708952155791,17434.566136774793
2021-06-06 14:32:13,4220.157845924318,1060.9397374662487,16894.821595314395
2021-06-06 14:36:39,4222.289936076213,1100.280863921481,16764.879790529645
2021-06-06 14:39:12,4223.536778099825,1163.651725666216,17114.60559970981
2021-06-06 14:47:16,4227.565366499933,1151.4888274460222,17318.19607187397
2021-06-06 14:48:56,4228.411433725183,1074.4067396189598,14125.65216408377
2021-06-06 14:49:34,4228.733995925198,1179.2328114143097,16679.26696294067
2021-06-06 14:53:33,4230.7747153393575,1076.718144564446,17270.069924706022
2021-06-06 14:56:38,4232.3665266228645,1135.9412514466826,15866.016629685877
2021-06-06 15:21:14,4245.178215245107,1052.5566966103377,15841.989210719468
2021-06-06 15:24:17,4246.747027085328,1099.4103847182255,18712.405311740404
2021-06-06 15:24:21,4246.781193607478,1144.5462773067266,16721.362494700756
2021-06-06 15:25:43,4247.480316169113,1172.634906434038,15747.166294715593
2021-06-06 15:29:43,4249.51081065877,1161.5798849004038,15857.081395796844
2021-06-06 15:34:33,4251.927194504841,1051.229267038145,16123.116605441735
2021-06-06 15:34:47,4252.0426747507945,1159.800385670427,16351.238014288
2021-06-06 16:05:15,4265.7494729124355,1205.0383919581434,17070.324971075508
2021-06-06 16:05:23,4265.801834507318,1175.3909425432712,17108.490391240102
2021-06-06 16:05:47,4265.958437139112,1028.4587528729505,16192.712894453234
2021-06-06 16:14:03,4269.02547315824,1151.613642032834,16007.145811006663
2021-06-06 16:21:03,4271.350637216093,1096.526953943786,15248.380917039185
2021-06-06 16:21:30,4271.491000691191,1179.1633914254041,15625.373841489909
2021-06-06 16:23:58,4272.2401008750685,1209.1842976683258,15663.681829672994
2021-06-06 16:29:16,4273.730144620488,1055.7929132333525,15107.16868379213
2021-06-06 16:34:43,4275.084952967155,1054.3585701839402,17618.710695468337
2021-06-06 16:34:58,4275.142645423058,1080.7155401997877,15047.320686638772
2021-06-06 16:40:50,4276.380908060947,1106.6769000371264,17045.061164431998
2021-06-06 16:40:53,4276.390494481844,1121.1570115004545,14594.781833131161
2021-06-06 16:51:01,4277.984564527864,1230.7638984270884,15892.151224156114
2021-06-06 16:56:27,4278.54564881006,1148.6187895394519,16324.704979532904
2021-06-06 17:01:25,4278.874131993949,931.2014197738745,16028.313525881938
2021-06-06 17:01:38,4278.884408688754,1052.8009046818809,16230.536216794502
2021-06-06 17:04:09,4278.978796362037,1060.5012386846618,16158.416426761782
2021-06-06 17:04:20,4278.98387119088,1191.0937445287402,16640.566876659486
2021-06-06 17:09:34,4279.025148546302,1075.486751574668,16275.967280830097
2021-06-06 17:12:42,4278.9537738769895,1117.9236080162714,16054.06971782342
2021-06-06 17:17:22,4278.713819643622,1086.177926301175,16296.596338434283
2021-06-06 17:21:09,4278.402108273643,1022.5106925905202,15965.123167885988
2021-06-06 17:24:38,4278.022792920769,1104.0143375868015,16805.407280659405
2021-06-06 17:29:28,4277.351116448845,1026.726909312745,17327.093167757608
2021-06-06 17:33:51,4276.597763115931,1074.1454354004247,15778.560802482354
2021-06-06 17:45:17,4274.006713872883,1074.043668749047,16922.291516054007
2021-06-06 17:45:52,4273.8510094069625,1077.0005713057255,16344.58795228158
2021-06-06 17:55:07,4271.092883266918,1161.2399570148061,15867.747824069605
2021-06-06 17:59:07,4269.73893405923,1164.3631901284043,15586.291012484593
2021-06-06 18:00:09,4269.374138018585,1063.6521723125106,16602.44237415454
2021-06-06 18:00:12,4269.356333299852,1144.2997420482918,15978.368283736256
2021-06-06 18:14:58,4263.523023563524,1186.9158676812424,16013.421853354042
2021-06-06 18:23:22,4259.756883504668,1049.088512888615,17774.16287679803
2021-06-06 18:29:36,4256.793941408895,1103.727208380205,16213.466147781322
2021-06-06 18:34:17,4254.490372525882,1100.8282037903177,17074.692176748093
2021-06-06 18:36:10,4253.54814444432,1057.565750362428,16430.671209743756
2021-06-06 18:37:24,4252.926727036464,1194.720646491591,15777.89550346234
2021-06-06 18:47:16,4247.857528735011,1165.482105672347,17800.682396050914
2021-06-06 18:54:06,4244.284770574212,1167.0087171431956,15248.858598307657
2021-06-06 18:55:21,4243.629347735858,1091.230196693533,16254.037395933265
2021-06-06 18:57:21,4242.580799852284,1116.7894330899503,16261.62653702295
2021-06-06 18:59:53,4241.254226495023,1167.4099294241246,16896.558180186774
2021-06-06 19:04:33,4238.821541623911,1112.3671139785054,15808.55992908368
2021-06-06 19:09:05,4236.482125134651,1247.9699840659707,16500.847549966118
2021-06-06 19:10:23,4235.817230581542,1112.844992623187,16740.27158246056
2021-06-06 19:16:26,4232.768818022907,1034.5660970383428,17840.719909403528
2021-06-06 19:19:33,4231.234062319533,1081.2017917975286,16662.9206946885
2021-06-06 19:19:56,4231.047231187607,1124.9840577392124,17594.1793553522
2021-06-06 19:21:10,4230.449190582505,1136.1785606030714,15904.79714971869
2021-06-06 19:22:03,4230.0238359009545,1165.430560352715,16367.881812054246
2021-06-06 19:22:13,4229.9438665063935,1108.9099778718316,16574.28468406063
2021-06-06 19:24:08,4229.030987040215,1122.19214163261,16623.98942291461
2021-06-06 19:28:16,4227.107834941637,1134.223908683846,15239.402343662541
2021-06-06 19:29:52,4226.381466377442,1116.1340886434,16268.05489626368
2021-06-06 19:31:54,4225.474054372634,1006.282484234094,16790.407223769984
2021-06-06 19:34:39,4224.276357528546,990.3519366857238,15857.086128372885
2021-06-06 19:37:58,4222.880145875893,1057.3479922469085,17060.422811143842
2021-06-06 19:40:58,4221.6659168766955,1117.429849787377,15048.925731939224
2021-06-06 19:44:23,4220.3432427909165,1174.188902661537,16191.408356620499
2021-06-06 19:44:43,4220.2177839897295,1032.2092410714392,15331.112077281869
2021-06-06 19:48:42,4218.770142819243,1187.1319076205816,15871.363063343399
2021-06-06 19:50:08,4218.273287145295,1069.5740704677014,15717.46881610015
2021-06-06 19:51:00,4217.979247086813,1137.5150020153033,15725.970735790339
2021-06-06 19:52:38,4217.438434688804,1236.6879191666583,17368.733703718957
2021-06-06 19:52:48,4217.384242714979,1055.3160309134798,16846.6385037697
2021-06-06 19:54:34,4216.821306401507,973.4504659909935,18644.226392790944
2021-06-06 19:54:38,4216.800478819527,1171.4012952006588,16510.315767836444
2021-06-06 20:01:03,4214.942419299301,1103.21080696317,15651.85245978501
2021-06-06 20:03:14,4214.378751850836,1039.4609816497023,15127.286708465666
2021-06-06 20:03:57,4214.201593596232,1172.123681602626,16187.405088990901
2021-06-06 20:06:32,4213.595879431072,995.3815782481337,17462.42974079613
2021-06-06 20:12:18,4212.435058957814,1068.8630928918176,18035.409715315796
2021-06-06 20:18:23,4211.509153623665,1181.586471255243,15769.514866210786
2021-06-06 20:24:24,4210.908581919983,1117.81672671114,17734.525634639536
2021-06-06 20:32:47,4210.615612060579,1078.3854527264186,19434.933615380265
2021-06-06 20:38:35,4210.794501246303,1025.9444183625938,16342.319939811136
2021-06-06 20:38:49,4210.808330156785,1062.0540406642576,15988.052783779098
2021-06-06 20:41:32,4211.007352301232,1039.3635151449312,15085.505713252922
2021-06-06 20:43:18,4211.174453789251,1131.1010654778345,16314.00096868211
2021-06-06 20:44:26,4211.297328464151,1031.6982138557419,14623.26428466515
2021-06-06 20:46:33,4211.559688679977,1002.3242947658275,17814.734390359725
2021-06-06 20:50:39,4212.189869831515,1131.6643663514233,16092.561531840347
2021-06-06 20:56:03,4213.265350970142,948.5819564447701,17345.545249895466
2021-06-06 20:59:24,4214.072328536992,1028.7279466063603,14604.97383723244
2021-06-06 21:00:48,4214.441117202144,1066.4193784690922,16055.811415472152
2021-06-06 21:03:04,4215.077422991248,1131.636625693335,15775.269241002961
2021-06-06 21:03:11,4215.111481834193,1095.0738891593178,16068.53901195662
2021-06-06 21:03:23,4215.170165582636,1195.4237929923563,15465.948389285631
2021-06-06 21:05:18,4215.751543223517,1106.226702579126,15677.850611036527
2021-06-06 21:08:23,4216.758553329326,1178.9142498969297,16354.217287663985
2021-06-06 21:12:17,4218.157590566581,1026.3960647259835,16408.404353478953
2021-06-06 21:13:26,4218.596526059737,1113.224055629103,15903.01158386798
2021-06-06 21:14:07,4218.862983592109,1143.222267506656,16847.480660535122
2021-06-06 21:15:02,4219.226998031613,1143.5005850474342,18398.398614100122
2021-06-06 21:16:09,4219.6805555892915,1174.966099554703,15299.099496909597
2021-06-06 21:16:30,4219.824993270653,1066.501453044527,15544.171745195004
2021-06-06 21:16:55,4219.998355067789,1125.4221624786003,16205.584280043046
2021-06-06 21:19:10,4220.960868043879,1040.6595262294493,15424.678550046374
2021-06-06 21:19:31,4221.114564285315,1153.8165476926897,15619.047551639078
2021-06-06 21:22:04,4222.266254634589,1163.4812022605786,15977.226933716549
2021-06-06 21:22:39,4222.537533135583,1118.4033243158185,16613.34049853054
2021-06-06 21:35:38,4229.296305424837,1126.16914975925,16152.292761980836
2021-06-06 21:37:38,4230.454100588781,1215.841958266325,16487.806185092595
2021-06-06 21:40:25,4232.113843750966,1081.2004645135203,17701.470427218912
2021-06-06 21:45:20,4235.177819957249,1100.6086705265336,18572.212292934513
2021-06-06 21:46:20,4235.820803814354,1134.7161080068354,15555.555291482277
2021-06-06 21:48:22,4237.148012516757,1033.3108695898816,15611.988487911143
2021-06-06 21:48:51,4237.467328118149,1031.003454048245,15036.07023247358
2021-06-06 21:50:54,4238.8376023774945,1153.1320900011367,16097.90432572783
2021-06-06 21:51:47,4239.435835890709,1022.3246703723933,15634.741932442112
2021-06-06 21:57:05,4243.118741227529,1134.7940694203012,15366.27840135848
2021-06-06 21:59:49,4245.076995182374,1032.6544450433457,15171.785084818344
2021-06-06 22:03:02,4247.428602153202,1017.3192482874924,16631.425823535697
2021-06-06 22:03:36,4247.847864366994,1059.2329121533771,14961.954305517258
2021-06-06 22:07:14,4250.569241899461,1107.3755851536637,17099.628977027263
2021-06-06 22:13:38,4255.487946760654,1178.0856115933273,15570.026989565518
2021-06-06 22:22:07,4262.202556866029,970.0911241393961,16058.201655260546
2021-06-06 22:24:44,4264.307050383286,1095.447754112364,18150.977017460464
2021-06-06 22:25:16,4264.73747637142,1096.778327573501,16645.39935513209
2021-06-06 22:38:22,4275.400462151265,1118.315499173578,16028.706147493327
2021-06-06 22:42:45,4278.975182441025,1076.2671826816095,17020.457403847762
2021-06-06 22:43:08,4279.2872064202875,1086.0236646532956,18638.767184546563
2021-06-06 22:56:05,4289.7022303129725,1040.6725551137615,16652.16711353948
2021-06-06 22:57:54,4291.134609272968,1127.6625984330446,15846.984186543628
2021-06-06 23:02:25,4294.653226663316,1140.1961423156074,15378.692869136528
2021-06-06 23:11:07,4301.223536365043,1199.9830102970084,17328.595658320155
2021-06-06 23:11:35,4301.567081000922,1082.5665652751436,16217.416327612005
2021-06-06 23:14:52,4303.955641359881,1208.9064179366887,16852.395031596796
2021-06-06 23:17:47,4306.033357097608,1096.5644092412556,16804.89857635049
2021-06-06 23:21:30,4308.6165039453135,1065.678254004055,17158.89254545073
2021-06-06 23:27:08,4312.383274298034,1097.833900692907,16440.95564240538
2021-06-06 23:45:24,4323.1925274358855,1043.0726002758865,16105.560138742889
2021-06-06 23:46:07,4323.568761905124,1114.8272616245172,16818.147436740273
2021-06-06 23:46:51,4323.949797005196,1066.4926040310813,15518.225571149813
2021-06-06 23:48:01,4324.547710197713,1113.3183295961983,15563.470088112304
2021-06-06 23:48:32,4324.809235675155,1162.2398038821589,15548.38352380434
2021-06-06 23:53:13,4327.087322942055,1137.0331957558371,17061.58627945275
2021-06-06 23:57:50,4329.167336719963,1050.0616550787493,15846.958741904024
2021-06-06 23:58:10,4329.311072420241,1004.058278869618,16704.109720896333
2021-06-07 00:01:38,4330.754047961683,1211.0491931805236,15292.768961899945
2021-06-07 00:08:20,4333.273062462235,1180.540468861581,15185.419820477888
2021-06-07 00:13:37,4335.008096755412,1223.8682794672027,16837.47698626555
2021-06-07 00:14:52,4335.386294584596,1251.7061309449311,17440.93976112734
2021-06-07 00:17:14,4336.068706210987,1129.5538264269508,16268.599140531265
2021-06-07 00:21:53,4337.282379383919,1095.4206672211008,16193.644494766788
2021-06-07 00:25:44,4338.161669656887,1078.1348617824794,16942.16857340443
2021-06-07 00:29:23,4338.892526600458,1106.5909539647955,17570.60397199686
2021-06-07 00:31:25,4339.257211227071,1170.506093799212,15238.142389610382
2021-06-07 00:32:15,4339.398040815833,1086.1566124799424,17413.516520440102
2021-06-07 00:33:47,4339.644218121172,1183.844396981854,17928.7526667393
2021-06-07 00:34:18,4339.723422237445,1094.5242711979433,16108.933731681369
2021-06-07 00:37:47,4340.208989865044,1173.769750894067,16269.584917766386
2021-06-07 00:43:21,4340.815841550391,1047.0588201924613,16046.71831117657
2021-06-07 00:46:39,4341.082259147325,1124.8491421675867,15708.965816999713
2021-06-07 00:47:26,4341.135752408329,1291.5413858943111,16536.213353972547
2021-06-07 00:47:37,4341.147743876116,1190.8131465469137,16622.45310441665
2021-06-07 00:54:04,4341.447358998416,1175.7132294197665,16063.612447224286
2021-06-07 00:56:43,4341.505443267039,1032.5857547638523,16627.46718624042
2021-06-07 01:02:46,4341.511029149339,1104.7794065756354,17316.661809062378
2021-06-07 01:03:38,4341.498504441613,1134.5175739918877,17322.623941663638
2021-06-07 01:09:52,4341.322290614416,1079.3994426103602,15642.063057059418
2021-06-07 01:16:53,4340.972362465005,1194.3517894915046,17483.55575197231
2021-06-07 01:18:39,4340.864397793619,1053.4843912869396,17136.04472492208
2021-06-07 01:24:46,4340.446476228193,1095.1788074098115,16759.000959405108
2021-06-07 01:28:36,4340.161001878225,1085.774308198027,16311.480683199065
2021-06-07 01:30:07,4340.045451488809,1153.7420699558052,17195.919455986877
2021-06-07 01:31:32,4339.936928996047,1140.6001893466405,16730.07142052441
2021-06-07 01:31:42,4339.924145893544,1170.1452083912134,16020.681706819092
2021-06-07 01:34:53,4339.680713215932,1069.1043187337302,16135.010367179415
2021-06-07 01:41:37,4339.188570774807,1179.7214528895888,17019.459006593923
2021-06-07 01:51:49,4338.5972312063695,1075.010609782458,16820.716404475
2021-06-07 02:02:11,4338.347581725613,1121.1378124370146,18648.30459368037
2021-06-07 02:06:05,4338.382864343166,1218.3515798545438,16545.671449651716
2021-06-07 02:10:58,4338.548907466942,1154.4175600132933,16440.46541243075
2021-06-07 02:11:05,4338.554669990669,1077.3852891447882,15933.396253222118
2021-06-07 02:23:03,4339.654407365978,1275.7070447226806,15893.082027906343
2021-06-07 02:23:30,4339.717182856804,1189.2308398788944,16925.5600404853
2021-06-07 02:24:02,4339.793760990425,1110.9108986991314,17904.39024788749
2021-06-07 02:24:14,4339.823090930594,1086.24777623191,15518.864801880423
2021-06-07 02:34:39,4341.841713372437,1089.3748195284409,17555.73453249916
2021-06-07 02:35:05,4341.947736826552,1188.0786680656188,17183.156767076158
2021-06-07 02:35:31,4342.055614110258,1047.2026601247715,16201.040710528394
2021-06-07 02:40:44,4343.503501518341,1121.6468813504343,15609.630359762414
2021-06-07 02:46:43,4345.518917359877,1189.6964560848917,17613.13654911529
2021-06-07 02:51:05,4347.242136131674,1245.0558929622393,17392.30487278845
2021-06-07 02:56:41,4349.778775325768,1086.6920715259057,15839.204024967254
2021-06-07 02:57:10,4350.015399170415,1096.746055521604,16177.092949622016
2021-06-07 02:58:10,4350.514041171533,1295.7332679775939,15234.043961276444
2021-06-07 03:00:36,4351.778963488148,1092.4484487275347,16695.61486066067
2021-06-07 03:07:06,4355.523511555308,1279.844452555593,14727.43838973114
2021-06-07 03:08:01,4356.095175318861,1198.572657609823,14860.590827828135
2021-06-07 03:08:50,4356.613673793644,1138.2810432509862,15745.806343553208
2021-06-07 03:09:39,4357.140872412802,1038.5782892729746,15231.478963029756
2021-06-07 03:11:38,4358.457617208911,1119.5103632307257,15710.349398940914
2021-06-07 03:19:05,4363.870213685081,1159.6602828422376,15468.120262168632
2021-06-07 03:19:14,4363.986835413853,1243.539938979155,15830.193240366321
2021-06-07 03:22:32,4366.629540334356,1040.3612810068325,17740.01541890098
2021-06-07 03:25:46,4369.362354946317,1130.0349119735492,14735.876241766058
2021-06-07 03:36:38,4379.593491226505,1152.9833207707425,17625.369608128643
2021-06-07 03:39:06,4382.140552853611,1113.3442503626718,15060.073697411754
2021-06-07 03:43:22,4386.741350652095,1139.6889418913759,16306.663505093362
2021-06-07 03:45:44,4389.399302902282,938.6053334329995,16048.246639656547
2021-06-07 03:46:49,4390.64103084393,1167.1252654600537,15782.61320877225
2021-06-07 03:46:57,4390.794942783182,1134.815973741808,17158.494079098855
2021-06-07 03:49:08,4393.348922313157,1067.979357648139,16430.82235735222
2021-06-07 03:50:17,4394.7195645096945,1177.3906084220162,17072.60232802236
2021-06-07 03:54:04,4399.351402078001,1103.1435476847632,16805.020176051374
2021-06-07 03:55:08,4400.690991147876,1160.8076995269203,19813.00343374274
2021-06-07 03:55:54,4401.662895821442,1125.0907858864873,16361.213121829072
2021-06-07 04:00:29,4407.6297445652635,1162.8849997087152,16804.892360208156
2021-06-07 04:00:58,4408.274438930504,1084.9515087850568,15565.512382390985
2021-06-07 04:01:44,4409.303037724215,1357.3797502089212,16126.795384471807
2021-06-07 04:02:07,4409.820078339976,1035.8164459059092,15785.28392928424
2021-06-07 04:09:43,4420.440630269044,1048.3904937883565,16914.030886649904
2021-06-07 04:28:43,4449.836447582258,1198.8314759920977,18176.335324030213
2021-06-07 04:41:20,4471.271869050264,1155.0931021532315,16634.230169300612
2021-06-07 04:48:50,4484.589916010295,1185.093832446642,15967.74185260855
2021-06-07 04:52:42,4491.593691308727,1141.082593793493,17420.388966599745
2021-06-07 05:03:16,4511.107565339768,1179.1574566380957,16150.136855959669
2021-06-07 05:08:29,4520.891142429417,1151.6649065393976,16880.413355884066
2021-06-07 05:16:27,4535.9395866515515,1243.6813290873192,16582.905934374547
2021-06-07 05:20:23,4543.389606144189,1168.8898323396122,17621.238901732275
2021-06-07 05:28:19,4558.39123054246,1265.1767763608689,20206.334287194044
2021-06-07 05:41:17,4582.60182809871,1176.8345182785174,17416.87693008106
2021-06-07 05:42:15,4584.380991356958,1107.980909777923,17213.646383780724
2021-06-07 05:47:33,4594.049935129671,1220.777574460771,18013.96187391567
2021-06-07 05:48:17,4595.375282202706,1220.7838373785023,18027.87947999277
2021-06-07 05:49:39,4597.836416051308,1272.2622682137187,17729.449732854842
2021-06-07 05:52:45,4603.373943603304,1095.6169165167955,17757.55473871005
2021-06-07 05:55:43,4608.61026312937,1202.2912402566603,18240.937911417837
2021-06-07 05:57:55,4612.450453265855,1083.7157855598234,16759.24299003852
2021-06-07 06:01:15,4618.194163028386,1294.0899837880468,16772.297978208655
2021-06-07 06:03:26,4621.904493906969,1191.28695551013,17513.18127905706
2021-06-07 06:05:20,4625.098152696472,1108.0379450608093,18555.06037409948
2021-06-07 06:05:23,4625.181741725666,1187.3323098815058,18427.90311305866
2021-06-07 06:06:10,4626.488204456912,1355.256843673795,17664.789189140185
2021-06-07 06:07:36,4628.863451285208,1251.1622625856844,15970.436184516442
2021-06-07 06:13:41,4638.7128366487195,1249.7089151411255,17105.18030481057
2021-06-07 06:15:12,4641.107002578667,1249.9474067132796,16289.335034602374
2021-06-07 06:20:55,4649.895231504153,1179.3170712645835,17318.976960973683
2021-06-07 06:21:16,4650.420733515191,1306.0745324089205,16900.675219499582
2021-06-07 06:24:20,4654.960671038815,1326.0849135575827,17795.076193956127
2021-06-07 06:24:29,4655.17972083802,1131.8298047896888,18832.985658692727
2021-06-07 06:26:47,4658.502526098949,1237.1049315712928,18525.027944151203
2021-06-07 06:29:08,4661.826559381379,1189.0121849290745,17119.20537838367
2021-06-07 06:29:46,4662.70988269608,1167.4190091293558,18090.786894062458
2021-06-07 06:34:36,4669.271290314833,1168.1180674464042,17302.11022274007
2021-06-07 06:34:43,4669.425669183272,1244.4250358420213,17319.804814855626
2021-06-07 06:40:12,4676.462050366955,1238.5815688748023,19410.516578784303
2021-06-07 06:43:20,4680.285269242094,1291.999542398387,18328.323107966648
2021-06-07 06:45:47,4683.171796456538,1338.61354357048,17050.932954992208
2021-06-07 06:49:15,4687.098681117222,1385.9399531008453,20840.647035684062
2021-06-07 06:49:37,4687.50309386742,1175.5815855710882,17747.93631658209
2021-06-07 06:50:34,4688.541072092703,1298.1049725723121,20363.546697895
2021-06-07 06:51:01,4689.0277845237915,1342.2258246632498,18310.02508715187
2021-06-07 06:53:01,4691.152125178821,1348.2236166768444,20285.42752668691
2021-06-07 06:59:50,4697.909102778776,1284.608466061929,18179.73987258814
2021-06-07 07:05:36,4703.029503018283,1144.2282382186636,20008.624097267082
2021-06-07 07:08:28,4705.368124095034,1200.747211533759,18089.631839737165
2021-06-07 07:12:57,4708.747233396496,1180.2517402011495,19238.965864448663
2021-06-07 07:13:40,4709.255740095134,1287.5263670879806,17166.14751298619
2021-06-07 07:17:49,4712.028058600807,1194.2672316349276,18608.351623643204
2021-06-07 07:18:08,4712.227513055687,1361.730317601216,17303.517237701864
2021-06-07 07:25:53,4716.573478490863,1313.5144579015318,16777.21495458403
2021-06-07 07:30:31,4718.680608661852,1201.855420577289,18117.37472465419
2021-06-07 07:31:05,4718.913165389079,1217.376974880503,18284.42074624866
2021-06-07 07:31:28,4719.067381824872,1288.8858940346365,18330.64072546548
2021-06-07 07:32:17,4719.387590902514,1301.0680544193547,17335.15629373705
2021-06-07 07:36:02,4720.712613065467,1182.9870586757893,17592.678126417493
2021-06-07 07:41:42,4722.2651879224495,1243.841020617047,16786.051424830017
2021-06-07 07:58:37,4723.7665277194665,1327.490945278208,18144.34241205556
2021-06-07 08:01:17,4723.589812861532,1253.18674596066,19677.935257273137
2021-06-07 08:06:24,4722.949351871178,1275.657383878971,17956.527806617254
2021-06-07 08:19:09,4719.709451254381,1167.4929327998534,18947.108223685213
2021-06-07 08:25:18,4717.360809757862,1232.2132895664602,18692.32730930086
2021-06-07 08:29:23,4715.538796999948,1280.0539089909842,18655.131122969913
2021-06-07 08:30:44,4714.892191291448,1217.75482362485,17200.788243765848
2021-06-07 08:31:04,4714.729225533637,1320.2384490304787,17657.947192512565
2021-06-07 08:51:00,4702.807001034101,1190.4911977028266,17625.78149326366
2021-06-07 08:51:37,4702.376321600614,1069.8371444282618,18216.901209115178
2021-06-07 09:03:37,4693.380220092719,1178.1171496275515,20196.815783775124
2021-06-07 09:04:57,4692.314739113265,1197.8025368872754,17598.781247877476
2021-06-07 09:12:00,4686.492757438702,1279.2918178107377,18266.637263350698
2021-06-07 09:14:12,4684.616663678371,1356.887604226201,17333.8045171937
2021-06-07 09:17:11,4682.03232506805,1289.2408430973112,18190.829076191538
2021-06-07 09:24:23,4675.627398036739,1243.9108694231402,20089.566357288706
2021-06-07 09:32:38,4668.055120435994,1234.5056144547,18462.917563200703
2021-06-07 09:36:09,4664.770775752875,1137.0724802876412,19049.416770164564
2021-06-07 09:37:05,4663.894685182979,1130.2811254004928,19475.329339557968
2021-06-07 09:40:38,4660.548473051961,1203.1407503495773,17303.759336775645
2021-06-07 09:43:17,4658.038913239675,1089.3195171756454,16184.847200905528
2021-06-07 09:44:26,4656.947484169868,1254.5174197121362,17185.293923795856
2021-06-07 09:48:18,4653.270543046143,1290.4880945063828,16334.855319849597
2021-06-07 09:48:50,4652.762794632943,1188.9900694286614,15857.498238841796
2021-06-07 09:53:39,4648.175933581544,1261.9123569956887,17089.765199168472
2021-06-07 09:56:25,4645.543857494658,1170.1373562912208,18033.409734302015
2021-06-07 09:57:27,4644.561983658467,1140.9642119002842,18005.251939625916
2021-06-07 10:00:33,4641.62204800351,1229.4745241613482,18414.959386846494
2021-06-07 10:06:55,4635.623381254443,1175.5965085125058,16955.3381806393
2021-06-07 10:09:25,4633.287418864677,1135.109237679501,16075.399795011248
2021-06-07 10:12:53,4630.071165213556,1082.5433537746371,18870.547311246984
2021-06-07 10:14:35,4628.504909742085,1199.29401363347,16096.458874167587
2021-06-07 10:29:11,4615.429048617767,1085.3796069126959,16491.539196985243
2021-06-07 10:32:36,4612.485196592026,1232.979971265631,17842.051212115988
2021-06-07 10:33:32,4611.689809975057,1197.3886662699156,16229.682645892768
2021-06-07 10:34:04,4611.23704876486,1148.0269388097265,16558.995573117252
2021-06-07 10:35:31,4610.012633717862,1282.8767135016906,19365.877315423615
2021-06-07 10:38:04,4607.883118269181,1174.6355964937165,17849.374494874504
2021-06-07 10:45:22,4601.964609382215,1275.8188961745482,17201.099112410095
2021-06-07 10:48:00,4599.898170921116,1232.864585863047,19257.790840812493
2021-06-07 10:51:08,4597.489357267788,1200.4774346875581,16551.530458973204
2021-06-07 11:03:40,4588.433164851538,1174.8129711453714,19092.006609892465
2021-06-07 11:11:32,4583.255491815814,1211.0222180925373,17988.652230150867
2021-06-07 11:28:43,4573.419091202111,1124.928989458576,17003.630932032374
2021-06-07 11:43:52,4566.522665424378,1300.0667790832185,18963.605021656193
2021-06-07 11:44:30,4566.27179878868,1306.9581518820444,16883.62213333759
2021-06-07 11:45:23,4565.9269790599765,1156.2014433467566,16494.743791236848
2021-06-07 11:47:22,4565.174330226733,1214.9998013742681,17223.07074551153
2021-06-07 11:52:17,4563.437676549665,1200.04723530346,17037.20005311925
2021-06-07 11:53:36,4563.003952158672,1173.6227566321213,17905.376728050716
2021-06-07 12:01:34,4560.663210022802,1040.0185022601845,17345.793696861718
2021-06-07 12:01:38,4560.645679073199,1351.389661590713,18034.183429659875
2021-06-07 12:07:51,4559.161107465311,1169.9826590419702,16717.829968298272
2021-06-07 12:09:21,4558.847399811218,1170.5492170776915,17860.071175604025
2021-06-07 12:09:26,4558.830478616961,1124.9696962059982,18103.278448534697
2021-06-07 12:09:36,4558.796796321314,1205.530563361659,17397.09831644217
2021-06-07 12:12:25,4558.259835949352,1137.0060598850755,16862.56237055117
2021-06-07 12:15:17,4557.775850245749,1114.5185503988246,16268.005850417681
2021-06-07 12:15:28,4557.747040444846,1219.0978781575725,16438.41944106645
2021-06-07 12:18:49,4557.265893589916,1119.4592318414916,18794.450612637116
2021-06-07 12:21:58,4556.891651547828,1282.673812743242,18651.318684249436
2021-06-07 12:22:21,4556.851268534842,1244.01097621322,18034.238898461805
2021-06-07 12:22:54,4556.795280206909,1178.8267365338659,17155.58180336233
2021-06-07 12:24:55,4556.609653849647,1295.2968894735432,16634.282868794962
2021-06-07 12:25:28,4556.564384344394,1219.4168909042328,18403.317885517285
2021-06-07 12:26:34,4556.480720181903,1132.1681308471652,18796.276010674283
2021-06-07 12:28:14,4556.371394838615,1137.4422291233745,17877.126591638833
2021-06-07 12:28:50,4556.337172515131,1100.5796402709507,17584.390166579728
2021-06-07 12:32:26,4556.188748942406,1167.3138014798483,15920.679357699939
2021-06-07 12:34:20,4556.149611557048,1261.3852988166948,16499.923787755208
2021-06-07 12:36:50,4556.139174720478,1159.353711975429,17104.831665826332
2021-06-07 12:38:19,4556.154952309513,1224.332820995342,16813.751494430864
2021-06-07 12:47:48,4556.638739816423,1167.0184883819659,16461.979356761527
2021-06-07 12:51:20,4556.986333976585,1172.6184898001443,17234.841678972993
2021-06-07 12:57:53,4557.866687726989,1257.067811418395,18290.550711687152
2021-06-07 13:00:21,4558.276658748258,1200.3039402395675,16913.169700937116
2021-06-07 13:00:41,4558.335317718409,1264.3533892048267,15934.855409812562
2021-06-07 13:06:33,4559.493352353202,1166.4554188225877,17201.09078719061
2021-06-07 13:09:39,4560.200154570235,1166.947231655324,18912.762511999554
2021-06-07 13:11:29,4560.6485862382315,1173.003637881529,18908.943300765404
2021-06-07 13:13:05,4561.058256830116,1166.9329791412927,18403.795119649854
2021-06-07 13:13:40,4561.211836575442,1204.02740597951,16015.986599167049
2021-06-07 13:14:34,4561.453191894042,1235.9263512696882,17661.265310332918
2021-06-07 13:15:34,4561.72760823415,1165.3443243082866,16755.049980429187
2021-06-07 13:16:09,4561.890707947842,1086.3414342557842,17040.024090139053
2021-06-07 13:18:49,4562.664487338156,1302.279063712619,16569.23664030199
2021-06-07 13:20:49,4563.274911838365,1261.0337838469716,19151.90965611619
2021-06-07 13:30:20,4566.524248960553,1135.0853502261746,17697.33884490359
2021-06-07 13:33:47,4567.838991075616,1152.3839748582516,18364.096670267412
2021-06-07 13:35:42,4568.599910478333,1172.6393078378742,18349.267844301907
2021-06-07 13:37:53,4569.492807306458,1147.8983987575382,18878.13316070961
2021-06-07 13:39:39,4570.235385178184,1183.5952616112104,17962.49074062643
2021-06-07 13:43:18,4571.825441336528,1150.9565816372685,17114.494686737402
2021-06-07 13:44:17,4572.266480726006,1113.0131347432132,18860.789557279477
2021-06-07 13:45:00,4572.591256947197,1187.382221293672,17408.695947639968
2021-06-07 13:45:55,4573.010745236745,1159.3069731482176,18091.677636084012
2021-06-07 13:49:07,4574.510538039565,1233.7023464201022,18590.399865623185
2021-06-07 13:51:38,4575.7279976336795,1106.7406160371997,18779.89621658178
2021-06-07 13:57:26,4578.656631677229,1237.8486252403102,17778.826562022106
2021-06-07 13:57:59,4578.9429897320815,1262.904323350405,16567.2295555707
2021-06-07 14:02:09,4581.159270804272,1106.0419087142623,16092.929413596014
2021-06-07 14:03:04,4581.657746633128,1216.624546329686,18618.88251119325
2021-06-07 14:05:28,4582.980931974248,1159.9590472305238,17359.420873306146
2021-06-07 14:05:47,4583.157445395572,1213.3775069672965,17483.253450502372
2021-06-07 14:08:59,4584.965751818816,1304.2913966209624,18337.85577928322
2021-06-07 14:15:20,4588.681000149073,1202.2527926077535,15957.97991369758
2021-06-07 14:17:30,4589.985187438714,1118.0938233836055,17022.084652608115
2021-06-07 14:17:57,4590.258282142193,1138.8942600481896,17674.323505153756
2021-06-07 14:19:35,4591.255797245435,1248.3300436702925,16704.36715692745
2021-06-07 14:20:14,4591.65546586226,1306.0421476198328,18764.75714424968
2021-06-07 14:21:46,4592.604227357082,1161.4633115726292,17680.99761658781
2021-06-07 14:23:57,4593.969238096934,1224.7655194691363,18153.59333410018
2021-06-07 14:27:03,4595.93451991598,1223.2403200965557,16947.49480814531
2021-06-07 14:27:20,4596.115674920875,1168.4725600386062,17122.77316918488
2021-06-07 14:28:31,4596.874950549785,1106.8807438338074,15393.443109750471
2021-06-07 14:30:35,4598.211143117522,1229.974179115057,18892.11626326749
2021-06-07 14:32:35,4599.516021086074,1301.7134127050667,17228.062701056
2021-06-07 14:33:28,4600.095889444698,1238.384914286655,17363.621517585307
2021-06-07 14:35:10,4601.217745743413,1184.224450367364,17503.14849051216
2021-06-07 14:38:19,4603.315915717128,1155.7737178938214,18827.382890768815
2021-06-07 14:39:59,4604.435648038074,1137.82133817845,17190.586569388095
2021-06-07 14:41:23,4605.381029062208,1180.7138546712886,17688.646431683737
2021-06-07 14:43:07,4606.557260735852,1135.9822995116388,16723.17142973505
2021-06-07 14:47:35,4609.615068846135,1161.1583247498695,17314.51736538189
2021-06-07 14:47:38,4609.649498386492,1153.168145270264,18471.465437540704
2021-06-07 14:51:31,4612.3354329544445,1268.952942466413,17654.983741960867
2021-06-07 14:53:11,4613.4947317249,1174.3147556280144,16202.164554356315
2021-06-07 14:53:18,4613.576014219823,1160.3532967472468,17473.74111980725
2021-06-07 14:55:03,4614.797164583373,1292.877063927906,18118.019345992037
2021-06-07 14:57:14,4616.325259680932,1275.4705538468268,15682.87934662131
2021-06-07 14:57:30,4616.512207671136,1232.2610683235614,18633.41921835354
2021-06-07 15:02:28,4620.003844802189,1293.099753141902,17328.998169307546
2021-06-07 15:07:46,4623.742287276896,1067.6561240506735,16950.072919864688
2021-06-07 15:09:06,4624.683369199785,1236.1957208628678,19087.997815369174
2021-06-07 15:09:26,4624.918622217386,1163.4066349799743,17386.044823599033
2021-06-07 15:11:20,4626.259215331174,1179.1425184743753,15573.430223338859
2021-06-07 15:14:51,4628.737350677766,1144.0553024575838,16363.247158423914
2021-06-07 15:17:30,4630.600165941028,1250.9163884323234,18317.02122854327
2021-06-07 15:22:58,4634.422958922966,1310.6166878793654,16353.318351215896
2021-06-07 15:22:59,4634.434561691477,1278.1849780906352,17786.498474114742
2021-06-07 15:25:17,4636.032095722668,1291.0512447092826,15644.515330193179
2021-06-07 15:27:46,4637.747992446187,1239.914671862075,18554.06432221117
2021-06-07 15:30:13,4639.430426175675,1110.830671530077,18092.536992373407
2021-06-07 15:32:35,4641.044559805854,1108.4024050543032,16210.400038500444
2021-06-07 15:32:38,4641.078535080637,1117.9520711924818,16001.274276201568
2021-06-07 15:34:24,4642.275444827535,1166.025148608904,18585.479940097805
2021-06-07 15:40:41,4646.470335463907,1221.941404132939,19369.624553421698
2021-06-07 15:46:18,4650.12461014563,1221.2882007942992,16644.39024607292
2021-06-07 15:48:49,4651.728375429523,1332.2977719996975,16484.12364873866
2021-06-07 15:49:57,4652.443247454379,1310.0725266954416,17216.59921695075
2021-06-07 15:51:05,4653.153374409348,1229.2132046983183,19151.18294605777
2021-06-07 15:51:21,4653.319759822858,1148.2451111015296,18110.705587221637
2021-06-07 15:52:58,4654.322603293369,1242.6879394314994,17568.758224839446
2021-06-07 15:55:39,4655.964122997934,1114.1474438554176,17673.574716969328
2021-06-07 16:01:42,4659.552139739074,1321.6527032332383,18632.82982315281
2021-06-07 16:03:25,4660.539753106419,1264.1436405552597,17456.153346958374
2021-06-07 16:03:46,4660.739377044546,1173.405669220597,16978.752044937464
2021-06-07 16:12:45,4665.649644078856,1205.5758979548543,18127.809427519962
2021-06-07 16:14:24,4666.504353154585,1268.7913473636158,17560.928853020694
2021-06-07 16:17:28,4668.05149744193,1243.4569633121357,18244.764249156156
2021-06-07 16:21:56,4670.204877978855,1223.1680711212903,18991.91701183747
2021-06-07 16:22:30,4670.469313369312,1242.344870592916,18139.121904090607
2021-06-07 16:24:23,4671.333644319823,1248.9046072260992,18477.338232170747
2021-06-07 16:25:29,4671.8280126175905,1294.5580860388209,16754.14124687407
2021-06-07 16:27:16,4672.612827756012,1217.6302040982864,16771.877770427793
2021-06-07 16:30:46,4674.09195229269,1188.8591889545226,20461.24980741412
2021-06-07 16:31:33,4674.411686216012,1259.5048701002047,17361.282180613824
2021-06-07 16:32:34,4674.820395495309,1106.9081969445551,17907.620723651813
2021-06-07 16:32:57,4674.972650438539,1238.7997692066099,17496.882881305515
2021-06-07 16:33:45,4675.2871190510905,1356.942887850402,17168.499502564995
2021-06-07 16:35:07,4675.814002742842,1234.2264182650936,18730.032782889557
2021-06-07 16:39:11,4677.303436922669,1317.8892119630723,16428.275449407396
2021-06-07 16:40:31,4677.765812453778,1253.3748308679028,17612.101415022476
2021-06-07 16:43:53,4678.875103885375,1213.437467776537,17816.435702198276
2021-06-07 16:44:46,4679.15218275062,1269.6062697556802,16510.75470763361
2021-06-07 16:46:13,4679.594274892497,1179.3903987630736,20283.987113896164
2021-06-07 16:46:52,4679.787287288303,1255.1444736391977,17945.017705784012
2021-06-07 16:47:14,4679.894748695394,1210.4735629653314,17784.76661439096
2021-06-07 16:50:17,4680.748731369416,1198.1770483880455,16384.398831978364
2021-06-07 16:52:50,4681.407511167425,1252.9592048488953,16111.497731211048
2021-06-07 16:52:53,4681.419921545246,1329.1535627834708,17303.03124563711
2021-06-07 16:55:51,4682.121109710451,1183.1136426751332,17369.396462007873
2021-06-07 16:57:21,4682.449170665912,1335.5821364368655,17066.26840238339
2021-06-07 16:58:48,4682.74927972732,1193.0288678986526,18073.81979381708
2021-06-07 16:58:51,4682.759329012161,1109.1163691888805,17155.986355017958
2021-06-07 17:01:30,4683.263272634547,1201.569680605566,17662.177563285506
2021-06-07 17:04:37,4683.783593607425,1254.61579227485,16059.563620387964
2021-06-07 17:06:40,4684.08294997733,1236.9759458757383,17379.004246433935
2021-06-07 17:14:20,4684.899059785991,1177.1760286801605,17118.1693440921
2021-06-07 17:17:00,4685.070395147086,1240.5986688225137,18035.73007637862
2021-06-07 17:18:35,4685.144654017395,1212.7688898184465,18042.08304476454
2021-06-07 17:20:00,4685.193770429709,1102.3178613907946,19172.565167842706
2021-06-07 17:23:52,4685.244785554479,1228.3225627045133,17089.025019913122
2021-06-07 17:26:36,4685.207857566695,1262.3748405240906,19038.600836903053
2021-06-07 17:37:41,4684.448619447832,1251.5646602742183,16502.40106018713
2021-06-07 17:51:38,4682.16108007622,1211.8918373042814,18661.47956610902
2021-06-07 18:02:53,4679.324858678094,1350.2379195909598,16996.971352349145
2021-06-07 18:04:09,4678.95482569656,1227.0193917068887,17471.237147922657
2021-06-07 18:06:59,4678.092338151735,1121.6678676516358,17965.183726981744
2021-06-07 18:08:30,4677.611430023196,1115.8525084555135,18893.269402934493
2021-06-07 18:13:09,4676.05729896085,1209.7269206478459,16233.039651968673
2021-06-07 18:15:45,4675.1385118400885,1344.3180157808054,19902.7185633225
2021-06-07 18:16:05,4675.018254512077,1157.9053315139051,17385.4580983146
2021-06-07 18:17:45,4674.408822830615,1249.8364802775152,18884.280071785273
2021-06-07 18:19:59,4673.57152884205,1155.4576370462644,17290.101776889594
2021-06-07 18:20:32,4673.361816898544,1220.2850458093678,19427.710135349676
2021-06-07 18:21:24,4673.028623052803,1179.1155537432169,19097.9450012681
2021-06-07 18:25:03,4671.590087651701,1209.837108220482,18175.19052957962
2021-06-07 18:27:09,4670.738057827991,1209.991589782673,18284.275956102676
2021-06-07 18:31:30,4668.921810838767,1365.0761790819797,17776.659589470943
2021-06-07 18:31:42,4668.836756871162,1175.9456196613546,18614.31111505774
2021-06-07 18:32:42,4668.409575427408,1309.3901359964923,18516.28866130245
2021-06-07 18:33:24,4668.108697595841,1104.8511171636196,17370.42015458056
2021-06-07 18:35:43,4667.102626382865,1264.28106683407,16431.480920439706
2021-06-07 18:36:40,4666.6857353264295,1317.3885043440955,16244.478898149358
2021-06-07 18:38:20,4665.948701581331,1150.9035646540817,17447.189668721752
2021-06-07 18:41:02,4664.740737066717,1315.87747578957,17451.92789724757
2021-06-07 18:44:13,4663.2972980722425,1183.9490835814945,19876.003031941513
2021-06-07 18:49:44,4660.758205661512,1168.1529071911414,18059.508329087636
2021-06-07 18:54:06,4658.72680883314,1115.5452436879937,16781.541549672616
2021-06-07 18:57:37,4657.085154234345,1231.5049000206184,16969.62853721455
2021-06-07 18:57:48,4656.999553282107,1234.0019024542255,17596.246576793197
2021-06-07 18:59:25,4656.244982299914,1249.6557748749503,18445.54730034255
2021-06-07 19:00:27,4655.763111319412,1334.5668611472488,18363.025051879715
2021-06-07 19:00:36,4655.693201507561,1261.4317496619017,19715.7286421365
2021-06-07 19:03:27,4654.3675817499725,1228.139582421995,18062.255644609344
2021-06-07 19:05:53,4653.241354797953,1199.089300807159,19316.789700631787
2021-06-07 19:10:53,4650.951999451626,1330.1709949490528,18488.681533064613
2021-06-07 19:12:40,4650.146062046708,1293.8104095353458,18320.51921948217
2021-06-07 19:14:02,4649.532992992361,1199.2887388799138,16535.660760592298
2021-06-07 19:14:57,4649.1241996593635,1289.2637262597186,17232.00744406872
2021-06-07 19:17:11,4648.13705064396,1268.6482556313795,17305.15289943972
2021-06-07 19:18:10,4647.706669429228,1221.748419662944,18902.957634585324
2021-06-07 19:22:43,4645.753509044218,1252.647602486289,17754.8560719025
2021-06-07 19:23:26,4645.45212835064,1266.6198189728152,17573.000361868344
2021-06-07 19:27:18,4643.85902737014,1221.777873802444,16316.098702026587
2021-06-07 19:29:49,4642.854489205913,1131.5129220359195,16989.683346030135
2021-06-07 19:31:39,4642.140176251472,1236.8817248889213,18646.19704445081
2021-06-07 19:34:33,4641.042442347089,1258.688499816843,18113.520453852907
2021-06-07 19:35:26,4640.7163028722125,1169.5758684329485,18632.42478717737
2021-06-07 19:39:43,4639.192998466748,1240.4992521952904,17244.129602657074
2021-06-07 19:40:47,4638.8293739754745,1269.5161733824723,17161.716797304278
2021-06-07 19:49:29,4636.121102925464,1313.2550924176564,17564.562464060702
2021-06-07 19:51:47,4635.487587355547,1295.359784125791,18906.177311039406
2021-06-07 19:52:24,4635.323976967896,1279.4508282381832,18714.066067833504
2021-06-07 19:52:43,4635.241003991044,1267.357677470674,16717.259749974048
2021-06-07 19:53:30,4635.038822160521,1175.4756557067951,18444.561478179934
2021-06-07 19:56:53,4634.216835466584,1317.7143006028757,16799.192250107313
2021-06-07 19:57:04,4634.1747204629955,1199.701841426052,16614.31363365948
2021-06-07 20:00:08,4633.508322288627,1201.2684843296427,17474.328500351257
2021-06-07 20:01:59,4633.141796858842,1307.313893263881,18167.86490244219
2021-06-07 20:03:06,4632.933797264648,1191.3998703202442,17993.105936632324
2021-06-07 20:05:18,4632.553730161921,1259.8289291418116,16620.94012051366
2021-06-07 20:13:30,4631.498447300833,1108.1189923286813,17128.093172521894
2021-06-07 20:14:57,4631.3733332206575,1253.8290268867838,18368.407679243428
2021-06-07 20:29:57,4631.232234545303,1120.3236319964403,18312.473718251305
2021-06-07 20:31:51,4631.36987633424,1352.4787274197024,17977.724332989732
2021-06-07 20:36:35,4631.869834384192,1174.9136711905858,18408.17878920889
2021-06-07 20:38:32,4632.14159487924,1365.021985644736,17518.064287251535
2021-06-07 20:43:58,4633.1033356016205,1131.8715739380184,19171.1533518835
2021-06-07 20:44:57,4633.309719562581,1252.191030591008,17456.88017445507
2021-06-07 20:46:59,4633.768011521486,1193.3839494134904,18487.767821823123
2021-06-07 20:53:05,4635.398262737262,1176.7060266747897,19336.218478200142
2021-06-07 20:57:18,4636.748848108491,1198.2323311042455,18168.470451199886
2021-06-07 20:58:54,4637.308979311655,1152.6033559625716,16991.949098633515
2021-06-07 21:13:13,4643.468861192675,1299.8661978935372,18864.422377698305
2021-06-07 21:15:57,4644.874262357161,1155.6413847914853,18792.73708512735
2021-06-07 21:22:52,4648.745515175603,1308.4514667179308,18446.927915479697
2021-06-07 21:28:29,4652.209380481517,1147.3245472126819,17935.053453654495
2021-06-07 21:32:32,4654.876909980848,1284.735920372514,17259.352253012414
2021-06-07 21:34:18,4656.0834375385675,1277.5572339642958,17221.407019744478
2021-06-07 21:42:37,4662.09478441963,1245.3921484813334,18034.866126042874
2021-06-07 21:42:45,4662.195419949152,1249.8588900704547,17268.913422482103
2021-06-07 21:44:22,4663.425823520232,1270.485885694405,16927.00269436088
2021-06-07 21:49:29,4667.439747757419,1324.6917457907125,17273.512469571277
2021-06-07 21:51:32,4669.096514721166,1228.2815577965264,20063.036418589712
2021-06-07 21:51:38,4669.178012578559,1284.8971418260498,20829.253113032053
2021-06-07 21:56:05,4672.865954994167,1251.0212022470919,16901.702648812363
2021-06-07 21:59:04,4675.401995224678,1264.3717345368525,19238.189117557184
2021-06-07 22:00:21,4676.507590585011,1459.3498501600734,16239.274816523199
2021-06-07 22:13:22,4688.147372771318,1212.039244687093,16580.086085515715
2021-06-07 22:16:04,4690.64189141603,1192.8051653837579,17174.38447091383
2021-06-07 22:18:08,4692.565630939376,1190.6803461257966,17930.377344008146
2021-06-07 22:18:26,4692.8458288308775,1178.640602495112,18540.54563433055
2021-06-07 22:21:14,4695.471445799169,1048.1221098751832,17702.768568658954
2021-06-07 22:23:42,4697.798289343001,1292.4460001221614,17399.06245663807
2021-06-07 22:24:50,4698.871053074293,1155.1101526794703,17529.47924962402
2021-06-07 22:25:21,4699.360785464673,1319.781814176675,18922.204340406533
2021-06-07 22:30:02,4703.815412202234,1256.4632986921138,17824.401532342057
2021-06-07 22:30:27,4704.212772839039,1257.5209202645544,19209.636319089528
2021-06-07 22:34:38,4708.207118111635,1199.824155410949,17949.645794909127
2021-06-07 22:42:09,4715.378956940199,1390.1159227218113,19133.67020872372
2021-06-07 22:47:40,4720.606559935475,1220.0716372643851,18771.99495921416
2021-06-07 22:57:59,4730.204836927853,1302.1004208764357,21005.1937445109
2021-06-07 22:58:07,4730.326821450803,1201.1948450146015,18640.82334678859
2021-06-07 22:58:39,4730.814138756443,1248.4206340208339,18829.30648080372
2021-06-07 22:59:17,4731.3915152556965,1279.2031292068013,18193.767525332154
2021-06-07 23:01:35,4733.475767337431,1271.8029613013978,19326.995474534157
2021-06-07 23:09:17,4740.2916001044305,1145.44373253078,18423.92039908336
2021-06-07 23:13:38,4744.015205198094,1244.6601228651582,18274.112855708707
2021-06-07 23:20:57,4750.037012589578,1206.8703291908382,19026.934073376087
2021-06-07 23:22:28,4751.243944236447,1206.552109283085,20267.84895114093
2021-06-07 23:26:07,4754.086045184903,1201.6381348407588,19766.850472477687
2021-06-07 23:36:07,4761.385972232579,1133.1275426243358,16733.072677043467
2021-06-07 23:41:04,4764.715177857689,1258.8597045781676,18659.764071408903
2021-06-07 23:43:42,4766.405036938741,1265.090399101724,19377.39358586191
2021-06-07 23:44:06,4766.656680573056,1243.9440049820587,20601.22512880333
2021-06-07 23:46:11,4767.945549071836,1229.3779597644823,17691.632261168914
2021-06-07 23:46:39,4768.22921333443,1257.3803583532733,18068.163681910377
2021-06-07 23:49:36,4769.979171602706,1192.1810136538272,17629.29559412733
2021-06-07 23:52:07,4771.412436204075,1214.3466133781192,17159.141544121736
2021-06-08 00:00:51,4775.951094625032,1236.0369789028898,18334.664358050362
2021-06-08 00:09:06,4779.606940778976,1264.0669278529926,18708.592871987028
2021-06-08 00:13:58,4781.473846025327,1296.5614670751136,16538.15066391108
2021-06-08 00:17:36,4782.728276696104,1350.8050907429954,17066.394748259416
2021-06-08 00:17:48,4782.793891639521,1325.678827133831,17393.127388212495
2021-06-08 00:19:41,4783.394284482756,1256.7243562560745,19333.822450665808
2021-06-08 00:24:20,4784.742515126643,1276.252548902826,18850.35842822872
2021-06-08 00:36:46,4787.4418316603815,1100.3702126977225,19753.73476211812
2021-06-08 00:39:47,4787.90783913751,1188.3327812688688,18256.526214351623
2021-06-08 01:07:45,4789.298289919832,1272.7997708749378,18804.714271501947
2021-06-08 01:10:45,4789.196183085849,1163.1255548000024,17398.375990863897
2021-06-08 01:11:18,4789.173587797136,1238.5705153162783,16843.090418542994
2021-06-08 01:11:42,4789.15643846736,1113.9610638640374,20735.04403751345
2021-06-08 01:13:52,4789.053506650333,1242.757639604869,17709.763131978518
2021-06-08 01:13:57,4789.049222094954,1376.8234562559255,17622.57960615453
2021-06-08 01:17:04,4788.873060596581,1290.1930459037667,16720.971560651757
2021-06-08 01:21:05,4788.605830703384,1249.8642985336103,16410.374464496028
2021-06-08 01:26:01,4788.230280036096,1287.9811456090245,18535.214461197775
2021-06-08 01:34:32,4787.515964341957,1359.1780995777362,18988.502591997436
2021-06-08 01:36:13,4787.372464939901,1302.0357414446148,19653.636956864102
2021-06-08 01:40:48,4786.990522468098,1344.0511884891116,20511.43363384778
2021-06-08 01:40:51,4786.986470687349,1008.5673865785659,18538.037921631676
2021-06-08 01:41:42,4786.918096857722,1482.6065859601295,20621.860347567672
2021-06-08 01:44:53,4786.67212195559,1265.7036691569217,18959.818238509317
2021-06-08 01:50:14,4786.307677467673,1259.8630063335675,18264.152750126603
2021-06-08 02:02:44,4785.838719494897,1255.3288903159234,18862.9946727704
2021-06-08 02:03:17,4785.834406585956,1172.4069207545197,19508.247848704774
2021-06-08 02:04:32,4785.830690013439,1259.98263418058,17840.79940020681
2021-06-08 02:04:53,4785.831199866521,1348.9634374967757,18686.847874750223
2021-06-08 02:08:42,4785.883343328319,1191.339575443104,16766.62473484202
2021-06-08 02:11:14,4785.968243646839,1058.9573450060266,19683.578425793978
2021-06-08 02:20:55,4786.717173377266,1283.3382138480783,20114.07240521292
2021-06-08 02:25:55,4787.402476426255,1301.9173856960786,16770.54476006274
2021-06-08 02:28:04,4787.7666246150675,1209.9272121434035,19254.685275287673
2021-06-08 02:30:17,4788.188137780296,1206.9872159744434,18680.33879128236
2021-06-08 02:57:02,4797.520563983427,1410.9367486487354,20060.571907411366
2021-06-08 03:02:04,4800.262565015905,1165.8207761612643,17605.571288267827
2021-06-08 03:09:11,4804.727189018406,1223.3104850350505,18299.242386067486
2021-06-08 03:09:27,4804.908163849643,1243.7277351860864,18962.033558571722
2021-06-08 03:11:48,4806.546374511955,1362.618125718551,19116.638704190096
2021-06-08 03:12:42,4807.194501800796,1236.90375441415,19132.23334546699
2021-06-08 03:12:48,4807.2672276080175,1295.6127280504566,17781.020057564314
2021-06-08 03:14:39,4808.638415648635,1298.312428060412,17813.16539956592
2021-06-08 03:21:26,4814.08805662862,1266.9546348455176,17151.464869366657
2021-06-08 03:27:21,4819.389003320434,1297.331582245464,18124.95016979473
2021-06-08 03:28:55,4820.878692727204,1273.346982878125,18238.808878607244
2021-06-08 03:44:41,4837.877339388848,1284.8553489780045,18344.960946792686
2021-06-08 03:47:34,4841.377441507479,1164.5330416795082,19403.93705296956
2021-06-08 03:57:01,4853.6752434725795,1282.5588522163437,17373.64488872511
2021-06-08 04:06:15,4866.8721816403,1308.2883879714711,18442.053732532593
2021-06-08 04:06:29,4867.220220260649,1186.312144512374,17333.7999917428
2021-06-08 04:06:46,4867.643779245012,1365.0752082352856,18887.462391256708
2021-06-08 04:08:28,4870.206667557234,1313.496771520048,18289.95495316509
2021-06-08 04:23:13,4893.914388076812,1230.5730498911332,16960.789606623286
2021-06-08 04:36:45,4917.726874264631,1270.749993608597,20161.8493681629
2021-06-08 04:39:32,4922.832069950279,1279.944279114409,18862.436907178177
2021-06-08 04:40:05,4923.848374224634,1365.9997490163344,19479.347089236668
2021-06-08 04:43:28,4930.151832456033,1280.4757902687536,16644.574560883866
2021-06-08 04:58:27,4958.96671145488,1253.5702949180297,19158.801601611227
2021-06-08 04:58:51,4959.752184190897,1239.3869568362318,18090.055131242552
2021-06-08 05:04:26,4970.779463868593,1128.7875429277085,21072.030481244117
2021-06-08 05:07:04,4976.0146415705985,1331.3707161605041,17217.624312453197
2021-06-08 05:12:06,4986.063238076458,1392.9914723885659,19138.402182946313
2021-06-08 05:14:42,4991.267882402603,1413.4120171057232,18906.168696013054
2021-06-08 05:29:26,5020.721472701228,1255.7702275171323,19666.739817890175
2021-06-08 05:33:22,5028.512706576747,1390.48556699279,19199.380311318466
2021-06-08 05:34:20,5030.419237297283,1226.9654471419806,21385.010683707515
2021-06-08 05:38:50,5039.242561228662,1292.961369057677,19852.963997395807
2021-06-08 05:42:57,5047.226282958629,1254.0339129064464,18820.81836109651
2021-06-08 05:43:33,5048.381879828258,1353.6431664720699,18799.172174235217
2021-06-08 05:49:21,5059.432567304325,1343.4690197770535,19028.607401161502
2021-06-08 05:52:35,5065.487944647033,1319.0832763228868,18826.08837565535
2021-06-08 05:54:58,5069.897619824883,1238.3214952315855,19547.91681841505
2021-06-08 06:01:03,5080.924109096681,1445.6644120600374,19511.43005765323
2021-06-08 06:28:17,5125.155066005577,1304.5264294395083,19208.858813255083
2021-06-08 06:38:56,5139.633489622513,1394.9247786955013,19446.641097342934
2021-06-08 06:44:53,5146.921426042862,1483.253818434693,19685.62664106896
2021-06-08 07:36:59,5183.160694331234,1226.8697412470422,21744.81552055633
2021-06-08 07:37:41,5183.297409844619,1136.5132922932805,18792.979364585128
2021-06-08 07:50:07,5184.207578713599,1449.9162213021073,19801.339377694825
2021-06-08 07:54:54,5183.808140857146,1292.236761758901,20989.367473370577
2021-06-08 08:56:56,5146.84506821882,1342.1530136939436,18779.633137347308
2021-06-08 09:07:02,5136.583608377847,1215.5298105319412,20230.538291822937
2021-06-08 09:23:46,5118.05517285907,1393.8233633267207,20947.79847606901
2021-06-08 09:27:24,5113.843377519517,1315.0080800459698,18396.66673444204
2021-06-08 09:32:24,5107.967234235146,1221.0002595683568,21329.590465093843
2021-06-08 09:40:32,5098.257984129708,1411.9429969360247,18923.445579324238
2021-06-08 09:41:32,5097.054684180288,1344.6767080568209,20494.426128938085
2021-06-08 09:45:29,5092.2876960123485,1468.0719868104875,17878.69497287912
2021-06-08 09:53:58,5082.009083395871,1431.4736167889048,19575.530551198844
2021-06-08 09:54:00,5081.968670972718,1294.3987324577959,20077.9237968095
2021-06-08 10:04:20,5069.47751317988,1440.1645648833849,19281.917791713407
2021-06-08 10:11:46,5060.587902360313,1337.8755809364777,19457.91648565799
2021-06-08 10:15:47,5055.838262572256,1230.026048454858,19686.839461450116
2021-06-08 10:17:42,5053.588102423317,1378.2100510179162,19430.946779771002
2021-06-08 10:34:01,5034.974982050964,1250.7019551870571,19566.444070072033
2021-06-08 10:38:39,5029.902627863489,1283.0826307362765,19586.03802542589
2021-06-08 11:04:01,5004.285052409111,1331.9650938158202,19099.6102245289
2021-06-08 11:04:30,5003.836565104854,1288.5948072703113,19934.008499774744
2021-06-08 11:16:12,4993.481277382017,1359.8200281512775,18291.641964685037
2021-06-08 11:18:23,4991.658648232665,1308.084959774323,18328.778148632387
2021-06-08 11:33:10,4980.2696315985395,1410.1333943864208,19709.813994950073
2021-06-08 11:40:34,4975.210285339612,1398.676198896107,20163.436585296815
2021-06-08 11:56:25,4965.85862173609,1387.4863824398924,18580.516637796856
2021-06-08 12:11:35,4958.832564989716,1348.4623689697464,22048.293710375376
2021-06-08 12:16:39,4956.905370484745,1272.5484534893978,18450.011701886375
2021-06-08 12:49:06,4949.464326818201,1282.1724791499753,17848.043599984536
2021-06-08 12:54:17,4949.040268395755,1305.8206717949047,18320.01911376203
2021-06-08 12:56:16,4948.93183367938,1263.0907377816761,19610.873596656234
2021-06-08 13:06:10,4948.827582109596,1425.7183433254452,20122.9623123912
2021-06-08 13:09:19,4948.944277004423,1279.0912883382578,18587.5912128398
2021-06-08 13:12:18,4949.120066039359,1403.8713950897438,19615.533381876303
2021-06-08 13:40:13,4953.674074604829,1357.916050624965,19607.350231593093
2021-06-08 13:41:10,4953.915945172731,1412.230038068096,22129.96606672284
2021-06-08 13:42:34,4954.2821085570195,1287.0078417370762,19090.212557597577
2021-06-08 13:45:16,4955.0205616786,1395.092311064924,18270.25894064792
2021-06-08 13:54:20,4957.800091159996,1357.016300685093,19530.053222792358
2021-06-08 14:03:33,4961.068873350045,1372.2135342120637,18591.13089796345
2021-06-08 14:30:16,4972.651871073073,1138.7381134631755,20271.820684733568
2021-06-08 14:31:41,4973.337524688107,1321.4458345623284,17001.219610779608
2021-06-08 14:43:30,4979.262367794091,1305.1434559271404,18909.40569238936
2021-06-08 14:49:04,4982.157085572711,1233.877768414014,18797.623333042513
2021-06-08 14:49:53,4982.586065553347,1293.8870848110382,18131.441603108415
2021-06-08 14:54:29,4985.019130615668,1323.5664794366896,17439.349993482734
2021-06-08 14:58:25,4987.117705406958,1364.1880767162081,19694.940116016187
2021-06-08 15:00:43,4988.35033925777,1257.2814369417383,19462.37709672754
2021-06-08 15:02:21,4989.227412374823,1168.5638274434998,19550.10991549615
2021-06-08 15:03:45,4989.979993731421,1310.5135554698415,19084.513925481842
2021-06-08 16:11:18,5022.08239302936,1396.919965395564,20070.61268498782
2021-06-08 16:17:14,5024.003241562738,1406.809514473478,18822.226326868185
2021-06-08 16:19:02,5024.541995859006,1361.2214657368536,20622.93635964327
2021-06-08 16:29:05,5027.147525735012,1222.8694353681944,19806.229184020987
2021-06-08 16:36:33,5028.612511177968,1344.5142855442837,19089.58232252543
2021-06-08 16:38:16,5028.889420409757,1210.8439835859813,19984.571293467765
2021-06-08 16:41:24,5029.335355211861,1274.594001581641,18752.25519258976
2021-06-08 16:49:14,5030.1049259060255,1236.882084528113,16968.16388610347
2021-06-08 16:57:53,5030.362140139697,1273.3257404893986,19639.956432494753
2021-06-08 17:04:19,5030.1381988148105,1397.2326250444823,18108.785097775297
2021-06-08 17:05:31,5030.05666323647,1467.2629865451072,20015.674096701332
2021-06-08 17:08:28,5029.802754412034,1476.075315756645,18210.503477989158
2021-06-08 17:21:53,5027.685984471394,1162.2210659754621,16766.998600482428
2021-06-08 17:28:00,5026.20011942778,1265.9689383806533,18736.486957445686
2021-06-08 17:34:00,5024.43144337683,1340.8291830422174,20859.262790907473
2021-06-08 17:41:22,5021.849218762596,1431.3912212098808,18108.435340905864
2021-06-08 17:56:46,5015.072049860168,1154.1725176919124,16582.50046390871
2021-06-08 18:01:17,5012.756897520952,1235.0898494497335,19692.633848521604
2021-06-08 18:01:43,5012.527527314648,1289.479903265841,20504.574972138817
2021-06-08 18:08:43,5008.655496308805,1232.365540763268,17500.728554385805
2021-06-08 18:14:53,5005.001592352066,1323.431023337446,19573.398195762722
2021-06-08 18:23:33,4999.530206548516,1186.7041834508602,17453.84627450631
2021-06-08 18:25:22,4998.3394111420575,1389.3340161624387,19632.697146796767
2021-06-08 18:25:34,4998.207468489395,1180.7012083940067,18783.26336568302
2021-06-08 18:27:08,4997.168312349957,1404.363540380371,18014.78009629198
2021-06-08 18:28:54,4995.984995581777,1330.9033915698378,17543.405792931426
2021-06-08 18:30:47,4994.7108479145345,1292.2341624739388,19136.483873402136
2021-06-08 18:31:13,4994.41591396042,1377.3436827447204,18206.356530386398
2021-06-08 18:36:15,4990.94600647026,1247.1005905883292,19243.39700806804
2021-06-08 18:49:07,4981.799566780839,1247.09810670157,17191.560620658158
2021-06-08 18:50:40,4980.680786343708,1318.3302841341715,19498.678951823407
2021-06-08 19:00:20,4973.682529203775,1311.4689188637255,19135.418226149177
2021-06-08 19:06:22,4969.3355918675215,1367.6239526980185,19857.972921442164
2021-06-08 19:10:12,4966.599953274535,1249.4565763751511,19497.381647509315
2021-06-08 19:13:32,4964.245345151427,1318.9531448915902,16914.862921013857
2021-06-08 19:15:44,4962.706395538795,1385.6478276398589,20168.374823493225
2021-06-08 19:18:51,4960.550207195209,1368.479438768791,18669.711738158392
2021-06-08 19:21:32,4958.719317962859,1347.796972422548,19767.781873882213
2021-06-08 19:21:58,4958.42605999314,1259.6815585816582,18666.984216843175
2021-06-08 19:22:23,4958.144743681777,1240.7333535777266,18438.928012292938
2021-06-08 19:26:38,4955.314791434258,1295.0003260841324,18246.228184455482
2021-06-08 19:34:21,4950.386728906637,1221.1970646869756,19081.767650583675
2021-06-08 19:36:53,4948.836539306123,1333.958894175326,18875.423564847617
2021-06-08 19:41:18,4946.223808854707,1400.463078262054,19944.57870344485
2021-06-08 20:13:18,4931.606419925978,1195.371351418795,16990.348585712018
2021-06-08 20:21:21,4929.366206316206,1360.400792349494,18204.441927948967
2021-06-08 20:24:49,4928.603144158034,1329.4509942492668,18682.629094078617
2021-06-08 20:26:32,4928.271415196105,1312.6351835101918,18725.37815148263
2021-06-08 20:36:06,4926.995301577735,1375.850514409237,18747.193550316384
2021-06-08 20:39:34,4926.776835699232,1188.9915685977328,17998.381041526005
2021-06-08 20:40:03,4926.756815537878,1293.5338950648668,17220.576853651506
2021-06-08 20:51:21,4927.0223534632605,1412.6886573745976,19124.34416846462
2021-06-08 20:54:41,4927.370126494311,1226.6510143766345,18981.197188599428
2021-06-08 20:55:19,4927.450059025935,1432.6041056433662,19223.656340891743
2021-06-08 20:56:59,4927.681502268284,1382.0107908081945,20140.691906999757
2021-06-08 21:21:50,4934.666428543632,1395.2721623987477,16911.70280626135
2021-06-08 21:43:18,4945.5702694085085,1255.6011864795034,18332.113195928185
2021-06-08 21:51:31,4950.743543698365,1200.913886168644,17530.509722774117
2021-06-08 21:57:52,4955.055731921961,1321.9645054512284,20067.973572811232
2021-06-08 21:58:53,4955.769006454232,1332.8889264079316,19505.376254982777
2021-06-08 22:01:17,4957.475997724043,1374.0175879057156,18596.182980914087
2021-06-08 22:04:22,4959.714224491524,1214.5757516076028,19874.547721753268
2021-06-08 22:04:55,4960.118529865346,1227.1241717178677,20128.884459222143
2021-06-08 22:06:11,4961.0552018600565,1311.821612493277,18926.248772853076
2021-06-08 22:19:46,4971.507540737614,1280.1586608507262,17788.63438363986
2021-06-08 22:28:26,4978.448484393195,1218.4719268447377,18404.159667564607
2021-06-08 22:43:41,4990.80997718219,1367.8583677149663,19361.751137278305
2021-06-08 22:45:19,4992.126074740718,1263.1110741442264,18456.914548978984
2021-06-08 23:06:47,5008.779853013814,1202.3449942426007,19733.960022263534
2021-06-08 23:18:36,5017.098021225809,1345.4726466468292,21880.516714072204
2021-06-08 23:24:35,5020.98595119577,1125.5855124391153,19813.979921565373
2021-06-08 23:32:39,5025.826608953105,1364.8941585980795,18556.75538370229
2021-06-08 23:37:07,5028.2916590154455,1397.5881908772787,18338.94691442053
2021-06-08 23:43:11,5031.376920045322,1345.2209380116362,18561.001222427923
2021-06-08 23:50:18,5034.590940201673,1212.3212650613702,20156.943042094586
2021-06-08 23:57:33,5037.396074417258,1369.4176685884936,22513.9124789175
2021-06-09 00:01:34,5038.741136095732,1290.6312532871596,19009.006928433122
2021-06-09 00:02:29,5039.026986798652,1221.3256665440952,19911.292952615597
2021-06-09 00:07:09,5040.3600583040125,1201.6525934569568,21662.563444591193
2021-06-09 00:11:26,5041.4037216010165,1298.3647400757698,19261.107409658944
2021-06-09 00:15:08,5042.167084210622,1347.3247948928372,20273.098267524085
2021-06-09 00:15:45,5042.281924173479,1233.1781908144849,18599.395642272182
2021-06-09 00:36:06,5044.152259665317,1314.2041986080312,19374.45549750877
2021-06-09 00:37:43,5044.148620039829,1365.5291732943258,18046.13854015536
2021-06-09 00:38:22,5044.141243834551,1294.7936447381253,18981.14131288587
2021-06-09 00:38:49,5044.13417043052,1310.5409511068278,17886.025785883445
2021-06-09 00:48:21,5043.622368406361,1326.8392021284478,19711.95604639234
2021-06-09 00:59:50,5042.182902488631,1350.2875662546626,21071.229225649928
2021-06-09 01:00:51,5042.017872094167,1346.6538203027496,20579.735940360613
2021-06-09 01:04:36,5041.3629357634,1299.7653390069886,17855.333515897048
2021-06-09 01:22:43,5037.407186300782,1285.7945680715065,18205.11040361134
2021-06-09 01:53:35,5029.945334519849,1260.9565175400871,19685.259675985915
2021-06-09 02:02:26,5028.270508383746,1399.3238750601686,19886.74011775819
2021-06-09 02:17:28,5026.5237878543,1406.8161206200996,19383.09747741633
2021-06-09 02:18:11,5026.483557977523,1384.6290592201885,20754.42400350585
2021-06-09 02:23:40,5026.326608893485,1267.820425139543,20385.838076987737
2021-06-09 02:25:18,5026.334005607939,1314.6048636633777,17259.248540331166
2021-06-09 02:27:39,5026.390697260302,1202.9253721050495,17803.314802414745
2021-06-09 02:28:27,5026.422717814771,1223.2214439153217,20002.729499883546
2021-06-09 02:31:37,5026.614968047089,1307.7606694713427,17053.63630729597
2021-06-09 02:38:34,5027.423047191564,1345.174985786263,19209.355467358233
2021-06-09 02:47:45,5029.372485027541,1340.0896568682317,18020.088477650956
2021-06-09 02:48:47,5029.658662030885,1209.0258575265111,19105.318287757553
2021-06-09 02:58:33,5033.072272937945,1225.263033285558,19127.05878967024
2021-06-09 03:12:03,5040.024068368903,1313.7680735208653,17325.937761976922
2021-06-09 03:13:33,5040.963849781494,1276.2621673340684,20233.061852777217
2021-06-09 03:23:46,5048.282930747399,1398.6828936853058,18091.711149774037
2021-06-09 03:25:52,5049.9878249137355,1328.3234609191256,19327.841133919344
2021-06-09 03:32:10,5055.516019564979,1407.4487366669214,19237.509352638615
2021-06-09 03:52:42,5077.813537476461,1344.436921330705,19255.123775136333
2021-06-09 03:56:09,5082.188220758664,1284.8731288891101,23395.904621112528
2021-06-09 04:02:04,5090.094287017667,1139.8691602685662,20208.720082548276
2021-06-09 04:18:12,5114.096564653925,1270.4551852624434,18706.887762607283
2021-06-09 04:33:50,5140.37468618677,1292.2283047824992,19017.886410700597
2021-06-09 05:12:37,5214.107353149832,1376.891324209891,18714.448891165306
2021-06-09 05:28:26,5245.512676854751,1464.6034678652163,21281.8573933088
2021-06-09 05:36:01,5260.409980865565,1447.460272115675,19307.92247451966
2021-06-09 06:07:40,5318.7261584938215,1367.9670665965348,19294.024334714828
2021-06-09 06:11:28,5325.087294676598,1504.044955101107,21429.53479647854
2021-06-09 06:17:01,5334.055534145223,1378.7722500861073,19597.407005994493
2021-06-09 07:05:26,5391.880974182642,1441.8334968185632,19313.578948437993
2021-06-09 07:10:36,5395.5516048349145,1485.7541181139504,21885.123553181016
2021-06-09 07:54:44,5405.644690408655,1444.8581434606301,19062.76109186127
2021-06-09 08:04:14,5403.018650880464,1403.2724739627283,22175.97644623848
2021-06-09 08:59:30,5360.932834194033,1496.2898027887916,22068.554205570526
2021-06-09 09:08:40,5350.663952593118,1301.5611487976614,19613.27630217869
2021-06-09 09:54:07,5293.740850139041,1539.538269274624,19201.019588602467
2021-06-09 10:25:59,5253.4778031808655,1469.289596503153,19612.089949981164
2021-06-09 10:49:24,5226.503802652222,1385.115045666203,21466.334554196954
2021-06-09 11:11:52,5203.8970004828425,1383.7835967435838,19272.814525927926
2021-06-09 11:51:38,5173.605445501467,1444.8518758157884,22250.960498928598
2021-06-09 12:07:33,5165.267155155517,1387.3525497910748,20117.01264150358
2021-06-09 12:08:09,5164.996045040019,1311.7407866312026,19873.05341595304
2021-06-09 12:08:25,5164.8765590248,1356.6483688409307,19578.7331842219
2021-06-09 12:15:17,5162.013031487748,1398.6968008576712,19874.748210599835
2021-06-09 12:41:02,5154.890401563,1330.6395297625722,18569.655590429527
2021-06-09 12:57:41,5153.236546920587,1362.8997652822495,18769.92966646888
2021-06-09 13:43:33,5159.571765852905,1372.1238043325486,21574.775552595063
2021-06-09 13:46:36,5160.500277446625,1388.048986542952,21293.23719030224
2021-06-09 13:48:32,5161.117948374368,1413.873293503459,20055.182617569975
2021-06-09 14:12:59,5170.704660862742,1433.4542473416793,20499.18120928173
2021-06-09 14:27:11,5177.555638842556,1251.9933837739638,20492.4755317857
2021-06-09 15:00:38,5196.037050795234,1227.673461929389,18809.598157777382
2021-06-09 15:14:56,5204.345986079221,1302.2038603329663,22396.58024192797
2021-06-09 15:18:54,5206.636375291418,1447.8791669424625,19813.24972359626
2021-06-09 15:37:23,5216.976627229694,1402.5258235944355,20644.464850820837
2021-06-09 15:42:46,5219.825995351158,1159.3199887503692,21912.950662301922
2021-06-09 15:55:05,5225.939236546878,1454.74405303689,19133.39917583241
2021-06-09 15:58:31,5227.524097381702,1425.7055835243461,19297.589816670683
2021-06-09 16:08:02,5231.596303463808,1369.4408517153424,19159.212258525993
2021-06-09 16:23:45,5237.121389027802,1322.4991907955146,20045.670909232453
2021-06-09 16:24:15,5237.269733579997,1404.1450832504042,19315.295042916743
2021-06-09 16:42:41,5241.411913267789,1294.0235581328388,19885.523908019568
2021-06-09 16:48:22,5242.133739730021,1221.5782324986724,19688.928984972823
2021-06-09 17:01:33,5242.726393425153,1316.6870390782133,21021.226831486216
2021-06-09 17:11:35,5242.131004834459,1308.512054227433,20137.080893697086
2021-06-09 17:20:24,5240.849075865837,1513.3311614766856,19722.406714127545
2021-06-09 17:37:40,5236.305989124047,1320.5034229421967,20098.702349740975
2021-06-09 17:38:02,5236.181072730181,1343.5429519779943,19198.605008717725
2021-06-09 17:43:24,5234.222242084466,1333.4695735822675,19225.387336625678
2021-06-09 17:46:22,5233.036463020103,1329.8264708958836,19279.20557379531
2021-06-09 17:56:50,5228.29491080565,1479.3664503261448,18243.271396972217
2021-06-09 18:15:12,5218.094871601126,1544.8391385292155,19612.073960038826
2021-06-09 18:30:28,5208.166578514409,1424.3246747200346,19438.476464450476
2021-06-09 19:04:59,5183.313043239793,1549.983649873721,21380.533134494206
2021-06-09 19:11:12,5178.8190798256965,1466.7571355539192,19825.385072422927
2021-06-09 19:34:42,5162.899297580152,1412.9881241961805,19577.23578367214
2021-06-09 19:35:07,5162.639607911325,1508.1954978842812,21427.500629728853
2021-06-09 19:55:11,5151.477821403473,1306.162075590045,19020.178067591176
2021-06-09 19:59:27,5149.497461865752,1286.4884535230535,21387.312621123878
2021-06-09 20:32:45,5139.998863890833,1396.84146496138,19728.05668914237
2021-06-09 20:49:00,5139.680579432823,1455.117519739956,19903.089864005586
2021-06-09 20:53:39,5140.141175786717,1287.1285082823267,18630.712382942504
2021-06-09 21:05:39,5142.459686447019,1427.6002485182125,19335.577473873185
2021-06-09 21:08:33,5143.260744539648,1303.0875559295216,19189.55478496835
2021-06-09 21:20:53,5147.676173419929,1447.7354016981633,20033.985894146797
2021-06-09 22:05:04,5174.800252595103,1375.569805889044,19064.37746691674
2021-06-09 22:15:46,5183.2440314012965,1359.5012965683002,18154.28333639379
2021-06-09 22:22:36,5188.83666043016,1420.9355117981474,20196.678460962565
2021-06-09 22:25:11,5190.9781227136855,1512.3741196484686,21420.44198945992
2021-06-09 22:28:25,5193.672735633639,1357.0918077420538,21118.76145416332
2021-06-09 22:47:20,5209.463076153191,1229.9668766422192,20269.461139046474
2021-06-09 23:49:44,5250.633125273577,1320.337343866267,20635.555743624882
2021-06-09 23:54:56,5252.66783440205,1335.4587534159052,18877.795952977922
2021-06-10 00:03:06,5255.324071748327,1275.686221312062,19681.484159474443
2021-06-10 00:07:22,5256.446083830424,1435.8490562253962,21506.26816772244
2021-06-10 00:10:53,5257.233192333212,1259.1477534064209,20380.242210625976
2021-06-10 00:14:41,5257.944249126009,1425.7992620771208,19212.836668454376
2021-06-10 00:26:15,5259.230735288156,1358.541003939259,20557.550064870153
2021-06-10 00:26:22,5259.237115681418,1361.7405593825822,19276.81635769653
2021-06-10 00:32:36,5259.392975953258,1481.4758156557787,20547.079776165865
2021-06-10 00:37:23,5259.273231582051,1266.3280444452457,18995.375651579976
2021-06-10 01:35:37,5246.074419208869,1431.634110115852,20271.39031805294
2021-06-10 02:18:46,5235.279158542707,1372.779642749505,18532.364462313544
2021-06-10 02:24:42,5234.724101961893,1485.4536259839495,18755.33690161008
2021-06-10 02:48:32,5236.297394657221,1396.501478987615,19528.8919121829
2021-06-10 03:03:01,5240.81050855865,1394.9018587658056,21432.412302016284
2021-06-10 03:23:27,5252.472421445502,1322.173964533369,20001.49771250424
2021-06-10 04:18:40,5316.2528975496525,1274.1041255707976,20811.775671843297
2021-06-10 11:47:54,5289.780854634543,1513.4391321550565,21391.003350169743
2021-06-10 11:57:07,5281.671836371301,1253.9404452183276,19939.24684949055
2021-06-10 13:27:27,5239.884455748537,1306.2584064881244,19402.030383186215
2021-06-10 13:39:47,5238.973050465428,1303.9598421140004,18250.238233510765
2021-06-10 13:41:12,5238.930254395645,1359.9921849877264,19388.434287634955
2021-06-10 13:55:14,5239.145565943114,1287.1734243014516,20978.37502739326
2021-06-10 14:27:25,5243.342089322522,1411.0387685697021,18981.57228385339
2021-06-10 14:29:20,5243.720623701108,1282.5695484231849,20242.34214789953
2021-06-10 14:36:25,5245.212979318037,1446.4052808942795,19480.558036536488
2021-06-10 14:46:03,5247.438284804049,1533.4991366072654,19491.6928651223
2021-06-10 14:53:28,5249.262419197272,1348.8651108280874,19360.586158057988
2021-06-10 15:12:21,5254.0761391572205,1331.4710042191894,19725.792753177222
2021-06-10 15:18:12,5255.543979664281,1432.962606853405,20519.264460034203
2021-06-10 15:24:33,5257.085803025421,1486.6851522648228,21338.55645887354
2021-06-10 15:27:53,5257.865447369941,1320.6292745639878,20905.296327771037
2021-06-10 15:38:52,5260.235721319652,1343.0687683007895,21043.878103487998
2021-06-10 15:39:00,5260.26226746997,1365.3039110690484,19234.208945732145
2021-06-10 15:42:33,5260.946231231361,1345.3272802168606,21891.6595069796
2021-06-10 15:56:03,5263.080830957173,1436.7257403212607,21429.16593364103
2021-06-10 16:19:23,5264.485208008844,1487.3375056839623,22005.08440440582
2021-06-10 16:21:48,5264.429420299187,1454.5600038252078,21426.40606750921
2021-06-10 16:26:21,5264.2091469346,1276.3809026973572,18958.709710820993
2021-06-10 16:26:58,5264.167419481748,1355.7500707487254,18242.521178390605
2021-06-10 16:36:10,5263.193740289608,1414.0977094494656,21289.98355341175
2021-06-10 16:39:49,5262.618552680135,1360.5813880638962,19046.41740498643
2021-06-10 16:47:41,5260.996795583492,1263.6929592202719,22912.372509417582
2021-06-10 16:54:27,5259.170527446654,1319.7783016171265,20450.910917801833
2021-06-10 16:58:04,5258.026623526709,1308.1925735403063,21523.268673062325
2021-06-10 17:42:02,5234.571329794497,1399.8824527392433,19131.200683175215
2021-06-10 17:49:00,5229.291141185768,1284.64770473513,19763.084985843445
2021-06-10 17:49:48,5228.659748021377,1305.5841918431165,19408.63497410015
2021-06-10 18:08:55,5212.166702508489,1263.0836674655818,19232.581349601038
2021-06-10 18:10:47,5210.4242537974915,1328.1183014115215,19637.646439489086
2021-06-10 18:31:59,5189.350844483133,1266.0883584157887,17809.538706834574
2021-06-10 18:35:27,5185.726359786016,1346.5950462334583,19466.90340928276
2021-06-10 18:39:10,5181.801262349961,1367.0260721018649,18707.160434188205
2021-06-10 18:44:35,5176.022583988351,1385.3987058147707,20677.208976926886
2021-06-10 18:54:33,5165.279268616973,1350.7351325503175,21153.157955524908
2021-06-10 19:05:17,5153.691921341814,1413.8895936656256,18217.322360942017
2021-06-10 19:08:14,5150.527848044952,1315.7012648341058,20183.81796141968
2021-06-10 19:11:28,5147.078606357807,1322.278676087355,20473.956410115796
2021-06-10 19:12:59,5145.468802230115,1226.2470081334693,19814.527020293426
2021-06-10 19:22:42,5135.318090933695,1365.8574130994086,20485.787910906536
2021-06-10 19:49:38,5109.556187091181,1328.7890458339498,18722.9971169418
2021-06-10 19:51:52,5107.633950541326,1439.0642925039215,20243.67468678167
2021-06-10 19:59:20,5101.499550481313,1249.9294167938249,19626.70799970171
2021-06-10 20:00:24,5100.661718457014,1369.6456710510734,19078.682857485037
2021-06-10 20:18:34,5088.022231190195,1306.9509305749018,18047.282749715232
2021-06-10 20:29:02,5082.256879624183,1203.7638176839512,21193.14352736151
2021-06-10 20:29:41,5081.937699263731,1333.2539851467084,22287.74058765262
2021-06-10 21:13:41,5071.331192546707,1474.1267532816819,18656.69625082091
2021-06-10 21:22:12,5071.729677441774,1282.5917302749228,19953.997321266717
2021-06-10 21:57:39,5080.464257788924,1383.2817688619941,18881.58907504583
2021-06-10 22:04:09,5083.044390921775,1344.4859929132745,18123.51566068488
2021-06-10 22:13:58,5087.325718066578,1398.6333354596668,19977.78452072735
2021-06-10 22:20:30,5090.368360845161,1377.8558030147353,17904.338088993674
2021-06-10 22:26:40,5093.3345857556,1377.9169534990983,19909.511367137755
2021-06-10 22:43:19,5101.4940490411,1402.3593547315613,19380.857360797705
2021-06-10 23:27:05,5119.293810538967,1279.1446542125732,17995.692726098863
2021-06-10 23:39:54,5122.264724789443,1357.5297727310774,20761.09756482243
2021-06-10 23:41:20,5122.512202539212,1280.7506697887643,20999.99352728078
2021-06-10 23:44:26,5122.98602549806,1381.6208839946128,21934.535164035973
2021-06-10 23:57:26,5124.0237893219,1415.4735427454723,19308.042641947814
2021-06-11 00:00:11,5124.0410920631175,1453.954898235404,19511.989463918337
2021-06-11 00:05:40,5123.86074208998,1276.3959150640344,18786.00287148909
2021-06-11 00:14:07,5123.021182137079,1272.7619512179178,21651.807794933477
2021-06-11 00:40:35,5116.154031741144,1365.00986695987,23199.075836506
2021-06-11 00:42:00,5115.619096229158,1297.2448004967214,20767.14961855176
2021-06-11 01:19:19,5097.073250712002,1320.420262504406,21048.88396124799
2021-06-11 01:43:56,5082.616519279686,1327.5362398557866,18063.25772067672
2021-06-11 01:52:54,5077.54916140789,1256.5862349579486,18623.60729718489
2021-06-11 01:58:51,5074.358112406201,1405.7016754348074,18438.34320450185
2021-06-11 02:10:27,5068.70324457487,1414.9146948069995,18403.590478056667
2021-06-11 02:42:52,5059.010701043369,1328.7689208397567,20006.55183933135
2021-06-11 02:51:04,5058.449277896973,1342.1468277518159,20983.23629008217
2021-06-11 03:00:59,5058.98805825444,1346.1316739239323,18123.54580411527
2021-06-11 03:25:18,5066.456514196049,1427.0253775510212,20641.364550220824
2021-06-11 03:34:17,5071.532170928923,1251.9154963002484,19915.183868263335
2021-06-11 03:50:22,5083.760555935808,1480.6278413446562,18052.222889777942
2021-06-11 04:02:45,5095.831007944849,1401.0611211992564,18137.70589064123
2021-06-11 04:12:06,5106.376712596133,1321.04112131914,22803.851966618407
2021-06-11 04:22:06,5118.904464906366,1317.43038081128,18700.832418080758
2021-06-11 04:38:51,5142.390044089798,1430.9990637652695,16254.2925310903
2021-06-11 05:00:41,5176.485702183844,1551.2032930882353,19920.45882402421
2021-06-11 05:40:59,5242.641578514033,1413.2969712312554,19773.63666242478
2021-06-11 06:12:51,5289.423783614622,1424.4964190592177,22160.7172812586
2021-06-11 06:24:34,5303.7962813441145,1540.66116797065,19641.649162196492
2021-06-11 06:55:48,5331.718024543538,1379.2627239025205,20982.91908736638
2021-06-11 06:58:08,5333.121024059345,1318.479086429684,19761.657713408134
2021-06-11 08:13:52,5322.994490962355,1324.6676226586876,21404.42087107695
2021-06-11 08:33:51,5304.03531374509,1337.0222530487777,20026.86709174547
2021-06-11 08:36:33,5301.067429278148,1356.842429698722,22162.719319984506
2021-06-11 08:54:10,5279.718455782887,1354.7250049953036,19506.29347995354
2021-06-11 09:07:00,5262.370105581301,1301.0874922614903,19777.02829005792
2021-06-11 09:16:23,5248.968916478854,1425.670884353553,21086.450095458127
2021-06-11 09:25:24,5235.671161707145,1313.904224227868,21806.328905751016
2021-06-11 09:30:24,5228.166205160437,1342.687994379611,22224.13700100336
2021-06-11 11:39:25,5057.007551201807,1302.5379395583536,20264.97495873586
2021-06-11 12:19:46,5027.884688623292,1416.4590308268553,17864.791258875717
2021-06-11 12:23:33,5025.8944813756725,1233.9451513907743,16741.841703640814
2021-06-11 13:15:07,5010.876596175397,1250.070332109688,18174.16435009885
2021-06-11 13:17:06,5010.725770984044,1186.5857475740104,20647.060809061422
2021-06-11 13:32:53,5010.550896545015,1226.3570599688417,20134.293654464498
2021-06-11 13:42:36,5011.303724676353,1345.3938289192915,18276.70238225227
2021-06-11 13:45:36,5011.660710544399,1343.4521396481816,19964.832248445353
2021-06-11 13:50:07,5012.3043376843925,1312.536521888598,19433.19676858327
2021-06-11 14:25:52,5021.328384390692,1233.2059931046156,19315.776840655588
2021-06-11 14:39:38,5026.276682680947,1369.0603445718225,19623.810806946884
2021-06-11 14:49:46,5030.2684529127355,1264.5699824924063,17381.419079155407
2021-06-11 14:50:22,5030.511980445783,1196.8969115033933,18658.042150624864
2021-06-11 14:52:10,5031.246616931693,1326.1319121112695,20799.62125469013
2021-06-11 14:55:19,5032.545624904384,1388.1028321447393,22281.14940387233
2021-06-11 14:57:22,5033.3990898866405,1118.4246498013754,18777.568863172215
2021-06-11 15:05:10,5036.6899496466185,1286.742679243248,18941.325693249342
2021-06-11 15:15:14,5040.9849848020185,1245.7858705957933,18486.090249167857
2021-06-11 15:20:12,5043.097618446984,1279.2885631049871,19374.687850846367
2021-06-11 15:23:03,5044.3017177501815,1282.595415643147,19577.959633706996
2021-06-11 15:25:23,5045.281136821149,1321.459539701371,19198.302548917345
2021-06-11 15:27:30,5046.163533507055,1328.34101844197,20136.803145739646
2021-06-11 15:42:56,5052.336426755784,1390.6665718677543,18451.2139444499
2021-06-11 15:47:03,5053.877566993869,1440.4793808556135,19321.667764685157
2021-06-11 15:49:55,5054.91741357998,1221.406929363441,17939.863159259585
2021-06-11 16:08:01,5060.704492246586,1303.0356433453435,20280.748503296545
2021-06-11 16:13:52,5062.23187324134,1343.871836572342,19151.429766492933
2021-06-11 16:28:58,5065.230780512469,1414.5794606006561,21502.129142525442
2021-06-11 16:33:22,5065.822226921749,1356.0030515055691,18910.14397005584
2021-06-11 16:52:46,5066.727782943167,1380.5701900011804,20412.12068338788
2021-06-11 16:53:22,5066.709182022636,1498.3948335998925,19672.472729199686
2021-06-11 17:04:41,5065.809424904439,1383.4071315473386,19618.921153887797
2021-06-11 17:45:29,5053.795687683301,1248.6280863448205,17305.01633807281
2021-06-11 17:54:27,5049.411631004506,1184.0117348632214,18369.930149510445
2021-06-11 18:11:02,5039.911791334879,1187.0052018949443,19975.586772419203
2021-06-11 18:43:50,5017.336527105443,1288.6630054268248,18364.688779440246
2021-06-11 18:46:36,5015.30333772648,1162.5905788375064,17371.25722067522
2021-06-11 18:48:02,5014.247026933335,1307.5519150537366,18631.172508046813
2021-06-11 18:48:06,5014.197856787495,1264.4941982229727,19763.720553286934
2021-06-11 19:23:44,4988.5458194837065,1415.2055654775504,17242.396132444454
2021-06-11 20:12:47,4963.479501566377,1300.991888978198,20972.284661847756
2021-06-11 20:18:05,4962.010837352978,1330.429992440671,18183.52480893896
2021-06-11 20:27:35,4960.117417528326,1275.6904950024798,17097.404628742795
2021-06-11 21:00:51,4961.450127007939,1192.9995276086509,17678.552760324947
2021-06-11 21:26:54,4971.155309510441,1158.5078967543218,19106.81546953287
2021-06-11 21:31:01,4973.331060407335,1328.3169677804326,20133.533102066434
2021-06-11 21:44:39,4981.639619861099,1218.527088484511,18431.664461974004
2021-06-11 21:47:07,4983.309574295791,1387.7668861944326,19102.878143970112
2021-06-11 22:23:50,5012.555975555198,1276.5702106938063,19667.74482556246
2021-06-11 22:51:36,5037.087840037202,1438.2820258823488,18176.741006290813
2021-06-11 22:51:49,5037.276897067679,1262.1170621145366,19512.51659440691
2021-06-11 23:05:26,5048.877511880728,1309.1137548863685,19493.10195555023
2021-06-11 23:07:41,5050.726797732036,1415.5753553685142,20177.773845856336
2021-06-12 00:29:54,5093.043757522457,1341.7228305988835,19003.366473395752
2021-06-12 01:19:51,5092.468926757893,1337.8379169953596,17417.43968719954
2021-06-12 01:46:45,5088.853957148328,1365.3534409571446,18685.4703645086
2021-06-12 01:48:24,5088.663409643175,1258.964132513631,19781.24616368193
2021-06-12 02:56:26,5098.22826977901,1444.0078418032385,18038.86824963139
2021-06-12 02:58:32,5099.35472802545,1384.449584114683,19100.331167683176
2021-06-12 03:04:23,5102.832145388275,1338.2723081974332,18657.965631762403
2021-06-12 03:09:57,5106.616951673961,1388.0710650410003,20894.34958903643
2021-06-12 03:11:04,5107.433202023609,1308.442969964353,20673.500156731534
2021-06-12 03:37:40,5132.695452554321,1258.893717763585,19444.909068128647
2021-06-12 03:53:48,5153.497855231109,1255.2213014984536,19210.154799244316
2021-06-12 04:10:43,5179.536274349564,1385.7436843289597,20987.128454309986
2021-06-12 05:48:36,5378.841354119531,1395.8434817510608,20054.348725116968
2021-06-12 06:07:08,5415.562085258574,1493.5897028212203,18699.893683979768
2021-06-12 06:34:57,5462.894288357305,1411.7139251353938,21954.437389618233
2021-06-12 06:39:44,5469.840223517235,1334.106232232064,21073.178532597227
2021-06-12 06:48:16,5481.2425091695,1437.7579524705975,20577.604647127042
2021-06-12 08:26:58,5511.563202459311,1464.8343600248243,21724.855757034995
2021-06-12 08:53:07,5492.050856205885,1371.5192798547835,22417.836181110753
2021-06-12 09:08:42,5476.9770543402265,1385.9608206884539,21585.747825075614
2021-06-12 09:22:31,5462.128652452327,1546.4170876256237,18895.606638176017
2021-06-12 11:09:08,5346.563276469285,1499.995335430852,21184.898523825126
2021-06-12 11:43:42,5322.590938938303,1322.9556459919793,19722.674331604594
2021-06-12 11:48:45,5319.935889477093,1397.9595467021172,18183.33192057149
2021-06-12 12:19:30,5308.608843175578,1437.1742545837265,20948.372572006116
2021-06-12 12:41:42,5305.568848777989,1505.9001775406289,21663.74842565534
2021-06-12 14:30:50,5343.808425789951,1377.5435526271303,21358.567370229557
2021-06-12 14:47:15,5354.8165264431245,1208.2554100223174,20465.668585748528
2021-06-12 15:02:33,5365.510981774141,1452.8337757302709,20740.650003991526
2021-06-12 15:10:41,5371.250357376091,1441.5987320566194,17774.971356961134
2021-06-12 15:43:40,5393.644719206175,1295.961440789882,19672.232678549546
2021-06-12 15:49:55,5397.530441217118,1366.5396147255253,22560.602581764004
2021-06-12 16:04:41,5405.973770200843,1449.881777685911,21094.3771331761
2021-06-12 16:44:45,5421.620711477132,1573.3878924711892,19554.583430984294
2021-06-12 16:46:00,5421.900506993985,1349.893324795531,20976.195132996636
2021-06-12 16:46:15,5421.954792054034,1464.5422371077657,20945.72502409982
2021-06-12 17:16:19,5424.243545479563,1379.2810743648608,21686.195792240476
2021-06-12 17:58:13,5413.319021692057,1453.4473463180511,21732.20078469688
2021-06-12 18:00:34,5412.262515834998,1565.188254583619,23436.116455738564
2021-06-12 18:33:49,5393.550922172986,1470.0452420046804,19148.37225578791
2021-06-12 18:54:23,5379.737660073669,1317.036087324787,21387.608851326437
2021-06-12 19:06:45,5371.248095727831,1225.7476533339675,18710.853014856428
2021-06-12 19:15:39,5365.257369770367,1492.8809871912924,20684.931231032675
2021-06-12 19:22:21,5360.889416531288,1407.742621401661,21887.38228899905
2021-06-12 20:10:50,5337.088685379975,1532.6750308121275,19828.65913712965
2021-06-12 20:11:14,5336.972776007667,1572.036343503134,21012.848656247752
2021-06-12 20:42:01,5333.205342030425,1416.2547078077132,21470.53427552837
2021-06-12 22:38:06,5404.155835704423,1263.4640650493527,21423.177703912974
2021-06-12 22:42:04,5407.794492495935,1508.2581347833793,18968.51076050583
2021-06-12 23:30:12,5447.14430624205,1310.5329667674234,20990.23152317253
2021-06-12 23:30:25,5447.287630725672,1445.8634631101277,19443.98736976341
2021-06-12 23:48:57,5457.966990574761,1255.238915372459,19042.6041746741
2021-06-13 00:14:12,5466.988881630366,1472.1202260394782,20115.976015891854
2021-06-13 00:18:08,5467.796233408151,1430.7222296611576,20818.13990314524
2021-06-13 00:19:07,5467.973150256023,1432.2315393782071,22111.159419116404
2021-06-13 00:27:27,5469.079298757274,1480.9258519673772,21606.86137122122
2021-06-13 01:24:18,5461.633954127871,1391.7695373183487,20849.634139572827
2021-06-13 01:37:46,5457.8047618828905,1363.9616581928863,21203.430326626083
2021-06-13 01:53:47,5453.4809864594345,1382.2021231251997,20513.854677740896
2021-06-13 01:56:35,5452.8096766896615,1401.2304082630094,21635.857488626145
2021-06-13 03:12:31,5462.296266433719,1417.6215693637857,21228.931636168367
2021-06-13 03:39:56,5485.78074013726,1678.9579644090013,24006.20614178835
2021-06-13 03:42:57,5489.1250423323445,1425.2909736449008,20378.152134982753
2021-06-13 03:52:50,5501.1184850329155,1537.182974309437,21947.727452986444
2021-06-13 03:53:00,5501.334150464653,1493.1029487892922,20256.15895425225
2021-06-13 03:55:44,5504.933379419376,1549.9034524766873,21825.5635647471
2021-06-13 04:27:27,5554.625244776564,1576.5652647961942,22918.204937329505
2021-06-13 04:30:32,5560.144620678581,1343.897639490485,19179.953434211726
2021-06-13 04:53:49,5604.714684417338,1317.491323113398,21809.191491144924
2021-06-13 04:57:46,5612.666399067219,1386.5492748352635,21438.441461968094
2021-06-13 05:11:05,5639.944878189318,1530.9585300587955,22886.039376029777
2021-06-13 05:12:02,5641.908388214624,1415.142084662085,22026.456519822397
2021-06-13 05:23:09,5664.912251215196,1472.2895396370513,20553.630838583045
2021-06-13 06:14:12,5762.507323879974,1553.6194805989385,22609.080389645012
2021-06-13 07:14:56,5830.24980925151,1730.8046135323898,23887.87453573232
2021-06-13 07:59:02,5831.917003126135,1610.4781047091906,22784.32787811554
2021-06-13 08:51:42,5786.793192423489,1429.8162202785243,23507.370419026265
2021-06-13 09:19:45,5748.920021216646,1597.3973345189409,22799.008050135297
2021-06-13 09:21:07,5746.931295806194,1508.7992948395647,21961.978326937406
2021-06-13 10:44:47,5622.930103171561,1358.8886275591599,21970.86994458527
2021-06-13 10:50:45,5615.048169910038,1439.9574612812823,22536.27372085138
2021-06-13 11:27:20,5572.646400152307,1568.6563880891424,22154.526044134975
2021-06-13 11:48:02,5553.753725682186,1530.5227720350226,20952.210850551408
2021-06-13 12:40:42,5523.577370764833,1525.2976440949644,21376.7099315445
2021-06-13 12:55:55,5519.5561589658955,1399.0768391664967,22085.15487379603
2021-06-13 13:54:58,5521.526587910351,1437.330261209865,20317.634855446795
2021-06-13 14:33:34,5534.620325416129,1285.0620171854182,21693.16917981614
2021-06-13 14:43:38,5539.004577674119,1525.9092997400794,20446.311284626343
2021-06-13 14:46:02,5540.088341979555,1244.102502877789,19906.758217055154
2021-06-13 15:30:06,5560.798644031941,1442.277401647892,20965.976709601615
2021-06-13 15:48:14,5568.534370829772,1494.2360434048057,22771.36651888545
2021-06-13 15:49:32,5569.043400578155,1464.3750482068376,21095.161903684417
2021-06-13 16:03:01,5573.851085065381,1552.9526906851181,21002.344111100883
2021-06-13 16:17:04,5577.763625520291,1347.9624981258391,21731.546808830044
2021-06-13 16:20:42,5578.56241929009,1457.4239987440008,18974.085482805556
2021-06-13 16:22:49,5578.983998496751,1559.4643486784396,23228.019999512504
2021-06-13 16:33:32,5580.594564089857,1465.7433441688815,21174.72517901416
2021-06-13 16:35:20,5580.77529176768,1380.0405128301563,21993.749462686665
2021-06-13 16:37:40,5580.969537886981,1557.0773677071927,20426.853571577856
2021-06-13 16:46:43,5581.282062972259,1442.3634958356006,21947.29408786339
2021-06-13 16:49:56,5581.2192330791695,1561.5428422002772,22256.239499153053
2021-06-13 17:07:01,5579.289294117782,1395.038243567607,20694.9214357217
2021-06-13 17:09:36,5578.758506213463,1432.7545890376234,22362.844339084317
2021-06-13 17:31:21,5571.78031651659,1498.673716033014,20273.07813221073
2021-06-13 17:33:38,5570.791404113551,1465.1926385250954,19432.727642467526
2021-06-13 17:35:48,5569.809255553355,1306.7892226428855,23111.663368218447
2021-06-13 17:56:52,5558.150688778387,1524.3471910002877,21753.180438437863
2021-06-13 18:54:58,5511.95606977756,1664.5574160322576,23010.45889637842
2021-06-13 18:55:03,5511.8829858719155,1397.2957389012108,22160.00823879411
2021-06-13 18:59:25,5508.0561968428865,1465.5472940390289,21824.03528661018
2021-06-13 19:04:20,5503.765401642155,1500.387154240709,22485.224491067554
2021-06-13 19:06:41,5501.726595873441,1393.7103852670757,18988.015269798238
2021-06-13 19:07:14,5501.2508883413275,1524.7517650327961,19551.034507154265
2021-06-13 19:26:05,5485.494149630337,1323.3760501795443,19472.460686111226
2021-06-13 19:28:53,5483.27980803741,1490.239774842248,22968.358892644203
2021-06-13 19:42:21,5473.2820812022865,1446.925510168753,21666.67489814527
2021-06-13 19:56:58,5463.951684380071,1311.5952845546553,20416.92577524735
2021-06-13 20:06:14,5459.033283382444,1618.9726342901126,19735.444238915323
2021-06-13 20:06:35,5458.864221249374,1495.5834215867785,20941.610394365398
2021-06-13 20:07:41,5458.341090673533,1396.9967373897978,19816.219710204103
2021-06-13 20:13:07,5455.9436557579875,1272.2711236983641,22206.145760368665
2021-06-13 20:13:54,5455.624138065937,1421.455294018294,20403.400114181044
2021-06-13 20:15:38,5454.941019213179,1481.8129979282596,21247.002218195463
2021-06-13 20:32:02,5450.175173110571,1453.5836538235183,19831.385287815418
2021-06-13 20:53:55,5448.872131360316,1436.5371304357197,21866.991679449537
2021-06-13 20:53:56,5448.873399496785,1403.2405839576616,21528.77963509694
2021-06-13 20:54:41,5448.9340278146765,1341.0775687091113,20785.238906158793
2021-06-13 21:43:09,5466.748830663347,1574.8435904862274,19887.704388172
2021-06-13 21:57:41,5476.616685584271,1498.2664085103743,19490.22936619637
2021-06-13 21:59:44,5478.132815753902,1467.3818938843378,21845.934624552414
2021-06-13 22:00:51,5478.970033089871,1428.3334535855863,21558.663669097183
2021-06-13 22:02:42,5480.373972458193,1330.9470490424064,21039.013368483807
2021-06-13 22:03:09,5480.7185660672085,1490.6578872720977,22323.749940081027
2021-06-13 22:07:36,5484.1874572516235,1447.6341731240568,19644.46261863403
2021-06-13 22:08:06,5484.583807546754,1531.5167582936556,20952.23412856568
2021-06-13 22:09:02,5485.32700513259,1483.7853055861406,20909.994822794066
2021-06-13 22:10:33,5486.543682927369,1452.6702022655288,20765.019635240464
2021-06-13 22:17:50,5492.523683296482,1387.5150607389546,20830.023353394576
2021-06-13 22:26:44,5500.065814634374,1455.7127340227107,21209.144553416838
2021-06-13 22:30:02,5502.904850227741,1534.4562700319334,20329.25530664146
2021-06-13 22:46:46,5517.3648705944215,1560.9762189532655,22051.892272155837
2021-06-13 22:53:26,5523.031808944664,1570.048482279211,21468.774608553562
2021-06-13 23:00:01,5528.499353521586,1382.6654868306744,20356.21646751895
2021-06-13 23:24:49,5547.15825374735,1286.3628262682732,21099.673909170102
2021-06-13 23:26:26,5548.23419951772,1502.8690893825394,20442.885875650056
2021-06-13 23:28:06,5549.322135725551,1362.4427662432017,22384.833727524892
2021-06-13 23:38:54,5555.814404068742,1644.647481843921,23566.524375395613
2021-06-13 23:53:08,5562.754374682247,1314.1598956297187,22275.903712116495
2021-06-14 00:47:27,5570.906795170631,1498.7662738758936,22878.730222697937
2021-06-14 00:55:35,5569.876055189292,1419.109093684557,20660.564598369492
2021-06-14 01:11:11,5566.773599974993,1545.4543926311046,20998.51989528866
2021-06-14 01:49:47,5556.54869341487,1419.6231232714222,18648.28725095102
2021-06-14 02:10:53,5552.608741075506,1524.1037939351936,19549.131203310724
2021-06-14 02:14:03,5552.286729747051,1614.9647187608532,19847.19977749779
2021-06-14 02:20:02,5551.925960906059,1399.1073683951315,20060.924928003915
2021-06-14 02:23:42,5551.879499558027,1477.0192325138387,20528.78528404311
2021-06-14 02:49:47,5556.193937211071,1516.332959614109,22265.381394806715
2021-06-14 03:38:13,5591.822163032871,1489.1854461782395,23110.938832049967
2021-06-14 03:50:12,5606.840287085903,1538.0827680702307,22503.687980619477
2021-06-14 03:56:25,5615.586949640387,1398.5213129463475,19298.01989602794
2021-06-14 04:24:39,5662.844414590439,1442.3750111903703,21948.426068556484
2021-06-14 04:40:27,5693.866531571237,1534.1634235242882,21210.868531701108
2021-06-14 05:15:47,5770.415410140033,1403.423317209074,21099.776750963756
2021-06-14 05:34:47,5812.722692401866,1610.5162544805164,25407.97732986592
2021-06-14 05:45:15,5835.488615674224,1578.403120966853,22061.74465034637
2021-06-14 06:18:22,5901.067742882338,1509.5053007937036,24869.196316187517
2021-06-14 06:43:31,5940.467797553646,1625.6272970848795,24088.976702833435
2021-06-14 07:44:37,5983.612625379407,1657.7196741038142,24126.398532670017
2021-06-14 08:45:23,5952.711322343966,1564.1776590235283,21390.651546641882
2021-06-14 09:28:37,5901.58892880776,1604.6768303854603,23164.585927663462
2021-06-14 09:41:39,5884.0887641203,1500.6592843965327,22772.507879058987
2021-06-14 09:49:36,5873.269095714096,1502.4121723363376,22200.51907209723
2021-06-14 09:52:59,5868.657757190325,1794.8097988796994,23758.717245687865
2021-06-14 10:28:49,5821.251896354544,1397.2015594797824,21260.5100810943
2021-06-14 10:39:18,5808.409419799462,1774.295429560435,23564.582235174756
2021-06-14 11:41:24,5749.3382415689985,1469.241738056743,21946.828236902093
2021-06-14 12:36:01,5726.897899718242,1608.6034720630491,22859.28856635762
2021-06-14 12:36:15,5726.86369260442,1594.6552855698703,20965.10932922166
2021-06-14 13:23:00,5729.9223433348125,1586.1855217326759,22693.032045651227
2021-06-14 13:25:09,5730.510410755329,1547.2731225429932,21663.937794571328
2021-06-14 13:37:02,5734.404239563058,1520.4693877776394,23206.222338647232
2021-06-14 14:03:00,5746.370906619543,1515.269977327519,23188.215971913294
2021-06-14 14:09:46,5750.1728903269395,1416.0381730172853,20002.534383767816
2021-06-14 14:30:05,5762.952591117391,1600.1956018342962,21093.08808195881
2021-06-14 15:29:50,5806.3747384352055,1458.9298294643559,23018.545900189114
2021-06-14 15:46:22,5817.878444194213,1494.625826674684,22115.640582073527
2021-06-14 15:53:51,5822.738151676679,1559.9200805788014,23154.70532086683
2021-06-14 15:57:50,5825.213465626053,1604.7645113710164,24496.816264157467
2021-06-14 16:56:26,5848.577385307338,1476.793881186788,22302.769010823293
2021-06-14 17:13:07,5849.566255479189,1598.350978300455,23009.096691227256
2021-06-14 17:45:21,5843.589568732539,1540.1347611267338,22736.156934258546
2021-06-14 17:48:33,5842.454868642351,1551.8882375673459,22692.905231198976
2021-06-14 18:11:40,5831.743850079078,1530.1797742853973,22499.886782580466
2021-06-14 18:12:25,5831.330106453785,1525.0233698995924,22399.839673307026
2021-06-14 18:24:53,5823.956811895489,1536.150429471918,21474.4248904695
2021-06-14 18:46:47,5809.342173467535,1744.759376926969,20266.524242669024
2021-06-14 18:54:54,5803.64684941127,1448.4940904715893,23295.034656342174
2021-06-14 18:59:05,5800.699893674129,1576.9576572017577,21640.083273351753
2021-06-14 19:18:19,5787.446881515217,1609.7181516177375,21264.329849171307
2021-06-14 19:18:55,5787.0492975519355,1568.6033192842751,21929.993569400536
2021-06-14 19:52:19,5768.0742564151915,1563.4148103132864,19963.73750220746
2021-06-14 20:42:02,5759.0304308103305,1467.7476320241467,22470.842378154954
2021-06-14 20:52:30,5760.942059924869,1458.4166365254453,20198.71471160108
2021-06-14 20:52:58,5761.06008140718,1639.2115008995092,22683.171494804017
2021-06-14 21:00:07,5763.217029836511,1528.8114084058016,23427.346205665144
2021-06-14 21:25:28,5775.970692563368,1474.4111040014275,25358.07549104412
2021-06-14 21:42:23,5788.500098434066,1463.5210147167331,21483.24948487301
2021-06-14 21:43:43,5789.6063798616415,1630.7277212543434,22662.472986353805
2021-06-14 21:46:58,5792.368747886405,1634.001812519217,21450.29510434859
2021-06-14 21:54:32,5799.137861418418,1407.036335320433,23130.50159866748
2021-06-14 22:02:39,5806.862874644461,1695.1855400524544,21067.136114148063
2021-06-14 22:09:14,5813.422524728835,1593.5068112023905,21785.040952887044
2021-06-14 22:11:49,5816.056755112937,1433.9021263003247,23178.636545081743
2021-06-14 22:13:18,5817.582740870296,1529.3207262415633,20586.47829903161
2021-06-14 22:16:04,5820.452706356749,1484.9824757300078,21055.65695399241
2021-06-14 22:30:56,5836.2487487354665,1416.716191630149,24237.025321542973
2021-06-14 22:47:41,5854.226610703784,1598.472355653564,19682.550506602514
2021-06-14 22:54:03,5860.933254170219,1456.1398954040762,21161.2918306207
2021-06-14 22:57:45,5864.7678375250525,1484.3497924978942,23555.86426301938
2021-06-14 23:00:42,5867.784323586297,1477.8807208129977,22730.770767633418
2021-06-14 23:03:13,5870.3254076113635,1579.9879977837443,24052.749855925944
2021-06-14 23:07:08,5874.214192788349,1594.3669745089387,22145.370402801418
2021-06-14 23:13:41,5880.513920605464,1517.0865272555056,22838.70228671714
2021-06-15 00:06:04,5917.528764337072,1462.9663082199113,21978.666112899977
2021-06-15 00:11:53,5919.864275561199,1551.4133628088362,22368.74426339042
2021-06-15 00:12:05,5919.937856910446,1585.1041241366158,22521.918328388394
2021-06-15 00:14:18,5920.723561012838,1528.04493744475,21387.72519159556
2021-06-15 00:18:45,5922.1365734643605,1511.73314008677,22138.28571731852
2021-06-15 01:00:17,5925.7498002032025,1520.109026341657,24380.54149321718
2021-06-15 01:06:30,5925.081606572161,1385.4312360719712,19759.697745938145
2021-06-15 01:25:48,5921.867243572957,1501.6736495661382,24841.546867374404
2021-06-15 01:31:40,5920.700806368251,1637.0321230400577,23154.60680277019
2021-06-15 01:39:48,5919.071555491528,1684.5791517469343,25063.79209317437
2021-06-15 01:43:00,5918.449684032762,1524.1888356694772,24595.36082511482
2021-06-15 01:47:41,5917.581183102524,1464.1791989006663,23165.4637219845
2021-06-15 01:55:00,5916.373707819348,1527.818665381767,24521.793113164927
2021-06-15 01:57:07,5916.068999840768,1429.9372111347593,24923.4879775662
2021-06-15 02:02:50,5915.371567830265,1487.3508526951248,21351.411055527766
2021-06-15 02:11:53,5914.725571548374,1508.178775234869,23539.336054920903
2021-06-15 02:27:57,5915.4062782911205,1451.0330641753228,23434.7395034597
2021-06-15 02:34:12,5916.449862282464,1689.6864694596634,22699.725781195844
2021-06-15 02:36:52,5917.046412504448,1424.3839909925257,22448.314223143116
2021-06-15 02:42:27,5918.607576051592,1563.7775377534138,21281.478105606388
2021-06-15 02:51:40,5922.171342463789,1584.6347007195193,21539.28537926002
2021-06-15 02:52:18,5922.463686300158,1503.2242040075246,20726.452724569626
2021-06-15 02:56:24,5924.50980916306,1740.4933690031387,25305.987636004178
2021-06-15 02:57:07,5924.89516352463,1501.725193745738,22653.677517345877
2021-06-15 03:09:57,5933.246019637862,1642.7893377609114,21985.478349765213
2021-06-15 03:13:29,5936.0424893609315,1510.5985476450348,24001.587552085784
2021-06-15 03:18:14,5940.150337200337,1606.5672292482166,25073.89389667917
2021-06-15 03:18:37,5940.499430220364,1626.3137522009679,22310.12482053239
2021-06-15 03:20:35,5942.33197472492,1621.5858754555027,23702.833125902547
2021-06-15 03:22:19,5944.004916084229,1506.5071134036061,22981.962373184455
2021-06-15 03:24:36,5946.291672912996,1518.8470401135194,25713.969485411555
2021-06-15 03:27:23,5949.207163636993,1470.5511337029675,21987.71433276354
2021-06-15 03:32:28,5954.895730624933,1500.5988518797596,23265.203843842224
2021-06-15 03:42:10,5967.053838800938,1485.7533046783235,22768.52528939121
2021-06-15 03:57:49,5990.206800318947,1391.9437380129768,24834.20419861126
2021-06-15 04:01:38,5996.49217836728,1556.014016808103,20965.595922156816
2021-06-15 04:03:34,5999.767950247962,1597.7370883456194,23909.72196728303
2021-06-15 04:04:01,6000.539157471329,1476.2406217379041,24384.832745888194
2021-06-15 04:09:59,6011.070368376122,1503.7779494253584,23028.631726912725
2021-06-15 04:26:18,6042.573990556733,1549.8711935826225,22159.755128127177
2021-06-15 04:28:30,6047.097545063915,1707.1711661065513,24392.512449303693
2021-06-15 04:29:37,6049.41645471628,1582.4209996193217,23204.474102860087
2021-06-15 04:37:07,6065.3665527548565,1750.8881543111393,23318.585296271765
2021-06-15 04:45:02,6082.83927153195,1497.3500823618072,22037.787999264896
2021-06-15 04:57:10,6110.627619591326,1738.4253848071978,23913.73332624144
2021-06-15 05:00:09,6117.60417992071,1365.3115025124164,23171.985268273922
2021-06-15 05:19:32,6163.651292389225,1653.9191085890461,25083.137044232724
2021-06-15 05:21:04,6167.311528107208,1637.9896161505224,24509.355246138733
2021-06-15 05:23:17,6172.598432323254,1600.3268121386777,22940.042236137877
2021-06-15 05:30:36,6189.974232860762,1563.5373334968278,21617.05156523096
2021-06-15 05:34:57,6200.216362190117,1719.2937405204925,23876.389519801538
2021-06-15 05:36:06,6202.909152437864,1629.5410268153214,22445.147564162162
2021-06-15 05:36:15,6203.259873937175,1625.754967277592,24317.411850202385
2021-06-15 05:52:48,6240.997252521181,1540.8685819355167,23067.713549747506
2021-06-15 06:08:21,6273.984493041196,1792.6670574785428,23272.173475528863
2021-06-15 06:08:32,6274.355041102884,1656.3461411426556,24971.581890229543
2021-06-15 06:15:44,6288.518915712045,1602.4645026415844,23615.064234652385
2021-06-15 06:27:37,6310.073686587306,1567.6299852513334,23320.676445698384
2021-06-15 06:40:16,6330.18987460737,1572.194832598575,23587.044846828103
2021-06-15 06:48:12,6341.162744146404,1570.2734008612497,21700.95681698144
2021-06-15 06:48:23,6341.400587390872,1847.0853546243843,24395.67565427575
2021-06-15 06:54:56,6349.418456837889,1789.170144171312,23392.86546888571
2021-06-15 07:09:27,6363.757004164831,1835.5761369014203,23435.012439420356
2021-06-15 07:10:24,6364.52633751338,1627.9752047066288,25642.56975698341
2021-06-15 07:21:07,6371.741545406774,1624.7007634205677,25518.47336367492
2021-06-15 07:21:23,6371.8866765019675,1535.0587697378435,23269.106532634683
2021-06-15 07:25:30,6373.914851008573,1829.0818573002846,23581.465092298848
2021-06-15 07:39:52,6377.885626899932,1530.6204948070592,22653.670108546252
2021-06-15 07:42:20,6378.087136826287,1701.2512727638155,23440.89202620548
2021-06-15 08:09:56,6371.228775972863,1775.3161795330095,23775.06967288354
2021-06-15 08:23:20,6362.347699198,1656.586902296101,25389.045655893635
2021-06-15 08:26:31,6359.762797106529,1642.3239272722592,25389.382642290282
2021-06-15 08:28:38,6357.949166196703,1668.6782168784953,24811.946277690135
2021-06-15 09:12:51,6306.025067968907,1637.9926824656889,25549.988251154045
2021-06-15 09:21:12,6294.029433202824,1818.7121318759355,26519.677355427637
2021-06-15 10:24:17,6198.104556433967,1605.9540027332116,22502.586013990465
2021-06-15 11:01:52,6147.379618539035,1679.1573168682626,24837.285464924495
2021-06-15 11:03:44,6145.132996283808,1619.206517801739,23270.96180161209
2021-06-15 11:21:16,6125.5228302624055,1523.491454148352,25295.989035538303
2021-06-15 12:05:09,6089.377235717479,1826.6300931969981,22606.48373242584
2021-06-15 12:11:17,6085.869130269971,1513.2062620760385,22289.959627340708
2021-06-15 12:23:15,6080.121102755508,1616.5291350184057,24390.058637111717
2021-06-15 12:25:29,6079.207958888446,1682.3707819408166,21898.539958479843
2021-06-15 12:29:29,6077.697003407616,1588.5727357030491,22352.779847404006
2021-06-15 12:57:58,6071.454831417398,1657.6340045633415,21022.904620537414
2021-06-15 13:03:04,6071.146753074193,1729.6738197333198,23519.837727500173
2021-06-15 13:06:26,6071.072824106775,1541.5719799749866,23498.840921568706
2021-06-15 13:12:59,6071.218135226979,1444.3894925617788,25109.743660923345
2021-06-15 13:30:03,6073.318266983479,1686.5426441734792,22653.245601391038
2021-06-15 13:43:44,6076.679468103821,1676.3526818662183,21921.901266200057
2021-06-15 13:55:05,6080.494655112596,1591.245099000782,22555.675848499282
2021-06-15 14:07:16,6085.5170592191,1764.5097331800869,21380.371546849023
2021-06-15 14:17:35,6090.4295139629185,1562.483903955654,22055.702978703084
2021-06-15 14:22:13,6092.808697141218,1539.7412277270346,24437.142077703546
2021-06-15 14:26:01,6094.831800230458,1774.162793625341,24639.541538423568
2021-06-15 14:30:11,6097.118541228191,1444.475012936247,21079.466227530767
2021-06-15 14:55:25,6112.117619795333,1490.8703601052532,21467.070260328164
2021-06-15 14:57:37,6113.4877708964095,1570.781629985943,21915.21483225924
2021-06-15 15:00:51,6115.51037109003,1509.2932413911683,22018.03695813937
2021-06-15 15:16:41,6125.450543906861,1812.3269380852648,22511.257898699965
2021-06-15 15:23:17,6129.540397875391,1588.0301944835458,22363.901772608366
2021-06-15 15:39:30,6139.1807849554925,1607.3556444494677,22656.805667305624
2021-06-15 15:43:55,6141.657509042887,1585.9532582082402,24488.683542073522
2021-06-15 15:45:06,6142.307457468076,1539.0769591299593,22704.834329626992
2021-06-15 15:46:51,6143.257368020828,1524.3345035781344,24887.692217451568
2021-06-15 15:48:02,6143.8917873771725,1657.7693303430974,24715.78547367701
2021-06-15 15:52:34,6146.259573309533,1516.4295044433593,23344.115875193926
2021-06-15 15:58:15,6149.075179067491,1497.3523484214447,23327.93127401686
2021-06-15 16:36:22,6162.158005814303,1696.462686593128,23103.42470889618
2021-06-15 16:42:49,6163.151983926939,1543.294524786403,23039.901668190916
2021-06-15 16:55:02,6163.911129846803,1523.360643071919,23694.59181930725
2021-06-15 17:07:54,6163.0456466091955,1627.1753661103116,23996.155623652063
2021-06-15 17:14:30,6161.921222860061,1603.2796724499315,24374.701556213084
2021-06-15 17:15:02,6161.810088670991,1607.5120576881284,22059.189627443746
2021-06-15 17:27:10,6158.46660541485,1536.4515910582425,22548.63394981816
2021-06-15 17:28:07,6158.139423440587,1541.2085603767277,24380.312110520714
2021-06-15 17:28:57,6157.844694400307,1664.5982612548887,24477.16198833417
2021-06-15 17:32:24,6156.548147603917,1686.4512090451374,25086.792219702806
2021-06-15 17:35:24,6155.321681394803,1697.5296261684587,20895.021181329044
2021-06-15 17:44:30,6151.052193184427,1511.5083181203495,23095.998113239748
2021-06-15 17:47:50,6149.288041613674,1649.122699813998,22003.540315419395
2021-06-15 17:55:22,6144.925553175224,1573.7421531515424,22997.240513793477
2021-06-15 18:07:16,6137.052986533802,1625.7301724336558,23270.041184144528
2021-06-15 18:08:23,6136.257677996726,1509.56406591821,22703.00253337416
2021-06-15 18:09:29,6135.465401698963,1674.8085932516285,24908.525571187787
2021-06-15 18:13:23,6132.588167108554,1470.9263907724367,24259.294845034456
2021-06-15 18:25:57,6122.67163853026,1601.160644476815,22979.690352731377
2021-06-15 18:40:14,6110.484980821851,1601.588433996597,22676.90415831799
2021-06-15 18:45:41,6105.668171415204,1579.5780305863427,23758.203218790113
2021-06-15 18:53:41,6098.5134686636275,1595.4423694846566,25136.120397740113
2021-06-15 19:05:56,6087.548466661594,1544.7054311849565,22318.523007392556
2021-06-15 19:11:34,6082.579157865611,1613.7186676133908,20166.496980302458
2021-06-15 19:12:30,6081.763709162112,1480.7164275306025,23710.31639080539
2021-06-15 19:24:36,6071.481254158312,1641.9287502843335,23238.174410250525
2021-06-15 19:30:09,6066.99746295094,1540.1955974256473,24155.286856246967
2021-06-15 19:38:29,6060.624685561029,1621.8274051529181,23024.825386584587
2021-06-15 19:47:02,6054.62203808897,1624.8978831937638,23037.075843471743
2021-06-15 20:01:34,6045.926018767278,1662.5279769519154,23305.497907950157
2021-06-15 20:18:26,6038.667760255208,1807.0718562731954,25524.398828429432
2021-06-15 20:20:17,6038.077649528289,1674.0150255513545,23200.545639338914
2021-06-15 20:31:23,6035.451278195827,1537.7837806971454,23104.30491485419
2021-06-15 20:45:43,6034.4693602057805,1462.6364255032029,22334.84354809044
2021-06-15 21:41:14,6056.177260411377,1611.2186053681673,23658.89134094482
2021-06-15 22:09:46,6080.096906350264,1488.4826681476375,22490.55497750228
2021-06-15 22:16:31,6086.520592061793,1650.408041521944,23511.478678822194
2021-06-15 22:20:40,6090.561134309942,1627.6243798905066,22705.864566111748
2021-06-15 22:29:21,6099.169299655691,1786.5081392159268,23020.21844426019
2021-06-15 23:04:58,6134.138741083022,1553.1435959657488,21840.64169566757
2021-06-15 23:08:09,6137.049171950276,1581.4910026340167,23275.101666382827
2021-06-15 23:30:16,6155.31017141842,1668.6986997425142,22598.270250374928
2021-06-15 23:38:00,6160.707222809088,1516.0187258507474,24545.32581640568
2021-06-15 23:54:59,6170.40643100688,1669.214223980668,23290.856575784892
2021-06-15 23:59:05,6172.275064377022,1645.5535612016831,24644.602907341014
2021-06-16 00:12:06,6176.942714330592,1669.1857438635957,24958.490143388863
2021-06-16 00:43:23,6180.522947245002,1607.827953675278,24196.76364487203
2021-06-16 00:46:19,6180.357089985363,1675.4088896279434,21953.022480882642
2021-06-16 00:49:00,6180.13999505408,1574.7945278503903,23987.724013429826
2021-06-16 01:06:18,6177.437273778746,1683.891455785895,23963.04871374601
2021-06-16 01:11:46,6176.202721133533,1617.12215489672,25181.182841783844
2021-06-16 01:20:28,6173.982762898184,1404.9395193486528,24471.10324526662
2021-06-16 01:25:34,6172.582378914989,1744.8517879731246,23623.29281210189
2021-06-16 01:45:20,6167.070800225319,1585.0467771165345,26406.832195037565
2021-06-16 01:46:45,6166.70090574882,1533.2373664094573,23332.558406212756
2021-06-16 02:03:04,6163.107892492344,1605.8354878550083,22709.403883022045
2021-06-16 02:07:25,6162.434929578728,1649.4883193251997,24334.344217834532
2021-06-16 02:08:13,6162.327636797901,1607.3793858820623,24469.032035992685
2021-06-16 02:09:22,6162.182902866575,1576.517686883219,23836.925624107844
2021-06-16 02:14:52,6161.655796856431,1640.5484172277568,22509.448935137072
2021-06-16 02:22:22,6161.427485533641,1721.6481782852582,23367.95639190708
2021-06-16 02:23:38,6161.450420527751,1591.4521848810884,23612.76811842688
2021-06-16 02:42:23,6164.210132935266,1710.293710721342,23857.54652501602
2021-06-16 02:50:53,6167.151941700628,1760.3804937801121,22577.16943592441
2021-06-16 03:17:28,6184.350369178618,1685.5036041325252,25745.16901765112
2021-06-16 03:25:05,6191.687756685282,1584.0128103264533,26262.261417647736
2021-06-16 03:38:20,6207.110865434618,1608.393580815931,21395.04493855561
2021-06-16 03:39:16,6208.32468046669,1656.881565738139,23820.918998801822
2021-06-16 03:40:03,6209.356296120692,1436.3697062417145,24475.824190815994
2021-06-16 03:41:03,6210.690303092314,1694.4712902213835,21196.79151795618
2021-06-16 03:47:43,6220.069261306827,1798.0089457971253,25565.129373069973
2021-06-16 03:49:49,6223.1969446915955,1761.8716142589624,23315.68049601411
2021-06-16 03:58:32,6237.047544712823,1686.9399471221166,24320.755842483122
2021-06-16 04:01:35,6242.216974419161,1471.5516124775272,22247.879871245783
2021-06-16 04:14:16,6265.417492385532,1553.5778911489276,24125.754132989816
2021-06-16 04:36:40,6312.328503650839,1603.2194848306901,23906.360111213522
2021-06-16 04:38:32,6316.527754482909,1738.3382604769254,23264.204548156926
2021-06-16 04:45:57,6333.573128320158,1728.1473088652876,24380.252156349634
2021-06-16 04:55:40,6356.647114412494,1656.6260197030688,23336.337394322545
2021-06-16 05:00:40,6368.778358155427,1687.9078103942759,23668.06892769647
2021-06-16 05:13:56,6401.504498320449,1696.3754998341176,26344.933000263314
2021-06-16 05:20:03,6416.717849260796,1866.2537400936556,23471.58227442986
2021-06-16 05:24:13,6427.076802421901,1582.9075094741959,24914.097071535536
2021-06-16 05:26:42,6433.238579100274,1714.6998023075787,25011.566960335647
2021-06-16 05:33:03,6448.916850720092,1586.554891671809,27277.87654214576
2021-06-16 05:36:32,6457.448787771854,1626.1421730156922,22143.297014225132
2021-06-16 05:46:26,6481.302942437583,1793.6801627648183,22782.39256239741
2021-06-16 06:19:40,6553.941769806067,1927.0168106208837,23967.213762141695
2021-06-16 06:31:55,6576.491404190852,1628.2229755610288,26210.9767512655
2021-06-16 06:36:13,6583.734528387516,1782.9088063967124,24353.318647209293
2021-06-16 06:37:25,6585.689857200166,1768.769838488341,23701.00650735677
2021-06-16 06:41:24,6591.968436573439,1762.7234378511944,24713.928659585188
2021-06-16 06:49:19,6603.44761647114,1720.3683447346627,25210.85074581208
2021-06-16 07:02:26,6619.3907710142485,1601.2888317845025,23814.495712392814
2021-06-16 07:06:22,6623.395156510908,1775.519572416133,23573.682967557907
2021-06-16 07:26:03,6637.880174275564,1706.2439895087264,24849.50682919713
2021-06-16 07:29:10,6639.317923102664,1881.8071132132634,25387.560330356013
2021-06-16 07:38:08,6642.156614111073,1713.6100452700475,24242.443212009424
2021-06-16 07:48:13,6643.084241885786,1859.1727018077322,24672.307807975572
2021-06-16 07:49:20,6643.042518744352,1575.9814825252547,23860.793074836904
2021-06-16 07:52:56,6642.715701163561,1730.9255634366416,24467.342331611868
2021-06-16 07:53:33,6642.630507778872,1678.9701431768992,26228.463499511603
2021-06-16 07:58:16,6641.70045893424,1865.974472628022,24094.47125295577
2021-06-16 08:03:03,6640.263565675756,1772.609082052205,23628.42444033041
2021-06-16 08:08:08,6638.207690443671,1545.3982040387557,25953.86608163511
2021-06-16 08:24:23,6628.2084468145395,1860.0567835712932,23224.998982106965
2021-06-16 08:25:21,6627.459395018923,1755.1791612817794,24980.667268264093
2021-06-16 08:32:44,6621.212695021525,1770.4678816947455,26254.56612396436
2021-06-16 08:36:19,6617.861125199935,1688.7964609047792,23659.44928232256
2021-06-16 08:46:53,6606.868333896767,1755.7024501798396,27040.222313254526
2021-06-16 09:27:12,6553.648643284874,1530.4036626291402,23554.830936659877
2021-06-16 09:57:08,6508.577433353965,1708.3064998212067,23453.74753310561
2021-06-16 10:14:21,6482.816410259043,1726.1765825352875,28216.094177535997
2021-06-16 10:42:28,6443.527895472825,1748.2137660427654,25937.24458501687
2021-06-16 10:44:36,6440.752806530901,1904.8182051739966,23562.695143618883
2021-06-16 10:50:39,6433.072400625755,1581.6785912260261,25855.696525279396
2021-06-16 11:12:54,6407.50031347319,1566.0816735599442,26865.124362432885
2021-06-16 12:49:30,6355.0742062729805,1717.1128317455166,23173.758937587074
2021-06-16 12:57:17,6355.129055193738,1540.481760518127,24974.020128320724
2021-06-16 13:18:32,6358.274779295591,1712.3268666769582,29388.060164693055
2021-06-16 13:29:17,6361.446415410583,1672.489925562921,24890.834905090513
2021-06-16 13:34:57,6363.518737729205,1592.8394765958005,27404.946793716404
2021-06-16 13:43:58,6367.356268811116,1684.8439378500925,22861.915958703747
2021-06-16 13:45:52,6368.246235805702,1711.4229413347616,25027.524839967897
2021-06-16 14:31:02,6396.382359553634,1692.6570774272968,25481.730882275348
2021-06-16 14:45:20,6407.377890671192,1647.4208704357854,26951.533565824673
2021-06-16 14:49:32,6410.721299802165,1669.668903847173,23755.249990596898
2021-06-16 15:04:12,6422.63901509245,1675.4517897723777,24883.450026069284
2021-06-16 15:06:47,6424.759284772543,1509.2102205452989,23613.234997409865
2021-06-16 15:22:50,6437.879812847565,1598.593582717231,25937.772665907767
2021-06-16 15:24:33,6439.265325878347,1696.78407203931,24733.68381263403
2021-06-16 15:33:14,6446.17206724272,1702.6639404821049,24290.910986497645
2021-06-16 15:38:00,6449.87137428965,1737.5293992453032,23139.43606795443
2021-06-16 15:58:25,6464.620725058137,1750.2159654726706,25233.352083326063
2021-06-16 16:00:15,6465.83603858375,1697.1426821201687,25809.340865650673
2021-06-16 16:13:25,6473.900548057464,1678.051572025028,26401.91325618274
2021-06-16 16:13:57,6474.20057939258,1763.6215472202866,24780.972058230516
2021-06-16 16:14:02,6474.247259405252,1675.3281002926567,24618.767603334825
2021-06-16 16:20:19,6477.60665342303,1936.049152836044,24956.797049885336
2021-06-16 16:23:28,6479.167093142068,1832.9825211892178,23473.259131864896
2021-06-16 16:27:51,6481.193821354943,1724.1459727885997,24968.140111788787
2021-06-16 16:31:16,6482.652489762331,1594.0907006026305,25705.862997236563
2021-06-16 16:35:37,6484.350362937229,1848.18704846451,26090.79794677053
2021-06-16 16:40:33,6486.052519697953,1720.930198055029,25104.631455175037
2021-06-16 16:44:56,6487.359127865815,1854.502630686819,23574.854535733753
2021-06-16 16:48:34,6488.291419235128,1760.689893750186,25784.840143975696
2021-06-16 17:03:58,6490.668367948192,1706.0286840754268,23366.55690828794
2021-06-16 17:10:27,6490.885467484666,1758.8946827963398,22839.892477203528
2021-06-16 17:14:53,6490.762422010266,1749.3004482980066,24516.571771154755
2021-06-16 17:19:49,6490.365960356194,1764.913959539703,24009.942600395334
2021-06-16 17:42:36,6485.055011949848,1660.251967539992,23033.127865641367
2021-06-16 18:16:58,6467.412781124497,1567.7228341472087,27781.221774103215
2021-06-16 19:10:36,6427.12797849685,1619.4132441240874,26560.965141844605
2021-06-16 19:10:50,6426.948990623248,1711.7391417816884,26582.873865845508
2021-06-16 19:31:10,6412.180157941203,1642.1627422601493,23557.23277232361
2021-06-16 19:51:39,6399.979628593683,1489.3040376947852,24225.669720948743
2021-06-16 19:55:02,6398.322209044106,1770.8550655775032,22820.104820633795
2021-06-16 19:55:05,6398.298579424667,1767.2715052204424,24107.56648957093
2021-06-16 20:08:36,6392.903583109581,1745.4889710465775,24939.732450659034
2021-06-16 20:11:12,6392.106741987175,1654.3878461202594,23580.79250952856
2021-06-16 20:23:39,6389.464737708829,1853.1064537955408,23628.37457581819
2021-06-16 20:34:07,6388.831582980122,1551.0442326460834,24072.2196840957
2021-06-16 20:34:59,6388.846765310921,1651.3520500530035,26118.038623452885
2021-06-16 20:56:00,6392.466678436961,1610.762085036101,24782.32252257101
2021-06-16 21:02:08,6394.705351842899,1582.0147989322222,24225.975110221563
2021-06-16 21:22:00,6405.504202194093,1607.1158859488798,23413.87185075148
2021-06-16 21:31:55,6412.796033218113,1615.387072663782,21612.602289619208
2021-06-16 21:43:13,6422.476051905162,1652.2151193664695,23725.274632158475
2021-06-16 22:09:10,6449.116759960176,1700.8458933281295,25111.286648391906
2021-06-16 22:21:20,6463.048185068544,1635.7619039282781,24159.80478466515
2021-06-16 22:33:56,6477.920346139452,1717.762308882538,23125.506746986426
2021-06-16 23:00:26,6508.811613916793,1734.0070599484616,25305.86922185101
2021-06-16 23:10:23,6519.665461558422,1497.2037402884362,26160.399927904917
2021-06-16 23:29:11,6538.140911711022,1760.488632103482,26760.983781938
2021-06-16 23:36:44,6544.626904449677,1790.3196981870499,26929.891264013404
2021-06-16 23:40:19,6547.492487707279,1817.0825712053165,23182.183670536357
2021-06-17 00:07:07,6564.148908289141,1790.4507893290704,27998.512639244593
2021-06-17 00:14:26,6567.162130740601,1850.7379480540428,25882.29541225668
2021-06-17 00:19:45,6568.936510098645,1764.4939823400211,26414.368477080145
2021-06-17 00:24:48,6570.303886420184,1744.7582193362132,25112.667241958272
2021-06-17 00:27:19,6570.871902156306,1697.4874164193639,25926.67958209879
2021-06-17 00:36:40,6572.345089359668,1685.5582533061622,26115.500954995132
2021-06-17 01:02:33,6571.837213823436,1690.3300959017065,25485.048193728522
2021-06-17 01:18:05,6569.145474527494,1747.5502766486388,23585.928127567287
2021-06-17 01:23:37,6567.931528843929,1648.5557478725873,27984.778218902837
2021-06-17 01:26:02,6567.375986036857,1657.8069992181604,26342.63837422222
2021-06-17 01:34:07,6565.459025429284,1572.118410213721,26962.08359048918
2021-06-17 01:34:42,6565.319429525773,1738.4870514442048,23936.696554720387
2021-06-17 01:51:00,6561.63207047237,1636.2137040168793,25783.97694795495
2021-06-17 01:55:04,6560.848590399762,1811.908456980681,24748.701929111263
2021-06-17 02:00:37,6559.925042117518,1599.2200367047299,26246.25558892408
2021-06-17 02:08:10,6559.0088851566115,1817.6066205250308,24993.2636543609
2021-06-17 02:11:27,6558.756539602023,1861.4285981331934,28069.2328225901
2021-06-17 02:40:06,6561.694885083518,1647.6681155315964,22806.951741018696
2021-06-17 02:43:52,6562.919906713935,1775.964665370814,24895.243340158417
2021-06-17 02:47:10,6564.179434596141,1666.431835621051,24750.40734402387
2021-06-17 02:51:35,6566.147926630504,1891.041586710458,24845.235368455185
2021-06-17 02:53:50,6567.278949196633,1821.735137846583,26042.90824570649
2021-06-17 03:09:21,6577.567874885235,1750.0250445514432,27598.16503814045
2021-06-17 03:11:57,6579.73465489339,1751.62859782293,24942.00148478142
2021-06-17 03:19:29,6586.757785651624,1652.053026536465,24148.63740388814
2021-06-17 03:39:48,6611.337382869731,1769.7677393898216,29544.817852677286
2021-06-17 03:41:55,6614.373432782257,1794.0512450123747,24734.90662766678
2021-06-17 03:42:12,6614.786583327598,1507.7039756254235,26241.200478209368
2021-06-17 03:45:45,6620.097552750163,1843.0228854123552,27348.999549568933
2021-06-17 03:47:35,6622.937284704087,1769.2705964072372,24241.476092510922
2021-06-17 03:49:53,6626.592491230912,1835.9631952464101,28025.74796078719
2021-06-17 03:53:53,6633.192335512396,1620.0380588682256,26206.47398838311
2021-06-17 03:59:47,6643.479603801433,1820.8988803347556,23868.075396571552
2021-06-17 04:03:48,6650.850084090853,1829.9123332568618,26498.995158846046
2021-06-17 04:04:19,6651.819246823529,1784.8387811502182,26964.987876587078
2021-06-17 04:14:17,6671.420452872632,1798.0618339152365,24365.06013529537
2021-06-17 04:19:27,6682.227273567539,1757.506468108244,26570.560908344578
2021-06-17 04:19:44,6682.831974367132,1689.2827374470921,28008.63022659728
2021-06-17 04:20:25,6684.295407351017,1802.7640860512731,28151.65209369636
2021-06-17 04:24:38,6693.479927447867,1750.6226206663025,24197.59715304138
2021-06-17 04:30:22,6706.372707211491,1808.1239219821475,27870.222151661706
2021-06-17 04:42:02,6733.886043163571,1732.7091057363953,27026.537959950714
2021-06-17 04:42:56,6736.071473830932,1634.8358247784352,24286.119802009816
2021-06-17 04:43:58,6738.590653799029,1739.266051978773,24885.660780186903
2021-06-17 05:02:13,6784.519353645071,1938.5653909577627,24598.68663940443
2021-06-17 05:17:09,6823.307135999382,1835.6531392817917,27901.475203024605
2021-06-17 05:19:25,6829.2195126146835,1820.205273833209,23805.8678294934
2021-06-17 05:26:54,6848.691124812791,1646.586729574041,25708.13103776226
2021-06-17 05:27:43,6850.807831803376,1444.329021317249,26729.155563631462
2021-06-17 05:36:08,6872.459046344727,1763.6156536312744,26434.86052488894
2021-06-17 05:47:07,6900.035514596994,1716.6231757883138,24928.700388634992
2021-06-17 05:58:27,6927.28265052409,1652.5954948662318,28065.873082863487
2021-06-17 06:11:56,6957.506036692036,1657.3435976015662,27852.12737842509
2021-06-17 06:18:21,6970.867834035426,1742.8747739875612,27002.881026531384
2021-06-17 06:20:19,6974.8157564570365,1837.7272265817935,27546.50274773775
2021-06-17 06:24:13,6982.428910771863,1674.394598299659,26263.46545794179
2021-06-17 06:33:33,6999.413709725695,2101.9603315066925,26919.7595827145
2021-06-17 06:42:24,7013.789820074577,1969.0622001433683,25637.029758972774
2021-06-17 06:56:50,7033.3135742071145,1915.3272816391598,25939.29091991826
2021-06-17 07:07:06,7044.058965259019,1872.7546192390027,24779.362479260242
2021-06-17 07:08:48,7045.577823051415,1979.4296676075535,30147.91280425355
2021-06-17 07:22:53,7055.265635301961,1738.4623821721918,27126.04826671536
2021-06-17 07:25:41,7056.572937261068,2158.920348444533,27788.038870640332
2021-06-17 07:38:54,7059.984422688311,1832.833021154105,25437.953061734162
2021-06-17 08:08:33,7051.729450013381,1708.8312031323424,24647.28588138445
2021-06-17 08:31:22,7032.030754927523,1914.2720528325947,23737.144347663216
2021-06-17 08:53:03,7004.7156837256225,1988.0071045752802,26956.554669001198
2021-06-17 08:56:41,6999.478162249852,1829.53280625504,23340.850428500496
2021-06-17 09:00:29,6993.828756064897,1819.562462227475,24433.391787722892
2021-06-17 09:35:52,6935.077590081577,1691.915013974646,25675.283151707303
2021-06-17 10:26:13,6846.122460083979,1684.3797981943706,26296.458741359806
2021-06-17 11:07:58,6781.517005467923,1863.6404128902516,24831.010327234475
2021-06-17 11:16:17,6770.4379683334555,1737.0503609625346,27790.657511349727
2021-06-17 11:19:35,6766.231162332911,1733.7541490318679,24195.062599253928
2021-06-17 11:43:52,6738.757258754271,1992.92804064597,25311.853934480787
2021-06-17 11:54:25,6728.800152102549,1865.020655513447,24680.418390000814
2021-06-17 11:59:42,6724.273947787126,1598.7892756452852,23961.245387755152
2021-06-17 12:09:19,6716.826885986795,1618.2491111670931,25257.229592649976
2021-06-17 12:14:16,6713.391639255267,1719.8587973751394,26695.71993676308
2021-06-17 12:25:20,6706.684346479643,1684.8692002598734,26744.546994869048
2021-06-17 13:06:55,6693.106886289744,1991.3526275540894,27702.854598710986
2021-06-17 13:22:43,6692.454944516362,1551.6776646320664,28538.103998297123
2021-06-17 13:42:00,6694.654514574743,1691.6237585211964,25300.87825762725
2021-06-17 13:46:29,6695.5990858903715,1770.7941596772748,24959.6994175061
2021-06-17 13:54:17,6697.600284161278,1695.639530934816,26708.2037827791
2021-06-17 13:58:46,6698.945598924248,1575.9016037661404,23832.397596172068
2021-06-17 14:03:47,6700.609706012827,1702.1118486406185,26382.401890135032
2021-06-17 14:07:57,6702.112593994459,1669.6131689097413,25113.81961801255
2021-06-17 14:11:38,6703.527397202286,1551.4093278409077,23951.262165385142
2021-06-17 14:20:32,6707.253587550788,1691.6590660412726,29470.533955715073
2021-06-17 14:29:20,6711.316037294542,1710.7365147631554,24513.17660652471
2021-06-17 14:36:50,6715.026292571042,1879.7090621088764,23413.849967857175
2021-06-17 14:48:25,6721.10007462034,1780.0512303166431,25609.156741255767
2021-06-17 15:17:11,6736.953557017604,1818.9283615583922,27018.29291097927
2021-06-17 15:27:23,6742.436828611856,1605.8324599560337,26267.377469231116
2021-06-17 15:27:41,6742.594426121219,1788.3168647270925,26862.90157383895
2021-06-17 15:42:41,6750.081717075949,1547.103465361637,26409.255524554206
2021-06-17 15:43:10,6750.307655004965,1708.8616507758686,25462.346565418164
2021-06-17 16:11:08,6761.031906944987,1669.7930931819485,27169.27593838827
2021-06-17 16:33:08,6765.158299258564,1740.7849093473142,24378.785731807995
2021-06-17 16:45:22,6765.380251409492,1716.134191129025,24583.499939586738
2021-06-17 17:00:46,6763.302550671035,1928.017212031688,28474.777384159006
2021-06-17 17:04:51,6762.2914061028605,1714.8624171130657,26944.50043751278
2021-06-17 17:06:48,6761.739252071076,1764.8402231850134,27388.680682930266
2021-06-17 17:12:23,6759.909469642054,1498.6623545122263,24208.612593271657
2021-06-17 17:18:19,6757.560146800936,1704.5198221953622,27492.891734727855
2021-06-17 17:19:07,6757.211520949936,1932.787104287896,25455.35954798495
2021-06-17 17:20:53,6756.414900007506,1672.1198300014619,29121.87954503619
2021-06-17 17:32:13,6750.4376214221065,1685.2707525929509,27162.552279681007
2021-06-17 17:34:56,6748.78550731694,1854.0316905963662,25827.741173171933
2021-06-17 17:42:02,6744.079319080085,1682.270449522954,25356.46873250513
2021-06-17 17:43:20,6743.158046358494,1787.6004859923653,28092.48480446112
2021-06-17 17:49:26,6738.59689799509,1788.8226982529754,25956.979192395866
2021-06-17 17:52:28,6736.18660684226,1668.3440396019162,25889.16642459279
2021-06-17 18:05:04,6725.2332755529205,1858.0716164740293,27007.604134156772
2021-06-17 18:15:52,6714.765744554976,1746.079761447342,25088.09052340559
2021-06-17 18:25:44,6704.484250348281,1936.7400619154537,25241.627080588787
2021-06-17 18:27:05,6703.032512869296,1523.7221114772735,26936.156345199455
2021-06-17 18:35:02,6694.302339823348,1620.991858671125,26584.794005123025
2021-06-17 18:41:07,6687.45067977082,1810.2464731187163,24740.586575406935
2021-06-17 19:03:08,6662.09011737302,1881.6850619231586,24532.651736031992
2021-06-17 19:08:53,6655.493039177585,1779.4135166955296,22771.672067333613
2021-06-17 19:14:08,6649.540815870154,1605.469522323221,28987.250602539392
2021-06-17 19:15:42,6647.7821131043,1799.3881042998219,23501.268043059492
2021-06-17 19:18:28,6644.699686339369,1573.507520844877,26128.308821907995
2021-06-17 19:30:03,6632.20240601539,1732.1926992567153,25525.844892105648
2021-06-17 19:32:21,6629.815929432064,1802.1671231652833,27923.800881730247
2021-06-17 19:32:58,6629.182226187787,1750.22357705274,27780.62053420877
2021-06-17 19:33:19,6628.823746621662,1681.1267318067298,23766.07119529919
2021-06-17 19:35:37,6626.490049966409,1689.992613677625,23917.836902721967
2021-06-17 19:38:16,6623.850673847449,1725.4375841314793,25157.67486533923
2021-06-17 19:40:24,6621.76645642026,1774.5816287618209,23679.791340418837
2021-06-17 19:42:49,6619.451391023989,1749.9629234903985,26510.112423475814
2021-06-17 19:45:03,6617.357324221353,1706.5870886579107,24396.667114234046
2021-06-17 19:46:00,6616.480241008534,1678.8855325936372,27642.512598138415
2021-06-17 19:51:14,6611.802188306202,1680.4342041452537,25132.2720383682
2021-06-17 20:11:25,6596.525580864973,1783.4392836854774,24410.870706931342
2021-06-17 20:14:00,6594.923365971084,1775.1742851746524,23801.55038605397
2021-06-17 20:22:51,6590.100636898161,1935.3097790340007,27963.50170761486
2021-06-17 20:23:27,6589.812020614277,1801.0775516908643,22956.169992564843
2021-06-17 20:28:42,6587.500216967975,1551.5900933987255,24035.779337442844
2021-06-17 20:29:35,6587.149332710129,1701.058622786389,26947.611314640533
2021-06-17 20:30:55,6586.64069881426,2002.1576680939218,26096.290801765597
2021-06-17 20:34:14,6585.485829178854,1784.0117921731053,24468.719871514608
2021-06-17 20:46:51,6582.554368318281,1642.5337960460884,27945.648568242763
2021-06-17 21:06:43,6582.676766219838,1559.93949744312,24290.514992647644
2021-06-17 21:09:18,6583.112548432415,1753.6857897736427,25876.180523503164
2021-06-17 21:15:01,6584.409468728831,1788.6126281768845,27884.1326469605
2021-06-17 21:15:43,6584.599279650722,1779.3145629688845,24169.178606555193
2021-06-17 21:18:49,6585.519687742609,1611.9827717817482,25687.813492535748
2021-06-17 21:21:03,6586.262419801655,1700.3752565018824,24674.9050590518
2021-06-17 21:32:42,6591.171863606198,1730.5786791554842,22927.670119693674
2021-06-17 21:36:03,6592.888488114604,1753.181428913732,27994.93914539944
2021-06-17 21:39:47,6594.951302848392,1795.2989488760393,24261.38818643638
2021-06-17 21:41:54,6596.188258632019,1684.3789436221534,29205.297451178034
2021-06-17 21:58:34,6607.447024901186,1742.253499342669,24796.286592476827
2021-06-17 22:03:03,6610.872454171823,1890.7795821953534,24577.593519701455
2021-06-17 22:23:22,6627.838890304709,1836.695092103863,23797.938413627588
2021-06-17 22:46:53,6648.6961492593055,1783.8304526132674,27165.455957574344
2021-06-17 22:50:09,6651.549500588575,1819.752292682827,26441.5804034456
2021-06-17 23:04:59,6663.9805215571505,1748.0609474802138,24152.68052605233
2021-06-17 23:07:45,6666.170183737109,1802.167324643554,24785.860540829544
2021-06-17 23:22:46,6677.081463725092,1730.1374841318782,26641.853112167057
2021-06-17 23:49:44,6691.287427123373,1796.7328740091132,27194.785389100158
2021-06-17 23:55:08,6693.1438787010065,1854.8621119587265,24377.43451980438
2021-06-17 23:55:24,6693.226397134909,1746.8258815758772,24908.27343141318
2021-06-18 00:18:13,6697.033453167348,1788.9805145347711,25559.061919243148
2021-06-18 00:42:04,6694.356636721428,1815.4228645155335,26093.78629639247
2021-06-18 01:06:10,6685.980455541768,1734.866619583997,25188.636599953606
2021-06-18 01:09:51,6684.334105511881,1821.0863683398325,26049.65468545171
2021-06-18 01:27:45,6675.548114581858,1690.2191723084618,24850.754578581902
2021-06-18 01:29:53,6674.452745063849,1896.6226756707106,26810.93910850855
2021-06-18 01:48:23,6665.119737044464,1757.325498128312,24112.57828940058
2021-06-18 01:53:09,6662.881915719824,1883.8737738264813,27333.648624509813
2021-06-18 02:03:08,6658.624542550221,1658.9766097023962,29350.280375242044
2021-06-18 02:25:13,6652.352419433497,1721.4455162916167,25708.563619041048
2021-06-18 02:36:07,6651.454910528811,1817.5361597290787,24668.919642425
2021-06-18 02:44:17,6651.9589416861345,1857.8503389308096,26230.22481242802
2021-06-18 02:58:47,6655.659859339673,1652.7072986525486,25697.96827033069
2021-06-18 03:13:47,6663.6502486174895,1716.3568944209048,24372.19930133385
2021-06-18 03:19:53,6668.187045749808,1648.3187155520304,23987.233799978996
2021-06-18 03:34:09,6681.7963802466975,1680.2451773305452,25604.499536183714
2021-06-18 03:37:23,6685.4682501190655,1777.7287944429966,27175.562628207048
2021-06-18 03:38:33,6686.846308906786,1807.8064043270472,26199.356399675886
2021-06-18 03:46:35,6697.095032435743,1692.5946041640436,26863.104177186346
2021-06-18 04:03:27,6722.810755573453,1622.7471796526763,26691.424662377205
2021-06-18 04:03:59,6723.713016201764,1983.490548242779,29147.42971302047
2021-06-18 04:29:37,6772.836322716938,1928.8952042085402,24045.41244832571
2021-06-18 04:36:31,6787.755023964092,1808.4123696259705,26566.98067380968
2021-06-18 04:55:02,6830.430513275333,1881.4679746562263,28258.040504069828
2021-06-18 05:20:35,6892.976071649721,1918.3326694496327,25269.27366479799
2021-06-18 05:26:03,6906.486202921651,1693.763505172754,27381.623245939907
2021-06-18 05:45:15,6953.0345509452,1933.4744885138573,25442.71400611203
2021-06-18 05:45:28,6953.546272834603,1837.4980325186377,24533.243902494563
2021-06-18 05:45:50,6954.411352318894,1849.812450991499,24271.759116941274
2021-06-18 05:51:02,6966.547809700156,1850.7305334037794,26150.977899851787
2021-06-18 05:55:11,6976.037601086195,1705.5039952966215,27545.756202522294
2021-06-18 05:56:31,6979.045675495089,1869.4504335209222,26148.1191367134
2021-06-18 05:56:44,6979.53251634875,1890.0141368924437,26844.522704533985
2021-06-18 05:57:02,6980.205679786504,1687.1469704031936,22888.417912404333
2021-06-18 05:59:24,6985.47768922036,1974.110880435501,27639.05364242014
2021-06-18 06:05:22,6998.445171470116,1670.1102388271709,26281.17549339373
2021-06-18 06:16:42,7021.620990815813,1958.0374573752883,26472.033247372514
2021-06-18 06:28:07,7042.719946166284,1755.5335259800966,30546.371556723145
2021-06-18 06:32:58,7050.91599376904,2048.5103971800954,24722.73997403827
2021-06-18 06:57:30,7084.438676048869,1936.3239322002958,26624.265820495566
2021-06-18 08:25:54,7083.140174740026,1844.1225158812586,26847.366143104417
2021-06-18 08:35:55,7072.142312944273,1947.9729458722347,24740.53257601158
2021-06-18 08:46:29,7058.792925318649,1796.0642240253233,29364.677442273405
2021-06-18 08:56:54,7044.127553242366,1669.7629513586498,24192.34151887261
2021-06-18 09:03:16,7034.539786332203,1839.2768353773,25584.988282705166
2021-06-18 09:11:11,7022.065347545177,1730.7262346835294,26248.03822286102
2021-06-18 09:14:17,7017.036758909523,1982.8542582776142,29771.48528720789
2021-06-18 09:38:44,6975.4470058683755,2046.7708652299643,26367.837560270975
2021-06-18 09:42:08,6969.5004510134395,1967.2488884212378,27331.440899552963
2021-06-18 09:45:13,6964.095232359651,1892.7181981367512,26278.934485002494
2021-06-18 09:56:34,6944.192925652778,1820.7965955060133,24824.50096713508
2021-06-18 10:25:52,6894.356464417125,1762.042516077032,25993.862350255906
2021-06-18 10:32:17,6884.0289441725945,1766.2241683311934,27856.85408683198
2021-06-18 10:48:46,6858.904800928321,1708.5086948216008,27230.48314302609
2021-06-18 10:55:44,6848.982173241437,1891.6242004191674,26852.489195785103
2021-06-18 11:02:43,6839.496481168012,1672.7903370745412,23422.46676247726
2021-06-18 11:25:29,6812.069115440779,1811.7810002988822,24805.85476034393
2021-06-18 11:33:06,6804.167072018764,1855.4158919112879,27105.789441398134
2021-06-18 11:39:50,6797.7371870784955,1692.7733558117368,24406.90865813252
2021-06-18 11:45:29,6792.750483190893,1937.377863980205,27623.446703575664
2021-06-18 11:49:51,6789.15439226174,1693.1194477514548,25394.14651623074
2021-06-18 12:04:37,6778.673956543516,1819.6226208253015,26793.301634268435
2021-06-18 12:08:01,6776.629524187058,1663.9453826224335,25908.744906556123
2021-06-18 12:17:44,6771.546871490208,1816.155792465987,27327.695895201923
2021-06-18 12:31:00,6766.413374127017,1702.6145696450044,24882.493496822648
2021-06-18 12:40:03,6764.091473511079,1783.907183418357,25490.78739889165
2021-06-18 12:44:12,6763.341713896943,1839.3028212920135,28905.08007030087
2021-06-18 12:46:22,6763.028079014632,1783.77057172379,26855.342064444325
2021-06-18 13:01:10,6762.286977571869,1711.6815854475444,23566.227991800326
2021-06-18 13:16:17,6763.9691430381645,1650.6297328513983,26144.6513979519
2021-06-18 14:47:53,6816.116247001463,1646.3340978572935,27130.402838109618
2021-06-18 15:14:36,6839.210030117649,1971.192997511487,27502.76612052349
2021-06-18 15:48:38,6867.985523609551,1795.6380087424197,26103.32171035568
2021-06-18 15:54:37,6872.626195737912,1838.4263608459753,25424.12009111273
2021-06-18 15:57:22,6874.695092984624,1757.7165762015138,26919.423029025846
2021-06-18 16:11:25,6884.526101338892,1792.5665463268624,27353.555335990906
2021-06-18 16:16:02,6887.4503429960205,1882.5626071380352,26443.052609396855
2021-06-18 16:16:52,6887.960386673864,1854.476922590137,26889.985000203607
2021-06-18 16:24:12,6892.200596854135,1798.0034716894263,27775.36777176959
2021-06-18 16:36:48,6898.360506482717,1838.2498280280413,23936.113049079508
2021-06-18 16:46:19,6901.980640622697,1863.2890308617934,27522.237693351373
2021-06-18 16:53:17,6904.027940966052,1714.9637029012758,27976.588939404523
2021-06-18 16:57:14,6904.95420821948,1916.5758575513698,27252.44529785764
2021-06-18 16:58:40,6905.247649953083,1648.097438291973,28044.66454314994
2021-06-18 17:13:04,6906.912330676445,1519.3631308327724,30381.05721273363
2021-06-18 17:38:46,6904.058670188359,1738.6629183665223,24410.587597066482
2021-06-18 18:02:37,6895.19543705038,1768.0299933387894,27687.93758505367
2021-06-18 18:14:44,6888.775923131929,1581.5642073283736,25593.60797758006
2021-06-18 18:20:39,6885.263726937879,1865.2263799036348,25159.1422931278
2021-06-18 18:37:44,6874.084646403301,1742.1882089916564,27758.69098321847
2021-06-18 18:37:54,6873.96985121266,1791.5140468640384,25853.372033275777
2021-06-18 18:48:18,6866.678675978286,1689.1038572736309,27823.159947596676
2021-06-18 18:52:26,6863.7387606379525,1759.5294747619841,24578.153538494404
2021-06-18 19:23:45,6842.349425971051,1752.8324390419377,22890.68621979957
2021-06-18 19:48:14,6829.3991482441525,1725.6674795907365,28581.759305807165
2021-06-18 19:50:19,6828.549913600107,1818.088913077433,26500.603552918685
2021-06-18 20:13:43,6822.529111294736,1792.5379844474223,25598.652519194962
2021-06-18 20:14:27,6822.455271851595,1855.025331768306,27105.683336135113
2021-06-18 20:15:03,6822.400443037175,1947.4216725230096,28210.486556185428
2021-06-18 20:16:12,6822.309490884152,1814.105743422017,26238.177183433676
2021-06-18 20:17:08,6822.249420811692,1744.741540025183,25089.370721506468
2021-06-18 20:32:47,6823.144671510648,1606.9420773487427,27121.625245646042
2021-06-18 20:43:08,6825.791723292541,1850.652781393746,23451.686002392304
2021-06-18 20:56:28,6831.691317371021,1633.1367937985533,25010.975992716674
2021-06-18 21:01:50,6834.858393108171,1816.4685902389006,25948.886108592702
2021-06-18 21:06:33,6838.012912342165,1814.4117199069028,25127.542150344154
2021-06-18 21:09:08,6839.885970090428,1785.3409765148238,26353.608505171742
2021-06-18 21:11:38,6841.795341679919,1746.277600031958,26833.510233380297
2021-06-18 21:20:32,6849.347943275827,1696.9656839098461,26173.382420671747
2021-06-18 21:22:49,6851.470733405944,1676.070625687286,25214.594365963952
2021-06-18 21:23:14,6851.866052463274,1553.775412469081,26015.36453111708
2021-06-18 21:29:34,6858.169932104599,1925.0456549250703,24702.765162125168
2021-06-18 21:30:23,6859.022242779733,1739.6162892617465,25559.948482057072
2021-06-18 21:44:41,6875.304878103142,1591.4698150367315,24224.27111972788
2021-06-18 21:48:13,6879.695055150923,1846.3892819636071,23345.05352282183
2021-06-18 21:49:05,6880.792191704168,1867.1232669250755,25443.297789016473
2021-06-18 21:49:08,6880.855726213207,1855.960461526101,28478.007467594318
2021-06-18 21:49:36,6881.449958079237,1779.0856708135902,25162.77404502118
2021-06-18 21:49:48,6881.705313561985,1638.8671275871175,26935.835872282834
2021-06-18 21:50:28,6882.559442875789,1806.8644847047954,26070.480400170934
2021-06-18 21:56:41,6890.733165948075,1846.4147814265534,27471.02972353664
2021-06-18 21:56:48,6890.89001003366,1691.4949705948568,30212.668575176296
2021-06-18 21:57:42,6892.104015039739,1749.46599833252,24101.962008132774
2021-06-18 22:01:16,6896.983498080894,1867.5829565594036,28506.160828482298
2021-06-18 22:01:58,6897.9534792944105,1786.516751004497,23822.270838055392
2021-06-18 22:02:39,6898.904112446424,1933.7825731999526,26439.63152558651
2021-06-18 22:04:12,6901.073807667286,1834.6201638207094,27133.800285829755
2021-06-18 22:04:22,6901.308191087886,1693.8044420066594,31452.520527012122
2021-06-18 22:05:38,6903.096192711278,1677.5166983746203,26697.763419282634
2021-06-18 22:05:56,6903.521370259703,1717.2984721419662,25774.00074756781
2021-06-18 22:05:58,6903.568651873907,1795.9724703055563,24769.404371513454
2021-06-18 22:07:41,6906.0141667153675,1768.4392264017795,26140.68354698603
2021-06-18 22:08:22,6906.993224479738,1846.710131784869,26719.21089011376
2021-06-18 22:08:33,6907.256426833901,1823.1391811149917,25588.555980935587
2021-06-18 22:08:54,6907.759516801552,1974.579253005399,24338.592783774868
2021-06-18 22:09:08,6908.095353268538,1767.4419389376033,29186.498610989718
2021-06-18 22:09:40,6908.864294674636,1672.26709547309,25644.704667871818
2021-06-18 22:10:08,6909.53859923606,1798.3162131872596,25229.54686451124
2021-06-18 22:10:30,6910.069364830139,2000.725951607654,27760.9235651588
2021-06-18 22:10:40,6910.310896569895,1923.931662787757,27377.08777479822
2021-06-18 22:11:13,6911.109153987276,1851.9411298409339,25985.975482544665
2021-06-18 22:11:58,6912.200611083984,1871.111065085794,23751.848899267083
2021-06-18 22:12:11,6912.516537764238,1966.6829843036157,27469.158094687817
2021-06-18 22:12:26,6912.8814070870185,1901.8650386280149,27172.77233184835
2021-06-18 22:13:48,6914.882292352189,1846.3232579479957,26846.89990945839
2021-06-18 22:14:21,6915.690434322245,1774.1505567183592,28709.14642932415
2021-06-18 22:14:53,6916.4756297981785,1646.0775078432987,27150.466480027673
2021-06-18 22:15:33,6917.4592093811625,1787.2188456679335,27759.615937984723
2021-06-18 22:16:29,6918.839997580898,1860.8364046199945,27919.65962460949
2021-06-18 22:16:53,6919.433073961706,1841.6837968373486,24755.766113924597
2021-06-18 22:16:58,6919.55672840018,1802.146359988048,26183.76150815599
2021-06-18 22:17:00,6919.606199450512,1812.7379503224784,26956.441628261884
2021-06-18 22:17:43,6920.6710929023175,1737.044334266593,28311.566524939037
2021-06-18 22:18:36,6921.986879936892,1887.7257338127645,26540.8802025748
2021-06-18 22:19:19,6923.0569394844315,1933.3961574051352,27565.481274786915
2021-06-18 22:21:07,6925.753974089892,1830.5853756363342,26002.473383053846
2021-06-18 22:21:35,6926.455293449868,1873.3134329882098,26268.110989076962
2021-06-18 22:22:10,6927.333086929475,1673.1633562029128,24501.03868605082
2021-06-18 22:24:43,6931.184152827416,2018.1633111243693,26952.74973817068
2021-06-18 22:24:53,6931.4365857084085,1795.6975479018988,25247.76040739056
2021-06-18 22:25:13,6931.941700839775,1807.8803970751917,28404.244906147145
2021-06-18 22:26:18,6933.585530055729,1856.8956199490856,28242.448910529463
2021-06-18 22:26:45,6934.269294360079,1668.7807106529513,27907.859198788017
2021-06-18 22:27:32,6935.460786676056,1764.8487142117876,27058.83765056302
2021-06-18 22:28:01,6936.196706410285,1733.185808608992,27390.905509119002
2021-06-18 22:28:08,6936.3744235585855,1661.6932085289297,26100.87094222829
2021-06-18 22:30:14,6939.578268595295,1759.074189020553,26556.144684938055
2021-06-18 22:31:15,6941.132308920643,1912.53964111134,26201.783330345203
2021-06-18 22:31:56,6942.177750485441,2012.2273109216162,30138.14544126155
2021-06-18 22:31:59,6942.25427290184,1960.705774547487,30951.96344981937
2021-06-18 22:32:35,6943.172806087696,2104.1785492204604,27586.0451465755
2021-06-18 22:34:05,6945.471016177049,1650.1429508719164,24302.455684843913
2021-06-18 22:34:45,6946.493152144039,1892.7944524042048,26555.455638401414
2021-06-18 22:34:52,6946.672062912674,1920.262821181829,26673.141254216298
2021-06-18 22:35:19,6947.362238487009,1764.5024400636564,24503.249974507613
2021-06-18 22:37:25,6950.584432207995,1880.1253719648319,24184.59160813948
2021-06-18 22:39:18,6953.474843329929,1998.903724568064,31103.23563072381
2021-06-18 22:39:24,6953.628303466241,1887.9619541018303,26351.844697657172
2021-06-18 22:40:12,6954.855861461984,1892.035134353343,22861.962825743198
2021-06-18 22:41:09,6956.313186563226,1916.7156059281567,26930.913684050145
2021-06-18 22:41:15,6956.466556627072,1760.2007523320947,26653.699234900567
2021-06-18 22:42:59,6959.123651818423,1915.9414282699624,29123.135947541326
2021-06-18 22:43:21,6959.685346398075,1761.4583088142665,28186.041934324025
2021-06-18 22:44:36,6961.598954579893,1847.2718226793588,27508.31389896934
2021-06-18 22:46:21,6964.274073028885,1870.466885518875,25503.058249733804
2021-06-18 22:46:50,6965.011966486038,1575.6598265742796,24696.354365786785
2021-06-18 22:48:51,6968.085537044243,1755.428610138714,26910.412619139803
2021-06-18 22:50:02,6969.884596848202,1782.8708651795773,27985.019632301763
2021-06-18 22:50:41,6970.871246788128,1692.3028896835058,26042.261538586165
2021-06-18 22:51:48,6972.563455444563,1762.9783933118715,22853.984987968404
2021-06-18 22:52:01,6972.891362757938,1805.878819949362,28099.5498317424
2021-06-18 22:52:28,6973.571933302421,1843.8357786647778,28763.186587944987
2021-06-18 22:54:01,6975.911038923586,1825.7734063566595,29485.057150797187
2021-06-18 22:55:28,6978.091563281174,1731.5800454747834,28208.75848128066
2021-06-18 22:56:21,6979.4160074172605,1710.7589223807709,25504.28067842879
2021-06-18 22:57:30,6981.135545692413,1851.9257679769426,28051.110091920684
2021-06-18 22:58:19,6982.353251154308,1720.4244199506068,24951.521893109562
2021-06-18 22:58:38,6982.824630580452,1800.5234280023772,26804.817045649266
2021-06-18 22:59:43,6984.433779809617,1798.5264980675918,27020.94366611031
2021-06-18 22:59:44,6984.458493167946,1823.9013663347287,28298.85606221187
2021-06-18 23:02:24,6988.395001874573,1647.5392190325433,26673.97549912114
2021-06-18 23:02:51,6989.055682028319,1817.3515772239894,27731.207152813156
2021-06-18 23:03:06,6989.422256618058,1829.7503640178043,25240.74842703441
2021-06-18 23:05:27,6992.851023801968,1921.8263480124906,25618.685725834603
2021-06-18 23:06:07,6993.817898018202,1860.875705348411,25846.562881757163
2021-06-18 23:06:59,6995.0708146684865,1856.5864477292184,26756.987004327526
2021-06-18 23:07:09,6995.311229629083,1932.2680535524914,28852.043276700875
2021-06-18 23:11:40,7001.757532322598,1882.1687712963312,25328.956926575695
2021-06-18 23:13:13,7003.937232784673,1686.7827920525842,28282.7915579497
2021-06-18 23:13:34,7004.42699256489,1968.859564006788,25840.659507611323
2021-06-18 23:15:01,7006.446192739518,1846.0064315796685,25197.02310081907
2021-06-18 23:16:11,7008.059098288277,1999.055461551979,26565.681095612068
2021-06-18 23:17:40,7010.094204029277,1871.5239467278743,26370.299970218824
2021-06-18 23:18:33,7011.297616925079,1859.4375676468244,26545.216482212316
2021-06-18 23:19:06,7012.043639450134,1822.6706121821956,26400.70025819867
2021-06-18 23:20:03,7013.3262134291535,1761.9126489971752,24643.57553035496
2021-06-18 23:22:36,7016.730272414116,1990.1927626973632,26329.82422391453
2021-06-18 23:24:00,7018.574496182127,1950.5735983164218,25914.386235113216
2021-06-18 23:25:12,7020.140918171188,2024.8841262605015,25416.817172171264
2021-06-18 23:26:19,7021.586424484292,2009.6164164294642,27987.833823295085
2021-06-18 23:27:34,7023.190386808383,1696.9246075874466,27088.705366992108
2021-06-18 23:31:16,7027.847892987211,1830.1455791435171,26016.853157954363
2021-06-18 23:32:20,7029.164842740799,1624.9502737828473,24941.142838502903
2021-06-18 23:34:43,7032.064455104885,1732.1419070469717,26523.16398893214
2021-06-18 23:35:22,7032.844790161248,1765.9748442493894,27750.65134369329
2021-06-18 23:35:50,7033.402226700279,1631.1428710951022,29457.56120616358
2021-06-18 23:36:19,7033.977086395503,1896.0170009929052,27642.81834778754
2021-06-18 23:38:25,7036.445068743632,1801.786373247329,25468.6986575583
2021-06-18 23:39:22,7037.545490238024,1957.0646740041352,25302.513045844426
2021-06-18 23:42:33,7041.158534128423,1947.775361023994,30646.275819953436
2021-06-18 23:43:33,7042.269527548142,1867.5325908598552,24762.601512869398
2021-06-18 23:43:36,7042.324772532687,1744.733597458955,26036.426652835748
2021-06-18 23:44:00,7042.765683732242,1723.2585872196614,27832.35516701913
2021-06-18 23:44:16,7043.058586910507,1930.1933605728227,27884.149482001932
2021-06-18 23:46:45,7045.746073115165,2163.56624211118,26531.297308220306
2021-06-18 23:47:01,7046.030316979982,1829.3436863551424,26276.988726351712
2021-06-18 23:48:44,7047.839759024038,1812.3684599480916,28461.07567864518
2021-06-18 23:51:40,7050.849161840547,1952.9785794474285,28517.18739705922
2021-06-18 23:55:03,7054.1891552193965,1736.0390706735652,25984.555473839093
2021-06-18 23:56:20,7055.418885606222,1832.5616398192128,26832.949813565458
2021-06-18 23:57:30,7056.51895051591,1794.1785365869086,26317.991404941477
2021-06-18 23:57:56,7056.923196852907,1752.3654310990528,27528.42603082739
2021-06-19 00:00:50,7059.567633873211,2014.941724994883,24849.610909439012
2021-06-19 00:01:15,7059.93884738819,1892.6848311748008,26842.69213095774
2021-06-19 00:03:45,7062.119861609076,1605.356437794529,28062.78288460532
2021-06-19 00:04:47,7062.998135199194,1894.4592751370078,30700.758602338698
2021-06-19 00:06:26,7064.372340924098,1790.8154406307767,26381.125074690844
2021-06-19 00:08:19,7065.898465286398,1969.0638402869217,25461.076459573847
2021-06-19 00:09:32,7066.860328190512,1988.497219680125,27343.107105405874
2021-06-19 00:12:41,7069.26306684722,1772.7656760669,29110.532268149596
2021-06-19 00:13:31,7069.877623206786,1916.7130440124322,31229.708605245738
2021-06-19 00:13:47,7070.072421903353,1634.2745428292583,28639.705425720334
2021-06-19 00:15:07,7071.03291542358,1699.8851074826177,27029.370900791513
2021-06-19 00:20:08,7074.446366057257,1862.453685997753,29751.513491479283
2021-06-19 00:20:36,7074.747916844214,2035.1971060065223,27210.512029035766
2021-06-19 00:23:21,7076.470285395104,1880.5453317977597,31591.337989496365
2021-06-19 00:24:47,7077.331255677452,1693.7439891544989,26761.666857369502
2021-06-19 00:27:14,7078.745311483427,1892.1568597962307,26975.0836059912
2021-06-19 00:27:56,7079.13610312213,1864.7812049313372,27770.814782334997
2021-06-19 00:29:35,7080.034250484523,1897.8283686188493,28279.42329428295
2021-06-19 00:30:09,7080.335305451714,1960.5161488907952,26482.76707110478
2021-06-19 00:30:28,7080.50190477354,2023.0674049976406,25956.479521281824
2021-06-19 00:31:45,7081.165120698711,1909.0137129752898,25605.302791818933
2021-06-19 00:32:23,7081.485400885372,1999.6926237494067,30709.924514911007
2021-06-19 00:32:40,7081.627191228016,1894.7624201483877,25685.2334739862
2021-06-19 00:33:01,7081.801074553262,1857.5453408428873,26536.527500974546
2021-06-19 00:34:44,7082.633757232327,1818.0272594157243,25839.22809740235
2021-06-19 00:37:35,7083.943322080249,1852.1947386600925,27268.359153722766
2021-06-19 00:46:36,7087.516984059024,1877.6343643012012,28122.995853815322
2021-06-19 00:49:43,7088.563903462017,1979.9818001319393,27144.267067458837
2021-06-19 00:50:05,7088.6811097730215,1870.945377095022,28830.3990819183
2021-06-19 00:51:02,7088.979092999046,1599.9971711730636,28396.300001813237
2021-06-19 00:52:47,7089.506928305892,1940.6066088783566,24699.951383633743
2021-06-19 00:53:24,7089.686553335808,1914.044998252699,26524.35757661554
2021-06-19 00:56:57,7090.658573713964,1678.0198143354446,25808.393592790864
2021-06-19 00:57:58,7090.918200994925,1801.9949631011743,27226.221833860884
2021-06-19 01:02:16,7091.930367554409,1998.5424143970001,27777.56527846815
2021-06-19 01:04:50,7092.472848760034,1928.6727339103293,29101.42170229729
2021-06-19 01:05:48,7092.666113406835,1899.138887771594,28751.208656613777
2021-06-19 01:06:29,7092.79925082855,1976.1824370661152,26572.972495246548
2021-06-19 01:07:36,7093.010809041845,1816.847973840316,28051.997332142237
2021-06-19 01:10:10,7093.470307746162,1769.6456556626545,25862.38133649374
2021-06-19 01:14:14,7094.129678571618,1972.7006196199573,29711.29928382932
2021-06-19 01:16:43,7094.496546342441,1857.5258682362262,25728.86350635913
2021-06-19 01:17:11,7094.5628346361345,2002.3662960870186,26537.831944715086
2021-06-19 01:19:00,7094.813673795948,1895.1161577722319,28617.754934277313
2021-06-19 01:21:23,7095.127231213158,1773.1469888034906,26699.691650060307
2021-06-19 01:22:13,7095.233257488651,1731.081388166051,30446.577518309496
2021-06-19 01:22:18,7095.243767610356,1848.4275706737394,29406.815373472804
2021-06-19 01:25:45,7095.666333969892,1957.1430272190662,26096.807812573163
2021-06-19 01:26:04,7095.70408412926,1754.7539445633033,26096.886038180357
2021-06-19 01:26:40,7095.775234205907,1701.3127783650286,25099.966477992566
2021-06-19 01:33:20,7096.548347267135,1851.1686439865214,27320.97583812305
2021-06-19 01:35:11,7096.76343463929,1914.366636954117,25748.56677478266
2021-06-19 01:39:05,7097.229874017511,1821.5349711088643,25564.79400624091
2021-06-19 01:44:37,7097.948213602006,2079.0507217783256,24945.651677288093
2021-06-19 01:50:00,7098.74994774917,2057.9201446185107,27298.094237579942
2021-06-19 01:54:31,7099.532124437405,2087.87816195273,24842.249203373474
2021-06-19 01:55:55,7099.799099360582,1808.3778387241603,23515.402251207655
2021-06-19 01:56:46,7099.967440030801,1648.4570834168878,31753.36287892372
2021-06-19 02:03:16,7101.4296611553245,1849.3626350241277,28425.01002097277
2021-06-19 02:04:18,7101.693538005086,1916.6046513369329,27688.008371756958
2021-06-19 02:07:11,7102.480647541231,2007.9616896697735,25609.73423716905
2021-06-19 02:07:39,7102.615376050168,1875.6947434833453,26068.251177301492
2021-06-19 02:09:07,7103.052710303058,1778.2244394520258,27649.108341649924
2021-06-19 02:13:17,7104.41641473465,1819.3345642492463,27839.783327054403
2021-06-19 02:20:55,7107.430930319597,1924.0999207228724,27292.287774195698
2021-06-19 02:23:23,7108.562579359314,1895.2590344179657,28256.864998361092
2021-06-19 02:24:57,7109.324256336078,1917.1848674663302,26969.37260018688
2021-06-19 02:27:22,7110.567011477846,1949.0761683113965,27245.77545194812
2021-06-19 02:27:54,7110.852634327014,1788.0034511936094,27761.9063276206
2021-06-19 02:28:24,7111.124204008203,1747.844617442722,29489.792695543794
2021-06-19 02:29:04,7111.492064556169,1786.2157010685128,25832.302670383124
2021-06-19 02:29:26,7111.697219304497,1868.3495032949188,27775.621280599258
2021-06-19 02:33:33,7114.141981614442,2227.336200895097,28061.70001111335
2021-06-19 02:35:49,7115.602493741982,1729.9251244395623,29752.263394232017
2021-06-19 02:43:25,7121.1286987008625,1812.1643218917495,31712.81055225522
2021-06-19 02:44:01,7121.607954403503,1693.8126545121409,28093.363295280036
2021-06-19 02:44:05,7121.661604878635,1775.694658877781,25423.071404629423
2021-06-19 02:45:31,7122.834569505903,1813.4779144771915,27413.8542639146
2021-06-19 02:46:06,7123.322670790591,1870.6155831873664,28017.1989737054
2021-06-19 02:46:11,7123.392909833032,1863.6867591125679,27539.550045815227
2021-06-19 02:50:18,7127.023925714954,2102.2247569831784,26999.095886067724
2021-06-19 02:53:17,7129.857042683925,1960.9102034282123,24478.851319992355
2021-06-19 02:54:46,7131.330305472574,1843.791807258988,25562.63713184915
2021-06-19 02:55:49,7132.39949065508,1839.0555514766243,26377.83889300285
2021-06-19 03:04:26,7142.019127252767,1911.6252527543706,27623.26096630954
2021-06-19 03:06:36,7144.6810122061015,1935.9059079537672,28022.414234970878
2021-06-19 03:07:52,7146.283427864718,1815.2828558333842,27113.081480729215
2021-06-19 03:08:29,7147.075979322118,1881.975456177948,27356.33444574408
2021-06-19 03:09:25,7148.291063793143,1840.5857068768187,28880.8712891695
2021-06-19 03:10:12,7149.325367505312,1926.6157797662922,30415.99295550178
2021-06-19 03:11:24,7150.935602016414,1959.8574272804474,30244.132271158407
2021-06-19 03:13:33,7153.899013854731,1966.9219333629587,26376.224414700206
2021-06-19 03:19:06,7162.018768034251,1757.0122591874162,25742.599566566718
2021-06-19 03:20:23,7163.993613818456,1818.7266773845913,27160.561512639324
2021-06-19 03:23:24,7168.780837200738,1701.2640570000328,26945.093679048558
2021-06-19 03:27:13,7175.130589740605,1876.646452597971,23952.558988742025
2021-06-19 03:27:20,7175.329857780584,1819.0260221584447,27669.25230606721
2021-06-19 03:29:32,7179.145015539219,2126.098004864167,25372.761837463935
2021-06-19 03:34:53,7188.879110785604,1866.9203045084375,27282.422961806897
2021-06-19 03:35:08,7189.349788593698,1782.829598540868,26851.08375643807
2021-06-19 03:36:26,7191.820046989278,1695.7629902286494,25710.184530562306
2021-06-19 03:36:52,7192.651935880277,1889.058860575955,25449.382735029005
2021-06-19 03:37:45,7194.360812399427,1684.8127715948842,25508.746294908193
2021-06-19 03:42:13,7203.2704449949715,1845.4621774322968,26680.26125559205
2021-06-19 03:43:13,7205.326347751082,1920.5240838140257,27827.449331365293
2021-06-19 03:44:55,7208.872519571408,1882.8279299912792,26327.35863335784
2021-06-19 03:45:49,7210.775896632178,1766.8815798157623,28845.058476590675
2021-06-19 03:47:40,7214.744672005304,1872.7670078780782,26564.74586997461
2021-06-19 03:48:30,7216.557054699377,1949.5151840336803,28332.14865845968
2021-06-19 03:49:45,7219.304207395212,2145.653115103835,28661.769599617954
2021-06-19 03:50:01,7219.894692864367,1916.0612588144547,26229.246719644372
2021-06-19 03:57:47,7237.766879193889,1874.0280797025441,28150.48066223272
2021-06-19 04:01:10,7245.952780113022,2007.1692127253295,27685.41887073955
2021-06-19 04:04:47,7254.964556436711,2017.9423828117388,27417.647452171135
2021-06-19 04:06:29,7259.292026461151,2035.7275194288181,26857.143149244752
2021-06-19 04:09:30,7267.112316246649,1994.9119301106439,27156.25715953088
2021-06-19 04:09:52,7268.074990418988,1975.6416363333356,27049.624079802823
2021-06-19 04:12:03,7273.860919461396,1873.4258755559733,31154.78366717027
2021-06-19 04:15:06,7282.094762667421,1864.0570234513186,28993.652938175397
2021-06-19 04:15:57,7284.420240900183,1999.5978218614255,23934.292524858367
2021-06-19 04:18:52,7292.499546833624,1982.3658793378943,25584.871618465724
2021-06-19 04:20:23,7296.760657110717,1851.9218124964234,27990.912637185145
2021-06-19 04:21:24,7299.639465406617,1973.7658871320546,26728.088744963454
2021-06-19 04:22:36,7303.060253499905,1855.9921935482616,28031.232007503662
2021-06-19 04:29:24,7322.894173862215,1869.7964268370422,27192.051570238546
2021-06-19 04:30:38,7326.569888395957,2072.0462127669343,28261.64615747766
2021-06-19 04:32:30,7332.176645655993,2000.8393028160249,30512.694018861148
2021-06-19 04:33:31,7335.251872475285,1954.442137825766,28811.53270604099
2021-06-19 04:34:09,7337.1751149519605,1815.4221939872175,28068.27763531982
2021-06-19 04:35:12,7340.376177847278,1896.2854834017055,26572.45385588547
2021-06-19 04:37:42,7348.059067453783,1729.2783073934233,30959.605249883967
2021-06-19 04:38:19,7349.9671071865205,2039.066554029516,27508.506963829353
2021-06-19 04:48:07,7380.916049948982,1960.6008154212357,25861.64447640993
2021-06-19 04:49:28,7385.263448302155,1755.7154427470148,24233.45135883344
2021-06-19 04:50:32,7388.711285057092,1852.6462450413849,26906.282835504106
2021-06-19 04:51:12,7390.8717672256325,2005.9023293393816,27322.131954297387
2021-06-19 04:52:29,7395.042407085865,1915.220912048168,30370.73839359193
2021-06-19 05:01:17,7424.007050353752,1824.7681879960148,28652.423079130524
2021-06-19 05:12:39,7462.101768717126,2007.1184396921278,27239.770258138436
2021-06-19 05:13:09,7463.788377368537,1741.8716032528203,27952.80585480146
2021-06-19 05:15:08,7470.483770744159,1894.9092618651753,28881.344496828246
2021-06-19 05:18:13,7480.90401279077,1925.4721881519854,29319.297209444296
2021-06-19 05:18:59,7483.496160710396,1705.1241692546087,26376.964894438985
2021-06-19 05:19:13,7484.285112605119,2039.0655014251984,27310.818907753266
2021-06-19 05:21:57,7493.526659779736,2065.0677894230917,32014.892201376028
2021-06-19 05:22:24,7495.04776807924,1997.5398534225294,28028.30346196449
2021-06-19 05:32:45,7529.916394297036,1862.084397187345,29424.202210301388
2021-06-19 05:39:27,7552.251992920076,2050.1521484409677,31947.265972366706
2021-06-19 05:48:55,7583.257964703103,1841.1482422295694,28576.138462190906
2021-06-19 05:49:27,7584.980399843322,1933.002366163321,29224.605922228606
2021-06-19 05:50:17,7587.665799156273,1989.4165834511205,28280.422140795214
2021-06-19 05:50:58,7589.862333369591,2008.3086452503624,31055.988628921157
2021-06-19 06:09:32,7647.257300588813,1955.2904247654872,30367.283543850415
2021-06-19 06:15:33,7664.714445505458,1959.0510195361455,28548.788759021427
2021-06-19 06:16:00,7665.994000182937,2111.063126538011,28995.171433910386
2021-06-19 06:16:36,7667.694212255731,2308.472834873329,28738.925710712716
2021-06-19 06:17:12,7669.387671505013,1928.9639251155972,31135.31494123377
2021-06-19 06:23:20,7686.2976119192945,2053.311515345106,30148.651178483924
2021-06-19 06:24:25,7689.205828526796,1925.8968085644526,31533.561407284207
2021-06-19 06:26:02,7693.500258244007,2007.7812440546436,28927.40543733758
2021-06-19 06:28:19,7699.470891762058,2012.6480520565506,29865.39250799846
2021-06-19 06:31:26,7707.436915245725,1914.6578622287313,29699.748411469773
2021-06-19 06:32:56,7711.193412950508,2128.1712829506755,27316.870445747278
2021-06-19 06:44:40,7738.751408177585,2072.2438402029566,32120.731141983884
2021-06-19 06:48:29,7746.984954799997,2256.2091621579043,30434.421249177416
2021-06-19 06:48:46,7747.581339682288,1948.863260601544,34179.82027688196
2021-06-19 06:54:00,7758.221248816744,2137.4010365807235,29085.758718710276
2021-06-19 06:57:51,7765.586073593663,2160.3203531453178,27223.84669128018
2021-06-19 06:59:44,7769.0434449672675,1974.1129311241768,30197.5365822609
2021-06-19 07:06:25,7780.529280891757,2026.2168005823034,31700.047239370226
2021-06-19 07:38:22,7818.083997326959,2060.4641136018363,30129.0682876804
2021-06-19 07:41:00,7819.894191477711,2134.511760606506,29844.152531449043
2021-06-19 07:43:33,7821.463909430342,2007.4512564865288,29085.173618443685
2021-06-19 07:59:14,7827.249342627001,2075.491511630357,29512.045246423913
2021-06-19 08:01:35,7827.559875160249,1985.1149289792643,27346.235332297954
2021-06-19 08:19:04,7825.62474585769,2063.0671724519075,31691.75364295524
2021-06-19 08:19:50,7825.377108149468,2204.3223202984473,31334.014699326828
2021-06-19 08:22:07,7824.5631548475685,2070.4234679123256,29956.810050923
2021-06-19 08:39:46,7814.6711442616115,2229.8990873242988,29258.67455435943
2021-06-19 08:47:52,7808.218943982528,1870.601658915813,27808.34260327832
2021-06-19 08:48:04,7808.046118311349,2284.22745289769,30023.672731988114
2021-06-19 09:06:35,7789.610039701544,2036.062231041177,30072.30309377989
2021-06-19 09:22:13,7771.066459956789,2326.2727470178893,27558.39863700586
2021-06-19 09:25:14,7767.262343027302,2232.4540721383864,32704.858095866242
2021-06-19 09:29:00,7762.433560836144,2046.160688431218,33293.80465611929
2021-06-19 10:00:47,7719.907255935525,1960.897111623364,30287.250975575516
2021-06-19 10:01:50,7718.4947689623605,1970.5946462203929,27258.782296774792
2021-06-19 10:04:28,7714.962110384542,2060.4579614385684,29763.973284156174
2021-06-19 10:17:57,7697.208984669599,2053.554373232461,26819.40472981751
2021-06-19 10:21:02,7693.256991784246,2048.682043121007,30229.27823548207
2021-06-19 10:22:32,7691.352374439279,2132.5760782708976,29693.810666564215
2021-06-19 10:26:08,7686.8332343704005,1998.8697294993885,26930.529897192948
2021-06-19 10:30:45,7681.154463401836,2157.9312564018583,32086.9657966885
2021-06-19 10:33:03,7678.378286343323,1951.7799341193313,30348.693130803033
2021-06-19 11:52:32,7613.815635192261,2238.60796393287,29450.571146944905
2021-06-19 12:01:43,7611.081678255709,2057.857884663805,28654.818740659357
2021-06-19 12:04:40,7610.428137174452,2214.722289562865,27023.07048748983
2021-06-19 12:07:31,7609.900661302936,1974.4208670552036,27612.533525238716
2021-06-19 12:29:03,7609.20452539604,1877.0450573968672,30399.44191764254
2021-06-19 12:38:28,7610.705792474098,1987.190986749234,26258.697989424298
2021-06-19 12:40:58,7611.285762385467,1995.813923912928,29647.818472152536
2021-06-19 12:42:39,7611.718749022669,1802.0639773093355,29432.852137640042
2021-06-19 12:43:33,7611.964215177157,1894.395355686308,28755.749041750238
2021-06-19 12:49:52,7613.958881166086,2065.5603917032504,29881.914873534057
2021-06-19 12:50:27,7614.166924923471,1846.1442154751649,30693.392132292778
2021-06-19 12:53:29,7615.3131276712065,2230.310167549947,29814.555076061337
2021-06-19 13:08:17,7622.424162933743,2111.487190200019,29133.435948095244
2021-06-19 13:13:14,7625.349730263796,1951.9878697597096,31834.411555630257
2021-06-19 13:13:37,7625.587423952148,2006.1110584188161,27344.271530665654
2021-06-19 13:14:50,7626.3523417136075,1849.9358431194937,26852.07807666605
2021-06-19 13:25:53,7634.015705745386,1897.8693542813155,27948.08208560064
2021-06-19 13:30:28,7637.561907911802,1908.0980163131208,28368.450345016794
2021-06-19 13:33:07,7639.707180459832,1995.9429369293246,29966.994840194497
2021-06-19 13:37:20,7643.260650431083,1777.1016367743182,31087.488470131637
2021-06-19 13:41:45,7647.162218033386,1755.3118802482968,29458.81786742199
2021-06-19 13:56:30,7661.445022256782,2129.266665683119,27805.941184489788
2021-06-19 13:59:16,7664.325315353203,2166.2079076650343,31034.490112075957
2021-06-19 14:02:00,7667.229190013017,2098.6814777664663,30485.913249504978
2021-06-19 14:03:43,7669.081786323925,1870.8207330204095,31494.295930819062
2021-06-19 14:20:19,7688.045264279213,1981.7271683359977,28630.17662166115
2021-06-19 14:23:37,7692.0186058119625,1822.363439405054,31029.47495167043
2021-06-19 14:24:22,7692.929976608725,1959.1796316318919,30433.54028724812
2021-06-19 14:29:01,7698.645455887017,2062.9906065535065,30012.58912002445
2021-06-19 14:31:11,7701.344734872525,1907.50701486451,28831.797639238015
2021-06-19 14:31:21,7701.553272565051,2065.3830388352785,30445.7182954145
2021-06-19 14:32:58,7703.582549019633,2059.8260256769286,29586.37156695721
2021-06-19 14:38:35,7710.717900946434,2063.52354368231,26502.58388119912
2021-06-19 14:40:30,7713.180468468576,1994.332770101227,27587.213672047175
2021-06-19 14:43:48,7717.449557227393,2001.9281799739188,33450.51704459239
2021-06-19 14:48:54,7724.110666123061,1781.6250377268761,31161.944094005303
2021-06-19 14:51:13,7727.157983957718,2033.508863193539,31216.468221558403
2021-06-19 14:51:42,7727.795218794192,2172.8691692419857,31228.244043543415
2021-06-19 14:54:02,7730.877890325312,2099.067538958732,28826.417115408258
2021-06-19 14:59:44,7738.4440602077375,2125.6534322545263,27536.31057737399
2021-06-19 15:05:13,7745.7515174277605,2059.2589585336204,30163.243084696016
2021-06-19 15:11:13,7753.752435826307,1834.5688883945027,32228.4528067188
2021-06-19 15:15:11,7759.0302286962415,2102.231394009891,29273.800932229835
2021-06-19 15:22:36,7768.837798006863,2123.903920205076,28959.64627403376
2021-06-19 15:25:51,7773.09815593377,2138.0253194424677,27018.66708745338
2021-06-19 15:30:05,7778.6017128815965,2153.0343400994852,34196.38282715859
2021-06-19 15:43:45,7795.885968161484,2296.0597548356022,29997.656920398196
2021-06-19 15:57:20,7812.044040917899,2271.5324582379626,30731.19274344571
2021-06-19 16:07:26,7823.181673099945,2164.5684552899183,28718.283570539104
2021-06-19 16:12:21,7828.283716328712,1868.4447997601178,27742.97085109925
2021-06-19 16:14:15,7830.194413441649,2132.3599045188494,29512.979780410253
2021-06-19 16:16:28,7832.378870443888,1955.8292230512943,28291.030403342567
2021-06-19 16:18:31,7834.355130137185,1887.4745382942356,31027.10462761684
2021-06-19 16:19:03,7834.862221069999,2090.1916953297414,28749.310703495146
2021-06-19 16:19:53,7835.648638484481,2118.0265563975854,28539.607796385517
2021-06-19 16:27:45,7842.7049068366005,2105.06742474185,33178.034262373265
2021-06-19 16:32:46,7846.841364595084,2213.406393005957,30336.55124174232
2021-06-19 16:37:06,7850.174574274757,2217.8567434982738,29356.424252263754
2021-06-19 16:42:06,7853.733976051759,2123.3716588722978,29422.26220443665
2021-06-19 16:44:35,7855.384568861934,1893.343657780267,29620.05269304599
2021-06-19 16:46:12,7856.4165131403915,2196.646958336062,31091.744051481506
2021-06-19 16:46:19,7856.489673190832,1859.9269680999728,29979.718997299937
2021-06-19 16:47:35,7857.272568639614,1955.3800441178705,30132.831650068663
2021-06-19 16:48:10,7857.626058960626,2065.751537195216,32485.001696374562
2021-06-19 16:53:01,7860.3909467784915,1942.0207812489045,30372.510324719726
2021-06-19 16:57:40,7862.745626120304,2169.0891368980806,33142.92485375163
2021-06-19 17:04:21,7865.612357594123,2016.417729033844,27034.965562838024
2021-06-19 17:05:40,7866.1043310570685,2081.856443470247,28161.293521942524
2021-06-19 17:08:48,7867.178056111166,2088.7961672945767,27845.673646150473
2021-06-19 17:11:12,7867.907786246036,2168.6041543990777,28244.663696576543
2021-06-19 17:12:01,7868.137725859203,2140.1855599353257,32790.31537725957
2021-06-19 17:20:18,7869.942464247777,1870.229422028923,27595.930188973947
2021-06-19 17:24:00,7870.439090024504,1974.882300687313,30862.675094866652
2021-06-19 17:35:26,7870.782966074859,2099.629571762731,31020.89775301805
2021-06-19 17:39:22,7870.49394189838,2282.3966959675467,31119.42802192461
2021-06-19 17:44:41,7869.78244921822,2036.4457200444342,30030.276760259007
2021-06-19 17:48:05,7869.139105149009,2039.8227178248449,30279.84137513641
2021-06-19 17:49:33,7868.817311464255,1838.7937275979928,30407.584946168423
2021-06-19 18:06:06,7863.452141488913,2129.73000602194,25879.528467399366
2021-06-19 18:07:34,7862.833639298428,1966.1996962492983,26736.48601385676
2021-06-19 18:07:54,7862.690073820596,2150.1396294839287,28631.039468987707
2021-06-19 18:08:39,7862.363044726661,2244.294923926548,30113.190646866336
2021-06-19 18:11:54,7860.883241421528,2096.4085537297155,29236.395304224145
2021-06-19 18:16:10,7858.792858053053,1933.9528577799986,29921.963390358724
2021-06-19 18:18:17,7857.697166288534,1889.3198237124486,30990.45006725691
2021-06-19 18:22:11,7855.583324144121,2041.486009867546,32568.947419423715
2021-06-19 18:22:33,7855.378546476867,2044.9956453386508,29782.45620495148
2021-06-19 18:26:37,7853.042321413474,2270.6709562024216,32036.27788147508
2021-06-19 18:27:19,7852.62867642628,1978.5816873983729,31336.78174910034
2021-06-19 18:30:00,7851.013867789535,2173.154485657546,28831.34201787775
2021-06-19 18:33:14,7849.010716306675,2047.211026075395,32438.475511692362
2021-06-19 18:35:50,7847.358738758062,2167.725001217063,32895.477688955114
2021-06-19 18:36:28,7846.9512183153265,2119.834754601591,27345.413885012542
2021-06-19 18:36:34,7846.88669812534,2098.6244967393286,27675.41374956425
2021-06-19 18:37:57,7845.989425903309,2106.3282539786305,27114.57011970584
2021-06-19 18:41:39,7843.5494073460895,1889.705838991702,29198.91218973473
2021-06-19 18:45:37,7840.878422967891,2150.463667707347,31224.416389272264
2021-06-19 18:45:55,7840.674460687257,2082.025675296266,30372.899864713007
2021-06-19 18:47:24,7839.662490668552,2009.1869332521214,30264.800379003533
2021-06-19 18:54:16,7834.920422944531,2147.442911324922,30112.363457447274
2021-06-19 18:55:53,7833.795291293433,1943.8897324566672,28902.455987670048
2021-06-19 18:58:05,7832.26223148664,2001.174638516436,29640.489200918848
2021-06-19 18:59:10,7831.507145961752,2060.263490713049,30841.255644230292
2021-06-19 18:59:37,7831.193559559618,2155.3803586857657,31561.54473719361
2021-06-19 19:02:53,7828.92050152757,2195.758512550481,29497.320492045106
2021-06-19 19:13:29,7821.665328998004,1989.598156786635,28900.486524995064
2021-06-19 19:15:08,7820.564534982753,2010.6885323406195,29186.20127325757
2021-06-19 19:15:58,7820.012531204815,2203.433350283703,26525.978592559386
2021-06-19 19:16:22,7819.748565565508,1916.5579840679798,31536.33678999912
2021-06-19 19:18:44,7818.200881047693,2223.9686711640807,30902.09362456641
2021-06-19 19:27:37,7812.650621949554,2047.4648740678338,29682.058213796743
2021-06-19 19:31:58,7810.115138453956,1931.0705793925752,33989.381531713356
2021-06-19 19:35:32,7808.142854953247,2032.2987573666023,31785.941233796144
2021-06-19 19:39:05,7806.285373717845,1947.3990619772046,30499.235975702755
2021-06-19 19:41:40,7805.005182355894,2060.2761571190067,28548.191101103486
2021-06-19 19:42:57,7804.392845700448,1948.921967352343,31877.0470317615
2021-06-19 19:44:15,7803.7891214746405,2238.2264068955637,28537.006169703134
2021-06-19 19:46:59,7802.57603142914,2034.0553197698882,31611.066971781398
2021-06-19 19:48:58,7801.745350000389,2146.43122357907,31795.924576184145
2021-06-19 19:57:36,7798.652403925279,2078.540356171769,30049.793683349493
2021-06-19 19:59:19,7798.145188389023,2031.8127285539174,29652.464145740898
2021-06-19 20:00:37,7797.786153445277,2102.7598010594907,31322.935994635474
2021-06-19 20:02:44,7797.248789611214,2150.107342526234,31040.23319004621
2021-06-19 20:04:09,7796.922445269576,2114.8250418069483,29177.449467436116
2021-06-19 20:04:38,7796.817308560376,1911.5446104095663,29661.51000897037
2021-06-19 20:05:00,7796.739672852019,2066.804442976981,28921.691863669566
2021-06-19 20:05:56,7796.550373239206,2306.8082524445904,31412.297131396474
2021-06-19 20:08:28,7796.097578393755,2207.7912607165795,31968.64233914908
2021-06-19 20:10:36,7795.78674717009,1949.8846252453081,30249.647297785003
2021-06-19 20:15:01,7795.353814366239,1951.0420941599589,32173.99249961556
2021-06-19 20:19:52,7795.216021165497,2044.7799049721148,30207.390464299027
2021-06-19 20:20:50,7795.231880466523,2171.775483081553,28771.131695844742
2021-06-19 20:22:27,7795.291120175746,2065.1911375240534,28501.754924613182
2021-06-19 20:23:44,7795.367532273322,1949.6402241228848,31938.838292112763
2021-06-19 20:24:47,7795.449546740208,2080.6998135632543,28799.146878363725
2021-06-19 20:27:21,7795.72455687737,2081.7142648322438,28848.869662438115
2021-06-19 20:27:33,7795.750458244136,2101.2430281689913,28542.80226825003
2021-06-19 20:28:00,7795.811112808125,1970.2858829352565,29605.41614160528
2021-06-19 20:28:50,7795.932145256974,1927.4402871248537,29503.971585720108
2021-06-19 20:32:45,7796.653662057896,1970.4861484758023,26817.449575626917
2021-06-19 20:33:22,7796.790369946986,1972.2362088417096,28413.496829516695
2021-06-19 20:35:03,7797.195791668038,2077.6709936527336,30062.615963514196
2021-06-19 20:36:14,7797.509151175692,1908.7501991282204,30126.37384798191
2021-06-19 20:37:40,7797.920203803627,1971.4409163733076,29444.85129773815
2021-06-19 20:39:03,7798.349749233345,2063.841775816172,33821.64081208846
2021-06-19 20:42:26,7799.536856947862,2094.908404400277,28577.63809111666
2021-06-19 20:47:26,7801.648007709747,2181.500260875428,29807.84802764029
2021-06-19 20:48:36,7802.202062395374,2157.283389031886,25808.493948873675
2021-06-19 20:50:23,7803.093968143958,2072.5637151135793,30145.14652521005
2021-06-19 20:51:36,7803.733680907993,2167.41150785561,32873.02187821923
2021-06-19 20:54:07,7805.137222141361,2101.42833475149,28789.53212004223
2021-06-19 20:58:44,7807.992668194174,2136.4903717421057,29672.78481016767
2021-06-19 20:59:57,7808.80544603294,2154.9427295554706,28545.66181764134
2021-06-19 21:01:05,7809.585064456207,1974.6427884177078,30534.42515511508
2021-06-19 21:08:36,7815.300320800599,2008.8605921700014,29469.52235319478
2021-06-19 21:17:08,7822.910775461358,1928.1763056268073,28462.479351388472
2021-06-19 21:17:33,7823.312121849772,2003.961249583947,27619.80166032165
2021-06-19 21:19:52,7825.592966627578,2094.00626293975,29298.356304209974
2021-06-19 21:25:44,7831.735490148751,2219.6205573839293,31662.656252876855
2021-06-19 21:26:26,7832.502691557288,2037.7890804582737,27252.20366143575
2021-06-19 21:27:33,7833.741360367009,1996.901282931191,28067.463466268742
2021-06-19 21:31:16,7837.992879253419,2043.1116287609884,32717.56790438055
2021-06-19 21:32:25,7839.34769929008,2104.4690247396406,28252.896647560385
2021-06-19 21:36:03,7843.746571387638,2203.671706155117,28488.95201401064
2021-06-19 21:49:03,7860.852300236962,2144.7779644176535,31704.19892828369
2021-06-19 21:50:32,7862.928174853193,2115.4270814881315,30876.322303117428
2021-06-19 21:51:29,7864.269865911957,2212.0725339849464,30498.327376446414
2021-06-19 21:54:18,7868.301940421259,1971.8993611352776,32459.42847299899
2021-06-19 22:01:04,7878.29482362609,2044.2538525046316,31325.637016193476
2021-06-19 22:04:55,7884.153379060366,1925.3975222531803,30098.337627326084
2021-06-19 22:06:36,7886.749972243058,1960.4038985151478,27454.05910194616
2021-06-19 22:11:15,7894.021814858631,2006.0809375521915,28292.61093478997
2021-06-19 22:14:51,7899.739689202584,2131.7866478871056,30790.265613576186
2021-06-19 22:18:26,7905.494931676142,1789.6180754352279,30889.99891820028
2021-06-19 22:21:58,7911.220985031245,2123.996664008469,33744.453056707185
2021-06-19 22:24:08,7914.75250328906,2200.4513035513282,30292.297636793483
2021-06-19 22:37:50,7937.258250304744,2016.2921896311998,28253.905757354223
2021-06-19 22:38:15,7937.943349118042,2028.5143247182418,32235.11687937991
2021-06-19 22:40:42,7941.967436826714,2144.4875118887003,32246.158407867602
2021-06-19 22:41:42,7943.607237831245,2219.07994818937,32107.56878134153
2021-06-19 22:42:05,7944.235328283124,2034.057335818542,32109.201582575362
2021-06-19 22:43:31,7946.581070925808,2155.982023761052,33117.96294367311
2021-06-19 22:44:27,7948.105921880557,1976.9686501929825,30290.90149932254
2021-06-19 22:51:07,7958.918405500781,1953.5808558703638,31478.607211975166
2021-06-19 22:55:14,7965.503781946752,2188.2805295759576,26552.345044843194
2021-06-19 22:58:11,7970.168142141888,1985.9590761511138,31197.027025263185
2021-06-19 23:04:35,7980.09805447958,1834.7348316465866,31363.53838830697
2021-06-19 23:12:16,7991.60567233513,2249.5133961531633,34304.83694042603
2021-06-19 23:19:28,8001.897050300102,1775.6166982470816,32833.32325023561
2021-06-19 23:20:07,8002.79998882972,2191.9793417262877,32749.3321420277
2021-06-19 23:22:55,8006.636785566226,2206.0262219099595,29919.75692539956
2021-06-19 23:27:28,8012.68080288572,2283.719416540167,28096.923529884476
2021-06-19 23:29:12,8014.918312314575,1916.9693330429577,29385.243632412294
2021-06-19 23:40:25,8028.465334440517,2146.261042160367,31871.613771425014
2021-06-19 23:42:01,8030.259290698149,2080.3314075628127,34612.385836719
2021-06-19 23:42:23,8030.66534128631,2157.0097649149197,28270.98829913882
2021-06-19 23:46:10,8034.743173125439,2148.48226962707,30172.760822147935
2021-06-19 23:51:10,8039.813064876183,2085.6337532166235,33264.16119552307
2021-06-19 23:54:00,8042.521068463446,2210.0858109422106,35052.197526489246
2021-06-19 23:54:38,8043.109854868878,2283.871490883929,31283.958242580396
2021-06-19 23:55:42,8044.0877598719735,2133.1959903339607,29459.89171869747
2021-06-19 23:56:01,8044.374749378149,1922.8605901961675,30980.916566398235
2021-06-19 23:56:44,8045.018615883822,2058.166352658994,31863.3672092137
2021-06-20 00:01:01,8048.70301678938,2063.0201565061407,29991.878594333735
2021-06-20 00:08:13,8054.258811199822,2230.4011324454236,31696.274664416334
2021-06-20 00:09:00,8054.814857279442,2066.044989496742,31047.42581366485
2021-06-20 00:10:39,8055.955033755237,2260.164038960823,32643.748205094944
2021-06-20 00:10:58,8056.169039826264,2123.199175018426,31023.81896209639
2021-06-20 00:11:18,8056.392635324667,2203.284951796377,31351.867337566135
2021-06-20 00:13:03,8057.538372952883,2211.415778653753,30556.813483692327
2021-06-20 00:18:30,8060.805146562072,2234.7036294613836,29555.46153326891
2021-06-20 00:21:46,8062.546625058197,2193.6001954539597,30938.488432649534
2021-06-20 00:28:34,8065.6621009259125,2263.240705400244,32235.295024476934
2021-06-20 00:29:09,8065.897911848066,1952.3744373215497,30907.92461034207
2021-06-20 00:29:22,8065.984253593895,2254.7753378964267,29019.737450156546
2021-06-20 00:33:17,8067.430098750957,2299.363022374781,32142.411836239593
2021-06-20 00:42:56,8070.09947217778,1987.096260760193,31118.32577223621
2021-06-20 00:43:51,8070.290192396612,2141.5702758215984,30262.71364652123
2021-06-20 00:44:42,8070.45773811351,1789.0549298243725,26921.834536971382
2021-06-20 01:01:04,8072.092536373508,2363.375438814395,31441.753636110636
2021-06-20 01:01:42,8072.101372342769,2181.8200886935747,30551.711647654593
2021-06-20 01:04:32,8072.09831045319,2109.429957401954,31051.681439837226
2021-06-20 01:06:52,8072.046261360326,2135.2308765958837,30468.9761604824
2021-06-20 01:09:45,8071.925041194164,2142.6022342454303,29336.571742951117
2021-06-20 01:11:22,8071.831619029809,2184.4280125409064,29194.397706111304
2021-06-20 01:11:40,8071.812388118911,2078.5385682080528,29788.64494949826
2021-06-20 01:21:37,8070.891731244861,2072.7960114418784,33697.67626622215
2021-06-20 01:22:14,8070.819805668863,2069.602661937259,30790.844204305493
2021-06-20 01:29:16,8069.921070381328,2164.8207683953806,31005.120017424284
2021-06-20 01:35:17,8069.090028790259,1965.0813554671158,32574.27717824976
2021-06-20 01:41:46,8068.209143414471,1788.9046282003856,29522.143654174426
2021-06-20 01:55:25,8066.770955463272,1984.4870082443904,30895.812256006207
2021-06-20 02:03:27,8066.441066322625,2099.493679976313,32110.654999681115
2021-06-20 02:11:05,8066.661066701612,2024.7540533570468,33391.81599950689
2021-06-20 02:13:37,8066.87234353204,2160.724169583273,27670.89295144607
2021-06-20 02:20:14,8067.798357103377,2084.738324189893,31698.305771808642
2021-06-20 02:21:40,8068.076015164764,1849.3073312511035,33639.87324760146
2021-06-20 02:24:14,8068.646791171916,2159.114301811502,29965.594244357988
2021-06-20 02:27:40,8069.564754089009,2133.6099531200794,30377.927652785365
2021-06-20 02:31:14,8070.71594726009,1969.128915464115,32363.869232455152
2021-06-20 02:33:50,8071.688503640342,2153.1413626156814,31160.204856212396
2021-06-20 02:35:24,8072.330891291985,2210.401329847781,32395.694068892757
2021-06-20 02:36:31,8072.815262743407,2249.209804244281,30149.357789752936
2021-06-20 02:38:22,8073.667232219347,2178.308041708041,31108.163733498553
2021-06-20 02:39:12,8074.071495209879,2017.6496202043559,28546.240760956767
2021-06-20 02:39:51,8074.39577702427,2150.785406453418,31137.1845679296
2021-06-20 02:44:43,8077.079338265315,2175.9320434269057,33097.368463658735
2021-06-20 02:48:51,8079.725205859899,2005.6848961402404,28430.82227580105
2021-06-20 02:49:49,8080.394227685413,2114.303881596253,30594.653777098876
2021-06-20 02:50:14,8080.688572590152,2256.3803718325953,32369.320772801027
2021-06-20 02:52:25,8082.2903873244095,2135.11146109,31300.58315395366
2021-06-20 03:03:02,8091.553021827854,1993.7844681503939,31385.444065137403
2021-06-20 03:30:10,8127.191819664713,2215.287524092607,31838.286619282215
2021-06-20 03:42:57,8150.225789059807,2041.2587680368285,33874.43115457581
2021-06-20 03:55:19,8176.286925452919,2242.0986324532983,32992.30276028111
2021-06-20 03:56:04,8177.983730254954,2267.6204341990183,29968.157857685954
2021-06-20 04:08:23,8207.66757439554,2087.905934908399,30920.966764456323
2021-06-20 04:09:12,8209.753151267983,2210.2908826367275,29196.187517735332
2021-06-20 04:11:58,8216.922490639441,2088.178384984718,30035.21853475139
2021-06-20 04:14:18,8223.091368429457,2178.350519630707,30638.27977263068
2021-06-20 04:15:33,8226.441251544453,2051.3289640550993,31426.71834116072
2021-06-20 04:22:10,8244.67848748803,2199.9691946108173,30564.035344264652
2021-06-20 04:23:27,8248.310533115233,2156.1038096357556,32358.341222345356
2021-06-20 04:29:20,8265.332038913792,2148.9694799291265,31398.78797127074
2021-06-20 04:32:05,8273.48671765087,2183.1314323832626,32640.525150784735
2021-06-20 04:32:13,8273.885156800996,2189.4261073619086,29548.709688504197
2021-06-20 04:38:07,8291.784611152809,1762.8843785897707,32861.1816301314
2021-06-20 04:43:59,8310.062788657337,2107.1724889500415,30569.263604672084
2021-06-20 04:47:45,8322.021150407678,2132.8954530370756,33609.83713517279
2021-06-20 04:54:37,8344.203864721485,2219.2570516551723,33120.44494394276
2021-06-20 04:57:13,8352.71348967335,2216.7916859966854,29788.074008288644
2021-06-20 04:58:36,8357.262242430419,2179.9916883921996,33542.55787447064
2021-06-20 05:04:00,8375.139020611177,2298.7315452142384,32388.912671035985
2021-06-20 05:05:49,8381.189244369534,2186.075602421125,32504.74985698962
2021-06-20 05:09:57,8395.005298641809,2170.7310512992353,32766.71587794631
2021-06-20 05:11:08,8398.970767478557,2327.7032485806662,31826.483680623915
2021-06-20 05:12:06,8402.212660239255,2271.621845431834,32997.60998079214
2021-06-20 05:13:28,8406.79913802004,2117.5884634416743,31301.622897012327
2021-06-20 05:22:12,8436.130967323228,2394.684759526808,30333.654661736073
2021-06-20 05:22:17,8436.4105579957,2198.2431957698154,31828.408749682785
2021-06-20 05:23:21,8439.988038237203,2112.77843939965,32727.517387431926
2021-06-20 05:24:42,8444.511846477782,2303.6516090728796,33286.104777182125
2021-06-20 05:27:35,8454.154823807596,2513.0197132324333,28887.964243105784
2021-06-20 05:31:45,8468.027882409726,2039.4223568481302,32025.904262520384
2021-06-20 05:38:24,8489.953139360561,2478.9266086264483,30362.3940808614
2021-06-20 05:45:34,8513.168232295187,2288.972842516313,33075.56175092416
2021-06-20 05:54:47,8542.169988407346,2182.2174206769164,33974.66159549773
2021-06-20 05:55:14,8543.556784186114,2553.274199117681,34343.52712284022
2021-06-20 05:55:59,8545.861490799589,2477.7617379636977,33497.410932534665
2021-06-20 05:56:26,8547.240288849802,2126.6867214053236,35793.64454164044
2021-06-20 06:03:05,8567.241632250996,2259.120617869464,34153.70702718508
2021-06-20 06:03:26,8568.273836093203,2191.6392510558258,33444.17401932757
2021-06-20 06:03:57,8569.793622822637,2086.078710578303,33383.276263216954
2021-06-20 06:05:12,8573.4508132603,2283.535969166904,32751.944914327236
2021-06-20 06:15:13,8601.675311894522,2074.697236955835,30261.052624824177
2021-06-20 06:16:36,8605.41121235905,2058.3696778963904,35990.14053729622
2021-06-20 06:35:16,8651.418543613556,2118.3643375211814,36298.793428012905
2021-06-20 07:01:30,8700.01492665239,2286.8456737982556,33829.87594571166
2021-06-20 07:06:45,8707.23367400829,2133.429951860902,35205.291009281675
2021-06-20 07:09:32,8710.706526206885,2157.942322399052,30583.687014407522
2021-06-20 07:16:44,8718.539441315417,2049.6983264894216,35910.41579576066
2021-06-20 07:17:04,8718.861677631321,2352.3021386751793,33971.11714176673
2021-06-20 07:24:20,8724.994773797527,2167.4273419508177,32245.92032773739
2021-06-20 07:27:14,8726.966320923686,2298.6654669576715,32763.798058395616
2021-06-20 07:27:39,8727.22730625042,2257.6379938946725,34149.99522277226
2021-06-20 07:28:55,8727.986365783425,2421.8002601623284,28924.86979398129
2021-06-20 07:29:23,8728.253003256008,2268.8049404165154,35536.30362215979
2021-06-20 07:35:08,8730.965092646278,2175.97563787822,33027.49700141231
2021-06-20 07:38:13,8731.984971699776,2502.259418273042,31334.823379609108
2021-06-20 07:38:43,8732.12196781655,2283.523196570967,28869.8683344259
2021-06-20 07:41:15,8732.69495588844,2185.182279824497,33581.1016254469
2021-06-20 07:41:24,8732.722557336703,2283.2144852901,30722.26159864334
2021-06-20 07:49:30,8733.174999677733,2406.852411989781,34123.12037302562
2021-06-20 07:50:00,8733.13684532158,2484.2161224107754,35411.95348591055
2021-06-20 07:51:12,8733.014337568116,2270.557345694586,33818.83812111376
2021-06-20 08:01:41,8730.12268209996,2463.243994074192,32011.781877820948
2021-06-20 08:07:57,8726.884233093648,2440.4041187334765,33668.4938728323
2021-06-20 08:19:06,8718.498926005404,2283.966266996921,35149.00705837833
2021-06-20 08:27:13,8710.426510636436,2274.874456683098,35248.60886571104
2021-06-20 08:29:56,8707.379626632566,2528.1039474618115,34860.90138302141
2021-06-20 08:31:50,8705.150487138757,2077.5272344792384,33492.11455309143
2021-06-20 08:34:26,8701.972735529182,2239.659744190533,31891.46461409558
2021-06-20 08:54:02,8673.749364612957,2052.427204408606,34766.96767872319
2021-06-20 09:04:20,8656.360079714157,2434.660757193281,32434.12188880316
2021-06-20 09:05:43,8653.914321801742,2149.923203941748,32826.83253565287
2021-06-20 09:10:43,8644.881826797466,2321.0115942006523,35969.557445503066
2021-06-20 09:15:44,8635.543567769564,2450.973580647657,31202.85771390514
2021-06-20 09:17:13,8632.734786717081,2362.1606861512123,33347.48853558752
2021-06-20 09:29:34,8608.655968819556,2417.0427741931467,31357.80887835661
2021-06-20 09:30:21,8607.093884645592,2383.8110985541693,35659.77504398324
2021-06-20 09:34:39,8598.462327631873,2131.9606213181105,32064.66775754403
2021-06-20 09:48:34,8570.079378463608,2625.1097271310937,33519.63340752817
2021-06-20 09:51:57,8563.12920775123,2236.0600595743776,33257.608523765586
2021-06-20 09:57:40,8551.389833664905,2241.1408747067862,32208.73577060344
2021-06-20 10:00:27,8545.686799656167,2136.5553271211206,32620.205832733784
2021-06-20 10:11:31,8523.20289555195,1978.5009846761889,32514.02499697901
2021-06-20 10:21:06,8504.138316242103,2467.6301147167037,34430.647961153474
2021-06-20 10:28:09,8490.455935912194,2010.790597918103,36565.2925130593
2021-06-20 10:47:00,8455.770731635126,2202.10366578608,31235.02560178751
2021-06-20 10:56:18,8439.890075103538,2195.5461767572897,30688.745060093726
2021-06-20 10:56:48,8439.06215415436,2024.538032865835,34095.236120834605
2021-06-20 11:02:03,8430.536220001539,2266.9278426422356,34018.39148557818
2021-06-20 11:09:00,8419.735809968768,2000.6992864604667,33518.56795076708
2021-06-20 11:12:34,8414.416626177575,2233.7155544792427,32468.00586681431
2021-06-20 11:17:50,8406.848472579808,2013.793296573367,33534.87036910183
2021-06-20 11:22:06,8400.973536608286,2191.757956557141,33152.47746138382
2021-06-20 11:37:27,8381.802148291179,2190.94729890067,31766.56291162402
2021-06-20 11:38:53,8380.172650497545,2206.9965864995115,31208.9840574907
2021-06-20 11:39:25,8379.573439880485,2065.4974718046096,32000.6668334019
2021-06-20 11:40:14,8378.663391541451,2270.079668155042,30719.595398481106
2021-06-20 11:41:24,8377.379075712586,1939.5013029780657,33766.58685412893
2021-06-20 12:08:43,8352.676431108026,2129.8290833770966,31652.36410320221
2021-06-20 12:13:11,8349.62376025989,2147.9876612898906,30291.148352034714
2021-06-20 12:13:44,8349.267045694625,2320.64605689624,31142.864288191642
2021-06-20 12:13:52,8349.181201950707,2216.7440660458465,27905.620293215583
2021-06-20 12:17:43,8346.80881172235,2413.624080140668,33682.15934219741
2021-06-20 12:44:32,8335.916076677531,2069.687333702286,34040.584776442665
2021-06-20 12:45:13,8335.764926149062,2127.7600646175174,32175.794191298624
2021-06-20 12:48:59,8335.04190149224,2151.1642136057208,33042.65384044859
2021-06-20 12:53:58,8334.369365260298,2338.894215352437,31855.27395481069
2021-06-20 13:01:33,8333.956422705915,2250.779126091307,34909.6396535197
2021-06-20 13:09:39,8334.30991063299,2137.005036712115,29594.463695344857
2021-06-20 13:14:06,8334.844338268245,2040.6635893940256,28705.68085286521
2021-06-20 13:20:01,8335.91852618066,2056.492745536019,33634.43845884112
2021-06-20 13:22:14,8336.425691607425,2084.834451545902,31293.146652130257
2021-06-20 13:26:54,8337.675858610557,2085.5266021268853,30212.57912105817
2021-06-20 13:30:39,8338.856171893416,2257.462375861494,29163.10357752986
2021-06-20 13:42:27,8343.54964750357,2447.6931349641113,31054.900638878473
2021-06-20 13:48:09,8346.323311135215,2128.861396027296,32983.99825071677
2021-06-20 13:52:30,8348.649448820868,2042.2040967839475,34048.49414364237
2021-06-20 13:56:43,8351.070019640449,2222.9145335800436,35744.11375047106
2021-06-20 14:17:47,8365.362279403898,2381.9114215737027,26762.27997143366
2021-06-20 14:23:00,8369.396817624884,2144.390400040595,29994.119391120108
2021-06-20 14:26:09,8371.914065562261,2012.6397417488488,31323.93187750275
2021-06-20 14:33:32,8378.029273045273,2058.9695547671104,32435.73054211827
2021-06-20 14:43:16,8386.481270548898,2004.7031201522143,31947.39457160216
2021-06-20 14:51:46,8394.13860245026,2298.887869473857,30831.183872638376
2021-06-20 14:54:50,8396.947155852646,2241.901445577078,33121.66773970353
2021-06-20 15:05:18,8406.64126987204,2076.6757980496,32171.326063584977
2021-06-20 15:08:05,8409.232487959529,2158.490049505641,31047.813581739072
2021-06-20 15:10:28,8411.450901704535,2213.5325015861276,35241.600272629665
2021-06-20 15:11:43,8412.613504785018,2385.162773516742,29321.44998485949
2021-06-20 15:14:49,8415.491737324115,2126.8981358622163,30452.906170828435
2021-06-20 15:20:16,8420.52258082644,2393.2073094648235,30930.761853273067
2021-06-20 15:22:32,8422.59895605219,2425.5647417390114,32313.961133684883
2021-06-20 15:28:16,8427.7927514101,2321.4771008433945,31378.143237287546
2021-06-20 15:38:22,8436.662085192082,2212.095495413535,37054.320344348744
2021-06-20 15:39:14,8437.402254027573,2088.4161304795457,30553.85449832024
2021-06-20 15:42:01,8439.753272173673,2126.602426520029,29428.952387485406
2021-06-20 15:47:02,8443.881356575039,2164.609096370839,32561.99177903057
2021-06-20 16:07:46,8459.054172615912,2255.369889213887,36870.72343010854
2021-06-20 16:08:11,8459.322113198796,2167.398661868188,35210.24048983118
2021-06-20 16:11:21,8461.304176325064,2340.4643662928625,32287.59047925853
2021-06-20 16:12:01,8461.708976332007,2153.3952724450273,33246.73533860381
2021-06-20 16:26:40,8469.417608642429,2126.2526008680043,29179.913223537187
2021-06-20 16:28:33,8470.232769496033,2143.5266738524697,30741.75717412793
2021-06-20 16:35:12,8472.765483039288,2273.171323769793,34474.743744050626
2021-06-20 16:37:39,8473.55860195813,1942.7688682341204,32309.883104496446
2021-06-20 16:37:59,8473.660541914194,2093.086083790527,31836.10939236886
2021-06-20 16:41:17,8474.591526546952,2148.7980813230574,34893.48170366231
2021-06-20 16:44:50,8475.431910133773,2165.3492129189217,30196.65559449586
2021-06-20 16:53:31,8476.762660753178,2352.7960965020693,30632.380976696844
2021-06-20 16:53:34,8476.767284002635,2175.4662519953545,33609.246558141705
2021-06-20 16:54:07,8476.815812643184,2126.628055619232,29111.038728224863
2021-06-20 16:55:05,8476.89074671139,2312.7686513103063,29865.475952776473
2021-06-20 16:56:01,8476.950530780803,2190.504663702674,36997.921700953324
2021-06-20 16:57:08,8477.005781055754,2050.262783450785,33061.41671079734
2021-06-20 16:57:13,8477.009191520703,2428.0534528151998,32035.681412614547
2021-06-20 16:57:22,8477.015080544257,2363.073164232859,32798.91494329565
2021-06-20 16:57:50,8477.03134660681,2151.7803054143296,32428.962499345216
2021-06-20 16:58:46,8477.054531961248,2285.4229517488116,33582.76660322084
2021-06-20 17:00:09,8477.065911831833,2204.2004630271713,33305.76201780603
2021-06-20 17:01:20,8477.05379651317,2059.344244837647,32811.12943430186
2021-06-20 17:01:45,8477.044722853792,2443.367727007525,33528.745914900945
2021-06-20 17:02:35,8477.019049768138,2128.982223223124,32515.07716675005
2021-06-20 17:03:22,8476.985754737809,2113.727895377976,37000.89828532892
2021-06-20 17:03:47,8476.964422242281,2358.061557262339,32940.14224267926
2021-06-20 17:04:24,8476.92822850375,2361.7991824352016,33344.956824801004
2021-06-20 17:06:26,8476.769740197222,2084.306213698323,34053.19666748124
2021-06-20 17:06:59,8476.716531637832,2362.0185171438957,33524.340697453656
2021-06-20 17:09:00,8476.483698900201,2210.0509246423694,31633.862352960714
2021-06-20 17:09:18,8476.44399124445,2228.748251429933,29617.990027944
2021-06-20 17:10:32,8476.26693669308,2494.296588787634,32358.33732795404
2021-06-20 17:11:52,8476.050519189128,2127.433926228748,35603.019922157524
2021-06-20 17:12:47,8475.886654981698,2185.151726899239,31028.868554688255
2021-06-20 17:14:33,8475.536186437546,2455.5712392395676,31435.487209808936
2021-06-20 17:14:48,8475.482906449284,2355.3193965608466,35363.03851933587
2021-06-20 17:16:45,8475.03597981166,2250.8107898497638,30859.475008826303
2021-06-20 17:17:39,8474.81097846146,2226.799063557882,34170.77314591152
2021-06-20 17:17:50,8474.763695945308,2096.9746228249915,32819.664650426144
2021-06-20 17:18:11,8474.672068201682,2362.4123453033776,33314.92181565802
2021-06-20 17:18:39,8474.547119923103,2211.016953918189,31949.435506806258
2021-06-20 17:20:49,8473.925466312694,2359.1954488851566,33371.72544652922
2021-06-20 17:27:32,8471.5663494637,2073.0160760968633,33644.983610953175
2021-06-20 17:31:49,8469.72450024695,2052.618185303269,32854.79528223281
2021-06-20 17:32:20,8469.48479434324,2507.3384826170764,33922.303561649744
2021-06-20 17:35:29,8467.942572254524,2169.6822012103703,35247.52284584614
2021-06-20 17:38:05,8466.566087210922,2149.97822996529,33588.334590304534
2021-06-20 17:40:07,8465.425242843477,2308.308032769214,34696.08291991175
2021-06-20 17:41:39,8464.528019636733,2227.1533035905545,31595.037325248068
2021-06-20 17:44:01,8463.081660229922,2431.660754398155,29504.049386001403
2021-06-20 17:45:54,8461.878049736304,2217.468897102319,33775.23132239443
2021-06-20 17:47:06,8461.087144163967,2303.1766440072342,34310.44730675847
2021-06-20 17:48:11,8460.357260749088,2146.2854071175893,33401.62175506496
2021-06-20 17:57:19,8453.62499006899,2001.1152318354948,30882.066079209642
2021-06-20 17:59:11,8452.126732217392,2232.5203120267406,29959.29269146088
2021-06-20 18:14:01,8438.895627049375,2273.1277120039804,34472.360828581965
2021-06-20 18:18:26,8434.549416184296,2154.8032850095756,32308.09683996346
2021-06-20 18:20:33,8432.409037826781,2549.219602904539,33447.65336106663
2021-06-20 18:21:20,8431.608010829443,2054.039441092004,29391.572230047248
2021-06-20 18:22:00,8430.922601697823,2148.26069074668,28872.409110419492
2021-06-20 18:30:58,8421.404619633486,2313.6836881324557,30404.169719541598
2021-06-20 18:31:32,8420.786282315883,2201.1618963626665,32575.141189790997
2021-06-20 18:33:03,8419.122703775782,2323.421279247359,34039.44607894276
2021-06-20 18:38:24,8413.164205985855,2270.2630169629783,31855.785404095914
2021-06-20 18:42:16,8408.784351071394,2232.9457951547392,33033.74803223146
2021-06-20 18:44:27,8406.28973065487,1977.7655113361373,31944.58660816516
2021-06-20 18:46:31,8403.91685311848,2007.7110375234536,32454.315251745298
2021-06-20 18:53:39,8395.669550951627,2287.8501926505533,34318.19241735887
2021-06-20 19:04:00,8383.687416888777,2224.723511634452,31291.098359198415
2021-06-20 19:14:33,8371.705503604791,2226.78180618812,29601.857769230282
2021-06-20 19:19:47,8365.93674351465,2150.8506971287466,29031.243465499087
2021-06-20 19:20:15,8365.429715351816,2153.8077034360026,33509.71568335766
2021-06-20 19:24:52,8360.488592978516,2225.00646631137,30772.681066914218
2021-06-20 19:32:08,8353.028598084265,2167.3596877295918,31647.91382794855
2021-06-20 19:39:58,8345.511198872628,2176.548523475922,32866.05869625073
2021-06-20 19:40:43,8344.823786562969,2366.386300927305,34409.24948822896
2021-06-20 19:42:03,8343.61666941125,2184.394272904516,33546.00527089049
2021-06-20 19:43:53,8341.988928530278,2155.992892495465,34623.08394345565
2021-06-20 19:45:08,8340.900972238078,2106.3784874056464,27572.903276490313
2021-06-20 19:49:49,8336.98977412507,2225.374996719977,30403.622830771987
2021-06-20 19:50:03,8336.801958800483,2047.7124889491963,31059.285029638726
2021-06-20 19:54:49,8333.119064898117,2313.380685622288,32281.785495193213
2021-06-20 19:55:52,8332.348395087332,2167.0436340254178,31717.486244276854
2021-06-20 19:55:57,8332.287875712456,2138.7746864304363,30617.03076095081
2021-06-20 20:01:19,8328.595756359131,2176.1604301730617,31130.793087743263
2021-06-20 20:03:28,8327.233577145416,2275.119427947895,31983.88561001715
2021-06-20 20:06:15,8325.573387300044,2323.7754212713867,28629.96303869811
2021-06-20 20:06:26,8325.468196066804,2091.876355112948,29979.33981006963
2021-06-20 20:07:43,8324.746466050656,2198.4089843839115,30392.15687147176
2021-06-20 20:09:38,8323.716671376895,2291.9843026597946,29355.461777974993
2021-06-20 20:10:30,8323.27018444269,1959.7929062784356,34968.7745388897
2021-06-20 20:14:44,8321.264237183732,2050.7846778295693,31059.39626718118
2021-06-20 20:17:42,8320.03534177508,2115.9071896452433,32169.715707917323
2021-06-20 20:20:09,8319.132940599122,2156.635719062238,36519.769753683766
2021-06-20 20:27:26,8317.067254716325,2241.8693349836003,30718.21113707944
2021-06-20 20:27:52,8316.974000738299,2000.518340920848,28325.10822782893
2021-06-20 20:29:33,8316.643814536468,2108.6561045605695,31174.45605174315
2021-06-20 20:30:27,8316.48829521793,2290.8456287686436,30539.66727577412
2021-06-20 20:31:30,8316.325453951402,2021.1940696541542,32630.94720154446
2021-06-20 20:31:44,8316.29199447533,2282.088364839708,34460.392628927686
2021-06-20 20:32:41,8316.16603391626,2386.5700592578078,34704.30846993628
2021-06-20 20:33:27,8316.076429132385,2227.8409764322355,33618.68955642583
2021-06-20 20:35:55,8315.861474700647,1984.231947429312,31000.483869926535
2021-06-20 20:36:22,8315.834373683556,2096.8080204375888,36922.98226560341
2021-06-20 20:37:02,8315.801117611958,2558.903559982121,31962.20874730281
2021-06-20 20:39:10,8315.750159743064,2123.726811831483,33643.391342219344
2021-06-20 20:41:12,8315.780532450053,2071.518058669754,32483.35774484898
2021-06-20 20:41:18,8315.784019458628,2118.5174166584084,31314.127246411026
2021-06-20 20:43:22,8315.898016156587,2404.0328885175054,31150.32468291698
2021-06-20 20:44:44,8316.017409459268,2044.1293504657176,30310.717606769354
2021-06-20 20:44:56,8316.037824392155,2145.517831950687,29320.034163358785
2021-06-20 20:45:15,8316.071685552011,2103.9518590202465,29923.38088396379
2021-06-20 20:49:02,8316.62213448181,2167.420488210568,29847.224040128134
2021-06-20 20:50:48,8316.97145095395,2061.4322970164667,30350.175943633196
2021-06-20 20:51:23,8317.09969214057,2179.1547785666116,28761.603232906327
2021-06-20 20:53:18,8317.566121931424,1995.9232911892288,32217.837398183136
2021-06-20 20:55:36,8318.216936705496,2254.08801834488,31549.893685440362
2021-06-20 20:57:56,8318.978478703337,2045.0732645471694,29957.257499625746
2021-06-20 20:58:07,8319.042626658214,2075.911747928324,32217.270896935606
2021-06-20 21:00:40,8319.999804033667,2331.2552718536726,29587.127847957847
2021-06-20 21:01:55,8320.51313149208,2148.9373452927266,31852.9256608419
2021-06-20 21:02:51,8320.915270098105,2256.3890927252437,31975.63697454234
2021-06-20 21:03:58,8321.417514399844,2021.2444848632183,30880.481307592134
2021-06-20 21:06:52,8322.828728356095,2134.299160356981,31341.824072787807
2021-06-20 21:10:04,8324.563478096732,2226.134225592786,30097.80946399273
2021-06-20 21:10:58,8325.084620609141,2156.547544251917,32123.0893232904
2021-06-20 21:15:04,8327.641029284508,2175.8563032138636,36881.47748420804
2021-06-20 21:15:06,8327.663027704648,2084.042530821792,30464.575186837017
2021-06-20 21:17:00,8328.948954670279,2264.41382855789,32448.17231454763
2021-06-20 21:18:24,8329.936475474098,2300.0577316362555,31855.24513361508
2021-06-20 21:20:17,8331.31786523483,2208.1635748965155,30264.730692073612
2021-06-20 21:26:27,8336.256501364833,2168.601761719213,28335.57627338025
2021-06-20 21:27:39,8337.289738737316,2384.6999371890765,30792.946981051373
2021-06-20 21:28:13,8337.78564853209,2320.3033805061045,30088.782673220576
2021-06-20 21:28:57,8338.434966316565,1998.4632039036658,30193.7090345521
2021-06-20 21:29:14,8338.688109668647,1995.796559756486,34152.76661546853
2021-06-20 21:30:54,8340.20258416308,2191.0759990097736,29196.34046316029
2021-06-20 21:33:42,8342.843074174769,2239.566543051084,32177.913171984277
2021-06-20 21:36:38,8345.73523299772,2022.123528490716,33540.02300340429
2021-06-20 21:37:57,8347.074196921874,2073.2091223900575,34141.480428076975
2021-06-20 21:38:43,8347.865250003819,1988.04489289543,31889.968573856946
2021-06-20 21:42:35,8351.979547421628,2212.995578780265,36251.5504836474
2021-06-20 21:46:59,8356.903882089613,2254.23752030281,32728.150027300555
2021-06-20 21:47:52,8357.92218364053,2195.069434819862,31175.538091534665
2021-06-20 21:49:03,8359.30134497855,2107.129714124675,32344.33718698105
2021-06-20 21:52:01,8362.832386049287,2088.6240909565668,32342.186827077625
2021-06-20 21:52:41,8363.639903276104,2268.5453038554406,34252.66328162664
2021-06-20 21:53:54,8365.12648134231,2252.058069200017,33084.028029173794
2021-06-20 22:00:23,8373.312445843372,2019.2202065450895,29923.03001608099
2021-06-20 22:01:28,8374.720892206697,2124.3942278708564,31059.050984235448
2021-06-20 22:04:44,8379.032161286075,2098.93489258245,29447.254207836057
2021-06-20 22:10:47,8387.24751580299,2305.494863579519,32735.88249118365
2021-06-20 22:13:04,8390.416643705978,1957.0535164043927,30462.84130577854
2021-06-20 22:13:37,8391.185030380864,1970.8552179168407,30279.436035560713
2021-06-20 22:14:26,8392.329386067102,2048.147580591755,32176.860495006862
2021-06-20 22:15:50,8394.300265466909,2154.1502332957302,31559.681127704298
2021-06-20 22:16:52,8395.761996995108,2201.808955845173,32458.616101630276
2021-06-20 22:19:48,8399.941212099831,2595.22566867887,33040.277302595794
2021-06-20 22:22:04,8403.197492993912,1873.3664761426328,33372.644692753805
2021-06-20 22:25:04,8407.53748499774,2192.9913114713086,31310.91725746044
2021-06-20 22:25:56,8408.796736135118,2139.575469526249,31217.514549397336
2021-06-20 22:28:22,8412.343143310685,2225.73458795392,32400.93764994492
2021-06-20 22:31:22,8416.732690717727,2267.261236016317,32369.361981797912
2021-06-20 22:32:06,8417.807817771742,2233.912662932187,32489.282530932338
2021-06-20 22:36:37,8424.439069645521,2419.329855193378,31866.15568807893
2021-06-20 22:36:58,8424.953171580335,2494.709389576201,32414.515240799494
2021-06-20 22:40:19,8429.870951714118,2325.8900211886817,33622.99468526415
2021-06-20 22:40:50,8430.628561447851,2519.3315250777423,29642.562267704838
2021-06-20 22:42:39,8433.289505411456,2306.727089154497,32621.233883200188
2021-06-20 22:46:03,8438.252834631461,2431.7890907391575,34784.8139446702
2021-06-20 22:47:13,8439.949360530989,2380.8867824086287,35378.22364730201
2021-06-20 22:48:07,8441.255356550673,2289.474472835242,34002.39343638494
2021-06-20 22:48:10,8441.327837082585,2135.040676639813,31867.761267023016
2021-06-20 22:48:17,8441.496926840271,2227.8203387033855,32285.641012893066
2021-06-20 22:50:39,8444.916839672029,2079.0699272934535,32381.170211415672
2021-06-20 22:53:34,8449.101121670476,2255.6132711705736,31805.016285012556
2021-06-20 22:55:11,8451.40373869894,2238.2293740411606,30700.663149012846
2021-06-20 22:58:44,8456.411885439777,2206.703351171705,31095.86339461506
2021-06-20 22:59:39,8457.693268693834,2414.3551658844426,29528.89260497512
2021-06-20 22:59:58,8458.134724189802,2170.377896597775,34899.620274457244
2021-06-20 23:00:39,8459.085177270717,2312.740562391995,34324.44921903566
2021-06-20 23:01:48,8460.677863853696,2341.1039096140835,32721.998408907293
2021-06-20 23:02:12,8461.229768472544,2034.3665651699257,35961.07567265389
2021-06-20 23:03:29,8462.992988048303,2152.129140506857,30458.649025538456
2021-06-20 23:05:13,8465.355664254896,2124.985188253761,31730.0450088018
2021-06-20 23:06:05,8466.528543186692,2121.5836227928526,32622.782821670684
2021-06-20 23:07:34,8468.522320726213,2316.708132236053,29432.906486983647
2021-06-20 23:10:34,8472.49921205075,2352.6399500605717,33284.47341420561
2021-06-20 23:12:32,8475.063599043895,2436.7556763790053,33045.58806760137
2021-06-20 23:12:44,8475.322406604328,1989.345991242867,29559.158301895557
2021-06-20 23:17:44,8481.66718188386,2252.841123845611,32859.541910717446
2021-06-20 23:19:56,8484.378355299497,2348.269910632469,34420.13492581656
2021-06-20 23:21:31,8486.297334477464,2194.510511717933,32326.613001881193
2021-06-20 23:25:00,8490.41993228228,2097.0938851983674,31406.370207146338
2021-06-20 23:25:59,8491.558220105962,2304.790517120336,34034.51664627476
2021-06-20 23:27:05,8492.817864319308,1999.5641274548025,31740.67314828574
2021-06-20 23:27:31,8493.31006804172,2212.2114256849586,37842.535583286706
2021-06-20 23:28:47,8494.735616481785,2390.420802116704,32317.682409789268
2021-06-20 23:33:00,8499.335653698685,2433.052006762017,35130.36682170607
2021-06-20 23:38:11,8504.67005316525,2122.387926918712,34955.289266475556
2021-06-20 23:38:33,8505.033552329021,2253.728230759889,32879.02228698682
2021-06-20 23:40:46,8507.191099947164,2311.0702407573795,34797.739341192726
2021-06-20 23:49:17,8514.822971998983,2248.1327173728805,33919.43845059856
2021-06-20 23:53:34,8518.253266722939,2119.8624309136358,33543.09691409805
2021-06-20 23:56:15,8520.259253631539,2128.4019637044476,33030.53074463841
2021-06-20 23:57:10,8520.919031431935,2022.7117796824941,31203.84518720226
2021-06-20 23:58:56,8522.153767310017,2081.273431477109,31936.2327257848
2021-06-21 00:01:16,8523.709894002553,2175.197329543454,31670.52717206889
2021-06-21 00:04:06,8525.484719239748,2110.6562273794507,36678.81197476709
2021-06-21 00:05:30,8526.315097772718,2237.2672829434287,33455.154039992776
2021-06-21 00:08:30,8527.990561743409,2345.6883547195457,35395.00268184644
2021-06-21 00:09:45,8528.646854881039,2265.27120891158,33149.80869643967
2021-06-21 00:10:17,8528.919393390808,2156.0059430747942,30791.09652786944
2021-06-21 00:10:52,8529.21236358969,2166.948374711379,30462.8281476755
2021-06-21 00:15:35,8531.385376936812,2126.823078947812,36072.63702042101
2021-06-21 00:17:46,8532.27386249777,2203.477277919667,32224.77665793209
2021-06-21 00:19:34,8532.950950726085,2111.066507048902,29513.697266080922
2021-06-21 00:22:12,8533.85205547784,1979.3766688971223,34430.84703059276
2021-06-21 00:23:03,8534.120409874338,2249.2877178967688,31681.00809687407
2021-06-21 00:23:38,8534.298261093463,2398.3879423259473,32208.237986155982
2021-06-21 00:24:17,8534.490407194004,2273.869394517132,30486.494514177964
2021-06-21 00:27:56,8535.452428899598,2155.4043621459055,31019.30985407482
2021-06-21 00:32:11,8536.327125369686,2275.370922414791,31941.85261014604
2021-06-21 00:38:11,8537.128864604147,2220.3483437918994,32662.708947530547
2021-06-21 00:46:18,8537.4559623576,2163.8189086605285,32928.44131569067
2021-06-21 00:49:17,8537.37281774841,2461.8986621574822,33558.416489302945
2021-06-21 00:50:25,8537.314331588621,2160.335158748996,36796.2156732892
2021-06-21 00:52:28,8537.172247924698,2212.641371544696,30896.303407439627
2021-06-21 00:53:54,8537.045931236595,2291.0918179277255,32879.60686834305
2021-06-21 00:54:12,8537.016752795746,2216.9435422135693,33651.58435954133
2021-06-21 01:01:21,8536.058115831342,2218.032283654993,33220.33732233188
2021-06-21 01:05:44,8535.243884991836,2189.6384944180177,30291.20444904371
2021-06-21 01:17:00,8532.53020508241,2379.623859558858,32132.42816120895
2021-06-21 01:18:31,8532.111671587818,2262.992173687216,32532.78354593514
2021-06-21 01:19:24,8531.863457411759,2041.894279083267,38435.33800396148
2021-06-21 01:24:53,8530.262842588903,2207.6994824983994,32699.90176075139
2021-06-21 01:26:28,8529.785929734337,2107.484149017396,30674.728978526746
2021-06-21 01:26:45,8529.700087886173,2314.8710724551984,32354.46918522681
2021-06-21 01:30:57,8528.415700276551,2197.133238213009,31759.146455621234
2021-06-21 01:34:13,8527.411145957596,2277.8805698085976,32630.091192818458
2021-06-21 01:37:23,8526.444087030692,2335.5884809317345,32959.3429303408
2021-06-21 01:39:26,8525.826417826534,2262.9905118717957,33422.09403694859
2021-06-21 01:42:34,8524.902342582895,2139.219501709717,33076.75335241177
2021-06-21 01:42:56,8524.796171448987,2156.4537993559084,32344.267302393615
2021-06-21 01:44:06,8524.461545893946,2347.70184240712,30989.496898232504
2021-06-21 01:50:30,8522.733164551446,2353.4583814142766,31605.189416780457
2021-06-21 01:53:34,8521.98609169272,1996.4725202685217,31830.751307432784
2021-06-21 01:53:46,8521.939538535133,2216.8900150262007,33252.489261636736
2021-06-21 01:54:40,8521.733560030676,2043.0126288391734,32796.18296608058
2021-06-21 01:55:37,8521.5225661915,2116.648462740617,34388.18881689043
2021-06-21 02:08:53,8519.419349552349,2352.336642651377,30561.391404850176
2021-06-21 02:11:36,8519.221883242592,2332.410566764461,31081.949395062547
2021-06-21 02:14:47,8519.110129317578,2174.349771519648,33726.34597154443
2021-06-21 02:21:09,8519.311476031538,2295.890798358761,30707.308505429515
2021-06-21 02:23:32,8519.544796165628,2166.269417433461,34687.540505038356
2021-06-21 02:30:28,8520.760711353756,2283.5048580992247,32127.75018823133
2021-06-21 02:33:06,8521.445662533879,2448.334061837753,31252.91144487595
2021-06-21 02:36:32,8522.534960099501,2244.4379291612927,33415.64882431618
2021-06-21 02:44:44,8526.090773509615,2266.7168991240437,30488.025463851078
2021-06-21 02:50:19,8529.33175628506,2322.284510438151,32932.0909945346
2021-06-21 03:01:53,8538.32628954605,2122.3021268542043,30289.14674035332
2021-06-21 03:23:20,8563.828881777155,2343.5819528721686,33748.3839135995
2021-06-21 03:26:30,8568.612462999627,2274.731412093111,37619.9164452808
2021-06-21 03:28:54,8572.415732663583,1915.5795729989961,33353.38515227982
2021-06-21 03:30:18,8574.705224492656,2357.990728644376,34273.069849097206
2021-06-21 03:59:38,8634.546187997306,2451.6527013927475,32705.55716828241
2021-06-21 04:02:58,8642.73243094997,2334.028813126649,32751.60371248809
2021-06-21 04:37:13,8740.883649783409,2320.0877870955574,35790.040507811114
2021-06-21 04:47:39,8774.91871644278,2358.6093650062694,35194.76358255296
2021-06-21 04:50:30,8784.459929647084,2355.6087709073445,33210.56419626288
2021-06-21 05:14:56,8869.0265323308,2027.544277633505,33498.551173821936
2021-06-21 05:20:51,8889.863242419673,2237.226754306674,31868.72003449026
2021-06-21 05:21:33,8892.327996492699,2232.6150029353066,30381.766027579015
2021-06-21 05:25:44,8907.040727633379,2203.176548407226,31175.182376071476
2021-06-21 05:28:17,8915.985844020777,2229.6402466786326,32817.11329820133
2021-06-21 05:29:41,8920.886302917666,2332.1346166981225,35193.0236159548
2021-06-21 05:55:19,9007.875919999378,2204.657689780533,35431.92521901941
2021-06-21 05:57:27,9014.765150546253,2448.6043377876313,34251.085044758656
2021-06-21 05:58:32,9018.236366499392,2357.0749517370614,32544.419003958817
2021-06-21 05:59:16,9020.575372826688,2247.5777898776373,37504.6637598808
2021-06-21 06:04:37,9037.362577698043,2322.9486322192956,33643.665435462826
2021-06-21 06:06:06,9041.926026090256,2481.1190455977753,36027.077714555715
2021-06-21 06:09:00,9050.726324902991,2374.9739145034864,35464.55508419575
2021-06-21 06:14:53,9068.055030297364,2318.032813985584,33238.409668426815
2021-06-21 06:34:02,9118.869631266287,2577.5236510727814,30483.99348216681
2021-06-21 06:35:37,9122.645358124208,2179.5322920016065,36982.02769855913
2021-06-21 06:41:08,9135.24833862741,2561.9815993759703,35161.21395262043
2021-06-21 06:41:16,9135.542108313113,2386.439823993545,30073.75712337335
2021-06-21 06:41:41,9136.456791723633,2414.825552632558,32944.151240825675
2021-06-21 06:43:01,9139.349546382786,2435.3608296603347,35391.264531663524
2021-06-21 06:46:56,9147.541373112299,2359.637427456059,33269.983055089455
2021-06-21 06:59:24,9170.470546941824,2266.8373192552276,36003.774705702075
2021-06-21 07:03:28,9176.87967368618,2164.847371088165,35333.258741064215
2021-06-21 07:25:13,9201.871541873468,2448.5066855799587,31548.5935335966
2021-06-21 07:36:36,9208.643384383307,2553.004531392391,34437.001482778825
2021-06-21 07:50:58,9211.111584573995,2230.5784908680093,35141.14810364448
2021-06-21 07:58:41,9209.737266456543,2498.678521000498,34821.021242073664
2021-06-21 08:07:36,9205.915840055775,2485.5970471844344,34127.22940475371
2021-06-21 08:07:59,9205.69972820025,2404.8432147259414,37677.680152454435
2021-06-21 08:18:34,9198.12603061728,2569.8511694143913,33159.05218354748
2021-06-21 08:18:53,9197.853080151612,2368.2289550978094,37202.284044860695
2021-06-21 08:59:20,9144.479774622427,2501.0024651704503,32696.436770315224
2021-06-21 09:10:02,9125.550793668119,2335.219735475282,35402.650863522984
2021-06-21 09:11:08,9123.52419612603,2346.839160932803,32966.86621966972
2021-06-21 09:12:26,9121.111788868437,2286.2941988418293,37176.38833334735
2021-06-21 09:48:07,9050.00705357958,2471.807319089651,33948.714032954646
2021-06-21 10:18:01,8989.071053162144,2270.894773395622,33035.320425194135
2021-06-21 10:35:09,8956.18271073932,2013.3022183493115,34009.19436764506
2021-06-21 10:35:25,8955.68943282263,2116.1001947423656,34089.80675738953
2021-06-21 10:43:58,8940.227273058303,2113.014548502426,35823.34451756608
2021-06-21 10:55:25,8920.70020771828,2160.3293319078284,34278.50626338979
2021-06-21 11:17:56,8886.853380505921,2521.064748473032,30865.347615402963
2021-06-21 11:40:42,8859.555238017898,2403.0038682418767,32091.475600923746
2021-06-21 11:59:31,8842.646845662272,2190.4171385476207,32645.957207822583
2021-06-21 12:06:16,8837.857873481064,2413.724194160251,30791.53951559372
2021-06-21 12:27:52,8827.063322027014,2406.2239968152576,34152.18255638584
2021-06-21 12:42:53,8823.565623450782,2076.4561257331966,36653.49961150223
2021-06-21 13:05:04,8824.175023707212,2268.593720808439,33403.024935919086
2021-06-21 13:11:55,8825.69370816208,2160.78005562518,35520.04440008363
2021-06-21 13:23:32,8829.627565691457,2395.5644069174355,34172.793206893795
2021-06-21 13:36:27,8835.903121144378,2019.8342440824008,35254.56328745821
2021-06-21 13:38:33,8837.10277544654,2158.092854729873,32726.541326915663
2021-06-21 13:40:01,8837.969284691015,2433.6592392321168,32029.08322780643
2021-06-21 13:56:03,8848.90191828385,2348.2263447558166,33381.72839011624
2021-06-21 13:56:37,8849.334750158492,2356.1607036969704,37757.511702019474
2021-06-21 14:01:30,8853.187152358421,2265.8524165941535,32405.773226675843
2021-06-21 14:16:13,8866.023469053967,2267.48365679255,36490.642619586804
2021-06-21 14:32:38,8882.169873045372,2254.8257145142115,29899.005949592345
2021-06-21 14:33:43,8883.290688781955,2665.5538377970774,31768.634712758
2021-06-21 14:39:00,8888.838094067421,2291.8789576760146,36090.71399225465
2021-06-21 14:44:27,8894.685797916814,2479.0203932108925,36769.94391354548
2021-06-21 14:52:40,8903.691528904707,2451.04943746857,36013.9701131641
2021-06-21 14:53:32,8904.651872953329,2407.176751626812,35160.48270481108
2021-06-21 15:00:34,8912.496318995349,2309.1989528910563,34742.60245632188
2021-06-21 15:12:15,8925.614059904554,2393.1765726704207,32109.236854875515
2021-06-21 15:17:53,8931.9133692755,2248.8308256170403,36887.888417899245
2021-06-21 15:26:39,8941.59139964761,2533.968606951115,32068.255393872474
2021-06-21 15:35:35,8951.191979271347,2511.9062789345994,34941.850360256445
2021-06-21 15:44:29,8960.373591649983,2529.9897201601816,37789.265806868236
2021-06-21 15:47:12,8963.08154447538,2374.8359055036663,36123.01044162316
2021-06-21 15:47:40,8963.541749765298,2492.112587034267,31913.694076225212
2021-06-21 15:50:36,8966.3994284151,2262.364966775894,39967.965006038234
2021-06-21 15:52:53,8968.580135659828,2523.1373561932205,35154.21581114064
2021-06-21 15:55:43,8971.229665213028,2234.9828593869543,34326.10040974271
2021-06-21 15:56:28,8971.920112961525,2632.8521193821603,32252.380190554868
2021-06-21 16:01:07,8976.09346449414,2544.6870053961607,36937.77936562105
2021-06-21 16:05:41,8980.00079165362,2455.837187364759,32100.448529384565
2021-06-21 16:11:39,8984.79565907787,2232.870808355648,34949.951048816554
2021-06-21 16:14:18,8986.804914271079,2143.193915817239,33741.29568336145
2021-06-21 16:21:07,8991.609448555553,2430.358209218712,37615.62592372254
2021-06-21 16:28:42,8996.29648999985,2194.4353654112606,31092.4272008265
2021-06-21 16:35:48,9000.010091943403,2148.7419219113917,32198.74421654424
2021-06-21 16:37:00,9000.570277278088,2473.229262215685,32326.185421100185
2021-06-21 16:44:03,9003.452246252564,2347.6845276656672,33390.142740734074
2021-06-21 16:45:49,9004.0624866053,2396.4849604342353,36851.97271650703
2021-06-21 16:51:19,9005.667158202461,2489.6127207751633,38013.86478460187
2021-06-21 16:56:42,9006.796514453677,2187.624326319672,33179.16542839872
2021-06-21 16:58:22,9007.056181297312,2266.700792395889,32226.462220899426
2021-06-21 16:59:24,9007.195618435497,2484.562740616058,36062.21537566758
2021-06-21 16:59:30,9007.208234332966,2505.369278267026,33696.601957351595
2021-06-21 17:02:55,9007.54582228611,2414.275682452931,35753.55124150707
2021-06-21 17:07:46,9007.711307781412,2596.542743348963,31930.71568275327
2021-06-21 17:09:22,9007.68470473976,2298.3384928007345,33860.386713256565
2021-06-21 17:10:10,9007.656255090173,2197.2524573806763,32882.40706706784
2021-06-21 17:12:31,9007.514218661721,2336.9454689536396,33529.10274327375
2021-06-21 17:12:48,9007.491197986083,2379.7537693694485,36638.8707163513
2021-06-21 17:15:47,9007.171779675658,2513.8070643132937,35298.39342295788
2021-06-21 17:15:52,9007.160837994945,2514.8487381296254,34667.15914865107
2021-06-21 17:16:04,9007.134130349124,2397.4069779041192,34663.9094384129
2021-06-21 17:19:19,9006.611636696582,2587.8831343264483,33373.78606698816
2021-06-21 17:21:52,9006.085182978675,2266.5994052062947,33428.10484336379
2021-06-21 17:22:36,9005.914874553953,2584.6493085593834,34736.201003543385
2021-06-21 17:25:19,9005.21061915751,2213.9148913063423,35000.01973792594
2021-06-21 17:32:05,9002.958598428684,2432.7529936342476,34242.90668918796
2021-06-21 17:32:41,9002.724976014624,2568.366995549967,38499.573655548695
2021-06-21 17:36:16,9001.216258947434,2302.129827131207,35361.99782102956
2021-06-21 17:40:15,8999.313905242681,2474.620461920309,34161.956157993016
2021-06-21 17:52:36,8991.967614255129,2226.408217662069,35617.20994891548
2021-06-21 17:54:55,8990.356845446766,2229.7759095790707,31302.59140658692
2021-06-21 18:04:02,8983.357079649319,2342.129281368021,32170.323695904546
2021-06-21 18:22:33,8966.30271457313,2400.478948272101,31075.610370615927
2021-06-21 19:05:42,8918.212248591048,2453.5557830052144,33195.64476377041
2021-06-21 19:10:57,8912.238897655105,2408.626824750797,31917.114683623407
2021-06-21 19:13:16,8909.632539592476,2281.9697016974856,35822.76216516583
2021-06-21 19:15:50,8906.77150617566,2374.6154073562734,36118.442167782625
2021-06-21 19:27:42,8894.029950469481,2498.825196270469,37542.913359901984
2021-06-21 19:32:29,8889.18439109089,2118.910343159095,32460.112047084524
2021-06-21 19:36:43,8885.06788183924,2266.5919640318466,37745.275596574356
2021-06-21 19:41:31,8880.619282063353,2309.366233287276,33972.007423942545
2021-06-21 20:04:52,8863.074929125565,2379.618867702433,35110.88679817466
2021-06-21 20:09:14,8860.677726121525,2445.169880758747,33103.21742227386
2021-06-21 20:10:18,8860.139324608603,2447.532711255472,34862.606863063345
2021-06-21 20:21:57,8855.525309866081,2252.239495282826,32411.0144426717
2021-06-21 20:28:36,8853.97998642558,2057.0801273170478,33793.76791423249
2021-06-21 20:40:58,8853.322001772405,2346.6047214616583,32887.43914246541
2021-06-21 20:44:54,8853.7315284743,2381.4824276237837,34880.64587035363
2021-06-21 20:54:07,8855.8751596887,2499.0693288784382,34806.90586552922
2021-06-21 21:08:35,8862.565239973022,2456.5019632212725,33283.60147954888
2021-06-21 21:12:10,8864.83649211394,2274.730127891468,34116.83174423059
2021-06-21 21:13:35,8865.799938445438,2261.7672502553446,32143.806823742038
2021-06-21 21:56:39,8910.694998173072,2408.283970038641,33229.74487353282
2021-06-21 22:00:59,8916.577577081322,2148.047551010101,35293.04298902609
2021-06-21 22:01:16,8916.968581564699,2394.657286973349,34610.934945872075
2021-06-21 22:02:00,8917.984056094117,2167.887372277049,33717.389608007674
2021-06-21 22:06:50,8924.795066761451,2393.6920346696443,30657.504742749537
2021-06-21 22:17:58,8941.130856545218,2394.162037149573,34339.85249262803
2021-06-21 22:19:06,8942.833407021217,2142.767398083185,32600.75560667032
2021-06-21 22:29:17,8958.33660997939,2491.0791846089664,34136.7119866734
2021-06-21 22:42:52,8979.199736684963,2322.2238239076123,34174.3726993902
2021-06-21 22:49:03,8988.58783867087,2125.843819004948,33255.37475969379
2021-06-21 22:50:32,8990.818150066054,2299.8025840142823,32338.429558156953
2021-06-21 22:53:27,8995.172535965266,2291.3099592870344,34169.64965085141
2021-06-21 22:54:55,8997.344849725536,2601.5840053453585,32015.10866874419
2021-06-21 22:57:51,9001.650346976645,2428.745483442623,33229.19062937397
2021-06-21 23:04:51,9011.678274692214,2554.271439096452,33107.68747756391
2021-06-21 23:11:26,9020.727921553122,2375.0608929036625,34164.87401050354
2021-06-21 23:13:57,9024.074377984221,2378.3418587865144,41372.77574551228
2021-06-21 23:13:59,9024.118251438716,2230.790816627513,37385.48495046888
2021-06-21 23:14:23,9024.643794686475,2323.689677898462,35687.69159141582
2021-06-21 23:16:21,9027.202092028954,2398.0188380624077,34233.24435899819
2021-06-21 23:17:05,9028.144901782238,2238.451308095568,33908.7452676261
2021-06-21 23:43:28,9057.347092486443,2317.316226108281,36593.14243498464
2021-06-21 23:49:09,9062.269775237057,2273.391269929391,32621.239668397924
2021-06-21 23:50:06,9063.040791751591,2320.184701360527,35896.56103178267
2021-06-22 00:10:51,9076.038491689818,2573.9500836601674,33017.036765100944
2021-06-22 00:26:50,9080.993045839105,2398.6018210185734,34350.6852476944
2021-06-22 00:35:04,9081.897673865422,2012.2615096966351,34389.70970715124
2021-06-22 00:40:52,9081.907909992742,2424.888124188417,35274.292503928285
2021-06-22 00:44:50,9081.634332955715,2557.9090847469006,37828.93664652659
2021-06-22 00:45:04,9081.611429055727,2326.183292642259,32756.00937251361
2021-06-22 00:46:16,9081.48197473334,2452.3179265280837,33924.32166165377
2021-06-22 00:47:00,9081.393350013544,2568.8783113918203,32845.17692683109
2021-06-22 00:58:15,9079.191204295308,2339.2173462399664,37285.25171391745
2021-06-22 01:27:40,9068.024474778053,2428.1198576854313,35162.77343259949
2021-06-22 01:29:10,9067.338588943505,2405.7331917296015,33958.40807016184
2021-06-22 01:32:03,9066.010919488013,2285.2107089170677,33658.2663681915
2021-06-22 02:06:18,9052.10052467634,2347.945550391296,34578.12922275825
2021-06-22 02:20:32,9049.35190721473,2341.6204528988574,34767.36102246851
2021-06-22 02:46:58,9053.264671941997,2522.1475499732105,35804.34852326555
2021-06-22 03:01:50,9062.11056921622,2429.8278039387988,34143.00592312061
2021-06-22 03:43:27,9117.60708834493,2393.3849394310805,35398.62500239007
2021-06-22 03:44:49,9120.230826785248,2644.146283410601,32487.085027991605
2021-06-22 04:12:26,9183.626018464767,2538.9143369422904,36325.2903520974
2021-06-22 04:22:27,9211.096825046536,2292.789173267552,34070.258933656434
2021-06-22 04:26:04,9221.52587631615,2488.8603322246418,38557.18068831032
2021-06-22 04:26:08,9221.720505425808,2406.820589236749,36098.47677444739
2021-06-22 04:57:45,9321.876872287243,2722.2807456060427,34117.730673506085
2021-06-22 05:00:05,9329.7298313996,2610.5677868642797,35525.88519338152
2021-06-22 05:07:38,9355.37400066722,2551.850965434534,34310.74823945672
2021-06-22 05:34:21,9446.62182597112,2631.3556689172647,35705.139039666756
2021-06-22 05:36:53,9455.117343768225,2699.944264992315,33582.33298888361
2021-06-22 05:42:33,9473.903920566823,2276.913836509301,35539.9957014903
2021-06-22 05:51:41,9503.385494705228,2492.861365398623,37730.72684194511
2021-06-22 05:58:20,9524.073451930455,2628.2812207690827,38192.23177102777
2021-06-22 06:10:16,9559.141250398,2399.0501111957587,37671.285398981825
2021-06-22 06:23:26,9594.11387584777,2581.7805944044226,36687.370308234815
2021-06-22 06:24:38,9597.08109183088,2662.609700741923,41279.11062697066
2021-06-22 06:30:31,9611.052401416038,2598.6800351469815,38169.76342621745
2021-06-22 06:53:28,9655.52921078852,2455.636538964005,37214.148444549355
2021-06-22 07:22:18,9686.118648305543,2793.78011928323,37065.7060894268
2021-06-22 07:41:09,9690.047354432858,2457.0405577686624,38317.45222604445
2021-06-22 08:06:52,9675.656537924177,2493.0672306663764,39563.04223265656
2021-06-22 08:28:34,9647.686089587574,2361.3998355701533,36587.29768160656
2021-06-22 08:33:35,9639.434540530245,2616.4007553260053,39850.74544451035
2021-06-22 08:56:35,9594.548210539471,2583.3054630151787,35452.91816849897
2021-06-22 09:27:19,9521.525161371559,2545.455913594275,38156.2981566989
2021-06-22 09:29:15,9516.617168550862,2280.5286050355667,36916.888314151234
2021-06-22 10:00:14,9436.115927179817,2227.989862109545,34662.69987935963
2021-06-22 10:24:33,9373.863878920585,2401.6656414792506,33033.762803256664
2021-06-22 11:40:29,9215.90098388507,2406.661403704496,34954.16573233105
2021-06-22 12:16:39,9168.831880383666,2458.516112545702,36450.66229135817
2021-06-22 12:24:20,9161.378772017648,2141.4158111091288,31640.854272461518
2021-06-22 12:34:39,9152.754433257425,2514.9582695222534,36630.351885704564
2021-06-22 12:48:35,9143.572896139569,2421.6849205728136,31499.61262610542
2021-06-22 13:06:31,9135.772708457787,2548.52505852631,32566.531930740806
2021-06-22 13:10:21,9134.668397428624,2287.796715625591,35666.14525929359
2021-06-22 13:24:04,9132.26001466438,2314.2715459554915,35443.44062813375
2021-06-22 13:32:41,9131.925345360758,2384.9601680611668,34737.33807235889
2021-06-22 13:39:05,9132.231697554913,2296.775955376142,32373.46460713096
2021-06-22 13:53:16,9134.479311769213,2376.7529463197693,34969.328855680345
2021-06-22 13:59:41,9136.15246466771,2528.102841949353,41121.47079842783
2021-06-22 14:03:33,9137.342198025633,2378.9165197907114,36425.967409547404
2021-06-22 14:37:45,9152.714431526085,2711.0324036611282,35941.939234551275
2021-06-22 14:56:28,9163.601427439185,2282.421152789819,32451.392147902556
2021-06-22 14:59:39,9165.533041653933,2359.772279844915,35242.598324140476
2021-06-22 15:00:51,9166.264031160588,2480.4007767029198,33996.98941036947
2021-06-22 15:04:00,9168.18748326192,2401.955410793327,35190.61456637361
2021-06-22 15:16:14,9175.634365589005,2379.2476009605225,36522.76103392406
2021-06-22 15:40:16,9189.180609796047,2084.8759751107677,35379.04477352441
2021-06-22 16:10:19,9200.99899760689,2311.153629796701,36926.400230555424
2021-06-22 16:32:48,9203.676476012117,2446.5387320288537,37917.99906514471
2021-06-22 16:33:33,9203.652992686828,2425.9538252162934,33941.24188938489
2021-06-22 16:37:55,9203.359621734344,2598.2764055718653,37292.5883608511
2021-06-22 16:55:22,9199.386652617177,2419.610979714244,36325.41567387142
2021-06-22 17:42:52,9164.329480901382,2372.383454332779,36356.81534488478
2021-06-22 18:03:31,9138.562066178498,2400.5323883102315,36594.7539202247
2021-06-22 18:14:22,9122.937778759295,2313.144018629823,34421.16343789772
2021-06-22 18:18:44,9116.311434408126,2521.3293796987755,34085.35169422035
2021-06-22 19:27:22,9002.526365374646,2297.6271158423456,31693.075850211906
2021-06-22 19:38:09,8986.028128510761,2478.38019698473,31774.207701440362
2021-06-22 19:48:41,8971.123288456318,2331.4403442135963,36159.445714124246
2021-06-22 19:49:58,8969.402089879111,2370.1418810341893,35418.025583085786
2021-06-22 20:04:25,8951.646967280394,2502.8360972357386,30920.17014367517
2021-06-22 20:35:51,8925.191579309096,2310.7275898767766,34220.06324311839
2021-06-22 20:52:14,8918.897032753508,2366.2830554871425,33548.44940489104
2021-06-22 20:59:09,8917.843384901664,2350.682880602836,39844.19965079884
2021-06-22 21:08:44,8917.936254798658,2396.593506955078,38444.62876433064
2021-06-22 21:15:27,8919.048689933616,2270.719711614844,35805.42181668262
2021-06-22 21:25:57,8922.436314549252,2352.8094996644118,37054.23860397608
2021-06-22 21:48:39,8935.890539790795,2304.996776408193,37778.061396738514
2021-06-22 21:52:30,8938.885820204858,2299.908673208095,33574.11931859517
2021-06-22 21:55:45,8941.55019831113,2427.23733136059,32079.649528192454
2021-06-22 22:06:58,8951.578764268983,2349.9587243663937,35838.31502000138
2021-06-22 22:14:47,8959.18657000357,2075.315309265546,32575.808631313008
2021-06-22 22:27:59,8972.77536512605,2042.0622517036286,35312.57794965404
2021-06-22 22:57:00,9002.960153486454,2662.884191418207,35201.457957273444
2021-06-22 23:56:43,9042.657077906251,2472.3909122024224,34278.92323789168
2021-06-23 00:00:35,9043.439927278692,2307.306032172463,36411.47546970489
2021-06-23 01:08:15,9019.30274620108,2325.346918755083,32749.958876119876
2021-06-23 01:16:19,9012.822267095882,2308.2119336315795,32340.810359965377
2021-06-23 01:28:28,9002.480638019537,2350.290372465802,32121.730399247008
2021-06-23 01:35:13,8996.614820249586,2259.647742473607,34673.892139222495
2021-06-23 01:42:15,8990.54986585746,2190.866704686635,33120.91095869514
2021-06-23 01:45:29,8987.80977920773,2476.710904919331,36461.74180723291
2021-06-23 02:15:13,8966.26456796531,2242.3083593505003,35614.81444167361
2021-06-23 02:27:37,8960.536980748037,2283.29263279146,31018.372307354803
2021-06-23 02:41:40,8957.427246728093,2294.3899738368073,34046.99343362529
2021-06-23 02:44:59,8957.292904076228,1923.5230210758373,33140.72955585912
2021-06-23 03:16:51,8969.577711096965,2500.3144223425734,34095.21807431087
2021-06-23 05:13:01,9223.716398725712,2465.2279614316226,35083.861876235416
2021-06-23 05:24:32,9259.052175779463,2668.915843328975,34731.43869559799
2021-06-23 05:24:46,9259.766099040737,2481.0523431424053,37204.47073937674
2021-06-23 06:51:12,9468.927605240875,2689.9981195710266,35884.412372716564
2021-06-23 07:00:19,9479.854503222163,2639.28385660894,34360.92243667421
2021-06-23 07:06:43,9485.8592282839,2485.8541217747616,38687.56035562994
2021-06-23 08:40:13,9419.760833148071,2483.364889842824,38076.43207642384
2021-06-23 09:21:38,9321.972226884549,2300.579815821425,38101.598595344214
2021-06-23 09:46:23,9255.59252780911,2576.2904270411514,34256.54618939793
2021-06-23 09:58:40,9222.175962934076,2461.49326737615,37117.836010608626
2021-06-23 10:08:53,9194.610848866909,2528.320711495235,40087.22328635235
2021-06-23 10:15:50,9176.113350044978,2272.4916821328325,30087.83729410991
2021-06-23 11:27:46,9011.235290821718,2274.69227704104,32096.754367246158
2021-06-23 12:36:02,8920.444978338157,2584.5049169843637,34460.06243767935
2021-06-23 12:42:27,8915.487241690957,2205.596260915071,35832.59452546625
2021-06-23 13:19:08,8898.118453838271,2359.6852906943495,32048.242194901773
2021-06-23 13:44:37,8896.040783178558,2356.2773027960634,31414.352162924624
2021-06-23 13:56:31,8897.48112829332,2390.687748342919,33309.0262912108
2021-06-23 13:59:25,8898.039211071164,2143.044756059561,35436.22139040435
2021-06-23 14:20:17,8904.143585614254,2095.7203907690446,35795.97510934322
2021-06-23 14:29:26,8907.804821381738,2436.375159194214,36027.90325895041
2021-06-23 14:39:19,8912.27717248209,2347.564988243681,33984.92777450356
2021-06-23 14:44:58,8915.026112579988,2395.7055870422673,35688.22327077431
2021-06-23 14:55:46,8920.556916499334,2381.6568931232296,32823.88990928146
2021-06-23 15:31:39,8939.242177850287,2392.7433258652122,31695.844758581276
2021-06-23 15:46:46,8945.937752544727,2388.3567084616693,30502.47334694017
2021-06-23 15:50:10,8947.250915988481,2159.2163517903437,36268.69447753006
2021-06-23 16:25:47,8954.728904011647,2542.1870958904237,30430.937638689706
2021-06-23 16:28:39,8954.718953991576,2414.950309896284,35514.803022185995
2021-06-23 16:39:04,8953.77092898874,2491.9879313751862,35509.08803815618
2021-06-23 16:49:41,8951.244452191384,2222.5285237143385,33323.5254243048
2021-06-23 17:22:41,8932.504475461003,2363.6066670085415,33370.54180313676
2021-06-23 17:35:48,8920.387968001325,2270.642977487399,36649.879681881044
2021-06-23 17:36:40,8919.496559225294,2488.5523225459124,33992.918202813285
2021-06-23 17:44:13,8911.271233286394,2037.3864267424183,35103.88541215585
2021-06-23 18:03:52,8886.259079956586,2272.2392337388346,32975.53943253231
2021-06-23 18:09:08,8878.763052056187,2272.1194512011675,34564.06907857752
2021-06-23 18:26:36,8851.972692160025,2191.8560452129104,28740.420690669238
2021-06-23 18:28:32,8848.855095682049,2237.5455435779827,35297.77907234335
2021-06-23 18:35:57,8836.679770853503,2132.9085364329676,33608.886060854624
2021-06-23 18:53:45,8806.535955618072,2230.3990486564744,34949.95789193055
2021-06-23 18:55:17,8803.910348412912,2452.365181415027,36811.528554032135
2021-06-23 20:12:04,8690.422853377891,2422.1564920643896,31558.20211292181
2021-06-23 20:12:16,8690.218728443433,2181.1018981596108,30033.636743095736
2021-06-23 20:17:53,8684.76278349985,2294.1771069083306,32681.197583161964
2021-06-23 20:21:58,8681.139576413043,2157.0275184195293,31301.23037434725
2021-06-23 20:46:41,8665.747970751285,2282.8431948187667,30210.106844627517
2021-06-23 21:04:09,8661.871599906728,2347.960245057766,31890.77772021665
2021-06-23 21:17:10,8662.684141186424,2070.82680770149,31929.15507548867
2021-06-23 21:26:23,8665.057353234193,2257.7453298331216,33656.07203828555
2021-06-23 21:29:11,8666.055939978032,2163.1417245206403,29493.612293423594
2021-06-23 21:39:33,8670.798854701472,2180.941825818019,31009.20939962897
2021-06-23 21:53:06,8679.209447036674,2244.734338157678,37040.57444620068
2021-06-23 21:54:35,8680.26249737876,2383.633812566061,34844.197522216156
2021-06-23 22:03:43,8687.230612785965,2350.3719058770707,32443.618069304353
2021-06-23 22:15:57,8697.615888716231,2241.2760080761345,30540.679408386128
2021-06-23 22:18:54,8700.252263245031,2449.255466306152,31237.44922761587
2021-06-23 22:26:45,8707.427464658547,2151.2335291104923,34598.05529351239
2021-06-23 22:58:49,8736.554042036974,2220.8742380616404,33779.53479667292
2021-06-23 23:02:39,8739.735384584837,2328.753562579322,39357.89063842223
2021-06-23 23:19:43,8752.300291880696,2601.283808832661,31596.942171920815
2021-06-23 23:23:24,8754.597631610104,2416.7710406415817,34072.97424710299
2021-06-23 23:52:04,8766.033629340796,2342.727378428642,37399.68300553476
2021-06-24 00:02:55,8766.996335141877,2407.7570371387505,32830.58430922362
2021-06-24 00:28:44,8761.390524777828,2257.6655186248204,32141.200394564174
2021-06-24 01:18:10,8724.657560886246,2067.4238833372083,33830.74594892229
2021-06-24 01:31:53,8711.018546360929,2417.280232295017,35149.36208072915
2021-06-24 01:55:16,8687.965135341074,2399.6476541612005,33630.374250313864
2021-06-24 02:20:47,8667.354055258691,2403.949918736898,35637.8074635809
2021-06-24 02:32:00,8661.097844551747,2476.2961970231972,32522.36742755617
2021-06-24 02:39:35,8658.137767773756,2206.6926385559254,32183.272058647428
2021-06-24 02:50:34,8655.913339237492,2194.300638899446,32251.6275072265
2021-06-24 02:58:03,8655.921385882157,2264.342542003659,35753.92629865087
2021-06-24 03:22:57,8665.742814059806,2321.896677468816,36501.5943770958
2021-06-24 03:33:33,8674.741066987193,2450.466922305598,35484.694693197205
2021-06-24 04:09:28,8726.427698317062,2005.6424311347953,31902.366255059806
2021-06-24 04:10:59,8729.282945489505,2393.0814131425273,36407.0752578623
2021-06-24 04:24:29,8756.785057357809,2294.0103937383806,31972.817166768047
2021-06-24 04:25:44,8759.50913573911,2465.3152042190195,32121.038609911557
2021-06-24 05:37:20,8941.357452986562,2249.6583537729575,35773.71019007043
2021-06-24 05:50:12,8973.440697266386,2153.155452888131,33074.8606761555
2021-06-24 06:03:48,9004.784388556567,2666.8150055026354,29906.23354521004
2021-06-24 06:41:21,9070.344391008706,2347.1406906392117,36237.75229910061
2021-06-24 06:52:11,9081.968712858441,2213.4874060817815,33640.47862692875
2021-06-24 07:21:08,9094.277984329621,2395.181311833812,31902.16232006822
2021-06-24 08:51:47,8962.954894426857,2225.3604936015704,31381.065342251142
2021-06-24 09:03:26,8932.024782581668,2413.264061600868,34148.32972240923
2021-06-24 09:56:33,8775.090523832261,2246.2665694312786,35316.78835036707
2021-06-24 10:23:58,8692.98450399709,2228.6008531925404,30304.779909513363
2021-06-24 10:36:55,8655.754185601612,2196.2654128151303,36491.8228022773
2021-06-24 10:45:11,8632.747053317571,2443.0064210727546,33350.38361615874
2021-06-24 11:00:11,8592.787726202992,2389.3006023606968,31517.12014588754
2021-06-24 11:18:13,8548.219111403565,2368.5273309354475,30638.70634410938
2021-06-24 11:20:12,8543.5674385456,2065.096973809356,33359.41354429342
2021-06-24 12:24:49,8421.482193443853,2158.1850510505365,33267.61517285985
2021-06-24 12:35:20,8407.095198896028,2164.2993849566096,31914.465917845046
2021-06-24 13:18:16,8363.279532196077,1829.340054882154,27967.290773061017
2021-06-24 13:21:59,8360.537295939732,2295.857470449978,26909.465551994108
2021-06-24 13:25:40,8357.971815312761,2217.6457635308016,33181.02953786297
2021-06-24 13:41:08,8348.774581137559,2080.8604302586837,30874.61836670171
2021-06-24 14:02:57,8339.694390705181,2087.1902911510406,31219.04160800024
2021-06-24 14:13:41,8336.65038159903,2215.5583066245986,31388.469861585483
2021-06-24 14:48:15,8331.341928608437,2324.347649958283,32661.42458761447
2021-06-24 14:50:25,8331.160033703005,2079.4520086426623,34046.18988362833
2021-06-24 14:52:36,8330.986487212462,2504.2210143140724,31167.45472087251
2021-06-24 15:03:50,8330.192035062704,2115.6990102330965,30684.18538336501
2021-06-24 15:10:46,8329.721056978104,2024.5580633498698,34411.17825281798
2021-06-24 15:28:14,8328.215087034918,2255.6355364155747,34946.06406189452
2021-06-24 16:34:30,8305.499182445606,2043.595366964662,36268.25188869077
2021-06-24 16:40:24,8301.283857058133,2170.51504843642,32379.36943534843
2021-06-24 17:06:53,8276.523250001124,2320.8408967833398,32943.245797036594
2021-06-24 17:10:51,8271.957390280497,2172.7431023870354,28878.539755551596
2021-06-24 17:44:17,8224.599423972755,2286.425940492691,29101.68559872437
2021-06-24 17:44:37,8224.05068008395,2117.156072159589,32454.756489295803
2021-06-24 17:50:10,8214.708773682702,2080.5669109453365,28883.406618165514
2021-06-24 17:51:32,8212.350163460183,2024.7664179866497,32924.830341485926
2021-06-24 17:51:40,8212.118850474748,2335.505444869612,31931.75440880449
2021-06-24 17:55:07,8206.06039701335,2243.1333845241174,33673.33893359065
2021-06-24 18:02:59,8191.740673750133,2152.326333491826,30435.481140412736
2021-06-24 18:17:00,8164.67496437002,2160.5847288733635,30536.520329055456
2021-06-24 18:44:30,8107.465553587028,1909.2793244621507,26784.722751939174
2021-06-24 18:50:55,8093.688296497491,2166.5012024743473,30048.176600807816
2021-06-24 19:15:36,8040.877705950326,2100.683374765776,32347.399796565507
2021-06-24 19:23:16,8024.910779978237,2020.5134469449106,28943.017199598413
2021-06-24 19:24:48,8021.7607039609065,2215.8809928955825,29468.20167495268
2021-06-24 19:29:05,8013.050173281482,1990.1497500025828,33000.74769247637
2021-06-24 19:40:43,7990.172897714494,2128.2382133761553,33450.975784322996
2021-06-24 19:49:21,7974.081721576562,2372.0516468464107,28621.149947923102
2021-06-24 20:22:52,7921.033837170969,2240.1679306553337,33680.051163124925
2021-06-24 20:33:30,7907.899964428685,1932.620990541101,30402.049704021945
2021-06-24 21:24:28,7872.249771190093,2008.1174089263081,30839.208410404925
2021-06-24 21:30:53,7870.800099671818,1956.274973632062,34035.4266711679
2021-06-24 21:36:20,7870.031559767469,2058.134726694037,29179.773606827795
2021-06-24 21:38:57,7869.805470219064,2175.6685989982875,29591.39615893763
2021-06-24 21:49:30,7869.7577551534505,2011.964485107779,32305.055437323197
2021-06-24 22:37:22,7880.792964681649,2061.508354350312,30928.349070263906
2021-06-24 22:44:08,7882.8696231235745,2201.6631194422093,31925.838900594834
2021-06-24 22:46:02,7883.436355451643,2105.94373389399,29155.116159010777
2021-06-24 22:49:33,7884.456651311062,2254.899734494261,31738.34454117863
2021-06-24 22:50:04,7884.602906071461,2128.311679078469,28688.65988073824
2021-06-24 23:39:10,7889.404400423546,2089.9031973720657,31876.261416966077
2021-06-25 00:05:24,7880.329968443028,2016.1004132452426,27927.966606138616
2021-06-25 00:16:59,7873.155482959754,2078.1854858096476,30906.716669016943
2021-06-25 01:19:53,7805.511105031343,2003.7320548310938,29944.701795763987
2021-06-25 01:50:44,7764.347187669674,2264.0329239997736,28943.814551245367
2021-06-25 01:54:32,7759.476646012043,1985.259593429713,32339.373420236585
2021-06-25 01:59:42,7753.015460142351,2102.752155913931,31567.735451827903
2021-06-25 02:22:04,7728.1105517578035,1871.3060133549043,28402.99462804423
2021-06-25 03:00:46,7703.462332346617,2002.1134819318152,31069.120772634375
2021-06-25 03:25:03,7704.092296000245,1960.2533188853024,26709.652065689625
2021-06-25 03:25:40,7704.288094174776,1873.2955572307094,29605.08225969028
2021-06-25 03:38:22,7710.331760342573,1982.5411204742163,29153.64318213336
2021-06-25 03:42:32,7713.146461490925,2053.7384331316894,27247.71188368612
2021-06-25 03:43:46,7714.0576236208035,2099.450122019575,31112.186972014486
2021-06-25 03:45:57,7715.757395045287,1934.6087138887888,29612.11335858479
2021-06-25 03:46:43,7716.3804507171135,1961.2477793088035,30016.121293378284
2021-06-25 03:49:08,7718.4329489998245,1882.9915145072725,30600.447746185255
2021-06-25 03:55:36,7724.577291173208,2138.1519363512807,30051.896080031736
2021-06-25 04:23:08,7760.584259248977,2108.118026722233,30321.42253858163
2021-06-25 04:58:05,7823.967129521573,2096.956248360751,30047.908083183796
2021-06-25 05:21:06,7871.025975864306,2068.1731050775866,27967.428205720596
2021-06-25 05:25:42,7880.484249776398,2022.3486242411282,30689.848530189058
2021-06-25 05:31:15,7891.806649033193,2056.0599810392487,32785.005651258136
2021-06-25 05:57:25,7942.061517231556,2032.4826573754553,29895.671488466243
2021-06-25 06:57:09,8012.513490145723,2013.1063972002848,29635.502169861815
2021-06-25 08:27:36,7939.127781583977,2055.4682332532843,26657.32972405169
2021-06-25 08:35:56,7922.277614304258,2122.819031232815,29844.547089568667
2021-06-25 09:38:05,7767.903403999459,2020.571180354253,28698.91879059555
2021-06-25 10:11:23,7678.230380042387,2369.8443749185885,29125.303450189836
2021-06-25 10:19:59,7655.687639348167,2062.3061291771633,28315.489176800216
2021-06-25 10:21:27,7651.887833258608,1947.3026931918962,27723.72642323121
2021-06-25 10:32:20,7624.1713930614915,2005.058629850352,29419.150978521757
2021-06-25 10:51:47,7577.167453706814,2060.375204920135,31514.289825774336
2021-06-25 11:15:53,7524.453570230164,2065.175119837992,28049.061233062912
2021-06-25 11:37:12,7483.698881016432,1909.5019575481472,29175.17852478827
2021-06-25 11:57:30,7450.386249384149,1868.424563687284,28770.66688233739
2021-06-25 11:58:03,7449.559826660613,1981.1979494565994,30125.55370103592
2021-06-25 12:16:06,7424.672155993004,1969.5990119043947,28210.056319418552
2021-06-25 12:35:50,7402.373358121788,1864.3296519228686,26839.179544558912
2021-06-25 13:18:26,7370.8138281411375,2013.7676159676878,28948.28244162707
2021-06-25 13:21:08,7369.525460412819,1899.0271740822805,28280.63143496397
2021-06-25 14:00:58,7359.039627965559,2107.867905765497,28018.5334250654
2021-06-25 14:24:14,7359.095041841715,2008.264786506477,27333.046958400224
2021-06-25 14:28:54,7359.524534701167,1948.4558856859871,29296.78372131766
2021-06-25 14:41:51,7361.285454786348,1958.0630278914098,31153.786250303234
2021-06-25 14:57:38,7364.269717997169,1930.9135415136395,28845.764421351425
2021-06-25 15:00:29,7364.872417978382,1916.6047616705878,27047.710231124467
2021-06-25 15:02:40,7365.3424526046965,1996.5143937188677,28073.159199247744
2021-06-25 15:38:55,7372.904829976276,1940.1133568097173,29397.644674813782
2021-06-25 15:41:35,7373.344828841471,1936.2315434974698,28421.233017737988
2021-06-25 15:44:46,7373.8310027249045,1931.9869633867788,29077.438517433675
2021-06-25 15:49:03,7374.410625073929,1964.9046066483018,26958.74191140952
2021-06-25 15:51:12,7374.666294341973,1938.9820794572859,30227.17948650536
2021-06-25 15:56:30,7375.185452450586,2154.7337604729632,29186.764905217125
2021-06-25 16:00:35,7375.467863947199,1967.4561983838412,27654.709360424837
2021-06-25 16:13:10,7375.5962770379665,1940.5647627091694,26925.288651810184
2021-06-25 16:17:41,7375.33587125333,1996.895393852767,31256.47672891252
2021-06-25 16:59:12,7363.462147613279,1865.7249758238015,27770.545381011056
2021-06-25 17:51:08,7320.667536538648,2002.627100817528,25917.967668699817
2021-06-25 18:01:59,7307.98986704985,1869.8439187784538,27526.232376769673
2021-06-25 18:21:21,7282.907560894577,1973.5402158563413,27325.341325630143
2021-06-25 18:36:42,7261.406079982188,1742.8860426935478,29266.760194175942
2021-06-25 18:43:17,7251.9197101383315,1837.426651773763,27619.553578206294
2021-06-25 18:43:37,7251.436796154878,1860.0082419401576,28150.313404285018
2021-06-25 18:54:44,7235.265220236409,1919.8100862615277,25525.10811767544
2021-06-25 19:58:43,7152.097499879329,1793.9636746113117,27827.33721955676
2021-06-25 20:03:20,7147.569293281921,1812.540255229332,27742.84743044085
2021-06-25 20:06:06,7144.991576246989,1772.4989013037093,26178.8341923387
2021-06-25 20:48:40,7119.853261435739,1809.1567396960081,27410.64504932459
2021-06-25 21:18:35,7119.70064695846,1920.0835980440381,27917.04029880813
2021-06-25 21:23:00,7120.862975092902,1924.2083862350755,28456.464696523795
2021-06-25 21:31:44,7123.98402600652,1797.5561326461325,26715.31249253572
2021-06-25 21:31:50,7124.025849171884,1945.3373271886778,27888.1932115518
2021-06-25 21:41:13,7128.525407029775,1928.2678917002831,26026.66852914011
2021-06-25 21:45:34,7130.976012081406,2080.640677841325,27803.49051498189
2021-06-25 21:57:59,7139.085573773103,1860.5618694898794,28087.320560191998
2021-06-25 23:14:28,7202.935516829012,1995.6296776449867,27708.613831546267
2021-06-25 23:24:33,7209.9235682178405,1820.8438325264603,27076.481923325322
2021-06-26 00:46:14,7222.959845061409,1794.4486479752,27219.20183635488
2021-06-26 00:57:28,7218.656635310027,1886.6145456855165,24931.840940079703
2021-06-26 01:14:31,7210.323728297365,1950.0855813081268,29420.26420430071
2021-06-26 01:43:51,7193.862366922954,1881.9098205509213,28164.27080953607
2021-06-26 02:02:27,7184.533605614487,1788.5838919765142,26501.961253997633
2021-06-26 02:13:46,7180.185232795174,1891.6784151513102,25246.053745636247
2021-06-26 02:39:46,7176.318634922084,1700.46247780147,26945.660163960812
2021-06-26 03:06:26,7184.436018552878,1868.7797173687156,25977.620774015395
2021-06-26 03:12:11,7188.087792847773,1768.9822383497656,27626.667774129357
2021-06-26 03:12:13,7188.111046872242,1836.9813799452559,28608.35845902697
2021-06-26 03:14:59,7190.125754111163,2143.479725346032,26842.7421312393
2021-06-26 03:16:07,7190.999537873743,1821.6666281323062,28220.58111814573
2021-06-26 03:21:32,7195.568113164118,1841.185770981459,25978.48288730994
2021-06-26 03:25:08,7198.965951626585,1961.2678923752715,24788.233901394873
2021-06-26 04:04:45,7255.305268854515,1832.2248742070497,25523.693361195998
2021-06-26 04:11:39,7268.4846380534855,2075.393003197964,28639.821131121356
2021-06-26 04:37:42,7325.695427296879,1952.5971816681501,27200.978700316886
2021-06-26 04:49:01,7353.504613919822,1865.2565936846822,26039.922726644785
2021-06-26 04:50:24,7356.996479227499,2054.706953437809,28501.1902494434
2021-06-26 05:06:26,7398.532606721608,1837.906520924197,27504.9748040115
2021-06-26 05:16:23,7424.9133371513,1871.2749407563979,28048.82848124415
2021-06-26 05:27:21,7454.050186354591,2065.60518118512,25502.1309161311
2021-06-26 06:14:09,7568.655711783887,2188.0602527038136,29867.087962098853
2021-06-26 06:23:41,7588.116857015356,1910.7669576723924,29593.83691221576
2021-06-26 06:43:08,7621.777616003322,1846.0953712304322,30208.947437808907
2021-06-26 07:34:16,7663.696920773102,1959.2422878632776,28106.031313825148
2021-06-26 07:36:40,7663.889859874125,1889.6783721883364,30603.462268576503
2021-06-26 07:37:40,7663.923507296788,1957.3421152307722,25911.266519042216
2021-06-26 08:21:32,7639.995803300329,1901.2313448144587,27644.70312915876
2021-06-26 08:28:25,7632.190011861294,1996.8185359646116,28578.962527550837
2021-06-26 08:48:06,7605.027464054874,1915.7757869412624,28893.84517068576
2021-06-26 09:38:04,7514.578311445032,1788.5776352709277,28178.04029444175
2021-06-26 10:37:22,7399.658223843283,1826.1294341288951,29283.362196061636
2021-06-26 10:46:11,7384.136414651343,1871.5617906881414,30586.454608801676
2021-06-26 11:38:23,7308.007360983075,1802.2436155593034,27100.20307505821
2021-06-26 12:33:30,7262.1783609969025,1887.9566901238973,29813.217212053674
2021-06-26 12:34:34,7261.6529092739165,1788.4737994340514,27456.342893563757
2021-06-26 12:37:43,7260.179283350677,1978.4747407265486,28583.14994590298
2021-06-26 13:11:54,7251.434438626905,1872.3614098092064,27305.83327863078
2021-06-26 13:16:08,7251.232019659024,1859.1050156568492,29399.730208526147
2021-06-26 15:11:00,7297.177576002483,2093.02441927564,28163.29291924546
2021-06-26 15:22:08,7303.980803326584,1813.0187201643348,29383.396012025794
2021-06-26 15:40:41,7314.611211071442,1961.4345288242182,26242.292744309543
2021-06-26 15:41:38,7315.1187141377,1905.6625032816548,26380.36644329234
2021-06-26 16:17:08,7329.887208244917,1805.924336769144,28604.665430477216
2021-06-26 16:28:58,7332.424868658657,2052.266169987091,29204.892224849078
2021-06-26 17:07:48,7329.560822645877,1917.7772010687072,28245.64589276792
2021-06-26 17:21:50,7323.867047926802,1860.2864666327139,29432.096143126408
2021-06-26 18:13:14,7282.755001676415,1856.8484528220897,29778.632450663485
2021-06-26 18:14:01,7281.91950130309,2037.357608158401,27699.445758037233
2021-06-26 18:23:56,7270.942167707702,1841.8269197033494,27829.530661646393
2021-06-26 18:59:46,7227.354330286238,1770.0435733760812,28393.080409822
2021-06-26 19:16:18,7206.942641028863,1938.8355382369089,28835.010876325414
2021-06-26 19:35:55,7184.243444130618,1886.7319334121512,25444.000797399975
2021-06-26 19:46:01,7173.664005526509,1925.3188005445909,27652.53998158073
2021-06-26 19:53:18,7166.647099150402,1751.1069429844922,26427.446912706408
2021-06-26 20:18:10,7147.443021916093,1844.9384322539922,25522.116729112146
2021-06-26 20:33:55,7139.711452238838,1814.6577530943064,24841.014869669078
2021-06-26 21:36:11,7146.215956641148,1800.2418778294793,26730.14837073349
2021-06-26 21:59:38,7161.936019429831,1938.1626929087406,27751.41541508758
2021-06-26 22:00:16,7162.4308539405565,2047.8302274485832,27308.826105992823
2021-06-26 22:38:58,7196.3392489472635,2023.0585370520787,25597.934933647844
2021-06-26 23:13:46,7225.747569663533,2010.701239223273,26868.626343662763
2021-06-26 23:14:14,7226.089612602664,1959.5368094132964,26002.623319851464
2021-06-26 23:17:31,7228.441208779635,1854.4439345496,26407.9470637303
2021-06-26 23:35:55,7239.595526340875,2047.197462786617,26696.75563236188
2021-06-26 23:41:12,7242.081646503557,1960.5439688208621,28306.558366083733
2021-06-26 23:43:48,7243.176778355823,1887.2441129062731,24795.963599919156
2021-06-27 01:01:57,7234.632151767416,1799.2189422709455,28089.266528518747
2021-06-27 01:02:15,7234.465376244491,1885.6023174104791,26508.95673785178
2021-06-27 01:10:09,7229.843885998803,2018.1638293862234,28229.94491191141
2021-06-27 01:16:23,7225.932381891821,1782.6725285734774,26400.856878260427
2021-06-27 01:49:00,7204.097220582687,1935.1916728037356,26475.482152316472
2021-06-27 02:03:35,7195.227762500655,1792.6013576750524,29041.070064243817
2021-06-27 02:11:22,7191.154958495392,2148.761161252068,30006.66855437587
2021-06-27 02:45:38,7182.145741209709,2086.0345763663595,28986.66402625845
2021-06-27 02:54:11,7182.846060933139,1924.217365357813,28126.62137668624
2021-06-27 02:58:34,7183.743234831789,1710.4283047142985,26114.957799273205
2021-06-27 03:05:35,7185.975413011801,1977.1681889116926,28696.564443464104
2021-06-27 03:13:59,7189.983929133825,1928.906914795727,30353.199105434964
2021-06-27 03:19:17,7193.283998772807,1774.5903142786437,27491.808362265736
2021-06-27 03:24:20,7196.993096543276,1727.8878482448206,26515.53750767409
2021-06-27 04:08:07,7252.10732831208,1883.6624657634386,26671.901412941184
2021-06-27 05:21:30,7412.387865955958,1735.3612602141666,29166.167048038682
2021-06-27 05:52:14,7483.992909421804,1972.5932982818713,32306.55182686789
2021-06-27 05:54:50,7489.661325263908,1917.4275518440454,30627.35295253121
2021-06-27 05:56:53,7494.069270737,1882.2981501613622,30339.368263314667
2021-06-27 06:44:53,7575.758454710491,1909.2474232993804,25578.341526099775
2021-06-27 06:54:20,7585.691965113296,2079.0403497906536,31988.430355481003
2021-06-27 07:40:33,7599.1238071528505,2074.294899403115,29901.768049877723
2021-06-27 09:28:07,7438.504636142671,2003.1745906276287,28456.06037506408
2021-06-27 09:33:03,7427.51339243343,1928.8927126882675,26662.063225604874
2021-06-27 10:36:22,7287.144666301427,1763.154500310392,27112.39783577735
2021-06-27 11:09:15,7223.667721259964,2045.2294629786788,26749.414885532606
2021-06-27 12:05:13,7142.6883753443,1850.3355041769269,25960.977365167404
2021-06-27 12:12:37,7134.796642816987,1734.8426391871212,24472.24749092761
2021-06-27 13:15:53,7093.588901841658,1796.0404338825488,25774.317324693395
2021-06-27 13:21:51,7091.968854940031,1806.887044306502,27614.564746421907
2021-06-27 13:36:22,7089.474039580061,1882.405546797424,25257.370887061796
2021-06-27 13:38:36,7089.264008773151,1853.4178915393843,28040.035073642972
2021-06-27 13:41:23,7089.064288190658,2060.189933899802,23794.2711830863
2021-06-27 13:42:26,7089.006558192575,1922.7493063036454,27261.355022458127
2021-06-27 13:46:38,7088.870129547171,1776.256458187168,27560.834252053373
2021-06-27 13:48:09,7088.857338801558,1945.1286845643929,27390.474609383222
2021-06-27 13:49:07,7088.859095697625,1770.5106250572305,26309.363999691785
2021-06-27 14:04:17,7089.8426827206995,1793.9632775048153,26461.525152191905
2021-06-27 14:09:19,7090.537859921774,1974.3816940131987,26142.10996788677
2021-06-27 14:18:53,7092.306497419854,1900.4142889143777,30650.03461162817
2021-06-27 15:06:10,7106.863450705651,1724.0516620583378,27121.418070516294
2021-06-27 15:37:14,7117.514437719061,1879.573180962613,27637.380410005007
2021-06-27 15:53:52,7121.940848435783,1911.3232373934673,25139.583260355383
2021-06-27 16:00:16,7123.230281530932,1862.7335038237065,27322.56551610487
2021-06-27 16:13:48,7124.99237211645,1876.2448080321205,26431.617381168242
2021-06-27 17:02:16,7116.990989310926,1801.4718312128123,29571.066584985754
2021-06-27 17:05:31,7115.513516703454,1827.3932642963177,28234.098368452163
2021-06-27 17:38:18,7093.546233954787,1758.270194052465,29079.74093678121
2021-06-27 17:39:41,7092.343773197226,2034.5206610841324,28035.803645682357
2021-06-27 17:59:28,7072.934184769565,1919.9468865407207,27243.661112638358
2021-06-27 18:11:42,7059.08436219103,1741.386061028532,26243.14829315812
2021-06-27 18:18:59,7050.2849737518045,1728.2959275958892,26274.58510480888
2021-06-27 18:32:48,7032.705051357065,1668.8146337933467,28187.779266265454
2021-06-27 18:44:57,7016.587807281437,1672.425238467108,27936.80466243835
2021-06-27 19:37:12,6948.786670470767,1775.6252410077232,25168.21319225538
2021-06-27 19:42:41,6942.549049739303,1911.411447289235,24804.77261024659
2021-06-27 19:51:28,6933.166591965931,1765.6717999985835,29102.953843788553
2021-06-27 19:53:38,6930.97828113086,1924.063862251603,27161.92283425423
2021-06-27 20:02:49,6922.311400495407,1859.581070772327,24438.012683649733
2021-06-27 20:05:33,6919.932722927882,1584.0013596820393,26478.392787599983
2021-06-27 20:38:14,6899.606932513842,1666.7308160199493,26949.92269810486
2021-06-27 20:44:15,6897.624318620341,1635.8892111325035,27445.220153367438
2021-06-27 21:03:47,6895.115522589532,1613.4090493758847,27300.63336323779
2021-06-27 21:04:55,6895.152766665219,1937.8469736344296,25832.698753483008
2021-06-27 21:10:17,6895.595233391583,1768.5697690450718,26174.101737843426
2021-06-27 22:18:07,6932.220731666677,1863.2339229346326,29875.552954893486
2021-06-27 22:32:58,6944.917102550335,1782.987234281647,31949.552252518653
2021-06-27 22:34:23,6946.149486005468,1873.4622755305377,24156.379514773016
2021-06-27 23:24:02,6985.527907741204,1794.4958772326934,26428.66447543966
2021-06-27 23:35:40,6992.213056234596,1711.8295068997788,30858.503254543208
2021-06-27 23:51:05,6998.764268972579,1732.4422680699063,24461.2266462673
2021-06-28 00:21:13,7003.061013191246,1925.1424879561666,27126.36747065398
2021-06-28 00:54:58,6995.021730433168,1839.8849531017106,26306.525721088503
2021-06-28 01:08:20,6988.950939010111,1782.632213683856,25039.980836250106
2021-06-28 01:21:42,6981.9039018901885,1914.9526321225774,25328.675832035275
2021-06-28 02:02:24,6960.394797412385,1851.2041820724585,26180.456250861
2021-06-28 03:37:42,6987.20663679311,1889.6879954045896,28564.404540460037
2021-06-28 03:47:29,7000.1612625083,1938.067908169423,26481.22958247701
2021-06-28 04:14:46,7046.666309828399,1772.7603682329077,29645.906548955692
2021-06-28 04:58:52,7147.242237073021,1719.9224190912628,27873.503575759543
2021-06-28 07:52:37,7422.714090022415,1887.9864010092494,26016.646736143164
2021-06-28 08:51:35,7364.838773791086,1875.216874814186,24406.913356260466
2021-06-28 12:13:42,7061.818794181287,1815.4353643660352,26818.812632839832
2021-06-28 12:32:33,7052.0840517250135,1742.5657075155148,27823.79905766146
2021-06-28 12:48:42,7047.064388119326,1950.7181424835742,26645.233261740665
2021-06-28 13:37:09,7048.994193889773,1698.0445457535877,28757.72550033996
2021-06-28 14:12:35,7064.0216481565485,1746.7906074610157,26343.9144873197
2021-06-28 14:18:13,7067.232442595405,1765.6495882224765,28720.819541554985
2021-06-28 14:34:51,7077.709677774324,1832.4177468603864,25964.91701009436
2021-06-28 14:48:18,7087.020474452714,2025.60989133229,26704.513766317712
2021-06-28 15:02:39,7097.445599182103,1878.6705448814232,25281.316358412252
2021-06-28 15:07:05,7100.71425228957,2017.4669280618248,25610.6151469747
2021-06-28 17:07:12,7153.19518981692,1738.1570143740603,24093.490338376392
2021-06-28 18:04:02,7126.635405366083,1803.4040762648813,27121.90894292152
2021-06-28 18:52:23,7081.538529699903,1809.8708151926282,29587.809408975027
2021-06-28 18:58:42,7075.066008375243,1801.4092659886608,27057.945317949878
2021-06-28 19:13:40,7059.916693690329,1666.8030022023552,28828.918631625587
2021-06-28 20:28:29,7008.867020812623,1804.6563878448642,26637.13829721544
2021-06-28 21:16:20,7015.674734068501,1994.013948581031,26804.99589072165
2021-06-28 23:11:49,7128.9631800952075,1750.46956028691,28540.465535251697
2021-06-29 01:08:12,7166.850134458348,1940.9188592614735,26712.878180697375
2021-06-29 01:09:08,7166.5531465070135,1797.6398535725323,27843.502133546008
2021-06-29 01:27:30,7159.891298083536,1793.2674417354326,26847.486909234758
2021-06-29 01:33:19,7157.601896021783,1707.8349149732683,26604.638682477005
2021-06-29 02:14:38,7144.488364162299,1816.3805043519149,29168.635346396793
2021-06-29 02:59:49,7151.964593383091,2083.622457358753,29034.23154018162
2021-06-29 03:02:22,7153.4613267625755,1812.3185918159052,29609.83604863731
2021-06-29 03:20:23,7167.890484818047,1985.0055941697676,28174.273685538017
2021-06-29 03:21:56,7169.456349081906,1753.6373005491103,29346.818813051337
2021-06-29 03:41:33,7193.817823497837,2127.7611728892166,30783.143024320165
2021-06-29 03:49:08,7205.479855153224,1936.8452661355695,26159.646163428828
2021-06-29 03:51:12,7208.870547626266,1789.8609261058557,29173.94709947187
2021-06-29 03:55:26,7216.09498958547,1864.900060251044,26906.562978232203
2021-06-29 04:11:19,7246.407167669664,1752.4923853242985,27211.931435876275
2021-06-29 04:40:07,7312.529084408119,1709.3246053283467,25364.23984998489
2021-06-29 04:43:25,7320.8406469032325,1649.198510956147,28154.405328296514
2021-06-29 04:48:25,7333.654827707087,1932.6946751079065,27353.37600805343
2021-06-29 04:49:52,7337.4163221079,2059.179634440897,30825.235323260044
2021-06-29 05:26:35,7436.294186786026,2057.75288908157,31573.107092859027
2021-06-29 06:38:57,7603.201675780446,2112.2236777004464,30560.90407140294
2021-06-29 07:21:43,7649.453719797919,1869.8523906550934,31151.773673813404
2021-06-29 07:56:31,7649.732850050861,1847.8022269672297,28633.376219745023
2021-06-29 08:16:49,7635.331293416785,2055.183593523378,29405.339682401358
2021-06-29 08:25:02,7626.820294146607,2090.225629261096,29438.848108649374
2021-06-29 09:47:13,7487.540030059218,2069.067754260748,28091.301150821477
2021-06-29 10:19:25,7424.036780256399,2068.241304854881,27178.482718759897
2021-06-29 11:12:21,7332.893258531345,1871.3175436124359,25895.240055077018
2021-06-29 11:55:05,7280.322244939586,2174.7459493685456,26807.51612862359
2021-06-29 12:17:58,7261.179160739773,1747.8866847486408,27837.13942705952
2021-06-29 13:11:15,7240.636428460595,1895.850101586427,24718.522949053342
2021-06-29 13:40:53,7242.400857623231,1999.5184181370773,31424.919108447324
2021-06-29 14:36:41,7264.898445153707,1915.451485502217,27623.066589946815
2021-06-29 15:30:37,7297.444670827561,2028.6789278047572,30635.260305473443
2021-06-29 16:31:03,7321.889009369678,1857.8500441778806,28887.09240946065
2021-06-29 17:02:44,7320.902667537177,1804.0056592009914,27260.009695427325
2021-06-29 17:48:46,7297.49981547707,1835.6989456621943,27412.892322827767
2021-06-29 17:58:54,7289.031937358953,1734.4401679462433,28017.529339472323
2021-06-29 17:59:31,7288.482944735365,1923.0467757352146,27378.758831564268
2021-06-29 18:26:02,7261.804626761495,1987.8094639991855,28533.47245423582
2021-06-29 18:39:53,7246.085259182198,1817.7440581901353,26725.42302248283
2021-06-29 19:00:39,7221.564247212803,1848.4159470565667,28301.13529591835
2021-06-29 19:11:16,7209.099126944335,1888.423246912564,25952.910074141935
2021-06-29 19:14:07,7205.807045227297,1987.245433315785,29658.582582501047
2021-06-29 19:21:26,7197.514448022729,1999.4572726976305,28480.803822466973
2021-06-29 19:55:57,7163.634361456934,1776.7623940671015,28812.528522049764
2021-06-29 20:09:53,7153.543972084186,1913.0683904663392,28132.62555965673
2021-06-29 20:45:32,7140.4335354727455,2136.407081586645,26601.874166632886
2021-06-29 21:01:30,7141.073712341946,1803.9326690205305,26399.344270386548
2021-06-29 21:09:07,7142.810462561422,1757.2562944795118,28186.71118974145
2021-06-29 22:08:08,7182.76876255329,1876.7481869362675,25340.67279654357
2021-06-29 22:44:10,7220.364046688407,1759.3141745705875,28569.945102910806
2021-06-29 22:48:59,7225.441076182298,2167.6246772568074,29014.715445723145
2021-06-29 22:57:44,7234.467581145731,1974.927806751814,27795.934113370673
2021-06-29 23:02:31,7239.250931176906,2016.3947468944841,26429.463603734945
2021-06-30 00:19:58,7285.485872313497,1936.7999103428072,27430.488537143232
2021-06-30 01:15:02,7274.946845269679,1846.3479666304113,27142.96860052436
2021-06-30 01:35:35,7265.879740508562,1879.6150117681855,29200.621624235857
2021-06-30 02:07:45,7253.45480460504,1774.9774744182355,28943.7390211616
2021-06-30 02:40:54,7251.270581517604,1915.2152757397275,26083.312819486728
2021-06-30 02:56:47,7256.572731053736,2012.2403785422025,29396.464084384457
2021-06-30 03:33:12,7288.610169671707,1959.9568552641406,27668.717892458717
2021-06-30 03:47:05,7308.630051337846,1959.4090699846367,26358.116765735795
2021-06-30 04:34:00,7405.644194550268,2030.3660370303714,26392.860351530668
2021-06-30 05:14:28,7514.061766980473,1982.5727539433715,27882.402419066606
2021-06-30 05:16:24,7519.473050483877,1862.6202387925605,28534.963967080024
2021-06-30 06:16:23,7676.267472384599,1968.2232265667758,30869.33387976653
2021-06-30 07:39:29,7777.428916721965,2009.9136261748843,28777.40977937778
2021-06-30 08:13:38,7765.0365094169565,2140.987062591354,33341.06707566142
2021-06-30 10:30:13,7543.726203540651,1992.3036702649676,28063.030995075795
2021-06-30 10:42:50,7522.355867548266,1822.7717441914774,28241.34297770122
2021-06-30 11:12:38,7477.6952069121035,1910.1674638347088,26834.641927836547
2021-06-30 11:37:47,7447.634805068245,1904.7477747196024,28163.731727241673
2021-06-30 11:48:31,7437.146459592352,2211.334252791449,33349.29598866004
2021-06-30 12:03:40,7424.803839047824,1759.322421926582,26889.481914416978
2021-06-30 13:13:16,7404.577430164861,1793.97126157034,30374.687796850518
2021-06-30 13:23:44,7406.37402380168,2010.1817966545182,26489.994554852165
2021-06-30 13:43:15,7412.6656250309325,1839.5063382563712,25725.541394643857
2021-06-30 14:17:47,7431.808312525566,2070.7230843490215,28158.495730757706
2021-06-30 15:09:17,7472.195322382069,1783.6246165552059,29168.64457920346
2021-06-30 15:20:05,7481.203287838779,1736.327716013909,29187.36989810704
2021-06-30 15:21:51,7482.662934044179,1834.2771708589864,27829.433276883265
2021-06-30 15:28:34,7488.150735377578,2212.320077233469,28219.601277731792
2021-06-30 15:54:03,7507.419217550238,1924.8534065001188,26949.020260940353
2021-06-30 16:23:19,7524.232489576796,1935.4849849618247,29696.503539703725
2021-06-30 19:08:08,7446.687812382799,1813.0795983915023,29799.916390636852
2021-06-30 20:33:54,7390.031127879235,1904.1919993951308,27332.24497549105
2021-06-30 21:01:55,7393.413954661599,1698.405021264621,28919.186524447527
2021-06-30 21:04:00,7394.178248053405,1955.8585127104682,27805.08412658739
2021-06-30 21:08:46,7396.188355987301,1980.11258626126,27718.04332786945
2021-06-30 21:14:45,7399.217561632131,1935.761798475198,27452.96958662879
2021-06-30 21:56:28,7434.087205040579,2007.9270759895162,27582.34222471199
2021-06-30 22:05:53,7444.572467212571,1824.1888695123537,33484.331162133414
2021-06-30 22:14:01,7454.126542186085,1878.5967318616442,28770.520196796977
2021-06-30 23:05:35,7517.052479714569,1949.4366532578433,28218.938833351385
2021-06-30 23:28:31,7540.828554443812,2096.3997873172393,28728.563218203264
2021-06-30 23:32:47,7544.6513859309125,1915.6266692965646,28199.81446232674
2021-06-30 23:49:03,7557.140441981359,2211.243340741002,28285.730152523938
2021-06-30 23:53:04,7559.680254688094,2047.939473889351,27973.207088174982
2021-06-30 23:55:36,7561.166274730622,1979.0125756756916,29094.784340608694
2021-07-01 00:04:33,7565.686013662682,1985.1466628234214,27621.85486896767
2021-07-01 00:08:23,7567.270279821075,1866.8062491972544,29514.521231545776
2021-07-01 00:35:04,7572.552958767828,1912.8249030199147,27713.41571271058
2021-07-01 01:01:19,7569.101144075502,1839.5068430299973,26314.231000705906
2021-07-01 01:28:04,7559.918653156315,1921.2363205135919,26918.378991948146
2021-07-01 01:36:34,7556.528828157373,1956.5911438547405,28138.08214936646
2021-07-01 01:42:25,7554.219678599609,2111.714205119774,29530.96362595764
2021-07-01 01:42:58,7554.006065127728,2040.8292594096079,29149.664236694014
2021-07-01 01:45:11,7553.1537412160405,1930.9186482867824,29194.070773578293
2021-07-01 01:57:47,7548.708788245514,1898.0778925937943,27866.19348654351
2021-07-01 02:11:47,7545.080398536235,2026.688417152158,24230.186913493635
2021-07-01 03:22:08,7571.615082736047,2032.958158103095,27413.799461891176
2021-07-01 04:59:53,7776.046474515742,2085.1761793634514,25956.314551068586
2021-07-01 05:18:09,7827.990645085774,2152.7036373571104,28732.04090434614
2021-07-01 05:28:00,7856.06610685839,2244.2858059556984,32073.029608947836
2021-07-01 05:37:46,7883.509603601839,2233.418295026106,28480.994789926957
2021-07-01 06:07:18,7960.684344210033,2103.972050746031,28857.49198782969
2021-07-01 06:14:53,7978.339763248688,2099.635205624734,30920.935057215494
2021-07-01 07:58:04,8070.898089077663,2236.7117438954633,31347.725256726888
2021-07-01 08:01:42,8068.605033011576,2169.5393687452247,28693.341878393574
2021-07-01 08:21:13,8050.526899001892,2102.085595415269,32122.60898226516
2021-07-01 11:38:58,7682.576876985257,1980.4218291186455,27976.267830866534
2021-07-01 11:40:06,7681.066314667258,1800.7613615202781,27191.527885108622
2021-07-01 11:43:13,7676.9941266778505,1902.3187084033284,30603.381480046424
2021-07-01 14:26:27,7620.653605579806,1882.4894398103993,30237.296195514828
2021-07-01 14:33:30,7623.522381779895,1981.6450682322447,29676.530618662855
2021-07-01 14:56:05,7633.855086220911,2027.4235064308325,26732.292482804743
2021-07-01 16:24:42,7665.143881102333,2160.7647832225575,27826.68688089357
2021-07-01 16:31:59,7665.158538284302,1935.9197152397774,28300.196344404103
2021-07-01 17:15:11,7651.822463053992,2016.7256457951828,27483.42580836964
2021-07-01 17:25:46,7644.80278151223,1978.4648716375227,32419.91103659696
2021-07-01 17:53:24,7619.702639919297,1880.913068098038,28847.809610828797
2021-07-01 18:03:01,7608.885228088231,2255.5163923691043,28999.559996976033
2021-07-01 18:09:28,7601.1116243378065,2155.051346686764,29192.925269870164
2021-07-01 18:41:06,7558.459919146889,2038.5024820870087,31349.706541237865
2021-07-01 18:41:28,7557.934997394205,2020.3292053389162,28390.740010645695
2021-07-01 19:27:57,7491.62473206485,1893.322898175123,29311.420396291556
2021-07-01 19:58:29,7454.809959761629,2027.6769902679066,28008.843177612263
2021-07-01 20:20:04,7435.518063728657,1921.1130971139,29111.313115189736
2021-07-01 20:47:13,7421.355561864679,2097.486319876412,29239.829245442368
2021-07-01 20:52:55,7419.918430085324,1872.3962843808188,27948.43837399834
2021-07-01 20:59:46,7418.903111970253,1719.7752546971346,28006.6351435742
2021-07-01 21:48:49,7432.505909858478,2051.4912947067937,29606.494283066753
2021-07-01 22:35:02,7467.87476460276,2156.8418233493903,27327.897548224166
2021-07-01 22:36:25,7469.0521423110795,1761.1155569883658,26301.872629923022
2021-07-01 23:18:04,7501.405172151025,1854.8351631803123,31165.824820864
2021-07-02 01:49:55,7467.060366385667,1941.0343828067414,27324.92766230614
2021-07-02 03:20:59,7457.792657814582,1989.4436369416876,27787.676709064694
2021-07-02 03:51:09,7491.391602504634,1936.2992006495065,30644.609762724966
2021-07-02 05:18:14,7681.975037500647,1781.627601733149,27917.48349486466
2021-07-02 07:03:55,7890.545471517659,1923.8515447667694,30208.978739855447
2021-07-02 09:04:57,7803.414884736615,1783.3016702516024,28068.153568452042
2021-07-02 09:08:39,7796.292863319743,1987.9255857464734,28646.213578234485
2021-07-02 11:35:03,7522.0470311662775,1893.0138866471812,26497.279264187182
2021-07-02 11:48:01,7506.8885582286575,2040.3629195431677,27097.169317761818
2021-07-02 12:44:33,7466.542743542741,1914.8061727343209,27911.738902802175
2021-07-02 18:08:23,7548.091047013903,1732.6062961534096,29848.75550698869
2021-07-02 18:14:28,7543.248764742083,2057.369665720755,26658.635342539023
2021-07-02 21:06:36,7454.181486940245,1841.021229516693,29297.187822321837
2021-07-02 21:14:55,7459.52144471673,1879.5375868575168,27924.106330225546
2021-07-02 21:47:56,7491.010476055966,1941.8649109351934,28103.2041667198
2021-07-02 22:03:31,7510.528724243443,2000.4144910546863,28741.523556619224
2021-07-02 23:17:12,7614.531657635005,2126.1294992044654,29265.62788926704
2021-07-03 00:46:41,7680.728554742163,1880.3482350304807,31596.53075073507
2021-07-03 01:23:38,7681.483768405842,2164.1414630637964,29212.990282510476
2021-07-03 01:24:29,7681.417217187693,2087.4475248902977,28799.404611103026
2021-07-03 02:00:01,7679.476663920156,2116.230515751745,27055.41266689085
2021-07-03 02:39:42,7690.112354657827,2153.3576564982704,28440.931052122327
2021-07-03 04:47:00,7941.586387821718,2079.34885565238,29684.13398419983
2021-07-03 08:53:16,8340.906230185103,2161.0124957134217,32827.73862004986
2021-07-03 10:25:30,8194.970512662101,2223.378330453125,30149.04962845556
2021-07-03 15:41:32,8228.79653670129,2068.353880566999,30153.9224748327
2021-07-03 16:29:32,8270.525161704973,2025.3497318692412,31575.03725069448
2021-07-03 18:18:28,8256.78714281596,2081.040292947728,32284.477582324045
2021-07-03 18:28:49,8247.965663308023,2393.384187246646,29114.61032586884
2021-07-03 18:52:28,8225.560083380187,2215.2826786577,32133.850785419832
2021-07-03 18:58:25,8219.688953445318,1833.5846831705928,31673.18055664789
2021-07-03 19:49:36,8174.550491058209,1986.8001733962517,29650.23718685479
2021-07-03 20:10:49,8163.115503446196,2115.4352489454604,33905.80005275667
2021-07-03 23:13:47,8322.260663124987,2260.0320246074293,32878.33314092416
2021-07-03 23:30:14,8341.233590002452,2156.0049265998114,32931.50950424769
2021-07-04 00:25:26,8376.500324214781,2027.6627924625993,32213.878741079356
2021-07-04 00:26:07,8376.636189900635,2286.8874430617784,34214.67462000391
2021-07-04 01:11:00,8372.122724148907,2070.4554164089773,32518.686869790163
2021-07-04 01:24:15,8367.242876812657,2501.391736955622,33905.09112008578
2021-07-04 01:35:08,8362.805191471767,2254.2237450613356,33659.76538228368
2021-07-04 02:10:01,8350.838121097075,2257.5802478563587,28120.465509751437
2021-07-04 03:45:56,8417.526808512692,2385.049496255586,32270.710107895837
2021-07-04 04:44:38,8562.19494654606,2314.004749042426,34968.38066299988
2021-07-04 05:03:42,8620.763117626115,2147.6278143313157,33969.58985978226
2021-07-04 05:53:49,8776.38833525378,2137.1771213389748,32037.18824899967
2021-07-04 06:37:48,8884.753386837572,2415.262528127762,33215.99042630645
2021-07-04 07:05:51,8926.980118783022,2503.4038833286313,33026.15310219592
2021-07-04 10:48:30,8604.941345224619,2286.9867863684804,31080.425746484467
2021-07-04 11:35:59,8520.807617820627,2315.2163535055365,30604.879033017674
2021-07-04 11:43:11,8510.626286999383,2085.2763704572676,32347.947007999253
2021-07-04 11:50:01,8501.633802526623,2475.9995810668606,37070.1462254884
2021-07-04 12:20:46,8469.348233056593,2377.4534215577887,29542.19365428646
2021-07-04 13:49:42,8446.845351952457,2160.8341366980167,31724.434165880153
2021-07-04 15:02:54,8484.492261972444,2217.8349822083915,32144.355417233546
2021-07-04 16:42:33,8527.89267148992,2142.5975202692925,32109.559764601217
2021-07-04 16:58:19,8525.65827412124,2276.605669130435,32424.506390112703
2021-07-04 17:01:37,8524.744631024412,2303.0431024927307,35839.93580356862
2021-07-04 17:06:49,8522.984073310043,2215.6790982907187,31177.14134711012
2021-07-04 17:13:59,8519.909464591696,2306.0348846547336,35902.29117024588
2021-07-04 17:17:42,8518.018399216991,2331.8646769739075,33247.431655631495
2021-07-04 18:08:45,8472.822297767772,2505.6360751185744,32093.361475142392
2021-07-04 18:49:24,8418.289251603415,2328.6407284881393,33708.69678282503
2021-07-04 18:53:01,8413.10478522198,2263.5614356684623,31677.89295544424
2021-07-04 19:20:51,8373.850225015842,2418.2951046609696,36177.36203604742
2021-07-04 19:37:50,8351.949767522994,2340.031716779689,30419.010720321967
2021-07-04 20:09:45,8319.488470088487,2231.478098109494,33527.16156296443
2021-07-04 20:32:42,8305.830698748905,2514.136752170044,33578.848320546276
2021-07-04 21:25:00,8310.632706954622,2354.8983520727306,33559.71750824509
2021-07-04 21:27:29,8312.066643923123,2241.446518941846,32525.072344472213
2021-07-04 22:22:22,8363.556974319428,2300.8588182929034,26730.087750848626
2021-07-04 22:42:56,8387.942171580164,2247.2424291019324,31537.856509281795
2021-07-04 23:58:11,8454.987383682292,2321.897832841808,30624.374126561197
2021-07-05 01:42:39,8430.116964614357,2368.5182183896436,32332.257084940444
2021-07-05 01:46:23,8428.075043259085,2174.2112727224135,33764.610497930495
2021-07-05 03:25:46,8444.703309651462,2254.8665529473765,27656.602732789303
2021-07-05 03:56:05,8494.421122054946,2187.173055888857,32090.59076986792
2021-07-05 05:53:32,8832.232073591435,2457.7626706911724,37084.166739658314
2021-07-05 05:58:59,8848.01474536254,2223.0991439885534,31866.701888269163
2021-07-05 06:18:08,8899.280033578309,2040.2933926574365,33613.669950424635
2021-07-05 06:22:27,8909.76837700319,2451.8574827944435,34742.18455178192
2021-07-05 06:24:33,8914.710732703634,2480.9394945245167,31605.22627601236
2021-07-05 06:29:43,8926.403764958144,2402.345589480424,36033.43594252564
2021-07-05 07:09:38,8991.144871943074,2283.3381608296067,35682.32507877775
2021-07-05 07:42:15,9006.45811539325,2384.5071979704207,35647.5489388845
2021-07-05 11:23:14,8625.578842239305,2126.2469660918705,29908.378317727584
2021-07-05 13:23:27,8546.519658613483,2062.240396185861,35433.267393800335
2021-07-05 13:34:36,8548.872500755559,2395.9306254856956,31763.62229331517
2021-07-05 14:11:12,8565.500528144908,2422.2525240926634,34067.388318946396
2021-07-05 14:33:47,8581.093758934212,2264.3135039607014,34383.39190751261
2021-07-05 16:08:02,8653.052544379952,2282.368680291332,35106.04486266319
2021-07-05 16:13:16,8655.722285279317,2236.2222878640832,31925.7532984668
2021-07-05 17:00:03,8664.801450090574,2221.9006947722614,33223.799199235866
2021-07-05 17:16:59,8660.450439988648,2366.382097695803,33500.14360868694
2021-07-05 17:28:52,8654.81538979917,2064.2130046590073,34421.196281896395
2021-07-05 17:36:58,8649.77813074778,2360.2785410283464,31300.810958406066
2021-07-05 18:04:04,8626.430533827439,2356.047843894059,34019.49955590602
2021-07-05 18:19:05,8609.830107852576,2263.227656658048,33143.94626009394
2021-07-05 18:45:09,8576.91808794212,2230.5863977690296,32463.612000249723
2021-07-05 18:58:40,8558.860847138609,2337.3047830271557,33069.44444595172
2021-07-05 19:13:25,8539.28890596031,2013.2418459335477,33090.2862181807
2021-07-05 20:03:30,8484.134003019875,2272.8514141415294,31608.607104005325
2021-07-05 21:05:56,8467.324699715156,2237.150046964701,32547.518551404457
2021-07-05 21:22:10,8474.562633054213,2033.7024891860603,36669.981906593894
2021-07-05 22:03:46,8511.177639127172,2320.9648388016967,33247.090405682146
2021-07-05 22:31:04,8543.887892647785,2204.7247870098367,36017.83156087684
2021-07-05 22:54:28,8572.664870659013,2417.667305867665,36622.74838108116
2021-07-06 00:12:28,8631.82949310318,2387.3279961957023,30969.090035100722
2021-07-06 01:01:50,8622.584560807163,2596.607885453276,31695.244702875472
2021-07-06 02:18:36,8579.257527596132,2354.0541690659297,31079.73632549191
2021-07-06 03:52:27,8641.682535169402,2167.9733595923885,34282.38514350554
2021-07-06 04:12:55,8683.96942086787,2103.3796324965933,35491.17564001885
2021-07-06 04:23:33,8709.556856953117,2047.8147930086827,31081.16902252767
2021-07-06 04:39:13,8751.002229633443,2320.678471102394,31850.72729434192
2021-07-06 05:45:16,8946.662168590448,2332.319346955426,32181.215865553622
2021-07-06 05:48:14,8955.115996544499,2235.796211265203,36357.77798273156
2021-07-06 05:58:53,8984.448362232946,2392.6447764104237,37126.60797323883
2021-07-06 05:59:27,8985.958754239644,2375.349515333266,36344.83508404623
2021-07-06 06:03:32,8996.673924915243,2464.7098387079113,32739.61895439619
2021-07-06 06:56:25,9099.456072701032,2433.328308211721,33586.26278199877
2021-07-06 07:07:28,9110.50075397921,2343.0802724771906,35481.37785765433
2021-07-06 07:15:59,9116.23778574084,2268.2275013529775,37297.0838901985
2021-07-06 08:31:36,9064.651702628507,2618.160914901333,33274.519789367
2021-07-06 09:54:08,8870.188835550121,2322.506892775399,39672.25977842936
2021-07-06 12:10:20,8587.699398526847,2334.743554727667,31856.20563729105
2021-07-06 13:35:30,8533.309472680574,2128.176416479018,34595.932319117535
2021-07-06 16:15:26,8574.920187884112,2164.292973058033,32467.517638652324
2021-07-06 16:46:38,8570.332966676751,2038.3661137684674,32156.576442646572
2021-07-06 16:46:42,8570.309558268327,2184.9667077504882,33556.579521307074
2021-07-06 17:48:34,8520.776552156542,2121.0615025870775,32203.198157192663
2021-07-06 17:59:10,8506.959049572317,2428.8917335366577,31745.379761576547
2021-07-06 18:37:06,8448.409227836073,2172.5256252494346,32963.26227402122
2021-07-06 19:14:54,8384.153358948239,2298.0093811578895,31289.41528463467
2021-07-06 21:56:41,8290.856686754742,1881.6892201147962,30003.80633917398
2021-07-06 22:20:28,8309.295995813914,2253.0752379374667,30752.579195224283
2021-07-06 22:26:47,8314.718054035671,2540.8276465025556,29614.22243553451
2021-07-06 22:39:58,8326.249777566343,2152.198707102713,30789.383399861155
2021-07-06 22:41:28,8327.559389178678,2323.0778217450656,30623.719749165582
2021-07-06 22:44:59,8330.613257556246,2201.2818839645647,37430.18048791986
2021-07-06 23:04:57,8347.002722202944,2064.4142144625766,35233.72723536558
2021-07-06 23:23:57,8359.81608540709,2041.7875126123545,28740.316964172598
2021-07-06 23:42:26,8368.29912567219,2306.896312028937,29930.407767699362
2021-07-07 00:19:37,8370.264179092335,2117.209277867561,29768.51537504754
2021-07-07 00:36:08,8364.403354122489,2343.8086004988168,31255.976691608612
2021-07-07 00:42:04,8361.37535772734,2254.6580907713064,35600.39833801001
2021-07-07 01:34:51,8320.274655923628,2169.7194605703166,28401.45428649705
2021-07-07 01:50:17,8306.837314345736,2269.807170450454,32236.023494055615
2021-07-07 02:09:12,8292.350324159903,2188.193437869275,31742.373261825014
2021-07-07 02:42:19,8278.11711363844,2313.443172276669,31097.398767332266
2021-07-07 02:54:41,8278.034241622356,2076.6943170840027,31660.769069739046
2021-07-07 03:38:51,8307.447392639811,1897.783206261036,31692.037526670905
2021-07-07 03:55:03,8330.551613700978,2118.5012777204474,32596.353990078842
2021-07-07 04:02:31,8343.343608508587,2163.272110722137,34356.986395613094
2021-07-07 04:04:13,8346.43663342806,2313.062213006878,28854.03273474833
2021-07-07 05:00:44,8479.416763369414,2221.859952623871,31582.502902178247
2021-07-07 05:57:00,8630.847610853894,2445.4428871336713,33981.48339566187
2021-07-07 09:18:37,8597.93594906771,2352.4886613107187,33485.22540228255
2021-07-07 10:43:16,8389.220772963863,2256.385233879467,30672.34122649419
2021-07-07 11:28:56,8298.263993091805,1988.3626321960687,33200.465408610275
2021-07-07 11:57:54,8254.684694339463,2042.577249698256,30661.546130310006
2021-07-07 12:09:37,8240.39736331228,2348.6100084919794,27537.981461953983
2021-07-07 13:38:40,8191.743011429042,2094.694276026432,31673.921028016764
2021-07-07 13:44:49,8191.8543274494605,2232.741109669142,30292.964300662858
2021-07-07 14:07:51,8195.380375360826,2048.1031402347367,31007.72009322762
2021-07-07 14:51:00,8211.753736800674,2273.9148264868486,29796.9331359913
2021-07-07 16:01:46,8242.242648631502,2043.2274691956627,32845.7799685805
2021-07-07 17:09:23,8234.630454743809,2106.6572162256693,31303.245337584813
2021-07-07 17:47:05,8203.762968944557,2280.3727027683663,29516.551578885872
2021-07-07 18:32:48,8143.848224555552,1938.5811222574455,30425.08766178717
2021-07-07 18:57:13,8106.3980933462935,2221.395713243597,33278.95254705088
2021-07-07 19:04:04,8095.785475377909,2098.6669827289893,33628.49466181524
2021-07-07 19:09:19,8087.710121423874,2113.6784504421494,31514.68301349763
2021-07-07 20:28:56,7994.042755601286,1993.115472491288,27943.197243480674
2021-07-07 21:37:15,7991.127389635567,2125.7796686110905,29508.2112587605
2021-07-07 21:43:35,7994.578309436876,2191.377572127903,28929.89326163892
2021-07-07 21:55:26,8002.305810406645,2193.496886561092,34037.61894693092
2021-07-07 23:24:28,8075.312158421834,2018.2288552600478,30027.379385275726
2021-07-08 00:50:07,8074.644083685442,2159.6702564753177,30559.159947304015
2021-07-08 00:54:53,8071.636567746489,2162.494649626988,28981.5712531447
2021-07-08 01:22:28,8050.510627303448,1974.5442659490666,31115.201202709566
2021-07-08 02:17:38,8007.383439745403,2167.275378645413,33054.96217249526
2021-07-08 02:34:30,7999.908812346937,2236.4310130427116,30592.931283802976
2021-07-08 03:53:51,8043.365300980339,2201.0528391105336,34780.48000776231
2021-07-08 04:02:51,8057.54989317385,2150.8905284886637,29003.09417841896
2021-07-08 04:57:11,8174.446033882636,2161.227521450425,34299.06968964742
2021-07-08 07:47:13,8419.961150230532,2380.6023132058717,34848.73690539438
2021-07-08 08:03:22,8404.158029597562,2003.310419111411,34960.30786412619
2021-07-08 09:59:44,8143.311693422462,2161.8297957185364,28774.50063900576
2021-07-08 11:38:40,7912.324267284723,2193.192312476908,30943.483089187892
2021-07-08 12:08:45,7864.02633839169,1974.2162415914238,29347.539976289696
2021-07-08 12:16:34,7853.4176700406115,1948.8954798766515,31707.326892808658
2021-07-08 12:37:48,7828.58432538629,2060.370813005917,31431.77339981755
2021-07-08 13:36:52,7787.903281517012,1891.3249906705198,28794.864410972146
2021-07-08 14:26:02,7779.497339362888,2284.6557797608757,29357.547431240837
2021-07-08 15:17:50,7783.04472734427,2033.607640482798,28888.37120737093
2021-07-08 15:32:14,7784.000484414293,2150.4777882578323,29201.889147987786
2021-07-08 15:54:09,7783.753001069417,1911.4117787377008,26815.359510067858
2021-07-08 16:45:26,7767.644638166043,1934.8833037779384,27688.259029838155
2021-07-08 17:42:34,7711.955880439228,2076.6998073887476,28826.737476065537
2021-07-08 18:15:29,7661.739447511326,2038.202406154019,33103.83943296269
2021-07-08 18:18:11,7657.171173242161,1926.038412344982,28924.998777526424
2021-07-08 18:21:42,7651.141026899648,1816.9407238992856,31126.486051487696
2021-07-08 18:34:39,7628.277405365213,1834.1729927410327,29040.221666073852
2021-07-08 18:38:18,7621.68513385526,1970.7251087491861,28454.34603252499
2021-07-08 19:17:23,7550.251809148167,1931.3115616352113,29039.826263892264
2021-07-08 19:58:31,7483.3495426143045,1963.5274591832977,27040.946863336347
2021-07-08 20:48:55,7430.955903534692,2027.0775151913258,28479.07209057824
2021-07-08 21:12:45,7420.556156072933,2019.7705276796485,27317.66742767055
2021-07-08 21:14:17,7420.201189090887,2130.189379823434,31523.32574805175
2021-07-08 21:33:06,7418.698165544231,1981.665909687664,28267.89389694364
2021-07-08 21:36:55,7418.993832966658,1977.216200652163,27718.732572572426
2021-07-08 22:38:54,7441.796161912577,1810.1370408949392,26828.69379603775
2021-07-08 22:47:14,7445.8424162091405,1884.6567972428568,28718.61176346454
2021-07-08 23:03:52,7453.1914959174255,1816.3660520937356,31329.11109885976
2021-07-08 23:04:12,7453.3234618826755,1989.492314086664,28843.578094180022
2021-07-09 00:28:07,7448.31405087417,2185.9362828665944,29704.77109045568
2021-07-09 00:32:55,7445.27962394713,1783.4445429607035,27910.526773372083
2021-07-09 01:52:34,7369.250553845929,1934.3907961199588,31828.12187061933
2021-07-09 02:47:53,7330.56217249063,1925.2604143719898,28427.309553113908
2021-07-09 03:11:14,7329.668967980302,1914.9159444689683,28570.9359895731
2021-07-09 03:12:19,7329.909840387689,1821.4536095354401,28195.92138837535
2021-07-09 03:15:25,7330.743167451578,1951.073111092947,27559.29809510937
2021-07-09 03:31:45,7338.714935319579,1916.6850616926297,26893.955966706864
2021-07-09 03:39:29,7344.605977599749,1909.73390507941,27610.55831552677
2021-07-09 03:41:30,7346.3647910532,1950.4998589657844,26173.20747552673
2021-07-09 05:51:26,7586.161073264911,1853.1190017824301,27378.866553617598
2021-07-09 06:13:08,7626.769724953677,1969.6553664399419,29895.652803621848
2021-07-09 06:22:54,7642.454776656723,2233.556808532908,27925.856287603507
2021-07-09 06:32:02,7655.353879143611,2096.5465459174084,29697.03889116244
2021-07-09 06:57:52,7681.170269611683,1919.5358725521914,30422.69139741156
2021-07-09 06:59:41,7682.342406194151,2006.8308889678758,30365.7447010297
2021-07-09 07:01:13,7683.262909203626,1864.01664642312,27522.02978651363
2021-07-09 07:11:47,7687.870448568855,2056.762731808986,30965.46214598434
2021-07-09 07:12:14,7687.998729981675,1715.591508581133,32099.29175320773
2021-07-09 09:32:34,7500.8163331210635,1918.1851149148831,30585.10739228938
2021-07-09 09:44:53,7472.0336340759495,2036.235357753671,29445.02585104452
2021-07-09 10:35:23,7357.3192418403105,1892.7515306984042,29148.543757178206
2021-07-09 10:42:28,7342.47848381271,2026.6207255855122,28365.06152271429
2021-07-09 11:57:58,7218.193013558094,1784.4474736082095,26635.02753054911
2021-07-09 12:59:39,7169.458939886431,1915.4846375892441,25311.303450570333
2021-07-09 13:44:17,7161.958379811967,1892.9201804914446,25831.621994289217
2021-07-09 13:56:17,7163.287888172031,1807.0621860385263,29922.964400600384
2021-07-09 14:06:58,7165.478528486564,1653.1223821094193,24515.815806214418
2021-07-09 15:23:04,7198.065248938351,1781.9206074828464,27259.941467255434
2021-07-09 15:23:58,7198.512449163235,1977.9153332985466,24747.728289292056
2021-07-09 15:32:06,7202.484555317657,1751.2789123144983,29166.0297628606
2021-07-09 15:36:18,7204.471245509896,1975.72333386913,30332.394994631162
2021-07-09 15:40:28,7206.385643363055,1742.5668200950745,31167.02501417581
2021-07-09 16:14:02,7218.570094806257,1635.201080526582,28494.384490798795
2021-07-09 16:25:32,7220.883882361039,1872.9674593108155,30422.497758268728
2021-07-09 17:06:55,7218.184510872019,1856.4207506773748,28740.562550772018
2021-07-09 17:26:41,7210.00581093296,1820.7459321678778,28294.097810269443
2021-07-09 17:33:39,7206.040597515356,1837.1423959100066,28650.679349131267
2021-07-09 17:58:39,7187.500950031505,1759.5860895585151,25216.90954093318
2021-07-09 18:10:19,7176.819828638095,1889.0550378082207,28165.195514238185
2021-07-09 19:08:47,7113.300559830113,1905.1681559841252,27812.43221310857
2021-07-09 19:37:09,7084.152939119274,1926.123267649908,26011.17911085609
2021-07-09 20:28:08,7052.2548257374265,1902.4739362014136,27458.904779483197
2021-07-09 22:26:49,7123.548445925776,1768.4288527035544,26674.69215412731
2021-07-09 22:50:06,7151.613854066269,2052.5890621977496,29124.012513634705
2021-07-09 23:02:35,7166.228626087643,1697.8689159816633,26998.739435006824
2021-07-09 23:38:03,7201.886993657618,2039.6420159292632,27994.959356455103
2021-07-10 00:14:48,7224.251005894242,1847.832649793623,26001.275990061207
2021-07-10 00:30:55,7228.6394119346205,1786.3814673415104,25237.53615621768
2021-07-10 00:58:00,7229.436944092698,2046.5018586607987,26559.775341111483
2021-07-10 01:01:06,7229.100963375943,1935.1838408474623,28647.211556306618
2021-07-10 01:27:33,7224.11798726379,1831.1723673397823,23640.069840986725
2021-07-10 02:22:35,7217.638480604861,1892.0364272488166,29014.597800613217
2021-07-10 02:39:48,7222.118158177896,1972.6714586770613,26095.998651406433
2021-07-10 03:25:24,7261.149916063235,1970.8935692764858,31137.905812387195
2021-07-10 03:59:15,7319.853880611346,2021.2716406529805,26471.2906246669
2021-07-10 05:11:05,7513.456278201041,1961.6020992575648,31053.997958012707
2021-07-10 05:15:35,7527.257348595749,2066.983754015341,30775.358486717203
2021-07-10 05:24:09,7553.5768051418845,2092.8150618923287,29622.76043097201
2021-07-10 05:25:45,7558.485314828751,1957.4690550800879,27578.447579201234
2021-07-10 05:29:08,7568.84390966299,1932.6082554530822,29896.306790323448
2021-07-10 05:36:56,7592.551313539311,2009.4978025165708,28676.007671651016
2021-07-10 05:47:16,7623.349945713673,2042.2060456132592,28986.193514116952
2021-07-10 06:20:35,7713.733343457061,1966.2658558214912,30403.109957070745
2021-07-10 07:16:07,7812.033101011283,1798.5187317361724,27514.95566671486
2021-07-10 07:30:17,7823.773035879115,2135.7798862981313,27855.707857861442
2021-07-10 09:17:07,7756.110590018936,2032.4606947168752,29094.952200168216
2021-07-10 09:27:47,7739.550619148442,2134.3665104813895,28661.054209009897
2021-07-10 10:19:44,7655.271788800224,1860.786260916452,27151.49454570206
2021-07-10 10:27:37,7643.102995049572,1901.7375044704559,30003.41858422309
2021-07-10 10:54:43,7604.769377115698,2030.1017215068687,29413.656436624435
2021-07-10 11:21:16,7574.082366281685,1802.9773030908666,27296.0166513636
2021-07-10 11:34:13,7562.021122601018,2113.9582410704593,29226.98502961743
2021-07-10 12:17:50,7536.663216949119,1988.5016113444476,28949.991236160306
2021-07-10 12:24:46,7534.837316853273,1879.7525226592327,26982.87674298173
2021-07-10 13:07:59,7536.62517909111,2031.4999540241658,28688.21142465802
2021-07-10 13:19:21,7540.657237567682,1918.7335762120601,28936.347550670358
2021-07-10 13:22:28,7542.003125412807,1668.7133361354217,27187.6274261488
2021-07-10 13:28:37,7544.951732232136,1806.4019502318658,26210.59877725141
2021-07-10 13:54:16,7561.143898198095,2295.8665232053086,30914.830231531647
2021-07-10 13:56:06,7562.522146494839,1779.0265603629641,29650.39736740178
2021-07-10 15:14:43,7638.915912568545,1741.4961875900813,29091.40773104423
2021-07-10 15:43:14,7668.263492414913,1998.0228072513166,30462.04066804656
2021-07-10 15:54:14,7678.627562787158,2126.1112894171256,31865.191341138936
2021-07-10 16:15:29,7696.147710319093,2147.517012769391,27901.117451943854
2021-07-10 17:16:58,7719.183441368595,2064.02037648527,30216.37172418059
2021-07-10 17:53:09,7709.741686161371,1865.214726903509,32632.8903167033
2021-07-10 18:08:27,7701.052913415025,2184.8250682294943,30394.742559717954
2021-07-10 18:26:55,7687.702913674705,2001.3544100558665,27369.445315128793
2021-07-10 19:10:55,7649.69675115498,2136.9237107729627,26352.165099761398
2021-07-10 19:23:35,7639.030234654347,1948.556025976004,28783.51266591451
2021-07-10 19:29:44,7634.163057170747,1949.4562605368421,28758.659572031163
2021-07-10 20:06:58,7612.134669569893,2005.4798347685257,32527.05039069433
2021-07-10 23:43:07,7803.006608509265,2012.422189806976,28671.745507580225
2021-07-11 00:52:11,7831.399430639317,2189.473018468208,28743.709039389036
2021-07-11 00:57:20,7831.038905988009,1860.6910137779976,31818.426244120077
2021-07-11 01:15:12,7828.065423351274,2067.5946503914915,28972.396080756942
2021-07-11 01:39:41,7821.684464768168,1892.560844055502,30458.15069693878
2021-07-11 02:13:56,7815.568706954784,1928.0478365317585,28643.775983526793
2021-07-11 02:35:05,7817.978481840177,2271.322832112131,29752.04437268945
2021-07-11 02:50:49,7824.6383771228575,2001.5791077259842,29895.836620052567
2021-07-11 04:04:32,7929.1392215606675,2167.17706276688,30774.104185556593
2021-07-11 04:18:58,7964.040860229109,2160.054100567912,31163.77591439273
2021-07-11 04:20:16,7967.38339062323,2130.812977982517,32206.077605958802
2021-07-11 04:22:08,7972.236737915538,2126.108063249519,32308.95230294913
2021-07-11 04:23:08,7974.862382868637,2151.3803627785887,30876.528582864936
2021-07-11 04:26:16,7983.202133049937,2103.4957220205056,31573.46544269071
2021-07-11 04:44:20,8034.251578275532,2146.4666767894546,32804.18945831573
2021-07-11 04:47:42,8044.238652115484,2074.8884895711817,29889.37916791926
2021-07-11 04:48:42,8047.228820386775,2115.962580313903,33151.21904157179
2021-07-11 04:50:20,8052.1347266566445,2232.404568778429,28166.37198640375
2021-07-11 04:52:35,8058.935145657654,2129.0640131292153,31253.84533759175
2021-07-11 04:57:42,8074.5632657058595,2048.215696189185,33043.28742125877
2021-07-11 05:01:01,8084.7978003757535,2232.7882783062264,32227.74207075826
2021-07-11 05:02:43,8090.070402970551,2212.002984948909,29567.928895152494
2021-07-11 05:08:02,8106.6543599578845,2196.1511917783837,30219.40145866937
2021-07-11 05:10:02,8112.921813306841,2210.591460633908,30504.417133275572
2021-07-11 05:14:15,8126.1691160577775,2305.787293284252,30520.839394796
2021-07-11 05:15:08,8128.94800981908,2429.1578388990624,32546.735382849794
2021-07-11 05:22:55,8153.435891587037,2274.3104524181276,32901.90519731286
2021-07-11 05:27:59,8169.32239964731,2145.388094212075,31580.526989483817
2021-07-11 05:42:06,8212.897824017427,2184.504364585159,33210.107815468706
2021-07-11 05:44:00,8218.645101554535,2131.35799154205,31732.875797390243
2021-07-11 05:46:19,8225.603814246644,2091.425781714174,29579.998889293925
2021-07-11 05:48:56,8233.39357455708,2216.46377366619,31853.38863656625
2021-07-11 05:58:18,8260.57163380097,2084.3350902632733,31588.1288565694
2021-07-11 06:08:27,8288.51966377267,2239.0975141507943,31879.123256299892
2021-07-11 06:16:10,8308.51281418598,2215.057299948065,34098.67496104976
2021-07-11 06:35:02,8351.91122717592,2176.981839984388,33376.82155263955
2021-07-11 06:36:28,8354.85406200748,2307.3960831288978,28523.041322556313
2021-07-11 06:42:23,8366.428309981811,2278.558472787898,34212.516155979785
2021-07-11 06:45:55,8372.88779992398,2143.597060941279,33098.66439308644
2021-07-11 06:46:00,8373.035972505386,2073.6669760234126,29905.230633834777
2021-07-11 06:47:21,8375.409290084499,2151.0903081713905,33880.08040172442
2021-07-11 06:49:13,8378.606336855939,2099.833022112915,34247.026998265464
2021-07-11 06:56:40,8390.369230489538,2299.780338624062,31287.713128368676
2021-07-11 07:02:49,8398.849476481493,2229.85712818832,34369.92634679238
2021-07-11 07:32:12,8423.41827419189,2238.6908844631685,34280.106533155005
2021-07-11 07:37:14,8424.957093192304,2317.7701897704737,29111.876909484847
2021-07-11 07:44:53,8425.826023004644,2118.3456922938994,33558.958211859914
2021-07-11 07:48:36,8425.618559194525,2078.3714657704904,32913.60622748646
2021-07-11 08:01:44,8421.696311647755,1977.641518925492,34833.33377671446
2021-07-11 08:06:45,8418.93547003281,2234.281497305555,30741.449967254754
2021-07-11 08:09:03,8417.446154482852,2300.521061945963,35202.51778165261
2021-07-11 08:13:14,8414.386989970686,2258.7545235577677,32621.855827228203
2021-07-11 08:16:01,8412.107195485487,2071.2149040901945,31638.719739513406
2021-07-11 08:23:21,8405.20321009061,1965.53782821551,32299.311845211032
2021-07-11 08:52:21,8366.792884550468,2001.5008264229177,34146.813608723205
2021-07-11 09:45:37,8267.382256176783,2407.253602743728,32167.921800075954
2021-07-11 09:46:52,8264.855480261962,2078.9730041673606,28023.653333655642
2021-07-11 10:16:53,8204.72552085948,2048.2994274524144,33578.193537869
2021-07-11 10:26:23,8186.434562663439,2068.9400665979456,32563.66599778372
2021-07-11 10:27:11,8184.920667025885,2054.9271397826733,31820.981265130664
2021-07-11 11:03:07,8122.614353446866,2057.3195361955345,27310.460647559503
2021-07-11 12:34:11,8034.357560083858,2049.465944492192,30196.76074922557
2021-07-11 12:41:56,8031.967835874935,2048.0269663751383,31170.330685215755
2021-07-11 12:45:14,8031.188283786872,1976.8206691183586,29056.104425294863
2021-07-11 13:00:56,8029.382060063646,2038.1499829405302,32185.48643114651
2021-07-11 13:01:05,8029.379677936572,2268.050782877511,31063.850800712138
2021-07-11 13:17:05,8030.681753194883,2029.7292532312224,29473.162310928583
2021-07-11 13:29:10,8033.625993828153,2114.441911850401,30921.33574023073
2021-07-11 13:29:54,8033.856415935423,1939.0947470072508,29182.125796173204
2021-07-11 13:37:06,8036.421005830247,2075.7302405703267,32794.28278026796
2021-07-11 13:50:28,8042.568115545768,1727.5891156715793,31482.60543359055
2021-07-11 13:51:46,8043.256872618048,1979.3389653908412,31997.495113314824
2021-07-11 13:53:54,8044.420417899756,2085.992600875238,32851.99475533244
2021-07-11 13:59:14,8047.505256237766,1993.0996266734371,33023.255739386994
2021-07-11 14:05:28,8051.41470696177,2290.1758927336,32961.776069595246
2021-07-11 14:19:43,8061.4638551538355,2126.2998722461375,31534.917305839022
2021-07-11 14:39:36,8077.588747778254,1848.4656569032215,30592.276939361353
2021-07-11 14:50:12,8086.903556301207,2051.1658171342633,30830.63472101269
2021-07-11 14:53:46,8090.113369726311,2099.2542312918795,30038.504030401647
2021-07-11 15:06:14,8101.509574328547,1957.4510511172955,30307.57987086478
2021-07-11 15:14:13,8108.857962485378,2093.3500033863675,30910.836626575867
2021-07-11 15:23:30,8117.334713592486,2247.2457657968835,30394.849920027318
2021-07-11 15:39:05,8131.075095535156,2127.2682729385297,30003.6424813251
2021-07-11 15:39:16,8131.231238107725,2130.3812218117723,30192.095392012212
2021-07-11 15:46:01,8136.863858856791,1876.5455336258756,30629.84691461153
2021-07-11 16:05:37,8151.591517081253,2346.9034118312757,31570.039937278023
2021-07-11 16:07:24,8152.785067917679,2239.025882301684,33018.91744855169
2021-07-11 16:09:12,8153.961479227044,2166.373924337343,33508.48926640392
2021-07-11 16:36:31,8167.805595723383,2072.0823211725487,31887.366867362038
2021-07-11 16:40:01,8168.968847421898,2131.5005132460224,29523.25734901724
2021-07-11 17:12:32,8172.121438597659,1833.6168903260561,33402.43231253063
2021-07-11 17:15:00,8171.771624931525,2208.0611130345637,31853.229770536975
2021-07-11 17:18:21,8171.161357447615,2159.72211421934,30476.03393750011
2021-07-11 17:37:42,8164.632066612429,2188.655526715948,32387.691578977523
2021-07-11 17:45:09,8160.800163377952,2171.7003692375433,30817.745813605936
2021-07-11 17:50:28,8157.644244396111,2095.892080878828,32516.326470511936
2021-07-11 17:51:25,8157.04471700741,2103.5231404590604,31162.13892079497
2021-07-11 17:53:26,8155.7371460951845,2067.4774681376152,27867.202437630705
2021-07-11 17:54:34,8154.981776616598,2079.643464006459,29073.065921463014
2021-07-11 17:58:16,8152.415325047872,2129.250278277654,32068.131938256352
2021-07-11 18:05:58,8146.605661312313,2160.533628206645,28171.376214041495
2021-07-11 18:10:43,8142.7287887606835,1992.3671170334237,31197.055503498766
2021-07-11 18:13:29,8140.375828193863,2096.2164032492283,35412.945760185044
2021-07-11 18:19:41,8134.870729446913,2260.2095195669954,34121.51326903967
2021-07-11 18:23:39,8131.195701497304,1933.061650507312,29442.435352235025
2021-07-11 18:33:30,8121.640066360721,2127.4086338808997,31142.771408942455
2021-07-11 18:42:36,8112.401519881543,2135.2222276836155,30907.39080969307
2021-07-11 18:42:52,8112.126551874609,1998.0858152739206,29389.232140410106
2021-07-11 18:45:41,8109.2113482519635,2279.305326141709,28552.25249873525
2021-07-11 18:46:49,8108.03347913466,1869.6729390667103,33472.954625316095
2021-07-11 18:52:08,8102.4824763412325,2139.2919116995613,29739.078814190583
2021-07-11 18:54:53,8099.602648472066,2298.8882415316007,30472.86439450945
2021-07-11 19:08:55,8085.017920674024,2118.775659678593,31847.45325102547
2021-07-11 19:10:54,8082.995085798545,2113.8765087426664,28143.853969218548
2021-07-11 19:35:47,8059.494075633944,2141.7035145213204,30690.155973296914
2021-07-11 19:41:11,8055.053355799163,2068.152554687047,29032.45946550199
2021-07-11 19:41:36,8054.723185807464,2265.6052063079815,31665.472817298014
2021-07-11 19:45:02,8052.074833160584,2063.4112824249737,31869.341859824297
2021-07-11 19:59:46,8042.333886118516,2226.796798291712,30551.80856847212
2021-07-11 19:59:54,8042.258870869225,2195.4514160407352,31456.787582952686
2021-07-11 20:09:20,8037.610841912275,2212.9615512715395,29379.650595019222
2021-07-11 20:10:09,8037.271788995391,2084.2146769443866,30698.984493929544
2021-07-11 20:18:34,8034.398669472986,2044.8889385029815,28907.81876858218
2021-07-11 20:23:41,8033.225275107692,2234.9029018376186,31000.535302488068
2021-07-11 20:25:42,8032.885836140874,1948.9318631858066,30167.841086369055
2021-07-11 20:27:43,8032.617100151366,2134.2290679705156,30444.532749249556
2021-07-11 20:44:30,8033.1987130271855,2209.499251056806,30854.447141160792
2021-07-11 21:06:16,8041.618651183034,2284.234398367151,30686.83704093825
2021-07-11 21:39:31,8070.34393424763,1926.8683133168986,29932.982988366
2021-07-11 21:41:49,8072.9566716153895,2238.8748192134863,34590.58635180397
2021-07-11 22:41:44,8157.950266541958,2200.6168169320877,33714.51725773811
2021-07-11 22:42:42,8159.437011165654,2004.8737103384378,29301.864747442018
2021-07-11 22:58:00,8182.634218700608,2165.729059520638,31769.83900461145
2021-07-11 23:12:25,8203.367399125602,1934.161660968656,32600.699253274535
2021-07-11 23:16:59,8209.590651485916,2190.5153299643607,35054.80232363652
2021-07-11 23:17:32,8210.32700951436,2263.7618892112837,30749.865437553402
2021-07-11 23:24:05,8218.86096246428,2270.4055987549186,30281.60145304659
2021-07-11 23:33:45,8230.5824021129,1909.472356733197,29396.01084093171
2021-07-11 23:34:42,8231.673338540542,2289.1932859986546,32581.116613621623
2021-07-11 23:43:39,8241.373881918855,2370.3476831697303,34298.24723500441
2021-07-11 23:54:15,8251.432697393968,2321.5775834897395,28355.961507149623
2021-07-12 00:28:04,8272.443470239128,2066.9630118605605,33042.281609234364
2021-07-12 00:35:50,8274.934965391743,2144.643891011877,31459.289958759382
2021-07-12 01:01:16,8277.998681850988,2202.157016332827,30897.898927201037
2021-07-12 01:08:33,8277.73782319721,2151.4347662969326,30593.048739032536
2021-07-12 01:15:30,8277.166731566484,2141.140308273105,31284.965236276093
2021-07-12 01:24:17,8276.136529001864,2027.7275442060252,32530.44438889815
2021-07-12 01:37:12,8274.381137150536,2276.712290379396,34030.7910956498
2021-07-12 01:47:56,8273.122187257555,2039.5562286023037,33141.98556697855
2021-07-12 02:00:17,8272.435629463173,2307.3074777060433,30682.035370296082
2021-07-12 02:18:21,8274.08340352595,2368.3542971307693,29234.7168280066
2021-07-12 02:25:05,8275.81652967244,1918.3843810161607,34764.59235989997
2021-07-12 02:28:40,8277.03658526864,2213.5609888593913,33567.006785591555
2021-07-12 02:44:40,8285.3636378237,2103.5493824250084,30735.947374052077
2021-07-12 03:09:32,8309.281096844456,2180.9198297408097,35157.53142833438
2021-07-12 03:15:52,8317.769519946143,2038.561858968262,36168.62720077626
2021-07-12 03:17:05,8319.51743437014,2088.6900588403096,30851.91995241861
2021-07-12 03:26:05,8333.638330133686,2202.9229959836416,32535.782921131944
2021-07-12 03:28:37,8337.994427046104,2182.604685704107,32107.175031049195
2021-07-12 03:38:20,8356.263305253446,2255.989178707349,30972.158975682145
2021-07-12 03:40:40,8361.018247055528,2268.098499587181,28999.798574828084
2021-07-12 03:50:06,8381.677300983569,1923.2502925953556,32345.118693344404
2021-07-12 03:56:05,8395.952626608698,2374.495476096421,31963.222987850564
2021-07-12 04:09:46,8431.864679301021,2188.671011815096,34509.39846081882
2021-07-12 04:23:25,8471.865879779227,2197.095227153335,35340.65207113579
2021-07-12 04:26:00,8479.86153035452,2188.1111439110246,32753.72377191739
2021-07-12 04:51:33,8564.874343724061,2401.613346375127,32662.52424226765
2021-07-12 04:53:20,8571.134635052398,2165.9040478291463,31891.78636797481
2021-07-12 05:02:25,8603.477015316235,2169.323264044136,30058.0557534591
2021-07-12 05:07:53,8623.22882386894,2248.535691915369,31833.34175147438
2021-07-12 05:12:16,8639.170237414372,2379.8160306954246,33669.15532116528
2021-07-12 05:34:58,8721.883205804004,2275.967100115959,34053.531485172745
2021-07-12 05:41:25,8745.010024166972,2377.1193415223793,33090.200003453734
2021-07-12 05:45:43,8760.231793198824,2064.866128410546,30978.75546642924
2021-07-12 05:49:29,8773.407514319837,2493.202983877598,31885.709092889687
2021-07-12 05:54:38,8791.143724423782,2444.738232275155,35489.56058785187
2021-07-12 05:57:36,8801.196437666069,2368.3363664034305,36755.59659110085
2021-07-12 06:58:28,8966.072388405391,2338.2106774888475,32677.132581757578
2021-07-12 06:59:53,8968.71331901068,2400.1861773369637,34214.750251169186
2021-07-12 07:06:37,8980.402956628861,2372.297695419051,36442.993016182925
2021-07-12 07:25:41,9005.601098300132,2439.4310545882513,34907.06536026388
2021-07-12 07:28:34,9008.383587750166,2464.5122939387334,33478.59434336282
2021-07-12 08:11:06,9019.133985003346,2281.1999099424393,32720.72800527438
2021-07-12 08:21:30,9013.829413965263,2297.117060029994,35420.389160077866
2021-07-12 08:22:11,9013.384680734824,2269.206569110627,36145.60795759119
2021-07-12 08:23:36,9012.426348350724,2230.2382422560636,33855.814472408354
2021-07-12 08:24:14,9011.982209506572,2644.274040956261,34522.395565171704
2021-07-12 08:44:14,8993.353767015624,2729.3614564382074,32697.052527164255
2021-07-12 09:24:24,8935.818345774234,2405.2496409200885,31531.51806299061
2021-07-12 09:59:51,8874.956382678882,2329.869997102352,35636.04130442577
2021-07-12 10:18:25,8843.46522260937,2025.1818554769084,32716.94961095992
2021-07-12 10:36:24,8814.925784548075,2317.130702649009,33749.63059930085
2021-07-12 11:05:20,8775.472703237869,2461.8144405655135,33081.48062735581
2021-07-12 11:13:55,8765.66713031323,2217.0558387946253,32978.11787497321
2021-07-12 11:19:45,8759.554370837355,2286.8770744524422,31554.587090285357
2021-07-12 11:37:13,8744.054926055722,2247.063864699812,33967.5726797138
2021-07-12 11:40:17,8741.780920416448,2336.401489940787,34604.5223785518
2021-07-12 11:47:32,8736.948531918308,2176.3367742369333,33571.95476176237
2021-07-12 12:06:09,8728.086321338318,2049.430444955679,34377.83364456699
2021-07-12 12:16:49,8725.324395433234,2270.428375207383,31476.64755557565
2021-07-12 12:19:18,8724.923062237973,2402.264041763271,33475.92905918081
2021-07-12 12:35:55,8724.564229116975,2380.9389509384205,35226.968203640536
2021-07-12 12:42:06,8725.451172583991,2560.733105549764,32175.250566073722
2021-07-12 12:51:49,8727.938988343274,2145.2366588135583,31096.13795651723
2021-07-12 12:53:15,8728.41750472719,2157.193973332601,32603.000341514533
2021-07-12 12:55:02,8729.052416297214,2095.7297951043374,36354.10608980173
2021-07-12 12:58:07,8730.2529479246,2339.8022309638104,34047.926464304706
2021-07-12 13:08:53,8735.448882136187,2145.802726854745,32226.31064573653
2021-07-12 13:13:20,8738.042085877909,2345.9509771767534,34001.30083261716
2021-07-12 13:47:02,8765.518210831542,2325.680216723097,34221.23357024864
2021-07-12 13:52:05,8770.728729970368,2401.5683714404886,32291.854283773253
2021-07-12 13:52:30,8771.170167395896,1955.0743834235266,33122.8009689248
2021-07-12 13:53:36,8772.343840402445,2257.3668916204724,35750.20019012608
2021-07-12 13:59:27,8778.782739595976,2436.4192738019174,33254.428423059224
2021-07-12 14:08:07,8788.899931365464,2117.483644479741,29819.61186795162
2021-07-12 14:12:00,8793.641884281424,2180.8743933829173,33970.25235513125
2021-07-12 14:15:50,8798.440724731845,2254.2437926666375,35033.31122722918
2021-07-12 14:19:48,8803.52302433803,2242.9971063824,34121.455555652916
2021-07-12 14:23:46,8808.7166183116,2188.903093310743,35108.94244117278
2021-07-12 14:23:50,8808.804813381921,2348.7265891521315,34034.06246056237
2021-07-12 14:34:25,8823.15189272594,2345.1068405732226,32761.64413866618
2021-07-12 14:35:37,8824.818453581523,2359.5775844511913,35592.64657983765
2021-07-12 14:58:07,8857.146906295084,2365.33797467082,33013.3379465204
2021-07-12 15:09:01,8873.23380736217,2496.909153628442,34713.525621416244
2021-07-12 15:10:56,8876.068664724615,2281.294143339815,31949.914257045046
2021-07-12 15:19:44,8889.052139748786,2587.287097838038,34786.7343348325
2021-07-12 15:21:27,8891.572481835303,2218.7278721401553,36930.60743146991
2021-07-12 15:26:42,8899.238929170459,2491.866491492162,35012.151288493136
2021-07-12 15:34:19,8910.209810219927,2355.5386265770694,36149.39894185313
2021-07-12 15:57:37,8941.914564681847,2247.9937131106253,34236.22444653696
2021-07-12 15:58:05,8942.511181670929,2444.7964963242025,31041.424587960202
2021-07-12 16:08:08,8954.896363977736,2419.034854705531,32935.80732761099
2021-07-12 16:08:16,8955.054346584504,2390.1707910097075,36513.41850676236
2021-07-12 16:13:46,8961.41427549593,2420.5934432858403,35883.57933472725
2021-07-12 16:19:28,8967.664661405974,2495.508122460224,32376.01132907621
2021-07-12 16:19:31,8967.717877880401,2433.9189010453074,35755.09241340165
2021-07-12 16:35:51,8983.472901300369,2257.285937699357,28713.11230917699
2021-07-12 16:50:15,8994.41066977997,2420.0357778423054,34497.32467534816
2021-07-12 16:55:03,8997.390357374736,2506.861384826948,33785.93227382771
2021-07-12 16:55:38,8997.729022252863,2389.5021956697838,32281.534301337866
2021-07-12 17:01:06,9000.652509906202,2575.6911526834124,36291.51088265648
2021-07-12 17:03:44,9001.897943094884,2369.3466495572316,35818.405825466565
2021-07-12 17:04:30,9002.24048818929,2376.308186336214,35371.218399961275
2021-07-12 17:15:26,9006.134175681482,2313.3864121664587,32627.049994700377
2021-07-12 17:16:06,9006.311464524038,2455.2514619983904,34410.51544689577
2021-07-12 17:24:36,9007.96701871547,2469.607691372959,34521.781575987276
2021-07-12 17:29:23,9008.408915524717,2347.998169410038,37323.78947037934
2021-07-12 17:39:10,9008.237877368842,2374.1724388724474,36748.92986671344
2021-07-12 17:43:00,9007.787627727137,2449.863984142792,34309.821363026924
2021-07-12 17:53:37,9005.469501247004,2632.6224263129247,38027.92061403731
2021-07-12 18:15:12,8996.42862841729,2319.3726067656053,32573.02746111094
2021-07-12 18:23:21,8991.764152627593,2115.44382514493,35942.363301049285
2021-07-12 19:15:51,8954.62083191608,2362.586937280074,31891.69980782435
2021-07-12 19:34:59,8942.574922205134,2244.566031094622,36046.77729463425
2021-07-12 19:41:13,8939.346127846593,2332.3500000524627,35086.1116181206
2021-07-12 19:49:47,8935.636938975329,2254.399416658368,34539.361111145
2021-07-12 19:54:28,8934.009942004315,2323.5576963644626,36921.31197129823
2021-07-12 20:20:32,8931.138658818498,2303.159147423887,32912.05825170263
2021-07-12 20:22:25,8931.383624498449,2403.5063721456127,37445.23218794325
2021-07-12 20:27:18,8932.326435331224,2190.2099182857637,31989.19196465351
2021-07-12 20:50:41,8943.255679057947,2066.931426051956,36670.322182831085
2021-07-12 21:37:20,8996.77081953456,2477.439022794645,37417.58287861074
2021-07-12 22:07:31,9049.774056785078,2083.2028773093843,35768.031623239156
2021-07-12 22:33:52,9102.296823737992,2328.838629161936,34457.269384891726
2021-07-12 22:39:54,9114.57091852029,2520.203918510875,33757.96228972651
2021-07-12 22:49:20,9133.645639746539,2518.2307444011644,36966.46011012031
2021-07-12 22:57:29,9149.846073011719,2385.2039657388455,38333.295290316906
2021-07-12 23:09:51,9173.577391618514,2335.2651013378268,36508.56906876127
2021-07-12 23:14:33,9182.238184519712,2619.639134180031,39710.38540013612
2021-07-12 23:15:16,9183.538587468114,2422.343256239967,39556.915533767016
2021-07-12 23:23:25,9197.91290725658,2351.1791774911617,32959.240200050546
2021-07-12 23:32:07,9212.32651474216,2603.968209891957,33952.54198171201
2021-07-12 23:34:47,9216.532974023332,2687.0490281855764,36246.041527982044
2021-07-12 23:37:16,9220.355935785577,2187.2531677642023,37913.483783474796
2021-07-12 23:41:15,9226.292146814552,2336.29728463454,37848.969541171165
2021-07-12 23:48:17,9236.160868549157,2266.5502091746966,34032.785687031246
2021-07-12 23:53:09,9242.51411786378,2426.469430768761,35784.79579578479
2021-07-13 00:11:03,9262.392415862085,2537.471619332185,33295.92552603305
2021-07-13 00:20:07,9270.339814778166,2246.7855017779398,34341.692762528
2021-07-13 00:23:37,9273.031765682945,2410.3732603497597,35619.66728975968
2021-07-13 00:27:20,9275.666218441746,2630.052933357888,32968.43499765132
2021-07-13 00:28:18,9276.314155899303,2477.5781159874873,33118.4884969162
2021-07-13 00:31:05,9278.095271300654,2422.1072228764388,35526.60220316279
2021-07-13 00:48:24,9286.528703581189,2417.118668271431,35634.90244194108
2021-07-13 01:01:42,9290.317316380939,2698.634099630045,38322.32206114264
2021-07-13 01:16:14,9292.49592562654,2702.7947574161444,38931.30990055718
2021-07-13 01:39:38,9293.930304392537,2258.878034638255,37215.641487489185
2021-07-13 01:57:22,9295.579475556851,2533.907175105632,34664.82040465268
2021-07-13 02:16:10,9300.274984836302,2338.140434750166,34980.84837277989
2021-07-13 02:20:24,9301.980267229,2480.299377397221,34844.20408687106
2021-07-13 03:39:15,9407.284992675482,2532.6812500247693,32801.54066564736
2021-07-13 03:49:57,9434.618284677652,2606.461857908576,37822.90841539439
2021-07-13 04:04:10,9475.834723418846,2462.7737665202667,35609.77288167008
2021-07-13 04:04:23,9476.504388768406,2365.1845330104475,35941.85901565852
2021-07-13 04:06:28,9483.004829433177,2147.840193080367,37720.322283862435
2021-07-13 04:07:48,9487.222899284554,2665.1722340854258,38024.06249411129
2021-07-13 04:08:07,9488.23125348824,2493.2335491776257,37440.383342398636
2021-07-13 04:21:01,9531.357633823267,2299.8232093038173,35577.97758103058
2021-07-13 04:23:25,9539.799082445254,2533.493815680896,37707.38086957602
2021-07-13 04:30:08,9564.05906971897,2573.061415082515,34724.57773865725
2021-07-13 04:34:37,9580.73908996799,2709.4185482819007,36271.2708968229
2021-07-13 04:38:19,9594.773867376689,2733.686422629005,35224.305205288954
2021-07-13 04:53:22,9653.982362336796,2578.6292778633506,38778.121945548715
2021-07-13 05:11:33,9728.608833126838,2752.0569674820904,37130.15786878688
2021-07-13 05:20:34,9766.140447282149,2512.168488951194,38285.09739795024
2021-07-13 05:22:38,9774.742432640998,2523.3300981528646,37271.66563929243
2021-07-13 05:33:07,9818.159049217795,2441.905837922526,38436.79717405315
2021-07-13 05:49:36,9884.709322595985,2368.8396885578686,39071.277185638166
2021-07-13 05:54:07,9902.355075675063,2701.1927159625125,38476.30421450615
2021-07-13 05:56:55,9913.13106995496,2326.782066953503,38396.614491216795
2021-07-13 06:47:58,10077.372973494052,2957.3634517571154,39193.11525962788
2021-07-13 06:54:21,10092.424880434055,3002.7777037795972,39433.77482885615
2021-07-13 06:56:11,10096.485569020442,2700.3239904974644,41670.75827708884
2021-07-13 07:11:48,10126.172354849323,2730.4808430238186,37630.7899254757
2021-07-13 07:22:47,10141.664685709688,2794.4954107486697,42528.74075177137
2021-07-13 07:29:11,10148.6148907875,2861.434805404103,38174.71598136762
2021-07-13 07:29:23,10148.807463943085,2685.051875215944,38376.64666156225
2021-07-13 07:34:42,10153.381920493415,2784.7606577585125,43918.11118792821
2021-07-13 07:43:39,10158.73191507942,2554.981896096912,35062.790796806235
2021-07-13 07:58:51,10161.25477556924,2786.608336383877,42780.46707572375
2021-07-13 08:09:31,10158.34418698643,2658.1928540858876,40068.12368019927
2021-07-13 08:19:36,10152.302545915014,2270.6177564795057,39599.26813224816
2021-07-13 08:47:49,10120.722693899494,2664.0764723017764,36892.77605479435
2021-07-13 08:50:59,10116.033219357585,2667.090459193054,37491.83377394944
2021-07-13 09:07:17,10089.046488343167,2440.825781153838,38213.19082231771
2021-07-13 09:24:03,10057.418691693796,2455.9924231859454,39874.91913058874
2021-07-13 09:24:15,10057.023943653192,2701.42093504041,40597.24132806956
2021-07-13 09:36:49,10031.648006719874,2551.9449468565,36018.407610256465
2021-07-13 09:37:08,10030.996780020812,2332.8275253161846,41592.882868578505
2021-07-13 09:57:33,9988.490649798754,2719.6504122237393,36833.85762603618
2021-07-13 10:20:20,9941.79173972638,2627.5051233848353,40295.84091179258
2021-07-13 10:43:29,9897.88443049723,2555.8941137287466,40618.67206329647
2021-07-13 10:46:17,9892.928959731964,2489.0578021016004,40194.07082793768
2021-07-13 10:47:53,9890.1368457527,2514.3899261419997,35607.753661711504
2021-07-13 10:50:36,9885.463973789088,2575.830142947616,39738.59599921215
2021-07-13 10:51:06,9884.613425849213,2453.6762309798332,40451.48513557211
2021-07-13 10:55:59,9876.466174886418,2321.2554318668213,38481.00264932988
2021-07-13 10:57:19,9874.293210016589,2519.417243007902,35069.76284007218
2021-07-13 11:09:34,9855.42247910216,2433.9424687556066,32894.9748426599
2021-07-13 11:11:34,9852.536456537204,2563.399909096868,39172.75811118396
2021-07-13 11:16:57,9845.052027750824,2764.667331965578,38429.26058518294
2021-07-13 11:19:04,9842.224600932896,2435.393982308955,35728.20538987371
2021-07-13 11:21:50,9838.6288130269,2626.8830949960634,40361.40099840891
2021-07-13 11:25:13,9834.38735699672,2415.6282431615464,38447.48956876437
2021-07-13 11:25:53,9833.572013964927,2382.8336002416313,34223.86214582857
2021-07-13 11:27:45,9831.3250807802,2595.7170830009727,38350.61434831009
2021-07-13 12:36:27,9787.278696734593,2633.8480748315947,40434.35792888454
2021-07-13 12:49:28,9787.443858073866,2485.0137485390005,36870.80187651568
2021-07-13 13:49:18,9819.536395352196,2704.69187957874,36366.05285325505
2021-07-13 14:13:12,9844.419546988398,2588.046402678873,35724.78705994093
2021-07-13 14:19:00,9851.246353751028,2572.272593682677,38290.8977732707
2021-07-13 14:20:40,9853.257066140928,2820.6787515224078,36734.21452368298
2021-07-13 14:31:01,9866.183523310054,2499.1872140462674,39047.888926868516
2021-07-13 14:31:37,9866.954191670466,2702.9957849804405,39383.168513326
2021-07-13 14:32:08,9867.619535658281,2847.9557285754054,37625.47589626871
2021-07-13 14:34:28,9870.643494463551,2604.9683294804518,42218.07024715394
2021-07-13 14:47:25,9887.918039553399,2685.9862480661686,36817.503186437614
2021-07-13 14:49:37,9890.920251364741,2551.487966782323,36681.12167875096
2021-07-13 15:04:24,9911.396089493846,2642.4242111913018,41228.855717878556
2021-07-13 15:05:24,9912.791972830952,2590.162931024062,39390.45904815819
2021-07-13 15:07:52,9916.236418309461,2562.275119158262,39390.42357613531
2021-07-13 15:23:50,9938.401674261502,2612.911918000977,38299.24482993658
2021-07-13 15:25:57,9941.29876843872,2233.8369095691214,35277.643449959105
2021-07-13 15:38:23,9957.94762705226,2482.48616254719,36443.79773657416
2021-07-13 15:39:44,9959.708056536472,2839.7155147604744,37904.94876151886
2021-07-13 15:43:26,9964.475129059825,2547.9876109855813,38507.38956816802
2021-07-13 15:44:26,9965.74809178447,2498.564975668417,42645.35887474099
2021-07-13 15:57:54,9982.14077097737,2578.702928768173,37267.51745435413
2021-07-13 16:05:37,9990.794567983841,2582.3139414534094,38640.041463975256
2021-07-13 16:07:37,9992.936210387652,2549.2525814028436,38441.90096619518
2021-07-13 16:07:40,9992.989188866113,2596.240754806408,40395.883719659854
2021-07-13 16:23:14,10008.032622011424,2533.36945867104,38804.03344956275
2021-07-13 16:32:28,10015.445295691155,2874.8156585355728,36653.07132445221
2021-07-13 16:33:23,10016.114269436643,2393.134251805539,38003.09619915819
2021-07-13 16:40:10,10020.6708206714,2587.3886445713024,39940.340298065086
2021-07-13 16:50:49,10026.364782182038,2394.274729465062,39319.45535941977
2021-07-13 17:18:31,10032.2395406953,2446.3382152427307,39784.8189827245
2021-07-13 17:18:42,10032.2341967648,2719.286605462675,40425.06209329224
2021-07-13 17:20:40,10032.140216404103,2342.2405142617754,42587.511611273425
2021-07-13 17:29:25,10030.914424597453,2539.95568763126,39079.37638082061
2021-07-13 17:32:35,10030.149575628118,2476.209587348355,39165.36703491338
2021-07-13 17:42:26,10026.70939144224,2949.0739983350377,40625.35436477126
2021-07-13 17:42:28,10026.695084073626,2467.885535834053,38683.96572520899
2021-07-13 17:48:23,10023.880192883991,2498.942967709803,36275.516406138755
2021-07-13 17:51:33,10022.153892736591,2561.0481770650313,39328.989382579486
2021-07-13 17:53:07,10021.244876548397,2365.697220322066,34803.999628957696
2021-07-13 18:05:26,10012.903718084417,2695.413837229312,39228.45343463602
2021-07-13 18:10:26,10008.958279227765,2607.4814699081244,37315.90067033694
2021-07-13 18:10:28,10008.930981169759,2727.277353344907,35683.53727101138
2021-07-13 18:11:15,10008.285805055057,2653.9252505907334,40258.209503220765
2021-07-13 18:13:03,10006.776991861248,2576.0624503857966,37244.30948345621
2021-07-13 18:16:50,10003.490951535578,2783.137304837796,41080.56836278248
2021-07-13 18:52:58,9966.624497813229,2461.427776770284,37752.262854137436
2021-07-13 19:04:34,9953.92819234791,2491.8537330204294,36491.22772543521
2021-07-13 19:15:05,9942.693593838792,2356.3665944351883,36091.58306473283
2021-07-13 19:15:41,9942.067901012757,2349.4589664883433,37508.92931211875
2021-07-13 19:18:26,9939.227403559698,2719.505819651196,37908.7481355685
2021-07-13 19:19:18,9938.342126504514,2687.7601626935084,36061.64417995507
2021-07-13 19:21:16,9936.352334195964,2756.1110640129664,39155.83759203796
2021-07-13 19:21:59,9935.63415910587,2510.4331608460784,40355.33741790655
2021-07-13 19:22:53,9934.737746951429,2769.5668453629187,37191.593477740156
2021-07-13 19:23:21,9934.275406496705,2403.061582737463,34949.2528315195
2021-07-13 19:24:01,9933.617913808308,2470.748332116806,38578.713455138444
2021-07-13 19:25:04,9932.589689783379,2313.5329467138345,38381.878507706366
2021-07-13 19:25:14,9932.427321810264,2847.56938262698,38887.740716099375
2021-07-13 19:56:30,9907.478724846549,2799.712859194963,36518.91377234956
2021-07-13 20:00:40,9905.201342539369,2521.801398930799,37447.2076290442
2021-07-13 20:03:35,9903.78367759189,2868.3968621415984,40601.94849175839
2021-07-13 20:09:31,9901.3704795616,2594.1259089213277,39719.344157594904
2021-07-13 20:09:39,9901.323723623937,2554.7281010634447,37566.549136146816
2021-07-13 20:11:37,9900.673189185243,2601.4170364508154,39683.78129718062
2021-07-13 20:17:22,9899.200780844194,2444.6762054436417,37935.43248731069
2021-07-13 20:20:56,9898.61854353961,2722.385795025841,34278.56659537609
2021-07-13 20:28:46,9898.262995969362,2726.0116958969256,39548.851975373145
2021-07-13 20:47:40,9902.86654746853,2397.2493188340486,36115.16871499318
2021-07-13 20:56:53,9907.989547642392,2453.151184404603,37008.328269401914
2021-07-13 20:57:24,9908.332774344202,2654.89332447465,35506.62816242499
2021-07-13 21:24:15,9934.104637000512,2719.9290842794976,37659.42417576259
2021-07-13 21:37:24,9952.004434740758,2519.625625437298,38367.942568763036
2021-07-13 21:58:16,9986.244629852967,2632.579961989246,37557.43384207732
2021-07-13 22:02:18,9993.53585331009,2888.9597524140577,36622.27311709214
2021-07-13 22:04:37,9997.804209193228,2754.739404801112,38781.402105151305
2021-07-13 22:11:55,10011.590906006126,2699.909024880313,35635.76865472439
2021-07-13 22:13:16,10014.190066564268,2671.5865716835156,36333.73761952546
2021-07-13 22:33:54,10055.143337300387,2507.365221868709,37736.0788245273
2021-07-13 22:46:12,10079.901458383589,2486.3310953712416,38459.87593300711
2021-07-13 22:56:17,10099.862972897672,2826.2724758482514,38794.26771783897
2021-07-13 22:56:32,10100.350951159555,2835.816025815631,38167.09647879342
2021-07-13 23:12:02,10129.63214126948,2814.6728296053248,37198.05574023002
2021-07-13 23:14:32,10134.136326183088,2757.218284663965,40292.449605888236
2021-07-13 23:17:17,10139.007265553179,2601.011559466043,37647.207576560155
2021-07-13 23:19:19,10142.549462198971,2620.560717538411,36110.147919346244
2021-07-13 23:23:02,10148.886380893138,2611.9181643575344,43204.66886828287
2021-07-13 23:32:07,10163.559150404208,2563.369725889526,42547.55915805456
2021-07-13 23:33:26,10165.583389253099,2646.104647246649,38470.9610269705
2021-07-13 23:34:24,10167.052189888114,2529.785698169428,37155.413499734066
2021-07-13 23:37:37,10171.831811374617,2714.2991600331497,38373.40806492968
2021-07-13 23:40:03,10175.334681686487,2632.5592478437347,38368.32491527912
2021-07-14 00:03:34,10203.801343355475,2756.293616131334,36414.39443541023
2021-07-14 00:20:43,10218.080834799264,2668.8161207706253,39873.158907123754
2021-07-14 00:27:38,10222.301862163087,2707.194463104897,42596.55931136902
2021-07-14 00:35:48,10226.205649258442,2627.978314328927,44244.67938529371
2021-07-14 00:37:39,10226.934630675296,2517.095726159591,45061.49290147784
2021-07-14 00:43:15,10228.809741489844,2709.547511077967,41399.56428933508
2021-07-14 00:43:30,10228.882184564101,2983.19396402886,42096.55554221511
2021-07-14 00:47:56,10230.014173582511,2701.4257749104922,42870.949031068754
2021-07-14 01:07:53,10232.014369946592,2801.8790780501527,35473.22601522631
2021-07-14 01:15:51,10231.732199917256,2673.082989705678,40100.32800368016
2021-07-14 01:37:19,10229.60634770067,2569.728866584319,39360.19213113597
2021-07-14 01:39:06,10229.41868232817,2610.7874395957815,35492.51435720188
2021-07-14 01:45:27,10228.833869719838,2721.033204987709,41903.6176123962
2021-07-14 01:47:46,10228.66659510303,2523.3069469028806,42393.14561280426
2021-07-14 01:51:56,10228.450401113845,2630.4387885586852,36214.00108406295
2021-07-14 02:04:25,10228.711529423987,2700.7832661798984,39615.828684344335
2021-07-14 02:09:41,10229.363019526194,2716.6348208925056,37849.47581654126
2021-07-14 02:21:21,10232.31586260026,2911.8537897226865,43540.01128095546
2021-07-14 02:24:25,10233.491837975693,2793.3446348347,38664.22231163973
2021-07-14 02:32:19,10237.400269427244,2749.028735432145,39907.83463505883
2021-07-14 02:36:00,10239.689137155,2609.5153879508853,41066.0169282845
2021-07-14 02:56:18,10258.379065470546,2913.918266297866,39237.25080676544
2021-07-14 02:59:33,10262.414035373311,2623.010820484803,38781.39023870526
2021-07-14 03:03:25,10267.616562230984,2537.215085151283,39490.78535238754
2021-07-14 03:07:22,10273.392150091056,2516.931062898883,37590.837901942985
2021-07-14 03:11:15,10279.533516067057,2666.2015154202395,39218.37662168318
2021-07-14 03:12:50,10282.171158288207,2554.591957449234,38267.671633189275
2021-07-14 03:52:18,10373.689901665823,2544.3241581998523,37422.119877134726
2021-07-14 04:00:56,10400.244934352564,2861.975709956213,36552.84446848219
2021-07-14 04:04:14,10410.98016860644,2601.666596918639,40076.318826068215
2021-07-14 04:07:26,10421.689136751189,2599.413986321603,38900.24687685754
2021-07-14 04:10:44,10433.03358933828,2503.200030573621,42686.655858841776
2021-07-14 04:13:34,10443.011158476747,2668.575330862469,39192.9706393095
2021-07-14 04:32:10,10513.506766173856,2995.307702386122,37398.5823405193
2021-07-14 04:38:16,10538.296617974556,2675.8137498821206,41549.87322800183
2021-07-14 04:41:52,10553.25553592524,2555.2992137047904,42388.91562071865
2021-07-14 04:46:28,10572.689726298056,2722.6178247642697,43490.950185233654
2021-07-14 05:04:31,10651.66002853348,2893.603069337041,39126.38381411232
2021-07-14 06:16:04,10959.420899313594,2870.6750303137974,41728.59550120702
2021-07-14 06:22:06,10981.405476388023,2720.5847353876266,40939.509534655255
2021-07-14 06:23:55,10987.821699506478,2777.210950180238,41110.168864698084
2021-07-14 06:43:11,11049.443917587485,2914.3792798896525,47489.384459248664
2021-07-14 06:49:46,11067.574359883456,2875.0751515078646,42408.559423176266
2021-07-14 07:09:42,11112.465408596883,2959.0880362318053,45714.372243154685
2021-07-14 07:11:17,11115.361768976216,2803.4345772750744,44169.81044123431
2021-07-14 07:28:13,11140.014320782408,2889.1368739081036,44361.051761726114
2021-07-14 07:28:14,11140.032871900257,2890.336867481182,43197.90701097915
2021-07-14 07:53:25,11155.452057474746,2994.6307842233914,39594.45070380842
2021-07-14 07:58:22,11155.608469642953,2604.977728394968,43951.4581991515
2021-07-14 08:18:07,11147.586013862225,2912.5818204652473,42720.854010351046
2021-07-14 08:35:02,11130.84144217567,2832.3579912779346,45052.376576754075
2021-07-14 08:49:01,11111.24239800288,2807.7849346693915,44897.26606827666
2021-07-14 08:55:21,11100.923265190406,3255.750810145729,42187.24093776751
2021-07-14 08:57:59,11096.400148027938,2780.74947020687,41107.13160730021
2021-07-14 09:06:21,11081.219147322861,2956.0331853342695,38418.624262828496
2021-07-14 09:07:56,11078.219588635053,2793.8718581589214,43976.812867907836
2021-07-14 09:23:02,11047.969149531831,2872.0959012639637,42421.134666832986
2021-07-14 09:35:07,11022.180042933642,2907.760457658384,42517.54617407355
2021-07-14 09:49:00,10991.66152802584,2712.7076127142413,40817.26043864131
2021-07-14 10:06:04,10954.052387135971,2715.3566678393904,43482.01193011522
2021-07-14 10:13:14,10938.550188925405,2962.08017056372,43386.13813603271
2021-07-14 10:36:23,10891.047744521551,2652.467965150279,39127.101276264744
2021-07-14 10:46:01,10872.888066050313,2764.7904401243277,39593.43093558095
2021-07-14 10:48:45,10867.944441404044,2870.7841285796717,43839.402854913875
2021-07-14 10:53:13,10860.078834746746,2769.9934258333615,36070.46513171247
2021-07-14 11:05:36,10839.74850600273,2827.9496580357745,42003.785904770375
2021-07-14 11:10:26,10832.439064567534,2940.098538072984,38481.90466135395
2021-07-14 11:19:02,10820.35395357698,2970.6026764765916,40635.21968909328
2021-07-14 11:28:24,10808.586697650868,3136.0258927021455,38769.439063276244
2021-07-14 11:32:59,10803.375600472673,2920.872818504566,40338.68942250848
2021-07-14 11:35:40,10800.49462434905,2630.1257193971333,42799.72891855538
2021-07-14 11:37:32,10798.565092009296,2579.5933679207556,38462.54550614892
2021-07-14 11:40:19,10795.802419023945,2888.6367983512378,38569.84917598096
2021-07-14 11:43:58,10792.38830549935,2587.6668409103513,39785.10738317042
2021-07-14 11:45:29,10791.039685206684,2826.3823756728757,41123.758809153434
2021-07-14 11:46:47,10789.916567398224,2700.8113678506866,38658.89236154851
2021-07-14 11:54:28,10783.900679945524,2870.808637923512,41801.98843579794
2021-07-14 11:55:31,10783.161498283001,2887.7218902982677,39290.29020377948
2021-07-14 11:55:45,10782.999951466247,2824.7250052372683,37368.56363019506
2021-07-14 12:08:49,10775.532873178247,2959.706034811336,39094.49610317316
2021-07-14 12:12:57,10773.81740918672,3022.304415985156,40065.96792027783
2021-07-14 12:22:07,10771.11828493625,2620.118271660739,44781.92148525246
2021-07-14 12:36:20,10769.91829989392,2961.2852626371164,40783.72762887618
2021-07-14 12:44:52,10770.913131682433,2896.4940729177356,42014.02115719925
2021-07-14 12:51:31,10772.561918829708,2680.793382602969,44950.262935424325
2021-07-14 12:56:37,10774.335588713122,2831.712058663127,44345.927060719885
2021-07-14 13:07:03,10779.309514349861,3026.9596465839045,36978.6174425404
2021-07-14 13:25:31,10792.355269218211,2733.200893011346,44891.96273346041
2021-07-14 13:35:50,10801.861936307401,2956.1804807386766,43763.917537863716
2021-07-14 13:41:16,10807.466791667686,2911.0606735634306,46169.559918046136
2021-07-14 13:42:36,10808.902861884859,2828.6112306851833,41369.839642435225
2021-07-14 13:48:12,10815.18731156156,2939.4699060333214,42085.41434141493
2021-07-14 13:51:39,10819.256725431222,2706.9302113294407,43162.58739761299
2021-07-14 13:54:39,10822.913665281603,2913.671494380693,43732.77603052811
2021-07-14 13:58:36,10827.891088292412,2879.827815906113,40232.191292178104
2021-07-14 14:01:05,10831.111938468894,2984.7795624852033,43457.87799329808
2021-07-14 14:01:38,10831.83461045987,3012.570587087044,40211.902670093026
2021-07-14 14:01:57,10832.252210183067,2740.5208399594667,42520.65504511471
2021-07-14 14:08:04,10840.530051665975,2986.1815364747395,39295.50463423992
2021-07-14 14:08:22,10840.946122084191,2861.4621937448187,42686.021507767946
2021-07-14 14:13:14,10847.821034734046,2755.850891576714,43669.93680604611
2021-07-14 14:27:31,10869.237345800613,2792.767462971813,40287.78051406688
2021-07-14 14:51:42,10908.674228525319,2696.4154119111927,40433.8008291838
2021-07-14 15:01:54,10926.01915676967,3165.2891811209765,45181.329376881746
2021-07-14 15:02:02,10926.247215765638,2815.8006778467775,40922.68904381546
2021-07-14 15:11:01,10941.639964800437,2955.3679212613897,47957.056048368344
2021-07-14 15:11:36,10942.639546812597,2951.3614037690936,42725.05040927019
2021-07-14 15:13:41,10946.207352658228,2984.6846587449086,41696.72592594212
2021-07-14 15:16:55,10951.734534042753,2799.1268169969435,43194.96632713515
2021-07-14 15:47:12,11001.65199768672,3067.270334973106,42242.24730801683
2021-07-14 15:54:32,11012.842526441167,2923.2826611648243,42651.35180687327
2021-07-14 16:05:29,11028.565735028931,3066.1914236142784,42755.18325518473
2021-07-14 16:07:12,11030.909231349795,2865.7572404514167,38760.24223431328
2021-07-14 16:23:40,11051.444573678044,3124.2376317931057,43796.35200821332
2021-07-14 16:26:24,11054.48077194771,2788.9191006956526,44541.45289958454
2021-07-14 17:16:58,11087.394610571886,2709.515143066343,38896.64087435499
2021-07-14 17:52:07,11082.101449922762,2821.383307363247,42378.30623232184
2021-07-14 18:17:32,11065.544598365983,2831.166815400023,43377.59557319121
2021-07-14 18:53:42,11030.63771534327,2599.787192961588,42314.63618727621
2021-07-14 18:57:24,11026.752051777745,3075.066059328963,47396.33963060284
2021-07-14 18:58:59,11025.08911018446,2805.475536551152,42089.82933845609
2021-07-14 19:16:44,11006.862023477928,3084.2228521748634,41673.20536763628
2021-07-14 19:20:05,11003.5932917351,2928.997639823002,43277.25483037545
2021-07-14 19:26:43,10997.378783657608,3083.411580651877,39187.967946463534
2021-07-14 19:42:48,10984.221417777246,2828.607471948774,38556.95281665913
2021-07-14 19:43:12,10983.93619351953,2711.481024442379,40627.46071735095
2021-07-14 19:46:21,10981.771650932136,2876.474372220504,41894.50430027037
2021-07-14 20:09:57,10970.886894264873,2843.236342618346,42721.25132726034
2021-07-14 20:19:37,10969.580711092098,2807.758261112418,42415.17392342276
2021-07-14 20:19:49,10969.57511492063,3140.283478080615,38827.682513877946
2021-07-14 20:26:48,10969.945217602386,2975.1127404598674,44385.64783634527
2021-07-14 20:27:20,10970.0193358152,2565.2407896365503,37950.159234051695
2021-07-14 20:29:25,10970.372228737471,2938.9453510162775,42223.77735753899
2021-07-14 20:55:55,10983.933843934743,2880.8762303716826,41640.41417343267
2021-07-14 21:19:36,11010.352301769393,2635.269514930198,38280.052089639554
2021-07-14 21:42:58,11048.423266717857,2994.2144974326748,44388.64724421571
2021-07-14 21:45:36,11053.356981136916,2839.3038937857505,41251.82136525775
2021-07-14 21:53:01,11067.850193032718,2898.2095932271845,43823.558892431676
2021-07-14 22:17:06,11119.703211923248,2866.938683671003,43757.581909485416
2021-07-14 22:23:59,11135.42270630447,2604.448570312278,46541.79768575847
2021-07-14 22:49:43,11194.912873432035,2650.0486969606154,49063.01897977451
2021-07-14 23:02:57,11224.524333622048,3004.5911199908746,43386.51829952275
2021-07-14 23:16:04,11252.18372154538,3262.857302777313,43097.928143144316
2021-07-14 23:20:00,11260.044476502482,2896.3796836015645,46014.78542665876
2021-07-14 23:46:31,11306.308388539746,3151.62213273105,44567.793189027965
2021-07-15 00:02:11,11327.193539588528,2843.9966061675386,38387.70380449423
2021-07-15 00:04:40,11330.025065463971,3205.867900695037,44729.189086990795
2021-07-15 00:04:50,11330.210341470218,2838.6986955538623,45411.48882645977
2021-07-15 00:06:51,11332.404679273448,2845.3471047972193,43990.29405723579
2021-07-15 00:16:57,11342.076170907643,2946.7471289461164,45141.681492839736
2021-07-15 00:26:17,11349.087418846186,3060.157759974314,40544.609417613785
2021-07-15 00:29:57,11351.35100214313,3003.2238885511824,42941.3859780304
2021-07-15 00:30:13,11351.50510692549,3158.901918207868,41736.10108052266
2021-07-15 00:31:40,11352.318410402102,2862.3540298801945,41825.54536281479
2021-07-15 00:40:15,11356.304844844966,3170.229643124365,41924.91069047824
2021-07-15 00:43:09,11357.344936521107,3059.0546322743517,43904.85775710216
2021-07-15 00:44:03,11357.637679355339,2823.3414774793246,45976.66769590529
2021-07-15 00:54:49,11360.109548092883,3111.12306955158,47657.60927945855
2021-07-15 00:59:34,11360.649338488563,2854.6723490934023,45451.77966176856
2021-07-15 01:08:37,11360.897358715993,2957.1065280161356,39289.5240611828
2021-07-15 01:26:29,11359.25952322377,3372.7701245272583,41457.5338206978
2021-07-15 01:27:10,11359.162723400525,3209.7800587242336,43520.471209850504
2021-07-15 01:27:47,11359.074226288276,2588.5584967061573,47759.261371980676
2021-07-15 01:29:48,11358.778465379935,2952.2145370347216,43013.68127718824
2021-07-15 01:33:06,11358.280709240686,2782.8462540616392,41805.440927127616
2021-07-15 01:36:23,11357.781477382236,2981.1435422772083,41151.44711843775
2021-07-15 01:39:12,11357.361444810847,3079.0861446375493,43722.010164894135
2021-07-15 01:55:23,11355.58771533964,2825.8651825318075,41792.13000163866
2021-07-15 01:59:34,11355.449305597402,3358.3859614530497,41438.77966942079
2021-07-15 02:08:00,11355.790620275286,2946.669546397907,47250.9279418198
2021-07-15 02:13:53,11356.62967681744,2909.5879567274806,45092.940279994764
2021-07-15 02:20:20,11358.230404714941,3012.797767003537,44619.839293646146
2021-07-15 02:28:07,11361.256466094594,2936.124304154004,43662.70476348099
2021-07-15 02:28:14,11361.311764234313,3048.388491692292,42218.86324473489
2021-07-15 02:31:38,11363.060435111212,3198.7714545892272,48921.33947009196
2021-07-15 02:38:45,11367.624810001935,3353.7567956190087,44837.6931095686
2021-07-15 02:40:36,11369.023096720222,3181.615240023103,42007.97833945388
2021-07-15 02:42:42,11370.721073400095,2742.4056680636,46837.07589170103
2021-07-15 02:42:55,11370.903067791958,2935.528423802352,41706.74224695777
2021-07-15 02:44:04,11371.890619064605,2818.310978778789,43584.040939887345
2021-07-15 02:57:41,11386.482926669243,3012.312264199388,38731.59203573956
2021-07-15 03:05:45,11397.81184681512,3054.838708504045,43744.48583123137
2021-07-15 03:26:22,11436.590934637223,3054.577761184811,45759.35621522313
2021-07-15 03:40:03,11470.425328358622,3321.832152604921,39162.3647862804
2021-07-15 03:42:06,11476.053654167834,2995.8913703647436,44370.81303862383
2021-07-15 03:47:25,11491.322048354925,3056.9034969866,41836.160793223404
2021-07-15 03:52:27,11506.65864560765,3073.759907913338,42138.297404603705
2021-07-15 03:56:02,11518.090383119972,3348.74345769071,42685.93432340468
2021-07-15 04:01:02,11534.739165688261,3020.051659764431,46300.26864830119
2021-07-15 04:34:59,11667.000532931046,3356.172040791832,46661.794976010955
2021-07-15 04:40:58,11693.212368160845,2989.4421765275447,45119.3817009254
2021-07-15 04:45:57,11715.547757416398,3310.668902851812,45554.96255298161
2021-07-15 04:46:02,11715.924808061018,3112.9748332356007,49517.33014924814
2021-07-15 04:50:56,11738.28181076183,3306.1925043989277,49639.92288466604
2021-07-15 04:53:38,11750.745102567955,2883.9710109030957,46003.60269501295
2021-07-15 04:55:15,11758.25149770337,3104.855289625006,43885.58221793737
2021-07-15 05:31:19,11929.493757515786,3304.5820405345085,43946.86625271587
2021-07-15 05:33:39,11940.49820208375,2778.955970817291,54077.9996215367
2021-07-15 05:35:22,11948.562904085768,3225.516368251455,42773.07300887098
2021-07-15 05:39:43,11968.858969863793,3231.3701606002564,43257.997458715756
2021-07-15 05:46:21,11999.33798594025,3152.9811610998454,51451.40304898738
2021-07-15 05:46:30,12000.019608683962,3040.6370022013143,45279.738632680026
2021-07-15 05:48:34,12009.37298405307,3176.4578207359364,43544.62429555186
2021-07-15 05:49:40,12014.321567284182,3337.95837016564,44562.80600949263
2021-07-15 05:50:33,12018.27979859529,3358.086401272082,45384.066752206236
2021-07-15 05:52:33,12027.188355441353,3348.512994040543,45606.17320656762
2021-07-15 06:02:43,12071.186670854859,3044.47457445603,46443.00501819545
2021-07-15 06:07:31,12091.10949862852,3134.197922746272,48570.24752272325
2021-07-15 06:55:19,12248.282251026792,3166.071558361744,46004.36155978686
2021-07-15 06:56:03,12249.998965037703,3309.5055739238032,47855.71782340204
2021-07-15 06:58:53,12256.411737291368,3017.8944076077723,46459.475408866914
2021-07-15 07:06:45,12272.35830527506,3339.714925134138,45677.300356007276
2021-07-15 07:18:07,12290.476252625853,3272.5780140585453,45174.05462887486
2021-07-15 07:28:44,12302.071029254943,2879.5458919594294,50935.90594782651
2021-07-15 07:40:44,12309.001009828555,3244.992654253673,46615.902027914206
2021-07-15 07:42:25,12309.455963259446,3285.9191292697533,44500.67022598045
2021-07-15 07:45:20,12309.94744633708,3404.474933237119,50759.722175644405
2021-07-15 07:52:11,12309.641719169442,3273.0592834741847,44058.459014566935
2021-07-15 07:52:14,12309.632056722698,2976.00251898774,48460.97394092651
2021-07-15 08:00:29,12306.59748187158,3123.458848918427,42122.126417676795
2021-07-15 08:03:10,12305.005468679037,3072.804419967011,46023.33284339495
2021-07-15 08:03:59,12304.46334244834,2936.7357588737787,47459.67197910481
2021-07-15 08:05:18,12303.53327718362,3292.1659781742364,46744.35082230302
2021-07-15 08:05:45,12303.199640111916,3262.22399808792,44734.91102866791
2021-07-15 08:07:46,12301.606639966683,3090.304443774978,43393.002470675405
2021-07-15 08:08:08,12301.299933314069,3142.6800446054235,44301.128664067
2021-07-15 08:13:42,12296.010782024661,3111.5704017799226,49132.85414540553
2021-07-15 08:19:33,12289.211947418646,3438.001997925943,45378.82361873679
2021-07-15 08:58:08,12217.403134595306,3573.0984965167945,44237.101855147725
2021-07-15 09:02:41,12206.449268745793,2862.98507275751,47788.347390509385
2021-07-15 09:07:58,12193.237849785268,3388.9535969134217,42717.82956312082
2021-07-15 09:17:38,12167.885800697955,3050.599614499993,47116.629205249796
2021-07-15 09:38:21,12109.896901791115,3390.1890548096226,49235.09972218556
2021-07-15 10:05:45,12030.276136300106,3018.304227039324,46504.912643885626
2021-07-15 10:08:29,12022.389028229016,3114.927526921108,44052.87070851351
2021-07-15 10:10:28,12016.687788090665,3451.574503447244,40640.888586877816
2021-07-15 10:18:13,11994.628757074488,2997.3639491629074,46312.190706867856
2021-07-15 10:31:11,11958.76530089034,3143.804206664924,44932.64650438078
2021-07-15 10:38:20,11939.707166663773,3358.9499273091415,43810.2618857705
2021-07-15 10:38:21,11939.663424473836,3289.661603431399,44436.5387638235
2021-07-15 10:43:49,11925.499628546586,3345.541191174111,41925.277570845734
2021-07-15 10:47:55,11915.128598654375,3124.636275056838,46883.54829544097
2021-07-15 11:02:06,11881.087192607749,2996.568526112601,49615.70559830689
2021-07-15 11:03:18,11878.346640643089,3186.6674577836284,45335.29156756443
2021-07-15 11:03:33,11877.77856012219,3131.771203073576,50747.20695701336
2021-07-15 11:04:12,11876.306204038805,3202.3962156965736,42254.29733341575
2021-07-15 11:05:20,11873.755178833067,3244.917377007463,45469.13859734186
2021-07-15 11:05:27,11873.493744829018,3214.6492907772213,44711.81407670531
2021-07-15 11:06:58,11870.11513782084,2914.153387428277,45624.707109500785
2021-07-15 11:08:43,11866.263349029527,3028.2969509078885,40113.9114705956
2021-07-15 11:08:45,11866.190469894993,2946.7783316250047,44737.21586339057
2021-07-15 11:11:41,11859.849329598375,3329.6255063885765,45540.13379899081
2021-07-15 11:11:51,11859.493353893507,2911.0028668501336,43376.71128933292
2021-07-15 11:12:57,11857.155654712851,3089.143891596998,44626.09371422368
2021-07-15 11:13:43,11855.538456094677,2788.130220251052,42407.93170225136
2021-07-15 11:14:25,11854.070611749868,3233.570831221801,45977.47688318851
2021-07-15 11:15:05,11852.680441681008,3079.016596549551,48145.90100495213
2021-07-15 11:20:00,11842.664881597524,2929.951249318943,47909.40464905293
2021-07-15 11:21:57,11838.80963750893,3097.352955214124,43204.704593120776
2021-07-15 11:22:40,11837.409653254195,3175.5323835454296,42198.375328662165
2021-07-15 11:25:08,11832.661050753602,3100.0019553505845,44393.558114441854
2021-07-15 11:25:59,11831.049958508036,2876.2591337351855,47880.56869801131
2021-07-15 11:27:03,11829.04661110499,3135.1326862998844,53439.01627774887
2021-07-15 11:29:07,11825.223738028088,3183.183043497604,45463.38123149385
2021-07-15 11:29:58,11823.673971452356,3115.424425909498,46164.43525444259
2021-07-15 11:31:44,11820.495142370482,3365.2644226842403,43341.087393555084
2021-07-15 11:38:26,11808.962878167504,3061.5373340803003,43849.795392170854
2021-07-15 11:41:59,11803.191653785165,2760.2233034410765,44689.8961823794
2021-07-15 11:42:25,11802.503401693271,3404.5233118976234,45016.64766855269
2021-07-15 11:51:12,11789.319216647571,3249.2616890554323,47511.0066171598
2021-07-15 12:08:46,11767.371968867821,3151.013491312064,46014.32062849936
2021-07-15 12:09:37,11766.46012292482,2988.4349426788995,44232.99007944433
2021-07-15 12:25:48,11751.731237030544,3065.248550631909,41770.862493704706
2021-07-15 12:32:18,11747.211308995598,2841.6622908515255,50151.30115176969
2021-07-15 12:33:06,11746.709666007648,3125.203255391391,46445.97235805532
2021-07-15 12:35:44,11745.142513517447,3246.988738800214,43059.34806976155
2021-07-15 12:41:15,11742.274961906314,3257.0136558944037,44866.84726240394
2021-07-15 12:45:16,11740.537692933724,2946.7608369388604,42204.45346364942
2021-07-15 12:50:04,11738.844321636947,3185.1938065082227,45080.46081611684
2021-07-15 12:51:54,11738.306415626183,3017.515258363193,43600.57627751087
2021-07-15 12:52:00,11738.278794334936,3008.152533259799,42176.02173483358
2021-07-15 12:53:07,11737.982398238964,3099.8005574990198,40209.7468505188
2021-07-15 12:54:01,11737.75956205411,3372.420768630819,44710.81471090509
2021-07-15 12:54:59,11737.53612460349,2930.529022941452,45561.363919874086
2021-07-15 12:57:45,11736.987202781018,2906.1528042479194,45333.399943408476
2021-07-15 13:04:26,11736.20821212987,3124.4571464945766,45580.60149879877
2021-07-15 13:05:16,11736.164638323831,2991.4469355742767,49586.7392452354
2021-07-15 13:17:29,11736.85200940538,3088.7615937443197,43268.636733996085
2021-07-15 13:19:19,11737.164567806323,2890.1656471194756,43778.46186264337
2021-07-15 13:23:52,11738.169092448346,2991.7060578559717,43881.18872376364
2021-07-15 13:28:07,11739.396238047595,2988.9801621117363,42972.49187503725
2021-07-15 13:29:03,11739.702382669624,3283.031650922006,47947.63657296566
2021-07-15 13:29:08,11739.73035197831,2971.201480382832,47464.33693344789
2021-07-15 13:29:43,11739.929041947367,3287.9516379392735,45139.40019758801
2021-07-15 13:31:32,11740.580213196778,3212.635970354018,46643.7227063827
2021-07-15 13:36:08,11742.444982936588,3125.454047349489,41912.14246515982
2021-07-15 13:39:32,11744.017785373433,2807.5956124790127,44426.0558875068
2021-07-15 13:46:06,11747.506634437974,3287.4466122386502,43845.30678813069
2021-07-15 13:51:24,11750.738187809888,3462.6939004348683,43356.805464965844
2021-07-15 13:51:43,11750.942602110337,3254.7518690824104,43834.9093833904
2021-07-15 13:56:47,11754.381111346165,2832.4518965676516,42847.606843781185
2021-07-15 13:57:35,11754.952312552568,2856.1469102547776,48131.03089251342
2021-07-15 13:57:43,11755.048246645572,3379.2112703438042,44849.773718339704
2021-07-15 14:01:53,11758.149850108775,3130.129970148902,45260.91091912465
2021-07-15 14:02:16,11758.445107917787,2895.8414001964657,45005.151662561715
2021-07-15 14:02:30,11758.625632190735,2750.761556125404,46858.677625547934
2021-07-15 14:06:26,11761.75840637086,3243.862384285837,47132.83243846444
2021-07-15 14:12:25,11766.834342827648,3238.270117140967,46033.923103444366
2021-07-15 14:15:48,11769.860124959794,3210.656259244776,46170.81499292411
2021-07-15 14:22:29,11776.13991958351,3038.406562774218,43696.83509973267
2021-07-15 14:25:01,11778.617566715911,2990.5482149492377,45389.990782678426
2021-07-15 14:36:56,11790.888213220283,2934.8256796388087,45999.44533699547
2021-07-15 14:36:58,11790.923793783064,2984.6580723308725,42338.26596411189
2021-07-15 14:39:00,11793.10570776031,2911.8151261851003,41771.01548468247
2021-07-15 14:48:34,11803.634798705321,3089.3488228674332,43249.934828303034
2021-07-15 14:53:32,11809.234063067493,2932.8201178944664,47608.76126044757
2021-07-15 14:56:03,11812.095359859492,3191.312494391182,43002.08777665957
2021-07-15 15:06:06,11823.607317030996,3562.4337322044626,45744.877057563994
2021-07-15 15:10:34,11828.728971521525,2896.514501595452,52286.268477468206
2021-07-15 15:12:30,11830.939520381098,3186.406709978586,51353.82371559207
2021-07-15 15:13:52,11832.498584988356,2993.4244573204555,49513.13851511404
2021-07-15 15:15:31,11834.376034106754,2962.7443524028213,41717.318002251675
2021-07-15 15:21:02,11840.602313441199,3282.7363536133553,46716.98409320896
2021-07-15 15:28:24,11848.743240607711,2862.3004328121997,45324.79654661146
2021-07-15 15:30:36,11851.124160071735,3186.743190208193,42281.666489000985
2021-07-15 15:35:43,11856.551470227565,3295.951444047752,51298.41869054663
2021-07-15 15:37:37,11858.522986862401,3112.599693002328,42782.81433404682
2021-07-15 15:38:00,11858.917627833054,3116.3426780503382,43960.92383380897
2021-07-15 15:42:19,11863.28426910674,3018.167509511014,44346.75687109897
2021-07-15 15:43:51,11864.799064576184,3056.1901447997884,45529.13773182747
2021-07-15 15:46:01,11866.904714202328,2948.3408519433974,47169.3375796242
2021-07-15 15:47:06,11867.941622375212,3185.3828866190197,41304.058757530984
2021-07-15 15:53:02,11873.418443256822,3417.390600920877,43190.6419587655
2021-07-15 15:54:42,11874.891340233022,2811.000111819074,47476.213441814965
2021-07-15 16:02:03,11881.008471308873,3143.8478044120425,49440.97089573877
2021-07-15 16:12:51,11888.743617733531,2886.323159565994,50792.02789812751
2021-07-15 16:16:14,11890.825725923392,2940.368509676422,42281.60908781317
2021-07-15 16:26:30,11896.042010517136,3214.059386252593,48502.86335420287
2021-07-15 16:27:57,11896.63780997913,2992.2010652610047,46113.66629227614
2021-07-15 16:29:43,11897.314524574145,2879.2962812049927,46406.67484695155
2021-07-15 16:32:28,11898.258488453395,3232.057514906962,53039.00399125016
2021-07-15 16:34:59,11899.003336973215,3279.0344682903205,39768.988556770186
2021-07-15 16:38:46,11899.904074957236,3107.016402542525,46326.42502651977
2021-07-15 16:42:39,11900.548563970255,3264.7559872040683,47328.544285585536
2021-07-15 16:43:23,11900.637852867923,3234.273932398714,42970.95880249488
2021-07-15 16:51:06,11900.938667954213,3257.6117713337653,43755.48423294838
2021-07-15 16:56:57,11900.371871660038,2946.550314965799,46856.80164896976
2021-07-15 16:59:04,11899.994497646592,3096.985466906388,45661.03099472333
2021-07-15 17:03:45,11898.83019355565,3026.6006704878564,50012.20644883128
2021-07-15 17:04:15,11898.678944924324,3147.642597220975,43758.65399325716
2021-07-15 17:04:18,11898.66353320881,3240.1322157542654,43501.74180232723
2021-07-15 17:08:04,11897.352250659986,2998.4488606410187,43694.83921259544
2021-07-15 17:16:47,11893.176550164677,3068.2116321883314,48405.46946973147
2021-07-15 17:22:58,11889.248934869922,2895.0178399584847,42686.55943638108
2021-07-15 17:41:24,11872.890569710602,3320.125972518631,48294.63816137237
2021-07-15 17:43:29,11870.619004878941,2985.5667935806114,41541.22113847913
2021-07-15 17:56:51,11854.145799745542,3261.234901456181,52031.958361415636
2021-07-15 17:57:45,11852.924166367973,3217.9086806338514,44632.26846855074
2021-07-15 18:14:47,11827.436246558576,2857.3275642650697,48019.20210138659
2021-07-15 18:19:38,11819.448071417077,3230.4704533308327,44528.514368460885
2021-07-15 18:20:07,11818.636630344865,3208.7056595416725,39073.27599555274
2021-07-15 18:20:22,11818.21587188846,3025.499031926118,44806.64903409704
2021-07-15 18:32:09,11797.656574157076,2767.8045125146728,47716.58206144598
2021-07-15 18:40:06,11783.133779050631,3206.1647233952135,46410.96797105016
2021-07-15 18:43:18,11777.181751893053,3221.815982269714,46001.7045270642
2021-07-15 18:45:44,11772.624801494803,3197.9632188244564,43632.42300665774
2021-07-15 18:47:18,11769.67919203565,3321.920060626497,41397.488993441795
2021-07-15 18:48:09,11768.077760462222,2739.458964705001,49564.59908999096
2021-07-15 19:02:39,11740.61425091234,3127.020828968957,48177.51632027424
2021-07-15 19:06:02,11734.230925758413,3407.998271217941,45044.320156011265
2021-07-15 19:09:29,11727.760238506695,3022.2068635774267,45601.75863748307
2021-07-15 19:11:55,11723.227303779877,3030.5700233394873,47135.10134826926
2021-07-15 19:17:35,11712.800610184448,2988.219721500995,45853.2693372859
2021-07-15 19:17:52,11712.284833892974,2884.547683414528,43432.69968126521
2021-07-15 19:22:44,11703.52355395588,3067.070934229311,44881.520036151596
2021-07-15 19:25:51,11698.021445928835,3003.9602868626803,42985.889270399464
2021-07-15 19:32:07,11687.26142061711,3070.120393329966,43509.85403333268
2021-07-15 19:39:04,11675.88186560659,3095.570474405622,43089.08242354158
2021-07-15 19:48:53,11660.995343330276,3135.675777585658,40642.04081320419
2021-07-15 19:51:02,11657.944166922312,3135.094234959746,47917.62030420287
2021-07-15 20:16:39,11628.517936499313,2944.5783185687837,42515.24820885476
2021-07-15 20:33:10,11617.372008957042,3327.366093946161,48058.27357122629
2021-07-15 20:33:53,11617.04090518929,3238.649393664796,45478.57022376054
2021-07-15 20:39:47,11614.811496019372,3217.1444567345884,47916.3605136914
2021-07-15 20:58:12,11613.622847818502,2997.3931797935265,45134.78070555291
2021-07-15 20:59:45,11613.922186974482,3306.559516640074,39873.254778040384
2021-07-15 21:03:05,11614.773755472945,3127.909308201106,46221.92704418186
2021-07-15 21:28:57,11630.630650674439,3515.1462074761357,43989.602048489025
2021-07-15 21:33:30,11634.999048681042,3113.1246807425086,44163.11817970554
2021-07-15 21:49:01,11652.949925131219,3172.884594407719,41855.31631882235
2021-07-15 22:16:03,11692.910796962802,3217.4181588343376,42087.83155886467
2021-07-15 22:30:09,11716.294260469325,3287.1827790466396,43551.83998306835
2021-07-15 22:40:37,11733.959836074677,3244.887431863547,50126.19702319864
2021-07-15 22:51:48,11752.575664653014,3202.498515877277,48400.15538049309
2021-07-15 22:59:15,11764.577129543773,2683.3489458231716,46208.10666313992
2021-07-15 23:02:26,11769.563466337313,2835.799889050968,43901.820127286665
2021-07-15 23:09:36,11780.403098374187,2808.4595932531747,44908.050177884834
2021-07-15 23:18:47,11793.354055335878,2935.581710638585,46796.15467160736
2021-07-15 23:18:56,11793.555671104039,3421.3756175538215,44699.62406757939
2021-07-15 23:46:03,11823.61286746873,3316.911941050826,53406.37768031484
2021-07-15 23:54:59,11830.348859430034,3040.876500027976,48781.76245516072
2021-07-16 00:17:14,11839.566234041666,2819.7774902474703,45930.60650576306
2021-07-16 00:19:42,11839.919921976718,2705.2338543128753,42898.33660983894
2021-07-16 00:27:52,11840.167391780968,3149.16552796558,41257.25438560097
2021-07-16 00:41:43,11837.515100238541,3010.2415822776193,50601.14659568756
2021-07-16 00:42:12,11837.357368804338,2950.4601437427496,51045.30329685603
2021-07-16 00:43:10,11837.02948755429,3225.7667216459718,48999.49486482167
2021-07-16 00:52:53,11832.862746827359,2979.008789787151,45099.45981153831
2021-07-16 01:01:19,11828.098448113635,2907.3163320645,45383.94089116133
2021-07-16 01:10:41,11821.79869542248,3219.0365859141066,40009.54567931576
2021-07-16 01:21:28,11813.605604666096,2992.9474899210677,47373.70620617862
2021-07-16 01:22:21,11812.903923189282,3023.3209267663874,48515.61298534607
2021-07-16 01:28:59,11807.549653811233,3076.1608561092557,45699.282538913525
2021-07-16 01:43:59,11795.41493105681,2464.9295000573284,43566.14091587679
2021-07-16 02:07:33,11779.329785032076,3259.7568034186165,42609.99172018581
2021-07-16 02:15:07,11775.74777823834,3048.45838872135,45896.083498285
2021-07-16 02:20:15,11773.92610080971,3090.306509157739,47485.4838568035
2021-07-16 02:37:02,11772.124134560347,2883.8785778003153,45340.85668978592
2021-07-16 02:38:00,11772.238457292297,3334.626490766802,38021.276515827114
2021-07-16 02:40:15,11772.604901312929,3265.665540833214,43722.57405873668
2021-07-16 02:43:03,11773.26150720381,2949.4559104192226,48576.51521251356
2021-07-16 02:44:05,11773.561266972689,3168.69622611118,42808.52586641672
2021-07-16 02:55:15,11778.874458025053,3327.559890899365,44127.51951485073
2021-07-16 03:09:24,11791.449975969519,3094.4479027488032,43456.98683183961
2021-07-16 03:10:16,11792.444227848222,3090.4858846735697,43138.19635649066
2021-07-16 03:17:13,11801.38319768831,2944.2432024105183,47700.681011507615
2021-07-16 03:24:12,11812.120370742043,3275.692459731381,53135.194187914836
2021-07-16 03:27:42,11818.171637096055,2639.2885977753817,48922.90917303226
2021-07-16 03:41:39,11846.753428997728,3342.9929493992317,44728.582108438044
2021-07-16 03:42:59,11849.857163595507,3135.7675318451325,46182.85596454254
2021-07-16 03:44:13,11852.785342059255,3240.2337460989847,43942.14694689254
2021-07-16 03:54:43,11879.911582175437,3022.935589179207,46166.710939389195
2021-07-16 03:59:28,11893.446287571724,2674.196638812907,42058.06322226338
2021-07-16 04:03:16,11904.822182150989,3056.021040563797,47972.03952406826
2021-07-16 04:22:39,11969.917249418158,3472.2670052382077,43840.65069059432
2021-07-16 04:42:00,12044.98268374273,3080.0777170699694,43432.09965278569
2021-07-16 05:10:14,12166.296108565055,3266.56205254701,47170.72235160563
2021-07-16 05:13:48,12182.135257923379,3266.9871121367414,50302.6376753611
2021-07-16 05:14:05,12183.395305338021,3468.9852115499334,42727.36693323979
2021-07-16 06:06:30,12406.494323929779,3186.858223004699,46016.92808831064
2021-07-16 06:13:31,12432.575499138993,3123.218078762126,49283.37636379453
2021-07-16 06:22:49,12464.890341169541,3243.816658381941,49051.12849340535
2021-07-16 07:01:48,12565.787398753633,3911.5244089207085,45937.62778152641
2021-07-16 07:01:54,12565.96519533196,2976.7383836953686,44363.65900583143
2021-07-16 07:07:28,12575.161365271813,3560.0975554973106,50751.04322565062
2021-07-16 07:15:34,12586.055216888748,3126.4275964053136,45830.02816133898
2021-07-16 07:22:17,12592.82962508908,3491.931712441625,46858.134627996056
2021-07-16 07:30:42,12598.42018649229,3298.355122849183,44154.22079040197
2021-07-16 07:36:20,12600.371101621684,3018.045682857888,48036.61252006789
2021-07-16 07:48:53,12599.649869165078,3412.503014981009,49023.12260010224
2021-07-16 07:56:08,12596.136980849154,3382.8795957043067,45790.98541031013
2021-07-16 08:01:44,12591.93170899641,3381.1191270013314,49684.73837791821
2021-07-16 08:02:31,12591.24247731283,3344.8664091498154,47952.67255722854
2021-07-16 08:05:09,12588.747232218391,3467.73226438407,53735.89713095796
2021-07-16 08:06:00,12587.883711370036,3355.7016850871128,48597.122655401945
2021-07-16 08:13:42,12578.804269570188,3390.562516648794,52773.16002383928
2021-07-16 08:15:38,12576.178700216882,3169.1924675575856,51937.770106632575
2021-07-16 08:28:30,12555.398734296017,3284.242499504955,49203.160539694814
2021-07-16 08:29:46,12553.058708347473,3129.1652720076277,49857.01971360726
2021-07-16 08:48:18,12513.526359381114,3061.890293742429,49771.989955475605
2021-07-16 08:55:53,12494.84824983763,3462.077225659878,46313.09095020087
2021-07-16 09:05:45,12468.789054667155,3543.2910864824153,48475.43895367142
2021-07-16 09:12:01,12451.370874492768,3349.500867702085,46538.23556922762
2021-07-16 09:14:37,12443.976124751705,3456.5201192560353,47258.14416218329
2021-07-16 09:18:30,12432.769757939923,3171.738591093489,43408.70153269286
2021-07-16 09:22:21,12421.489233157237,3424.8892004152126,46235.65962265264
2021-07-16 09:31:21,12394.586522785346,3073.081522246425,44677.27749920989
2021-07-16 09:34:12,12385.946522992588,3146.0555367534607,48666.86477602721
2021-07-16 09:53:36,12326.437300386639,3306.9140501599168,47363.143851727815
2021-07-16 09:55:13,12321.471896192605,3460.073744559267,46860.84279985929
2021-07-16 10:01:07,12303.410271821645,3227.4145525092845,45352.694449028844
2021-07-16 10:05:45,12289.323369215655,3132.4241405199236,55164.3330495613
2021-07-16 10:08:43,12280.364198330806,3199.5898145848605,46719.71274152739
2021-07-16 10:16:56,12255.867714600809,3174.8807435412045,52690.58808101771
2021-07-16 10:22:59,12238.19725116932,3317.324857855015,43898.11012499488
2021-07-16 10:23:20,12237.18593505979,3460.0126232874636,45863.88275273739
2021-07-16 10:23:25,12236.945331681196,3386.842465938171,43583.1000329041
2021-07-16 10:24:47,12233.009798833165,3367.4089207564384,44758.82875657693
2021-07-16 10:28:43,12221.796644504248,3244.4758315918502,44314.44707908745
2021-07-16 10:34:08,12206.65149820878,3185.6033568073867,47886.7917758802
2021-07-16 10:34:42,12205.08819420343,3292.370965621621,49350.02152579104
2021-07-16 10:39:15,12192.689385279538,3435.0381244284913,43868.6534495025
2021-07-16 10:40:30,12189.332509959218,3170.7926565671783,52168.873258223546
2021-07-16 10:43:47,12180.620910332831,2915.279935820811,48681.84376270878
2021-07-16 10:46:08,12174.482624867002,3004.15425418354,44431.15390392519
2021-07-16 10:51:52,12159.861753146843,2811.8045299118867,46360.66944664869
2021-07-16 10:53:20,12156.205182675394,3362.603379764494,44527.402529395506
2021-07-16 10:58:10,12144.405888948333,3448.122139438331,42648.171955024896
2021-07-16 10:59:05,12142.212431645705,3118.651990958896,51197.954662731565
2021-07-16 11:00:20,12139.244582441803,3244.046458451785,48311.03261820294
2021-07-16 11:03:04,12132.84946133637,3357.9780689872223,46810.9793286059
2021-07-16 11:11:10,12114.682436863692,2989.0566630761273,43405.40563081223
2021-07-16 11:13:31,12109.637505286806,3260.4773815730873,42523.487123596904
2021-07-16 11:13:58,12108.683281350255,3029.5240861559564,45084.94203700501
2021-07-16 11:19:50,12096.596001612743,3056.8149420583222,43349.48069363163
2021-07-16 11:27:55,12081.03891345904,3106.0553445932237,44544.26839809449
2021-07-16 11:28:26,12080.088603949322,3181.9640676228455,53764.02500758915
2021-07-16 11:30:01,12077.209718978189,3054.3493222203165,46816.45340024221
2021-07-16 11:35:46,12067.181060973893,3268.2042623378566,42750.94073711381
2021-07-16 11:36:14,12066.396672732502,3121.9320007870956,43021.07130544298
2021-07-16 11:39:38,12060.81670024881,3073.482988337151,48275.43804804586
2021-07-16 11:43:18,12055.066248314562,3260.282715210006,50271.23495498472
2021-07-16 11:48:00,12048.103476569704,3234.789437175978,48149.0502507356
2021-07-16 11:54:10,12039.668214366391,2901.6278294331883,44603.95889536198
2021-07-16 11:54:31,12039.213383796785,3098.247187533584,48798.333255520774
2021-07-16 12:04:02,12027.834636169571,3380.9721386939823,47941.8636965102
2021-07-16 12:07:06,12024.574549286519,2973.111764360426,45836.3998785877
2021-07-16 12:12:11,12019.607004117353,3160.8404948954917,41978.37139770516
2021-07-16 12:20:55,12012.340126994019,3216.1990399430533,45430.67619008835
2021-07-16 12:24:16,12009.975885990947,3225.3236229007484,44025.10848964909
2021-07-16 12:27:36,12007.855003259885,3132.807831873383,51055.483597008155
2021-07-16 12:33:10,12004.82518247789,3131.789234724687,42740.69292785684
2021-07-16 12:37:20,12002.973491129109,2841.5247423035826,48581.496806259325
2021-07-16 12:48:04,11999.822326985082,3373.7823261951335,43993.42368044042
2021-07-16 12:48:51,11999.682573187038,3241.521652722583,41984.86161810167
2021-07-16 12:50:41,11999.402923305077,2969.503169764852,48861.51376562347
2021-07-16 12:52:09,11999.226879621725,3103.2844850166575,48921.89834837225
2021-07-16 12:52:25,11999.199409449324,2998.87874224833,44928.41676798562
2021-07-16 13:04:05,11999.34580653616,3403.1507909528223,44352.610083858264
2021-07-16 13:10:05,12000.427104227621,3384.6039880114113,47669.06362426188
2021-07-16 13:10:22,12000.49469211552,3068.4656552653546,44154.22517325906
2021-07-16 13:12:18,12000.99522630562,3010.8908170573873,50606.52701338985
2021-07-16 13:17:17,12002.598625858245,2887.6968946138218,46005.81738969228
2021-07-16 13:22:42,12004.843958794801,2969.52961428242,45074.35515702579
2021-07-16 13:23:26,12005.187461889624,2992.7574957328047,46637.933973775864
2021-07-16 13:33:03,12010.54048075616,3033.873136867789,44438.10655685835
2021-07-16 13:43:54,12018.395750043044,3039.4934929708484,52494.685596671894
2021-07-16 13:44:24,12018.802066654282,3433.015111270451,43874.8735966036
2021-07-16 13:59:15,12032.534484074486,3174.0234091251295,46458.5606117879
2021-07-16 14:05:27,12039.161722467394,3203.294231121352,45082.03380732261
2021-07-16 14:06:09,12039.940691237809,3118.4641443700643,45846.418882191145
2021-07-16 14:12:08,12046.841126492243,3117.470395170989,44486.5025587909
2021-07-16 14:15:11,12050.518759051545,2951.370089977649,47420.48939359625
2021-07-16 14:18:32,12054.675937308024,3214.5813472180207,45342.62584435253
2021-07-16 14:27:14,12066.005705239313,3412.9044403085954,44924.504394299045
2021-07-16 14:33:49,12075.038255597423,2997.927377904559,44667.703900227316
2021-07-16 14:34:18,12075.715419006236,3085.369312289714,39147.353504481995
2021-07-16 14:38:23,12081.506469585367,2968.3027193339635,51519.98429468768
2021-07-16 14:40:45,12084.917072827073,2841.141976904773,50124.95238171758
2021-07-16 14:41:30,12086.005659047742,3423.0288432084194,47325.56922606307
2021-07-16 14:42:30,12087.462687047355,2903.012422165847,48599.61712231278
2021-07-16 14:48:46,12096.726686932378,3400.477724861554,47067.805848048774
2021-07-16 14:53:46,12104.260071997129,3052.3540392826326,44902.15099552856
2021-07-16 15:18:13,12142.01207145965,3021.582890156405,50401.47098862032
2021-07-16 15:26:51,12155.30535059982,3316.0535362141845,47661.1946323125
2021-07-16 15:30:32,12160.90766095501,3244.4460236053806,43200.40452983974
2021-07-16 15:31:24,12162.217833674234,3158.7416123897647,51273.68891848018
2021-07-16 15:32:07,12163.298707122027,3046.433837161332,45723.28535159424
2021-07-16 15:32:30,12163.875873251845,3017.533493527021,48074.37117290565
2021-07-16 15:33:31,12165.403208746327,3486.4302815169817,44087.737095711134
2021-07-16 15:39:57,12174.938643746995,2884.0064260137333,48899.354105788756
2021-07-16 15:40:24,12175.596324583194,2917.9443185870873,45189.376417032596
2021-07-16 15:42:40,12178.88841418578,3246.1114518633713,41851.921383088775
2021-07-16 15:57:55,12199.957546087579,3081.564588679394,47761.818563100955
2021-07-16 16:00:06,12202.791963475798,2924.160410805104,43490.22861150665
2021-07-16 16:05:38,12209.73526449602,3187.8115894354273,48302.563169903355
2021-07-16 16:10:48,12215.88253056226,3306.3650468071005,46169.714445147634
2021-07-16 16:10:55,12216.01736497403,3018.4128118877247,49321.452586701496
2021-07-16 16:11:44,12216.956134443766,2961.962131927872,45308.256473641064
2021-07-16 16:13:35,12219.049457478637,2973.0718583960634,47253.54869924904
2021-07-16 16:14:19,12219.866253543178,3089.5881111599742,45356.02130730684
2021-07-16 16:14:25,12219.977056163543,2679.6373561758846,44309.940500258344
2021-07-16 16:18:10,12224.029789344024,2974.600991045493,48945.95829768435
2021-07-16 16:21:49,12227.776614045906,3249.279773873939,47687.02029946582
2021-07-16 16:31:32,12236.733850270253,3328.811401362626,44838.41725039591
2021-07-16 16:32:07,12237.222200931461,3300.355217726416,46975.49242091407
2021-07-16 16:36:48,12240.93065824406,3532.3703158900466,47742.80572848808
2021-07-16 16:38:28,12242.157550725084,3074.937165082791,47265.62148123824
2021-07-16 16:40:23,12243.506934628871,3025.1571118021266,46268.475462232476
2021-07-16 16:40:40,12243.700771094484,3347.934227651615,46953.94560963479
2021-07-16 16:41:37,12244.340018719093,3011.6966973811527,41239.83208496529
2021-07-16 16:43:27,12245.526846469404,3395.15971149991,43066.71148664733
2021-07-16 16:47:31,12247.936170345076,3309.14066955979,47080.247116709186
2021-07-16 16:49:15,12248.868147467516,3392.1731664012027,43447.78777577593
2021-07-16 16:52:27,12250.437266271303,3475.310182497747,46311.4259293923
2021-07-16 16:55:04,12251.572618586619,3183.624974196796,44114.20663767494
2021-07-16 16:57:41,12252.573519880656,2911.1412819129664,47275.79879843713
2021-07-16 17:05:54,12254.829741862297,3047.1562612731846,49821.79372779701
2021-07-16 17:07:08,12255.05113778374,2870.6986147789894,46265.44200655443
2021-07-16 17:09:43,12255.414981383343,3415.971718588519,49077.33603310926
2021-07-16 17:10:41,12255.516303761015,3196.698562193843,47289.85285762102
2021-07-16 17:12:10,12255.634855388947,3273.2592142605063,44665.761572349096
2021-07-16 17:19:10,12255.590742816845,3383.0394684150747,47752.46420835148
2021-07-16 17:19:57,12255.523921691323,2998.4258456973967,51101.45098892526
2021-07-16 17:28:47,12253.91493540809,3024.61445790911,43589.58228803216
2021-07-16 17:29:32,12253.706535115563,3111.538517645766,45221.50028880661
2021-07-16 17:30:07,12253.536756734755,3331.2081530086934,47751.050697382954
2021-07-16 17:33:36,12252.383749434408,3358.1009546017212,50678.835059469675
2021-07-16 17:35:53,12251.499731412277,3241.5903538531948,45983.342036814895
2021-07-16 17:37:15,12250.922580618755,3277.7237796280824,47603.164041404656
2021-07-16 17:39:19,12249.982186093835,3166.7157992286325,45617.470211928165
2021-07-16 17:39:49,12249.742531171141,3188.93169047691,47380.948126723924
2021-07-16 17:47:04,12245.747172651963,3264.3898792171663,45489.44987151203
2021-07-16 17:49:38,12244.105229873267,3085.7347096915955,49770.83857659412
2021-07-16 17:54:18,12240.82743858809,3172.205192465031,48765.07829311805
2021-07-16 17:57:08,12238.65931244554,3132.5869315879577,49728.31324183864
2021-07-16 17:59:43,12236.56956412057,3075.1594349614215,43731.33149220301
2021-07-16 18:01:38,12234.951562680828,3212.42601052493,42394.63159291736
2021-07-16 18:04:16,12232.637671371813,2988.547744852406,47878.41536190039
2021-07-16 18:04:38,12232.307331112983,2982.8006740886376,43038.08955403742
2021-07-16 18:06:14,12230.843054089974,3286.202519855933,48295.943809643824
2021-07-16 18:06:28,12230.62645034064,3060.657605767277,45313.215948095974
2021-07-16 18:09:46,12227.481846271696,3294.7694130207287,50330.72220170122
2021-07-16 18:11:16,12226.003759067286,3026.276230440231,47489.5656927929
2021-07-16 18:12:01,12225.253672671652,3117.613381865635,52746.0575206407
2021-07-16 18:16:09,12220.993143698537,3131.894490667395,45445.64959171591
2021-07-16 18:20:08,12216.696620698985,3410.124118259564,48426.72209426142
2021-07-16 18:21:12,12215.51653373387,3572.5933232232564,44736.07057396405
2021-07-16 18:24:39,12211.62032375522,3167.9696248801456,42212.61849721214
2021-07-16 18:35:29,12198.713319711236,3223.146641506011,48799.6242060461
2021-07-16 18:37:51,12195.784224126835,3147.757294763581,46131.5261318317
2021-07-16 18:42:38,12189.776903615917,2871.043279080394,44800.20843554992
2021-07-16 18:46:01,12185.473290406027,3505.5184421985664,43090.01537487079
2021-07-16 18:51:23,12178.589779718866,2844.341775998534,43324.49919416074
2021-07-16 18:53:53,12175.371882559288,3088.840460696105,49152.15934131918
2021-07-16 18:56:43,12171.725595601994,3181.52090105925,45239.7945730132
2021-07-16 18:58:10,12169.862282920978,3183.9627558327547,46732.598095043475
2021-07-16 18:59:41,12167.91680575402,3057.5777328642607,46940.03679402888
2021-07-16 19:01:28,12165.635494463717,3327.694706416315,48050.99901170659
2021-07-16 19:04:30,12161.776049920054,3051.2761574020947,47996.192789507586
2021-07-16 19:06:03,12159.816758537607,3179.114545760229,44748.5410690766
2021-07-16 19:09:54,12154.998085452882,3260.0081317097006,44467.568842842295
2021-07-16 19:11:19,12153.245198959925,2912.898134595083,45700.372559196854
2021-07-16 19:13:26,12150.64970959408,2998.075474282433,46241.3919008872
2021-07-16 19:19:12,12143.746442578893,3214.513806767974,40558.7280096023
2021-07-16 19:21:42,12140.842590706841,3075.505194110621,48966.08932486034
2021-07-16 19:22:39,12139.754980602098,3322.4031298807463,43920.5484263891
2021-07-16 19:23:30,12138.789636102623,3165.322218061624,47640.007702012044
2021-07-16 19:34:32,12127.021408434035,3001.5961862270387,50562.37035649727
2021-07-16 19:38:07,12123.549027538136,3146.898322751933,46984.05833092588
2021-07-16 19:43:32,12118.678166340314,2957.957443278832,48420.50649489884
2021-07-16 19:46:29,12116.232082433498,3376.869450078471,44105.643571693916
2021-07-16 19:49:06,12114.19235740192,3250.500934713449,47519.347183646816
2021-07-16 19:50:04,12113.470833438449,3027.0940379916133,47765.09824803895
2021-07-16 19:50:50,12112.911143851396,3132.992702298601,46670.83754561135
2021-07-16 19:56:47,12108.959174812278,3243.666850661301,43981.76868370089
2021-07-16 19:59:24,12107.45025591004,3126.109842754853,47961.337220562804
2021-07-16 20:00:14,12107.00025347031,3114.361259554047,40591.1311853041
2021-07-16 20:14:36,12101.715141701745,3158.2083213159704,44465.87081214054
2021-07-16 20:30:03,12101.717885483497,2942.3772940643885,45064.44928059898
2021-07-16 20:47:43,12109.597042982026,3206.747313571567,45458.45118861805
2021-07-16 21:03:26,12123.916559353132,3203.4874848290497,47119.04528925795
2021-07-16 21:05:28,12126.269166278744,3122.679341514404,46951.01538891347
2021-07-16 21:15:27,12139.438987217825,3039.641634746841,47326.52772104662
2021-07-16 21:18:37,12144.165536976263,3303.256876270297,42842.16822011986
2021-07-16 21:31:41,12166.31756827156,3096.2995541456185,41639.285030636216
2021-07-16 21:40:55,12184.361395698063,2832.588651017257,45671.13089292994
2021-07-16 21:41:19,12185.184328413856,3033.5429243752747,50105.159556829385
2021-07-16 21:41:51,12186.286675950321,3408.0014478063426,43539.25026789978
2021-07-16 21:56:41,12219.106900777182,2642.647762198277,49641.4549603268
2021-07-16 22:02:50,12233.792003585568,3642.053915320531,45526.50912772363
2021-07-16 22:12:48,12258.64793013632,2816.389778652921,45391.27111575632
2021-07-16 22:22:53,12284.797242458244,3036.9859130962386,47693.50544184088
2021-07-16 22:31:46,12308.353765340165,3152.8301652247023,47724.35660297561
2021-07-16 22:35:32,12318.416809417758,3178.7872191479323,49144.441282653526
2021-07-16 22:36:56,12322.161575622476,3185.3968893119986,57418.478649229015
2021-07-16 22:52:00,12362.281695106754,2909.1820802132834,48112.890710458865
2021-07-16 22:52:35,12363.818072502854,3462.3137232074137,47790.95859047048
2021-07-16 22:53:17,12365.65910023885,3418.8361303865963,44199.21278411253
2021-07-16 23:06:53,12400.677612103089,3409.2236274819215,44733.47121561982
2021-07-16 23:11:21,12411.775738943017,3429.70709002344,45571.00737717532
2021-07-16 23:12:17,12414.064011608265,3336.63425506997,47632.77196536314
2021-07-16 23:13:26,12416.868011875293,3181.7807739291884,49513.4266029416
2021-07-16 23:17:46,12427.272153394233,3197.954651901646,52689.21095920093
2021-07-16 23:21:11,12435.283087226846,3103.9563766316123,45768.705801411874
2021-07-16 23:31:51,12459.06898947821,3117.1180580218083,45466.923962358196
2021-07-16 23:49:19,12493.391549415663,3488.54463869711,46236.82328206834
2021-07-16 23:50:30,12495.488075990228,3061.2727065693794,47239.120660153225
2021-07-16 23:50:48,12496.014767943429,3166.1158330544886,44928.177018232585
2021-07-16 23:52:27,12498.876516530605,3364.2490166794373,47111.186354548496
2021-07-17 00:07:04,12521.581154349977,3515.9761571050003,46832.66797562738
2021-07-17 00:09:29,12524.870224539161,3431.4191945337625,48449.256691237046
2021-07-17 00:13:53,12530.518709268592,3176.231694363315,43089.13542936727
2021-07-17 00:15:55,12532.981349144848,3037.7219480360686,46531.4324370401
2021-07-17 00:25:02,12542.892144557898,3572.6427780279487,47131.66339385869
2021-07-17 00:26:22,12544.189337696882,3697.488486092744,45666.483507237856
2021-07-17 00:28:05,12545.803507882341,3111.23519602164,44510.480213681236
2021-07-17 00:30:23,12547.868620444435,3200.80484535834,47042.44361913558
2021-07-17 00:34:48,12551.527668477569,3172.2869984190647,47478.09375203965
2021-07-17 00:41:37,12556.416024231727,3098.673100667482,42428.97540369972
2021-07-17 00:43:21,12557.518946478684,3279.4303370866396,49058.28083041937
2021-07-17 01:00:35,12565.761510035576,3122.2453482910337,50741.060190605574
2021-07-17 01:04:53,12567.15658586244,3424.0666958948655,49304.36339577301
2021-07-17 01:19:16,12570.475412650854,3250.045582171094,50092.60613466799
2021-07-17 01:23:13,12571.133438565384,3204.2516505053604,44116.166926445985
2021-07-17 01:25:22,12571.464764224384,3182.1165860890414,50425.94069433537
2021-07-17 01:25:44,12571.519821305832,3232.6055512265402,45175.50013883522
2021-07-17 01:29:12,12572.025468353413,3337.0568284321566,47611.61277265387
2021-07-17 01:29:59,12572.137157696632,3176.853147586824,47914.288616798534
2021-07-17 01:35:15,12572.886761667452,3297.0360543671154,44958.954177825115
2021-07-17 01:43:54,12574.251101558182,3309.3214696951854,46905.131605031645
2021-07-17 01:50:32,12575.57474093021,3095.3710840187487,52162.73833493591
2021-07-17 01:53:57,12576.40189410172,3465.5133545274675,48643.85191329752
2021-07-17 01:57:36,12577.4230956345,3075.500421794598,50833.7396838674
2021-07-17 02:06:14,12580.536853581538,3371.4943721091777,55792.49580607244
2021-07-17 02:07:00,12580.868250706944,3343.5342193891097,45515.75048838784
2021-07-17 02:09:07,12581.835162605505,3347.193914045246,53992.67932412329
2021-07-17 02:10:27,12582.484905089044,3333.4203471463775,51734.12906221386
2021-07-17 02:12:25,12583.503336843334,3226.0124743471483,46094.03932796241
2021-07-17 02:18:16,12586.987461776242,3572.547172666898,48597.132053473375
2021-07-17 02:24:37,12591.620488721092,3186.956563019647,49586.55635264677
2021-07-17 02:27:49,12594.324523123965,2946.4735219551867,51334.71778947345
2021-07-17 02:33:26,12599.720184222762,3332.132741768557,47061.15063403169
2021-07-17 02:36:42,12603.261691948344,3045.5258813179676,48186.65330856409
2021-07-17 02:40:20,12607.568643250232,3592.2336577432975,48322.02985530262
2021-07-17 02:42:05,12609.786167355247,3253.781144295316,42244.43969716275
2021-07-17 02:49:35,12620.393134722077,3436.0733090360513,46983.51784643103
2021-07-17 02:51:06,12622.76328350221,3323.8625193759935,46257.81450162222
2021-07-17 02:51:53,12624.017968628305,3514.3728995596034,47520.08102053284
2021-07-17 03:03:24,12644.95241152673,3437.528526019014,47836.90013857209
2021-07-17 03:23:08,12692.34606691894,3467.7971000729804,48235.816776130196
2021-07-17 03:25:35,12699.291870666459,3362.689653745814,53937.88053435459
2021-07-17 03:30:09,12712.875998329297,3604.0469280460047,48626.94808168214
2021-07-17 03:36:24,12732.815323885305,3259.5190936822464,48249.962849841846
2021-07-17 03:47:12,12770.923713566746,3549.1973317185384,42722.24267698109
2021-07-17 03:49:49,12780.844692233653,3213.9758018581074,51777.142413000496
2021-07-17 03:56:42,12808.196013094706,3244.0110230452124,45045.855412463825
2021-07-17 03:57:48,12812.732659239507,3670.799295849461,50024.30503679846
2021-07-17 04:20:10,12914.27345135366,3522.516996392743,47958.132936485796
2021-07-17 04:23:24,12930.310876257641,3619.172218926752,49893.59288839738
2021-07-17 04:26:16,12944.78817692841,3173.5827179718813,56571.58554940414
2021-07-17 04:29:37,12962.001338876324,3521.3998963484664,49007.18514860645
2021-07-17 04:57:36,13115.945829904793,3544.3049816347484,47453.661461316246
2021-07-17 04:59:45,13128.343532775578,3373.8748080682017,54544.46836181809
2021-07-17 05:32:18,13319.296455542584,3553.933380592473,50137.43811056133
2021-07-17 05:36:38,13344.546088812183,3542.860628277011,51262.48357464783
2021-07-17 05:56:20,13456.075095353403,3589.673735041338,59855.74841697171
2021-07-17 06:04:50,13501.768729859199,3450.9860078213146,46788.88568198272
2021-07-17 06:13:43,13547.416088310132,3657.5680690637464,53172.91359215143
2021-07-17 06:21:19,13584.486261362254,3771.624369554019,55295.267825961666
2021-07-17 06:22:24,13589.607950828931,3465.8782021570582,51560.740846802306
2021-07-17 06:29:21,13621.434886178964,3601.119286985416,52325.753495257435
2021-07-17 06:32:48,13636.54207049001,3441.7471262634954,51539.13969908779
2021-07-17 06:37:12,13655.108902925294,3587.5959344533812,52669.40024856984
2021-07-17 06:43:04,13678.592813971916,3948.124773612163,51352.33333668654
2021-07-17 06:50:10,13704.981466904534,3560.2298359778947,54888.236331321874
2021-07-17 07:04:06,13749.940880328946,3602.8106605652424,53383.12258149956
2021-07-17 07:06:58,13758.02792418832,3541.782634157627,49225.030022100495
2021-07-17 07:08:44,13762.809996490161,3415.8907333424986,52599.64165374958
2021-07-17 07:11:01,13768.761321187432,3779.8946153807788,53899.14351264756
2021-07-17 07:18:00,13785.347271384533,4210.559720354546,49223.646224963675
2021-07-17 07:26:34,13802.346796852456,3664.6900383327506,55679.468642609536
2021-07-17 07:30:37,13809.098003755358,3348.137774424673,53621.98257004244
2021-07-17 07:33:08,13812.878814968935,3621.1661319059835,59905.37114514954
2021-07-17 07:33:44,13813.733453450654,3799.733719363272,53623.44878494183
2021-07-17 07:39:19,13820.827699672662,3887.555863637583,48850.57301514052
2021-07-17 07:48:29,13829.153915289355,3971.7889824243985,56910.50475998804
2021-07-17 07:54:43,13832.511235092783,3925.1247141014815,47789.45991522867
2021-07-17 08:09:27,13833.368922130747,3219.31783983758,54150.17555565231
2021-07-17 08:22:18,13826.557969806396,3399.1295575207973,52252.349823601835
2021-07-17 08:24:52,13824.418947106995,3782.883142561197,48705.37641335798
2021-07-17 08:32:19,13816.846905437786,3556.3289365846967,50985.37103326246
2021-07-17 08:32:35,13816.53965399106,3736.420178391529,56627.0878094808
2021-07-17 08:36:31,13811.729835274875,3581.0397619545774,50905.69470849298
2021-07-17 08:37:52,13809.96175387591,3585.2941090950853,54572.74433908887
2021-07-17 08:44:11,13800.931937594445,3315.3168259076265,53958.49531319149
2021-07-17 08:48:33,13794.000495158263,3979.987212194436,47690.75986770496
2021-07-17 08:55:59,13781.020721931529,3862.00885737163,51264.82043856341
2021-07-17 08:56:48,13779.510284222313,4017.697207106001,53230.38713417806
2021-07-17 09:08:19,13756.639780472857,3600.057055355128,48190.400700618906
2021-07-17 09:18:25,13734.53540740598,3119.86243347792,51050.40985738787
2021-07-17 09:21:25,13727.673331722657,3511.929554438807,52438.288694592535
2021-07-17 09:23:59,13721.711172292153,3547.385353331376,56685.08641515478
2021-07-17 09:30:26,13706.407539974036,3635.3378769621168,57054.94632420117
2021-07-17 09:33:27,13699.117106416767,3460.104323002338,55383.84309137553
2021-07-17 09:47:46,13663.773139018002,3439.078514998113,51976.28540076865
2021-07-17 09:48:05,13662.982979622937,3601.5592692578457,50813.18809299381
2021-07-17 09:51:05,13655.49068343752,3552.531491287681,51806.653165116135
2021-07-17 09:54:16,13647.535574722746,3331.437158194426,50741.980734635115
2021-07-17 09:56:16,13642.540252047538,3779.5339192285446,46276.62271577845
2021-07-17 10:01:54,13628.509144018106,3677.6508875579057,55927.50951486907
2021-07-17 10:08:44,13611.638110240758,3491.5040197810386,52999.20289875188
2021-07-17 10:08:51,13611.35205925898,3783.1448430690853,52997.44151610653
2021-07-17 10:28:12,13565.347260146136,3127.8509451048594,48814.1426315293
2021-07-17 10:30:48,13559.443977101604,3335.0671792365824,54428.815636552514
2021-07-17 10:35:17,13549.456436013583,3729.5326523414265,52055.017478702954
2021-07-17 10:49:11,13520.240692052206,3541.7464568975593,52596.21536459973
2021-07-17 11:02:26,13495.23636885724,3892.822930053432,51177.47740023954
2021-07-17 11:02:56,13494.352744148002,3648.350154067085,54702.376586257174
2021-07-17 11:07:03,13487.251765751336,3328.8080809995618,52989.43430538288
2021-07-17 11:32:49,13450.325714679097,3620.6598537896934,53589.885215983195
2021-07-17 11:45:21,13437.357061816723,3288.47918950679,50362.887355737614
2021-07-17 11:50:41,13432.871630466223,3044.149647795395,49509.634107453974
2021-07-17 11:51:20,13432.367570161308,3381.2359589736816,48642.178800729016
2021-07-17 11:57:43,13427.911440656486,3789.970585540015,50860.6287183344
2021-07-17 12:11:12,13421.457514603982,3408.1670341974514,50384.58943884517
2021-07-17 12:33:44,13419.605748034912,3555.578581422519,49720.072131098976
2021-07-17 12:36:24,13420.11691600306,3400.473467079891,51723.87658217325
2021-07-17 12:40:25,13421.173884586306,3461.204022938672,48865.48252997214
2021-07-17 12:42:47,13421.957140692173,3194.069225394081,51115.27567351515
2021-07-17 12:43:02,13422.046792712243,3744.5572673926226,50927.17546809756
2021-07-17 12:48:02,13424.115520918927,3527.506301526715,55319.588298723465
2021-07-17 12:52:55,13426.638306555682,3552.272540208538,48421.28951931665
2021-07-17 13:01:01,13431.898120087162,3633.2969619864966,52772.48596103462
2021-07-17 13:02:59,13433.37431043607,3940.6200410191086,50288.65231472161
2021-07-17 13:08:49,13438.20164407436,3458.936039287106,51692.82898506804
2021-07-17 13:09:12,13438.542121681849,3252.0424060028,47676.500454916655
2021-07-17 13:10:51,13440.040036930975,3553.899923129067,53508.51619022723
2021-07-17 13:25:16,13455.307863082022,3631.162669773613,51920.71030023404
2021-07-17 13:25:36,13455.705903574122,3174.8839748181676,53127.6177198409
2021-07-17 13:45:20,13482.658811135481,3246.974095343741,50277.40150021314
2021-07-17 13:46:24,13484.29651446532,3566.736573001014,55079.008238657756
2021-07-17 13:46:58,13485.173677846078,3175.4631268436206,53863.12824102613
2021-07-17 13:48:26,13487.466764205226,3544.8184733232306,47615.44329541119
2021-07-17 13:52:08,13493.395167377996,3516.8973661856216,49906.325105822696
2021-07-17 13:53:23,13495.443567740791,3467.0293639056963,50568.634980861105
2021-07-17 13:55:40,13499.24335193607,3610.7581070224837,52114.89188294261
2021-07-17 13:57:17,13501.978289180912,3123.9654975903554,50486.430869367156
2021-07-17 13:58:51,13504.663236737193,3467.472238188645,52458.35577004208
2021-07-17 13:59:21,13505.527208616788,3680.2101738560787,49883.043405184544
2021-07-17 14:07:11,13519.493112102218,3729.8182882484007,53043.418023017395
2021-07-17 14:07:36,13520.257851811943,3537.4286653069116,48210.8593600913
2021-07-17 14:11:27,13527.42318650164,3235.597328198946,50085.54807272208
2021-07-17 14:11:45,13527.988879545615,3564.5583674380505,48926.71087241599
2021-07-17 14:15:11,13534.535883258519,3240.4210406937286,52645.88851864225
2021-07-17 14:17:41,13539.38486007198,3457.3659618014826,53695.781154995115
2021-07-17 14:19:16,13542.490065521188,3695.3219724425717,49251.81388504664
2021-07-17 14:31:42,13567.70638491687,3745.8052492745373,46760.17518914751
2021-07-17 14:33:42,13571.885579792104,3520.298145034291,46275.82203379465
2021-07-17 14:39:04,13583.24178497249,3707.427227318098,53523.104138042625
2021-07-17 14:40:10,13585.592899883504,3649.3614280180295,54454.353851564454
2021-07-17 14:46:34,13599.408101525898,3559.941456056249,50691.47788163733
2021-07-17 14:50:17,13607.52191191602,3347.306721545187,53999.513322289975
2021-07-17 14:51:30,13610.18994867758,3163.1259655257295,51879.75379051916
2021-07-17 14:51:58,13611.21470577922,3530.671713137126,47934.28253232803
2021-07-17 14:54:41,13617.19419456863,3615.598080315236,53005.18401697112
2021-07-17 15:00:19,13629.652847012037,3537.7112042879025,48833.11864867831
2021-07-17 15:02:01,13633.42331260446,3753.4759045700985,51626.09024536503
2021-07-17 15:09:35,13650.2234286649,3380.0096986609497,58200.85742103668
2021-07-17 15:16:06,13664.655161337218,3759.298917615303,50462.40972391024
2021-07-17 15:16:21,13665.207098085471,3618.139876560714,50186.62393998658
2021-07-17 15:16:42,13665.979533239219,3521.471098489114,52709.96692984788
2021-07-17 15:17:47,13668.368248125462,3762.752164007554,55225.77080741463
2021-07-17 15:24:52,13683.885128146634,3411.2616599825747,49745.30062830431
2021-07-17 15:25:27,13685.153428968119,4095.6657364046373,53306.18060218302
2021-07-17 15:30:22,13695.770707583713,3333.5297863288993,54338.449011135395
2021-07-17 15:34:42,13705.003255328334,3779.396086407459,50414.16800583428
2021-07-17 15:37:03,13709.95312417813,3592.9844302400775,53499.83325064793
2021-07-17 15:37:30,13710.896002242902,3541.309111628372,54010.62549161401
2021-07-17 15:40:01,13716.137946638039,3511.0588692949573,46749.23873825955
2021-07-17 15:43:23,13723.062108587577,3461.8136597627617,56283.448666323864
2021-07-17 15:44:30,13725.334900845752,3469.706812802908,53845.46395697309
2021-07-17 15:46:06,13728.56959219967,3943.750155537534,50527.9218928439
2021-07-17 15:47:35,13731.544599504272,3598.6446759662235,53282.241385470545
2021-07-17 15:50:56,13738.17460438191,3480.2786408822417,54945.526447395394
2021-07-17 15:55:22,13746.745631811467,3451.8389153356256,54286.818858049475
2021-07-17 15:56:00,13747.950038453146,3469.618672242417,50663.24259091051
2021-07-17 15:59:24,13754.325347311664,3597.7424963743874,55835.15014943966
2021-07-17 16:05:02,13764.532419436819,3731.0519905424717,56467.096622562894
2021-07-17 16:09:13,13771.8030534363,3582.8315743209396,54229.48781265203
2021-07-17 16:14:07,13779.958514336522,3516.8744128878643,52395.940090955126
2021-07-17 16:16:06,13783.14316550805,3492.694101703378,51099.33700149457
2021-07-17 16:19:04,13787.776288285353,3514.893380339533,56562.07159235006
2021-07-17 16:22:48,13793.376823509749,3706.3467127235217,50467.129548352335
2021-07-17 16:24:58,13796.505758307017,3666.446445073017,51474.36220089268
2021-07-17 16:26:43,13798.96616286506,3637.7305179242003,55290.89929823555
2021-07-17 16:30:45,13804.403558487485,3494.242957998727,56480.37245561101
2021-07-17 16:37:12,13812.39802331906,3490.16776418139,54343.48545995827
2021-07-17 16:41:16,13816.977906052416,3498.5286791914855,64026.81856565698
2021-07-17 16:41:48,13817.55143275283,3582.919855565699,55340.88804498167
2021-07-17 16:44:14,13820.087167621783,3817.79719166117,51606.591139849865
2021-07-17 16:44:16,13820.120975802296,3974.8784480659806,50989.42649317731
2021-07-17 16:46:00,13821.844161947041,3714.1904519718187,54291.820833413876
2021-07-17 16:48:31,13824.223459737179,3735.383046898055,51647.389017147856
2021-07-17 16:49:33,13825.157944945424,3616.8341080410064,52770.160454972036
2021-07-17 16:51:02,13826.455837551706,3570.5934230214552,57113.22528915249
2021-07-17 16:52:49,13827.947830126017,3798.037868738319,43699.24278889878
2021-07-17 16:56:20,13830.669107228081,3647.6118274658584,52489.437836817626
2021-07-17 16:59:11,13832.657322489817,3942.705260373667,52733.4320302562
2021-07-17 16:59:34,13832.909799379691,3764.501361226895,54495.52601642423
2021-07-17 17:04:06,13835.624985320488,3345.089207500746,55505.69797151481
2021-07-17 17:06:20,13836.77814537069,3309.611592725597,51224.86159233563
2021-07-17 17:07:05,13837.137961481723,3519.967409218906,50986.717997026906
2021-07-17 17:07:57,13837.536534774732,3362.005609855131,55981.80301759732
2021-07-17 17:09:09,13838.057901388212,3538.0890809626294,53124.88498364528
2021-07-17 17:09:58,13838.39244278417,3701.978313649276,49025.24517432661
2021-07-17 17:11:13,13838.872660632838,3345.9972239945932,62595.29951586474
2021-07-17 17:11:50,13839.095374426715,3788.497519114559,51583.56464954615
2021-07-17 17:13:42,13839.712347000022,3988.191715129984,53224.407484695694
2021-07-17 17:14:51,13840.049638334971,3319.0418178239547,50758.769053594726
2021-07-17 17:18:32,13840.910359911612,3486.5508257013894,52596.52069082973
2021-07-17 17:19:10,13841.02466974941,3527.6632612528915,49428.09319309396
2021-07-17 17:24:47,13841.607439034604,3536.652376213087,54668.16920777023
2021-07-17 17:30:30,13841.411210951774,3754.0958148452796,52629.455533613844
2021-07-17 17:31:29,13841.298040540576,3698.165518929521,56068.365463562026
2021-07-17 17:33:21,13841.019696379875,3641.198477982444,56142.73080493545
2021-07-17 17:34:11,13840.868702714877,3802.918833282423,54186.520121412905
2021-07-17 17:35:57,13840.494363280855,3581.1218163231615,55049.60166690617
2021-07-17 17:36:38,13840.329902499416,3835.405026895728,58211.375680825506
2021-07-17 17:38:07,13839.935380682178,3264.3591100061485,54025.39365579834
2021-07-17 17:40:01,13839.355510927659,3456.193874327198,55126.09169735311
2021-07-17 17:41:21,13838.899033250413,3612.5351797431017,54351.59174220582
2021-07-17 17:43:13,13838.191993225142,3840.8471341585823,51257.71164483676
2021-07-17 17:47:00,13836.51937356347,3718.142880750875,50835.035022403084
2021-07-17 17:48:59,13835.516628243584,3308.6174870681025,52870.56312067955
2021-07-17 17:56:16,13831.117075589136,3547.8354662519096,53146.266364480216
2021-07-17 18:02:11,13826.75241528954,3543.964229200665,54450.08401786675
2021-07-17 18:05:30,13824.014311507826,3487.3852854929337,52230.68968637236
2021-07-17 18:06:07,13823.483090113228,3835.193338311991,54733.73587237534
2021-07-17 18:12:10,13817.920737271243,3809.519484869308,50335.33477786822
2021-07-17 18:13:18,13816.810831303534,3569.6544229190067,52174.47002922742
2021-07-17 18:13:19,13816.7943556216,3805.926587382041,50546.87133728382
2021-07-17 18:13:27,13816.662391286858,3968.36426612776,55722.164270570625
2021-07-17 18:23:04,13806.444298786046,3826.577667105091,54850.450949613136
2021-07-17 18:23:32,13805.91575617824,3504.434404619397,53261.29224879962
2021-07-17 18:27:08,13801.747336757002,3698.116614315572,53925.31086825126
2021-07-17 18:31:19,13796.715804914373,3563.943642579956,51450.32912538848
2021-07-17 18:35:08,13791.9695171746,3720.0824903565817,50463.67725369405
2021-07-17 18:36:46,13789.8979778806,3789.7636458222996,51025.97319483657
2021-07-17 18:50:06,13772.311532940252,3690.9169591946807,53335.06233842704
2021-07-17 18:50:23,13771.928454194423,3832.3598054695635,58799.05839927141
2021-07-17 18:51:41,13770.167772565937,3514.7176073635355,52651.28239633803
2021-07-17 18:55:29,13764.999494998281,3158.634111176369,50822.78552936433
2021-07-17 18:56:08,13764.11330617526,3802.409672478113,55363.695571001335
2021-07-17 18:57:22,13762.430971798463,3704.138178797601,52377.05380201927
2021-07-17 18:57:58,13761.61231840182,3493.708131366423,52819.652192515794
2021-07-17 19:00:53,13757.633935917782,3466.0342106426183,51599.88647664193
2021-07-17 19:09:38,13745.794191739433,3368.418367465061,48575.78639156199
2021-07-17 19:09:57,13745.370692685747,3609.991636808704,53178.10285130341
2021-07-17 19:11:11,13743.72591502688,3495.094242698365,47541.68365940173
2021-07-17 19:17:36,13735.31389166373,3489.4199025267794,54860.90258185775
2021-07-17 19:33:23,13716.201107159804,3527.916662719044,48283.48279632119
2021-07-17 19:37:19,13711.918050513163,3386.3741364520915,53332.061644978516
2021-07-17 19:41:02,13708.088278130008,3533.4306378624783,56373.02108175559
2021-07-17 19:42:42,13706.444457999178,3601.056154739176,52857.723406462625
2021-07-17 19:52:28,13697.823954898211,3984.941587767735,50254.45442968531
2021-07-17 19:58:47,13693.267108045457,3562.416649318872,51903.24434951066
2021-07-17 20:04:08,13690.100824099309,3542.856102873109,53562.438144481675
2021-07-17 20:25:28,13684.59532665093,3559.2685811572037,56052.85455733232
2021-07-17 21:02:51,13706.166439625576,3613.11629124506,53373.09241439281
2021-07-17 21:02:56,13706.260922208812,3521.1993682918187,56375.29466760127
2021-07-17 21:17:59,13726.60577567617,3414.891351881209,47794.60121498088
2021-07-17 21:22:38,13734.16819759695,3653.417473740767,48841.35047427738
2021-07-17 21:24:49,13737.91724753477,3680.239105965026,52632.852196555905
2021-07-17 21:41:27,13770.349650740633,3245.672894220802,52943.93782084764
2021-07-17 22:37:07,13912.066702946688,3535.6715617217674,51580.30019899181
2021-07-17 22:41:29,13923.992421649556,3640.332793421854,55022.22760874869
2021-07-17 22:45:43,13935.492782790576,3863.316910327773,53500.71939958987
2021-07-17 22:53:55,13957.469885777053,3657.35896019829,49278.94655309198
2021-07-17 23:25:30,14034.559211273223,3774.9268274303618,56012.220339237414
2021-07-17 23:39:54,14063.536186032383,3537.7425366088364,57459.20960759562
2021-07-17 23:55:55,14089.84675081156,3711.938060128996,56300.65056368946
2021-07-18 00:04:00,14100.559727780967,3778.259208780465,55566.876291862936
2021-07-18 00:11:41,14109.101440907096,3588.560225315627,61042.44036339874
2021-07-18 00:38:22,14126.637962146895,3974.074339550693,53740.28248366664
2021-07-18 00:42:12,14127.713156625188,3833.531892835969,48279.14529082873
2021-07-18 01:06:51,14127.62292843709,3797.2015820247643,63431.93657727594
2021-07-18 01:38:20,14116.873784796804,3990.4334042892838,53697.80050877559
2021-07-18 01:46:20,14113.845393951837,3632.7105772805903,54032.35157729018
2021-07-18 02:03:44,14109.062553192076,3392.567383865614,50893.13759287827
2021-07-18 02:06:00,14108.732160766638,3933.325135855123,50290.814868432964
2021-07-18 02:10:18,14108.350593419498,3600.034339890806,48160.78250170486
2021-07-18 02:12:15,14108.292359359788,3648.40896462889,48955.642759086244
2021-07-18 03:07:57,14152.052595900412,3367.316144940523,48106.77027772256
2021-07-18 03:11:28,14158.553401922014,3744.3021268824905,48284.12097356259
2021-07-18 03:19:07,14174.477756890554,3863.620080138092,50330.358461397685
2021-07-18 03:21:47,14180.61124310004,4026.144068879837,61725.973821099666
2021-07-18 03:47:26,14255.200014979668,3851.1473729272575,58617.484143260575
2021-07-18 03:55:20,14283.790234912696,3859.24434365814,53779.352798512846
2021-07-18 03:58:22,14295.44448253473,3813.862509757087,52272.11634947895
2021-07-18 04:00:22,14303.329339127467,4059.1292007875886,51106.73995968223
2021-07-18 04:01:25,14307.531960868599,4141.059620282088,52035.55432930264
2021-07-18 04:23:01,14403.019068009786,3811.7691314061403,53711.41034837491
2021-07-18 04:23:32,14405.498651965476,3823.1421346044463,49310.228715003606
2021-07-18 04:45:14,14516.368126607344,4088.6214646419035,56182.35310157464
2021-07-18 05:09:07,14649.064293261423,3337.18797971586,54741.192500738915
2021-07-18 05:33:58,14790.176686391087,4139.814096906688,60483.54913844778
2021-07-18 05:53:57,14898.9822309393,3397.0782076111814,64315.96687048553
2021-07-18 05:59:38,14928.339831551912,4036.3775803292074,54412.12062830476
2021-07-18 06:01:09,14936.023532665364,4275.9179502525485,55889.452421992224
2021-07-18 06:02:50,14944.47230126734,3940.707184013803,55362.852036888165
2021-07-18 06:16:42,15010.53198834422,4109.225276438918,52694.708349668625
2021-07-18 06:22:28,15035.91964019988,4260.476053670871,61694.075094763066
2021-07-18 06:29:33,15065.217072549747,3715.356362133985,63463.74768230088
2021-07-18 06:52:11,15143.155072677031,4344.1311138797155,59575.106788871075
2021-07-18 06:53:50,15147.82675754011,4173.128892686103,60359.31890965475
2021-07-18 06:55:08,15151.405944537268,3959.860781658095,56063.46726054385
2021-07-18 07:02:11,15169.235355497243,3933.217724470455,61462.519941705796
2021-07-18 07:05:02,15175.674878916921,3428.7973771057736,54927.64586751513
2021-07-18 07:16:41,15197.309755355447,3675.575564571875,59658.26349742676
2021-07-18 07:21:44,15204.323335216295,4028.667887993381,54075.89210284673
2021-07-18 07:41:31,15218.021260986316,3910.517932937218,54042.744802334615
2021-07-18 08:53:33,15104.714533574594,4213.071770885162,58172.44908324081
2021-07-18 09:45:11,14926.583698220322,3968.910607915999,57223.84924302889
2021-07-18 09:48:46,14913.213699346996,4216.9436587234195,58890.480148006056
2021-07-18 10:05:48,14849.756800135869,4310.192456585094,60796.738768316114
2021-07-18 10:32:02,14755.641003043365,3765.748243479537,53694.94478492537
2021-07-18 10:34:07,14748.500983748008,3974.8093759358826,60360.23572010158
2021-07-18 10:46:13,14708.321157210128,3548.7577291929365,55748.215641217124
2021-07-18 11:09:25,14638.532810888522,4049.3372115077136,62449.27104327856
2021-07-18 11:17:02,14617.99346875165,3448.276442763021,56659.77383054233
2021-07-18 11:25:40,14596.25290671516,4318.532102275225,57834.53548064132
2021-07-18 11:27:31,14591.813065058286,4147.106563239188,55731.14630183187
2021-07-18 11:28:32,14589.406527917528,3695.0330385029497,54962.64365560624
2021-07-18 11:40:47,14562.300151237157,3601.7772333977036,50473.99999359642
2021-07-18 11:43:54,14555.96865080638,3627.076805041576,57401.48010883566
2021-07-18 11:45:36,14552.612840760728,4086.432467544858,54474.26016598216
2021-07-18 12:02:51,14522.499037063171,3492.4963209670027,60422.047421292285
2021-07-18 12:04:28,14520.046073314365,3632.5970188486954,54838.565064839364
2021-07-18 12:11:41,14509.869361715617,4064.685337783681,53233.892849106494
2021-07-18 12:20:39,14498.980143294466,3815.1943687163307,58340.29901348847
2021-07-18 12:27:44,14491.744192962355,3830.4844929063984,55922.073445631024
2021-07-18 12:29:45,14489.902937776367,4056.8208394395383,53427.94283245811
2021-07-18 12:37:36,14483.650869853314,3656.63632872247,55644.62258891482
2021-07-18 12:49:09,14477.060455458935,3809.903472643234,55842.5793854503
2021-07-18 12:50:29,14476.496304373964,4008.2263265184265,54021.190513271096
2021-07-18 12:59:50,14473.659465051978,3527.2762654894714,52451.22729562983
2021-07-18 13:19:05,14473.772740037211,3375.041265427968,55185.70460746425
2021-07-18 13:21:23,14474.299715832856,4022.0720822409007,50603.818367174215
2021-07-18 13:36:06,14480.109616590318,3584.640148880233,55535.6516841974
2021-07-18 13:50:57,14489.96515073618,4252.092267784813,57372.16779082784
2021-07-18 14:25:52,14526.21666181476,4135.03893517374,52172.96100857431
2021-07-18 14:25:59,14526.3627119406,4024.072576610595,54349.04730444847
2021-07-18 14:32:39,14534.92278042038,3420.3741917587267,53297.35443253274
2021-07-18 14:38:24,14542.612147068516,3834.3489505714983,59292.94070105943
2021-07-18 14:54:31,14565.296744426601,3649.5078668925494,58411.15760515103
2021-07-18 15:02:38,14577.116650205431,3621.4548821444664,50330.1520544386
2021-07-18 15:06:39,14583.00608353514,3642.768681576245,52888.235709048284
2021-07-18 15:24:28,14608.935812293896,3653.576581415671,58232.508033300735
2021-07-18 15:25:06,14609.839842431598,3634.5205180257917,54352.752403650265
2021-07-18 15:36:02,14625.083823634546,3666.9748006000564,60541.26234104337
2021-07-18 15:36:58,14626.346985675747,3517.919642445213,51120.5443585903
2021-07-18 15:46:19,14638.575663550608,3840.2738085534106,51102.67628154419
2021-07-18 15:47:20,14639.853232256668,3475.262804559485,55510.74780321185
2021-07-18 15:50:12,14643.393804578527,4015.664666768299,53335.184347344875
2021-07-18 16:01:17,14656.121565487214,4236.653964956095,51888.61118830644
2021-07-18 16:11:35,14666.34905886574,3630.930076962505,54378.91566398925
2021-07-18 16:26:15,14677.715570233437,3758.0259088786424,52886.86299027812
2021-07-18 16:28:57,14679.350679393936,3559.8009247795176,48537.013315457836
2021-07-18 16:30:18,14680.111452468203,3841.679421583125,57423.793031240195
2021-07-18 18:52:31,14532.078413100582,3595.6869678983576,54688.62185675774
2021-07-18 19:43:26,14430.806286105882,3686.4301763362496,56940.20693131826
2021-07-18 19:48:04,14423.33864115084,3762.0953317021026,53935.55162543691
2021-07-18 20:15:45,14389.302788638757,3918.2057147254,51772.75504301596
2021-07-18 20:26:19,14381.882245471457,4321.436661136532,57684.44272414758
2021-07-18 20:34:14,14378.571970339817,3582.3968327109496,54444.1600575797
2021-07-18 20:47:39,14377.540527493511,3747.507645029891,58431.95017175125
2021-07-18 20:49:38,14377.884107367448,3571.973128896859,56422.13327413803
2021-07-18 21:04:08,14384.277432733916,3738.9486531287685,52698.893914983055
2021-07-18 21:08:47,14387.755420742496,3633.784343057014,49806.14064826278
2021-07-18 21:11:43,14390.297941196897,3741.8314889896446,53762.653694561224
2021-07-18 21:24:51,14404.872556629296,3986.2784005876774,52059.55714306777
2021-07-18 21:25:17,14405.439245239946,3477.4804078447596,54897.2602858067
2021-07-18 21:28:36,14409.95029632908,4018.5015193190584,54256.16044401729
2021-07-18 21:32:55,14416.270323878312,3670.424633070102,55029.700267335065
2021-07-18 22:22:46,14517.447707960375,3592.344746568916,57932.664913651075
2021-07-18 22:39:41,14558.116441780125,3694.1876294996814,58500.17201633918
2021-07-18 22:41:42,14562.979220951633,3603.3232878361578,60899.3767850996
2021-07-18 23:18:58,14647.090558977741,4186.824920803101,56834.941520552864
2021-07-18 23:25:34,14659.91953641596,4339.790308879758,55922.954055914444
2021-07-18 23:39:54,14684.605263131216,4287.047181711232,53177.226978013096
2021-07-19 00:36:03,14730.837498762878,3684.2922937050603,54580.09740798596
2021-07-19 01:01:31,14726.473880006428,3464.379978501636,61335.38988404765
2021-07-19 01:32:32,14709.088403980788,3966.363271495226,53760.183800988
2021-07-19 01:35:57,14706.909895121615,3514.4471333548363,51260.545100500145
2021-07-19 01:43:37,14702.148782930182,4257.19347472432,53669.66014633627
2021-07-19 02:23:58,14689.253600611968,3914.8588703350542,53089.1468909763
2021-07-19 02:27:51,14689.897731206695,4154.444639653531,52826.973095258916
2021-07-19 02:58:20,14712.675556107104,3841.790820545492,56246.542810571445
2021-07-19 03:29:05,14774.213329206417,3906.2614496067868,55095.44631786552
2021-07-19 03:45:08,14823.394535957792,4196.565191556161,51411.33181532604
2021-07-19 04:11:34,14929.22441281236,4488.8104800506635,53864.668258788675
2021-07-19 04:20:35,14971.755596163715,3976.553895776481,62403.38815398172
2021-07-19 05:25:24,15337.127619342382,4113.2429213653495,60533.29321035104
2021-07-19 05:47:08,15464.292395849221,3907.9919329204763,57924.61735762015
2021-07-19 05:50:00,15480.51069381411,3709.8467234599175,61500.96445551295
2021-07-19 05:53:39,15500.895711738014,4253.651908854602,60147.861220020706
2021-07-19 06:09:48,15586.729773189862,3819.8240631796716,60375.77244164618
2021-07-19 07:32:01,15843.752249976145,4394.955521252703,56669.04646929748
2021-07-19 09:01:11,15725.103683202271,4238.75102222667,58026.60478382004
2021-07-19 09:58:50,15526.318736838717,4121.845125331279,56050.71341560294
2021-07-19 12:19:31,15179.54974466791,3901.1809268165403,58247.26354157943
2021-07-19 12:21:06,15178.254191807759,3856.5395778550487,59185.69141927962
2021-07-19 12:43:53,15166.581283077838,3756.796377482285,58725.56837679005
2021-07-19 13:03:48,15166.722202402083,3672.325273509842,60307.55854351754
2021-07-19 13:10:06,15168.681885065234,4036.6465574057297,57234.15367169207
2021-07-19 13:10:15,15168.739397658404,3753.841031493277,55866.88452272978
2021-07-19 13:42:08,15191.73350673847,4277.694215491098,59540.7028188712
2021-07-19 13:52:45,15203.753491382991,3806.582219752372,55582.875338473015
2021-07-19 14:12:40,15231.251567792435,3920.9659071360334,58869.97100385053
2021-07-19 14:20:47,15244.050480825445,3593.1044103038435,51816.049727480015
2021-07-19 14:21:44,15245.600711479328,3551.3544827999986,59418.52157687765
2021-07-19 14:44:52,15286.076802431833,4128.314188994161,61264.296404128865
2021-07-19 14:54:50,15304.688566185401,4069.8387855842225,62867.58869197011
2021-07-19 15:19:41,15352.00827114256,4454.841371001782,59028.48354834723
2021-07-19 15:23:11,15358.601277357413,4083.8369697296853,56574.156934435356
2021-07-19 15:56:58,15417.530199737696,3959.0980060600655,58961.371838705956
2021-07-19 15:57:46,15418.77091618182,4282.444927061152,62667.99878168873
2021-07-19 16:25:02,15454.590822797987,4054.5436162939955,57490.473292873
2021-07-19 16:32:44,15462.03543938885,4023.016513289348,62047.58157663509
2021-07-19 16:38:41,15466.861820526608,3904.6476487587793,54265.235601647175
2021-07-19 17:00:03,15476.980568303845,3830.680377168078,62447.20890948267
2021-07-19 17:11:45,15477.45654138456,4099.283280079371,64338.23183320679
2021-07-19 17:22:58,15474.449442049692,4001.2214593295853,59291.22489577541
2021-07-19 17:27:31,15472.26711253004,3917.4632582162585,55702.14864736544
2021-07-19 17:34:36,15467.783016959107,4110.685713502445,57966.87240639192
2021-07-19 17:37:23,15465.665224771827,3833.676372564004,65641.96492719033
2021-07-19 17:55:06,15447.715658494004,4143.271364560601,58146.90415427599
2021-07-19 18:10:33,15426.373189114493,3887.15757709593,52613.75396806055
2021-07-19 18:11:02,15425.630759355769,4516.638675663658,58094.31749456614
2021-07-19 18:13:04,15422.462255124188,3984.38954981127,61814.917094398465
2021-07-19 18:29:53,15393.798040232161,3423.7696914035573,58735.50790112157
2021-07-19 18:43:33,15368.093972262084,3722.6833803677914,64769.694100791276
2021-07-19 18:49:31,15356.476553407323,4051.957674646331,64907.923167740395
2021-07-19 19:02:37,15330.708763596173,4094.393724498677,54726.76818906517
2021-07-19 19:42:17,15259.549577130769,4423.6556778442355,62790.10962933138
2021-07-19 19:46:16,15253.68420029483,4190.043447597414,62422.82283516313
2021-07-19 19:47:13,15252.333949965794,4433.349709744629,59759.37919782432
2021-07-19 20:21:49,15218.613595813831,4185.9969762864375,62369.57996174009
2021-07-19 20:27:55,15216.264622959463,3792.3439323359844,62507.781681914654
2021-07-19 21:02:50,15226.47785575498,3743.5107389617056,56262.83051919194
2021-07-19 22:14:24,15360.571798769102,4199.148553166598,60103.336318652735
2021-07-19 22:47:01,15447.568518799722,4161.63227623129,72245.87365801031
2021-07-19 22:58:46,15478.206894107314,4372.635387177628,56454.867162066046
2021-07-20 01:14:41,15608.458586500308,4229.471378140895,54697.03304328394
2021-07-20 02:14:54,15572.861243169886,3782.533771493102,62775.80385624874
2021-07-20 02:50:41,15584.449381473367,4262.915030527968,59911.68141367465
2021-07-20 02:54:10,15588.047781687223,3886.6958560747885,58201.48318526584
2021-07-20 03:09:28,15610.003075072555,3979.775825108984,55103.66275097619
2021-07-20 03:11:39,15613.987677402765,3917.9839929150876,62458.572223955285
2021-07-20 03:35:03,15670.71647810973,4320.050437700422,64174.67311956334
2021-07-20 04:23:34,15868.191170074835,4453.992822254094,63409.53228308243
2021-07-20 04:30:14,15902.625389812247,4422.2419256982885,62888.94751493326
2021-07-20 05:10:00,16130.553670032581,4527.14791515446,56301.27300674929
2021-07-20 05:26:35,16230.517161506668,4025.9336342069796,62495.708138346454
2021-07-20 05:28:09,16239.911893094932,4486.127407360626,58159.77544982872
2021-07-20 05:56:54,16405.689929117765,4096.268633837728,65283.884004534964
2021-07-20 06:30:03,16565.876535353127,4488.6517604729925,66052.72006620752
2021-07-20 06:36:33,16591.554142326513,4118.72016014325,66079.34991791303
2021-07-20 06:49:32,16636.12666319481,4040.627926477066,69647.87914418573
2021-07-20 07:01:33,16668.844061983473,4700.031067899479,60033.60267544793
2021-07-20 07:51:30,16710.708600108974,4401.167631751262,67909.07930462903
2021-07-20 08:01:30,16701.167140437585,4998.848953179833,67902.05106252435
2021-07-20 08:38:58,16620.12156568094,4594.869306743723,63632.250946400214
2021-07-20 09:12:12,16503.057255003994,4543.379219931559,61507.02496222871
2021-07-20 09:56:12,16317.090856632964,4388.465716318295,59965.32158340421
2021-07-20 09:57:54,16309.723822461276,4046.425149424896,67711.65673843228
2021-07-20 10:32:51,16162.772726449351,4347.957801794727,62121.36177025777
2021-07-20 11:57:13,15899.274755003848,4336.038200845675,67681.76831770639
2021-07-20 12:27:45,15847.799857872573,4564.523543065123,65549.62190764147
2021-07-20 12:36:00,15838.06154393934,4343.784914090371,62814.87300412265
2021-07-20 12:46:02,15828.547876856624,4066.3995066813623,59217.78633378434
2021-07-20 13:00:34,15819.176362964308,4015.1902536041066,58775.7043993661
2021-07-20 13:49:17,15822.350570036675,4183.983375928921,62457.32102279833
2021-07-20 14:11:28,15838.61725268718,4277.847739911733,61090.40710861575
2021-07-20 14:23:55,15850.81728436384,4426.5341398989,58646.887353734375
2021-07-20 15:04:52,15900.444325306851,4104.245680429968,54933.15335439905
2021-07-20 15:40:57,15945.24348467893,4353.8146511059995,60727.45905793063
2021-07-20 16:32:15,15982.693167497288,3994.204795506034,60801.71225453078
2021-07-20 18:02:45,15895.339839360267,4319.242230059598,66624.18829506381
2021-07-20 18:15:36,15866.63874089649,4362.797527466775,60455.17393641908
2021-07-20 18:18:18,15860.239162796082,4023.445515942983,56949.163425922554
2021-07-20 20:19:48,15580.658938680774,4277.128397164361,69087.57998112615
2021-07-20 21:15:06,15566.882740743695,4263.941375509773,59823.22728276722
2021-07-20 21:51:25,15611.482926799647,4183.862211515901,56318.93015550098
2021-07-20 22:05:51,15637.91584512084,3987.3831936643132,60417.43659370726
2021-07-20 22:23:24,15674.065666856834,4096.290214517542,59569.84718498882
2021-07-20 22:27:56,15683.823378974279,3919.510347046939,55295.30272338594
2021-07-20 23:26:45,15800.925194242405,4274.664474023533,60446.81493957611
2021-07-21 00:09:28,15843.327338371724,4063.0998282040996,56898.902113339056
2021-07-21 01:08:19,15820.412285987712,3996.002655559423,60813.973902985344
2021-07-21 01:57:51,15765.935146208678,3946.7319880659647,62222.909822197675
2021-07-21 02:22:19,15748.41408632312,4128.391609343458,67200.85069334452
2021-07-21 03:05:29,15764.058249192083,4249.7812416003535,58771.356640692014
2021-07-21 03:23:16,15793.918561439317,4012.1695899947804,69909.37496284077
2021-07-21 03:54:13,15882.399276420485,4050.496570159189,58695.02289286076
2021-07-21 04:18:30,15982.689834507268,4374.748590451064,56561.760886799224
2021-07-21 04:29:24,16035.287208242731,4156.232550991677,57678.01161675645
2021-07-21 04:52:29,16158.484594737149,4314.959202107667,61659.95875158658
2021-07-21 05:24:29,16343.516915397231,4297.306228841991,62816.21696473695
2021-07-21 05:26:57,16357.886554826868,4382.86752303289,57602.32634903005
2021-07-21 05:27:28,16360.891593101356,4074.3321630986393,61193.79961924087
2021-07-21 06:05:03,16567.735192413304,4278.585780260715,66806.16558857405
2021-07-21 06:17:13,16626.08896692211,4344.271146812617,60170.739446279236
2021-07-21 06:19:59,16638.53107251155,4213.400818048044,65298.85592086712
2021-07-21 06:53:18,16759.180652175924,3943.6725773761045,68637.47383997217
2021-07-21 07:22:16,16813.17355831309,4257.57530244692,67734.38835607121
2021-07-21 08:10:36,16791.329126024157,4812.371269601247,58978.79671870086
2021-07-21 08:56:41,16662.097310571167,4809.378994249801,61778.451567870194
2021-07-21 09:58:10,16407.16559079966,4094.4011456516632,63170.9270017597
2021-07-21 10:24:06,16297.107634151907,4501.833512709261,61016.496290491516
2021-07-21 11:46:26,16026.225040118119,3831.9262804115283,58072.013632239694
2021-07-21 11:49:00,16020.443314278215,4244.914899510341,62646.23447643067
2021-07-21 12:31:33,15950.58628785335,4307.726579504625,62849.0656482903
2021-07-21 13:14:07,15928.134791980026,4129.177246013849,56448.53783259984
2021-07-21 13:24:19,15929.220253643027,4219.225223488902,62622.687505919916
2021-07-21 14:12:32,15962.533793593431,4050.859488780569,57295.48654996501
2021-07-21 14:16:49,15967.366019098588,4391.558600150592,54393.0173547238
2021-07-21 14:29:29,15982.992645609786,4092.1085981622145,57575.65006612222
2021-07-21 14:31:39,15985.842754865334,4156.475235046118,62821.62122081693
2021-07-21 15:13:48,16047.126105737383,4339.262212547841,56762.97341906797
2021-07-21 16:29:09,16133.389340932938,4138.675548525699,62772.88262261443
2021-07-21 16:29:52,16133.753657637026,3966.411301891575,56624.597455435
2021-07-21 16:53:16,16138.691802975143,4228.357458572163,59130.72028975998
2021-07-21 17:05:25,16135.55267439256,4420.712728061352,62083.92077017342
2021-07-21 17:59:14,16073.183794693434,3945.6279608396567,58394.12014922728
2021-07-21 19:50:21,15819.526426939594,4303.2146858426395,56876.1545810043
2021-07-21 19:52:27,15815.700030480708,4213.245298701029,61740.958940127406
2021-07-21 20:20:38,15775.935852669234,3953.7911975128127,57582.790452473826
2021-07-21 22:44:15,15940.248497156257,4278.902024506139,59619.00787077802
2021-07-21 23:11:41,16000.022236362882,3736.823002805377,62607.778780559536
2021-07-21 23:29:11,16031.670286805273,3736.0600035422503,60911.62731822294
2021-07-22 00:38:04,16074.867895497855,4122.041018241411,63105.06887688681
2021-07-22 01:41:38,16015.323007932559,4031.5343107667477,66828.70143025483
2021-07-22 01:48:23,16007.601899093814,4289.548298134875,62811.91049699332
2021-07-22 01:55:11,16000.235036532009,4424.016040822257,63213.45207801786
2021-07-22 02:07:29,15988.574799207845,4280.568920078322,58736.79162611711
2021-07-22 03:24:28,16022.29263866413,3804.8108807023677,58327.343966456836
2021-07-22 04:56:47,16398.624447037975,4024.7613056452756,60214.3053330634
2021-07-22 08:20:51,16923.093773878194,4449.044231468189,69638.53970722236
2021-07-22 08:44:15,16845.884430197922,4684.710278428792,59451.132875306954
2021-07-22 09:28:54,16650.2325863607,4014.194513535116,58487.16339466115
2021-07-22 09:33:48,16626.520784860768,4332.1916413598365,61946.11030165597
2021-07-22 13:29:05,15889.287326210348,3864.6885232874906,67286.95187822153
2021-07-22 13:53:26,15884.680924734776,4220.710563103712,60583.76135002197
2021-07-22 14:36:03,15898.69122218853,3874.4883305089757,60828.73672104579
2021-07-22 15:23:39,15929.631585766458,4494.598224023642,60307.0491950255
2021-07-22 16:07:25,15947.775176884556,4324.855714336578,57037.28765036521
2021-07-22 16:12:23,15948.069406204682,4039.063711220846,60232.717648571386
2021-07-22 17:58:31,15809.494105745276,4082.2280023317194,66060.12651391533
2021-07-22 18:04:16,15793.791444724027,4060.566154901413,61485.985234740205
2021-07-22 18:08:52,15780.751342301048,3995.1143330743607,59144.53385272493
2021-07-22 18:33:22,15705.484621337897,4241.721802671216,55724.47641215941
2021-07-22 19:27:55,15526.808100902159,3978.5328511016314,55858.366025297255
2021-07-22 20:30:42,15376.404903263749,4054.6426882745927,58185.000703427024
2021-07-22 20:31:31,15375.198033547234,4092.1884187161354,57354.7357737169
2021-07-22 21:55:48,15367.560459443375,4239.33080411299,54909.9028958131
2021-07-23 00:32:00,15481.883259192682,3878.4677193456564,61372.39066129375
2021-07-23 01:39:30,15378.55462474286,4098.04794108558,58202.226948642856
2021-07-23 01:49:45,15360.618715935158,4011.4713387003526,57509.3900762899
2021-07-23 02:16:45,15320.310336195116,3754.0967267012816,58576.9737296245
2021-07-23 03:12:37,15306.344897145733,4228.37176392118,55680.02231671983
2021-07-23 03:28:33,15326.687479145987,3855.408806082257,55945.91937373896
2021-07-23 03:53:06,15381.520177951186,4563.365135189811,56410.8900896356
2021-07-23 04:22:16,15481.260619015486,4138.800346694254,54455.49659546846
2021-07-23 04:26:08,15496.936761252551,4033.553599736433,61391.62679789442
2021-07-23 04:30:12,15513.957737142819,3862.8016413650894,62308.11476483706
2021-07-23 04:44:40,15578.419128473279,4071.1281526556804,57869.30038455788
2021-07-23 05:51:11,15904.536573731455,4260.210383612198,72708.86443854771
2021-07-23 05:54:34,15920.09287020407,4350.512904679219,64213.6630536655
2021-07-23 06:49:01,16113.252762217546,4617.722486082692,61527.07613830927
2021-07-23 06:52:25,16120.714044465718,4211.876995485645,60752.55724806196
2021-07-23 08:43:05,16016.109410702767,4212.0152272049,66589.99784591357
2021-07-23 10:30:47,15549.879182675508,3969.9997961931504,70834.65304165662
2021-07-23 10:48:37,15477.571276544397,3687.201418665044,60178.4893774672
2021-07-23 11:01:00,15431.066127058446,4260.86997856056,55662.901218761814
2021-07-23 11:54:42,15272.353452656891,3905.0687375211087,56434.95015317036
2021-07-23 11:54:58,15271.753902002623,3685.660398090904,56982.7443537772
2021-07-23 14:06:48,15195.466868973977,3845.0244511034734,53797.03886959543
2021-07-23 15:09:49,15270.310447821608,3649.608554437176,55697.25082726572
2021-07-23 15:41:56,15313.434596914005,3900.35967209573,62148.21805851287
2021-07-23 17:38:13,15339.815321043221,4316.567192436187,65479.456958106806
2021-07-23 18:16:40,15281.425753346592,4088.638888435143,63510.865847955945
2021-07-23 18:22:19,15270.679078180205,3809.236725090056,59062.72752486326
2021-07-23 19:33:10,15126.298722445357,3806.130191171317,59504.295336086994
2021-07-23 19:52:53,15095.103390854614,4076.2165525765654,64738.06212960704
2021-07-23 20:11:17,15074.59999862089,3694.289906668008,57009.01116275258
2021-07-23 23:14:32,15378.36630937938,3990.840725543311,59287.496271494296
2021-07-24 00:09:04,15482.25247497003,3998.794253623068,60106.17560528685
2021-07-24 00:29:52,15501.110080007495,4451.641002240085,62948.059408590074
2021-07-24 01:05:54,15509.271416442003,4290.359504383746,57441.63872519572
2021-07-24 01:44:08,15500.415492663506,4078.3230293830484,56614.18576475077
2021-07-24 02:54:21,15535.728167100393,3939.9790460383883,60905.68064121137
2021-07-24 03:15:48,15581.640159826831,4302.065210052456,58592.60863085621
2021-07-24 03:26:05,15611.354365307021,3684.977400832958,58565.542961869134
2021-07-24 05:24:09,16261.585559390824,4065.7276458455744,57620.68284786107
2021-07-24 05:30:32,16304.86675508434,4455.9654941618,64061.95673747059
2021-07-24 06:43:38,16729.503745500297,4807.2083024873555,70825.03864635088
2021-07-24 07:06:25,16812.692585501816,4583.898873420341,61612.21372069913
2021-07-24 07:53:44,16885.83545635318,4161.890204437837,61360.2494262794
2021-07-24 12:09:33,16293.422922212507,4308.361088335984,58175.82848508627
2021-07-24 12:57:15,16286.796737961493,4237.73797312456,60207.255929310166
2021-07-24 13:38:17,16326.048898016019,4213.6723097237555,60801.173664668684
2021-07-24 14:07:10,16374.34287279881,4291.629684796073,60365.8375504942
2021-07-24 15:45:22,16596.637705191373,4301.140851614974,68806.20711639141
2021-07-24 16:22:17,16665.425180983708,4254.500387678183,61642.86386278759
2021-07-24 17:46:20,16696.198590384894,4325.745813275058,61624.85586626016
2021-07-24 18:25:23,16646.379766667484,3966.0390702473555,63124.85417459051
2021-07-24 22:35:16,16714.983576541268,4129.853124828567,64746.83875262323
2021-07-24 22:41:24,16733.93419620826,4295.236499704335,68811.48473303375
2021-07-24 22:42:19,16736.757027456457,4721.533098636396,64611.32589378969
2021-07-24 22:46:53,16750.756909266904,4570.4488275826225,63593.89416912227
2021-07-24 23:50:22,16910.473285890686,4733.70042337619,65919.69323915786
2021-07-25 01:03:17,16954.03814549569,4697.325864896776,67883.36941536836
2021-07-25 01:59:22,16923.11104255521,4282.599014699028,71684.91783378801
2021-07-25 05:05:08,17517.19172620457,4844.620038064361,69596.87508599987
2021-07-25 05:10:56,17555.934806405872,4187.698415667014,67134.34101877117
2021-07-25 07:39:28,18209.19716694783,4933.103046368845,71076.78581578794
2021-07-25 07:43:05,18209.56856379218,4768.369889895096,66026.60118784351
2021-07-25 09:06:48,18017.96448191561,4857.106448966205,73334.35560740564
2021-07-25 09:56:07,17802.668083765424,4185.267087883227,70545.19999705277
2021-07-25 11:00:32,17534.472902322806,4463.376913143207,61710.201059498395
2021-07-25 13:45:58,17318.152403506927,4679.219334813826,62026.243562451586
2021-07-25 14:28:50,17370.36911940659,4536.094853330649,60342.884353618734
2021-07-25 15:03:08,17427.81549172317,4541.019113903142,70905.14791851345
2021-07-25 15:09:56,17439.809899424723,4508.371952255864,75082.35046037755
2021-07-25 15:15:29,17449.584770992908,4040.749104527457,65852.99157888559
2021-07-25 15:20:06,17457.662974198465,4223.830530716902,73411.54859922655
2021-07-25 15:54:36,17513.200087444646,4477.007071122777,66571.53722397762
2021-07-25 16:07:29,17530.02044061654,4675.321739755351,70520.32387867366
2021-07-25 16:14:00,17537.35998595003,4181.807952226507,65816.14468299889
2021-07-25 16:29:08,17550.845166966377,4614.724093085342,64484.54390754144
2021-07-25 17:57:50,17503.133961432384,4561.733823675937,67049.86290126342
2021-07-25 18:36:41,17419.620542400553,4521.110233000427,62827.10442418249
2021-07-25 19:23:22,17304.93279934365,4334.604515570916,70097.47586541074
2021-07-25 19:56:50,17238.77475302894,4336.5535259906255,65970.24719224354
2021-07-25 20:45:23,17202.457676491205,4695.791418826753,62016.95147399621
2021-07-25 21:25:21,17239.330628231302,4202.724235949155,64554.58079625496
2021-07-25 21:39:16,17265.515949597044,4378.445383027006,62041.18165102556
2021-07-25 22:40:07,17429.838967920394,4481.764218903088,66861.43997868989
2021-07-26 00:05:17,17626.34446738472,5187.62199205285,68945.18273920476
2021-07-26 02:25:42,17612.15576153349,4823.1739760901655,69869.93542797031
2021-07-26 02:42:42,17623.23201270813,4711.587479785884,63670.66097991317
2021-07-26 03:55:43,17832.322853535457,5107.516830693383,64414.84725785901
2021-07-26 03:58:50,17847.628415740124,4725.386741590791,70765.62846107567
2021-07-26 04:06:53,17889.43688673106,5273.084643153879,74406.66226816487
2021-07-26 04:41:22,18100.97059953738,5415.2944919274805,69627.29133582939
2021-07-26 04:42:54,18111.382867763925,4731.512865045813,70843.66926121572
2021-07-26 04:56:59,18209.829367745657,4891.5248868732315,74687.24755996812
2021-07-26 06:35:40,18870.97828358708,4889.889283080208,71712.2669371471
2021-07-26 06:46:14,18920.21751661598,4944.957267745452,80555.7409536813
2021-07-26 06:48:02,18927.927672458067,4685.677380591276,70234.13840548127
2021-07-26 09:59:15,18696.876669795332,4876.0781813003,65448.52755518002
2021-07-26 10:37:57,18545.348260827923,4575.514987791823,72171.79063362551
2021-07-26 11:33:38,18380.97220987882,5020.611993658901,77853.05933290946
2021-07-26 12:23:51,18309.863630643973,4532.235116097692,68222.53075615186
2021-07-26 15:03:38,18525.489931937227,4875.135105697121,67046.30921853644
2021-07-26 15:52:12,18645.623331698367,4908.624555326516,73972.12174975967
2021-07-26 16:08:39,18680.04116109589,4434.057955694897,67279.03885377433
2021-07-26 16:43:07,18732.300945612467,4776.937143491307,75406.400461538
2021-07-26 17:00:11,18745.718177989213,4600.2117029945775,68681.46881683671
2021-07-26 17:48:32,18733.21621061084,4730.5395163731955,69445.18771731305
2021-07-26 19:18:20,18571.963687935342,4719.115806174438,69883.85573646301
2021-07-26 19:37:46,18536.634110815594,4832.285962805491,81146.39572720586
2021-07-26 19:42:11,18529.617652343895,4950.076401739912,71706.15799962207
2021-07-26 22:23:24,18731.538378708796,5103.877804396435,73560.38083191127
2021-07-26 23:22:52,18935.052131851855,5340.720430268174,72172.68279602213
2021-07-27 00:13:04,19043.117372048695,4759.980332771691,70687.61246869816
2021-07-27 00:36:09,19063.367403528162,4982.311065714694,77070.8400248474
2021-07-27 03:12:18,19113.125571800854,5112.3402099497425,67533.74344378087
2021-07-27 03:30:24,19171.362829817124,5175.026049299994,75924.68404778937
2021-07-27 04:23:50,19451.20966833604,4889.593163490825,81387.33145353917
2021-07-27 04:55:08,19674.678392395435,5276.8502422075135,78404.03027397612
2021-07-27 05:06:08,19759.019020950866,5430.136070492818,75808.31182017524
2021-07-27 05:28:22,19932.005270376423,5497.039907913776,83611.37166882848
2021-07-27 05:29:10,19938.197332087748,5434.066222577462,78025.10175977799
2021-07-27 06:07:48,20220.179125941264,5288.318337013655,72413.4586959454
2021-07-27 07:56:11,20564.85021271442,5560.722644714268,75614.4922933728
2021-07-27 08:39:30,20474.332584885735,5042.119280420078,81379.4337124478
2021-07-27 08:51:12,20432.9161531385,5757.495629622173,73267.39995108655
2021-07-27 09:39:16,20218.55802516202,5647.047369868866,77344.19846347702
2021-07-27 10:04:32,20094.384563914184,5252.739039948031,74563.27215011069
2021-07-27 10:28:56,19978.22097036005,5378.740457946048,76376.89598538436
2021-07-27 10:41:21,19922.656676915674,5440.77036488961,73068.86418169508
2021-07-27 11:07:02,19818.794949785006,5316.71395592721,69038.52233649355
2021-07-27 13:26:47,19604.29515523341,4887.074235504847,77461.5611498256
2021-07-27 13:28:16,19605.178614536773,5188.805894654104,70637.18318096186
2021-07-27 16:48:02,19902.81968495322,5383.092119256439,74652.81777451622
2021-07-27 17:23:28,19890.185056565755,5701.966488618473,78291.80309346363
2021-07-27 18:28:42,19763.53119157584,5110.792265939532,79160.37891403014
2021-07-27 18:56:23,19684.9479897228,5076.563187462761,73669.01694007734
2021-07-27 19:43:41,19557.976669842767,5913.857032889876,72265.69538251754
2021-07-27 20:01:06,19523.09263836127,5177.800705874552,82208.97492348736
2021-07-27 20:07:17,19513.079863620263,4815.4062481689825,71730.3488586372
2021-07-27 20:26:27,19491.19872922524,5181.948887354657,66487.65783028424
2021-07-27 21:26:16,19522.75959965605,4907.410874393232,69595.97828065864
2021-07-27 22:51:52,19762.32545658604,5555.701245380848,80999.71800175167
2021-07-27 23:11:06,19819.85545144511,5469.590806771611,79174.86757102727
2021-07-27 23:15:39,19832.467546163676,5581.551875922049,75888.80957024448
2021-07-28 00:13:33,19938.62910873101,5256.3137941821,79043.01418919784
2021-07-28 00:34:34,19947.901953728397,5006.040763281548,76428.98370623188
2021-07-28 02:47:41,19892.72287773822,5408.821319546417,74641.48976003569
2021-07-28 03:28:18,19984.070876267135,4772.608276696176,76277.01213297296
2021-07-28 03:45:34,20053.196385575015,5022.491684358714,75665.37254584323
2021-07-28 04:09:09,20176.44868713798,4849.925640604271,72659.94353847102
2021-07-28 04:15:08,20212.613808564907,5916.905085437384,74444.7875475626
2021-07-28 04:52:07,20470.84864021366,5483.24313978397,77840.62948553712
2021-07-28 05:11:32,20622.02677944816,5993.33863226512,79804.25281142611
2021-07-28 05:37:41,20828.25261369573,5675.399181056919,84075.77227294458
2021-07-28 05:40:36,20850.787521281763,5190.458960754717,83688.86122333595
2021-07-28 06:17:15,21111.09138794069,5897.828949396402,82495.1735443344
2021-07-28 06:33:00,21203.512047535445,5912.272358382401,83502.06417829951
2021-07-28 06:52:32,21296.12818753949,5661.5642152878345,87148.97019853866
2021-07-28 08:20:09,21362.282657509404,5547.6152407384125,79891.3499251685
2021-07-28 08:26:40,21345.794122690662,5402.522153320662,76953.22066987811
2021-07-28 09:39:48,21041.997868025515,5904.88242654435,74146.70539450408
2021-07-28 10:16:54,20857.675048074176,5508.488273552892,80933.92349188407
2021-07-28 11:35:37,20548.51782703467,5396.501535412066,80952.54457388811
2021-07-28 12:20:27,20458.96243703788,5537.939991894635,74697.90452573985
2021-07-28 14:54:39,20610.865781456065,4918.417176874547,78097.0425872593
2021-07-28 16:15:26,20790.861179047897,5126.170858699463,75889.03068970946
2021-07-28 17:06:06,20832.74388445854,5546.195903920501,85410.59630719354
2021-07-28 17:09:35,20832.42799239679,5252.268239724449,81771.61537076996
2021-07-28 18:36:07,20698.274697004763,5269.500394583313,77699.29537627261
2021-07-28 18:56:17,20644.50124199003,5688.281427062203,78067.80991767553
2021-07-28 21:32:02,20533.265216814576,4939.828878356983,79558.886595046
2021-07-28 23:17:04,20875.637062571495,5798.024062929112,82328.49253252984
2021-07-29 01:45:55,20958.862707358767,5499.097037067751,83253.45561927011
2021-07-29 04:27:41,21360.493405539542,6258.651219656827,91723.78327149412
2021-07-29 04:40:33,21453.1085419516,5188.71423976044,84710.75075823462
2021-07-29 07:46:22,22455.931082598923,5639.559034199975,88808.52281723266
2021-07-29 11:10:27,21507.292948263115,5733.942102215664,77456.88006453721
2021-07-29 17:06:18,21362.060791965523,5685.3040461565315,82952.17236970193
2021-07-29 18:52:33,21057.657417957224,5495.085610174735,76363.4970818165
2021-07-29 19:48:46,20852.717995157425,4991.678317284474,82945.07158466867
2021-07-29 20:01:56,20815.102495797746,5504.503712272118,76594.75828965724
2021-07-29 20:43:27,20741.395512311115,5483.359046395904,78068.37909020012
2021-07-29 21:48:40,20779.31731498541,5500.705736052941,76255.73954121905
2021-07-29 21:57:27,20796.486772244192,5815.608557426077,86288.5676957288
2021-07-29 22:24:06,20858.496242998208,5285.050448942506,78154.76233045664
2021-07-29 23:56:24,21039.505213087174,5733.254669467703,82963.47764126184
2021-07-30 00:00:59,21042.189105782523,5161.951579454913,79328.99010713895
2021-07-30 01:19:43,20974.701350350475,5836.093151354709,74227.30846191685
2021-07-30 02:06:40,20892.922076862844,5594.294108915759,82444.52328844284
2021-07-30 02:07:48,20891.372746605233,5681.617938736859,77868.41017751617
2021-07-30 02:51:19,20869.322346783276,5232.099467255785,73484.26503874741
2021-07-30 03:19:29,20908.14711705545,5440.58074445904,72978.30437320119
2021-07-30 06:26:47,22028.990283577143,5482.383989015441,81656.13764853585
2021-07-30 07:42:59,22219.879012718327,5414.330093081842,92401.69405187457
2021-07-30 07:56:15,22207.03692512611,5353.6984479750445,82162.2855074208
2021-07-30 08:47:54,22046.68890070698,5518.615249946221,79946.7013651936
2021-07-30 09:00:10,21988.787099540954,5833.907561247355,84919.00031909047
2021-07-30 09:07:27,21951.975367284816,5067.359997227188,77517.4003969073
2021-07-30 09:16:42,21903.144757226743,5380.303470384743,85442.30496296546
2021-07-30 10:32:15,21483.503483681056,6040.74374066408,76989.4828622079
2021-07-30 10:40:58,21439.288322225144,5600.665543674545,84225.42215664056
2021-07-30 10:47:14,21408.677221758084,5634.81372219426,85745.51965861156
2021-07-30 11:08:34,21312.919400005816,5207.363921119541,83025.57748602297
2021-07-30 11:20:06,21267.184254316962,5507.249876285711,75433.48289530232
2021-07-30 12:41:59,21080.8687901899,5592.270351420588,77496.08005662335
2021-07-30 13:03:35,21072.42111970547,5291.293764170922,78232.22983652838
2021-07-30 13:13:05,21073.71648495848,5274.07545578416,83079.44286291914
2021-07-30 14:58:29,21245.700635973266,5128.664548795298,80238.6696010762
2021-07-30 15:07:07,21267.46020929599,5265.688300729878,77829.7921369473
2021-07-30 16:06:43,21408.183673844993,5992.923330126934,77724.35100121432
2021-07-30 17:10:48,21475.988918634113,5663.392888183103,79232.3861199344
2021-07-30 17:16:29,21475.49799240672,6118.918117131581,82011.8762702197
2021-07-30 17:56:06,21441.46121786558,5423.836656474604,77645.27511650644
2021-07-30 17:59:43,21435.90763840747,5503.077987923278,85589.7574643401
2021-07-30 18:29:05,21379.40747140599,5159.75443434466,82472.77349829064
2021-07-30 18:54:23,21320.857422636796,5344.734252228558,81161.94220317343
2021-07-30 19:19:11,21263.91367736583,5339.973739519477,74196.76985480312
2021-07-30 19:32:03,21237.66385020594,5429.628502341923,81249.1754011821
2021-07-30 20:23:41,21182.84419902315,5483.807880448033,79599.59332163574
2021-07-30 20:59:39,21213.05711690636,5299.51132797411,72473.80728333781
2021-07-30 21:05:45,21224.457794184476,5462.068627160379,81212.00830961573
2021-07-30 21:10:54,21235.474167305358,5295.512085263349,91685.95203319892
2021-07-30 21:55:57,21380.187016412172,4820.876254831023,80011.10252793248
2021-07-30 22:22:31,21495.10551671121,5541.245627380388,78295.5707796161
2021-07-30 23:12:25,21721.64654186233,5535.697270125899,90539.67894656734
2021-07-30 23:13:02,21724.2608794981,5442.568184346015,78551.0593292631
2021-07-30 23:13:22,21725.670454531333,5379.47035043815,92578.68520117438
2021-07-30 23:35:56,21814.19908123577,5755.578480980715,80729.97121131196
2021-07-30 23:42:11,21835.912658711073,5707.232328543636,86260.68745603324
2021-07-30 23:46:56,21851.491060195764,6030.9642733550645,78230.87985202023
2021-07-30 23:49:56,21860.903667294904,5776.406891713255,83084.89972163577
2021-07-30 23:54:45,21875.307669763646,5791.460233148738,91292.26050347633
2021-07-31 00:07:09,21908.26097140275,5864.017778158228,86854.14681793944
2021-07-31 00:13:45,21923.339441627875,5560.587384283624,75716.53598331063
2021-07-31 00:30:00,21953.290006963183,6021.007328653467,93830.19587276499
2021-07-31 00:32:24,21956.880594444006,6079.52076667668,78523.18351594327
2021-07-31 00:39:12,21965.96108194503,5519.467937642357,85004.6439843383
2021-07-31 00:41:07,21968.23953990711,5536.736840881186,81699.58113266631
2021-07-31 00:48:03,21975.51406510047,5364.964441782558,93603.13687889348
2021-07-31 00:50:26,21977.68338815606,5690.826601463133,80265.91967154166
2021-07-31 00:51:53,21978.92511631767,5432.477450852119,81052.02276685179
2021-07-31 00:59:22,21984.462003494787,5605.16767855536,81529.00531199385
2021-07-31 01:00:37,21985.25502266024,5998.296114837863,85522.44260240614
2021-07-31 01:03:15,21986.81367905301,5553.853784457585,79815.17815243763
2021-07-31 01:11:23,21990.78095515416,5996.586095897472,80540.69298609719
2021-07-31 01:16:39,21992.794542754167,5692.540524914272,80888.5157194617
2021-07-31 01:23:50,21995.05683792028,5645.801806708468,83674.84873637887
2021-07-31 01:25:11,21995.43955984348,6193.235618430227,82973.74739470962
2021-07-31 01:33:50,21997.766764376505,5817.162727695774,87822.93526823614
2021-07-31 01:45:04,22001.106931118753,5355.945791658122,82873.72821920592
2021-07-31 01:49:09,22002.617138232978,5633.245988269012,82907.54201347829
2021-07-31 01:53:05,22004.306145486837,5860.197904423291,78394.91729023802
2021-07-31 01:59:06,22007.452500331852,5873.891564162991,88867.96777137533
2021-07-31 02:11:49,22017.092923853128,5694.021038385068,85678.14044588176
2021-07-31 02:12:59,22018.224784378006,5403.397575441798,81666.80084446185
2021-07-31 02:25:43,22033.902787413645,5683.07496277485,93685.7443844286
2021-07-31 02:29:49,22040.403024554213,5950.865981267921,94896.02547532003
2021-07-31 02:38:21,22056.523442167094,6170.532136867884,79563.64655310023
2021-07-31 03:07:58,22144.378194530225,5872.874891325742,89778.75193289979
2021-07-31 03:37:17,22288.086817599786,5351.857610947113,80777.3250889657
2021-07-31 03:39:26,22300.986889193915,5705.561538724003,84694.37462485865
2021-07-31 03:40:39,22308.429867484672,5631.093549897715,81264.18952672843
2021-07-31 03:43:42,22327.54072155057,4881.192512979698,89811.63113524368
2021-07-31 03:44:40,22333.73220959546,5397.219724899743,85724.71977241396
2021-07-31 03:44:57,22335.55918224972,5844.067484589145,85105.61249878761
2021-07-31 03:47:26,22351.808434416092,6211.746641578889,87131.4236042603
2021-07-31 03:50:24,22371.77329046646,5575.693267809471,83765.92167317645
2021-07-31 03:51:25,22378.752669992416,6003.043584653557,89208.40496269347
2021-07-31 03:52:35,22386.847706379096,5978.897770200094,90232.77852312206
2021-07-31 04:01:21,22450.56452849436,5921.201224284677,85443.22897397204
2021-07-31 04:03:08,22464.137159211226,5815.082897597281,99881.00932885749
2021-07-31 04:06:59,22494.122582020453,5997.183133832066,86877.19146511472
2021-07-31 04:42:25,22808.672607203112,6942.4277589361045,85907.63493259602
2021-07-31 04:49:23,22877.12183982413,5539.6254495554485,88579.83583556567
2021-07-31 05:00:14,22986.606727962837,6101.568893820307,97909.28286243424
2021-07-31 05:34:16,23339.571437757375,5849.0147133172995,87638.39220714632
2021-07-31 05:36:41,23364.450264748924,6424.483971295818,91999.37058411208
2021-07-31 06:19:37,23774.967612426994,6632.661020157524,89314.12053753038
2021-07-31 06:27:52,23843.34060340137,6639.938091828428,91678.47963233275
2021-07-31 06:42:17,23951.67450470252,5738.668950381019,87327.1732650864
2021-07-31 06:45:10,23971.49818528613,6142.877934961533,94505.24102927084
2021-07-31 06:51:16,24011.290836435273,6081.383567052842,101560.38164999161
2021-07-31 07:07:09,24100.59056602116,5932.332560945349,97798.40849030855
2021-07-31 07:34:49,24204.18148868848,6325.248122379499,90231.69298954467
2021-07-31 08:13:36,24239.89028982816,6546.866178271687,91001.88333607023
2021-07-31 09:07:12,24121.988417340366,6131.263379491151,88317.57059663863
2021-07-31 09:16:09,24089.843853645536,6112.445478962055,96027.09004139306
2021-07-31 09:28:07,24043.701819145597,5938.106841548631,88593.92445262293
2021-07-31 09:31:30,24030.161444648016,6365.201045039468,89296.88140687604
2021-07-31 09:32:23,24026.598057858148,6733.185811127479,90995.94672734146
2021-07-31 09:34:03,24019.84597962671,6441.545719193656,96749.46984075817
2021-07-31 09:54:50,23933.79345042952,6527.978459536534,96707.95356682476
2021-07-31 09:56:50,23925.45928156969,6451.307561524764,90827.62370285978
2021-07-31 10:13:07,23858.497084558527,5474.834631838085,89732.91834327434
2021-07-31 11:46:49,23591.167960653802,5720.875261113959,88119.363841373
2021-07-31 11:53:51,23583.18933167481,5793.63816552408,89886.17082287122
2021-07-31 12:00:14,23577.61833022512,6073.381732214224,79531.37103494322
2021-07-31 12:06:07,23573.897148377346,6743.361424214093,97896.6177483728
2021-07-31 12:33:01,23574.111638564424,6301.782854273571,88664.81171753076
2021-07-31 12:38:07,23577.303547811676,6120.222947254032,93695.98160532604
2021-07-31 12:39:02,23577.98196843008,6284.57913297832,93890.97505322642
2021-07-31 12:42:14,23580.598781047476,6098.502538587136,91372.77018815592
2021-07-31 12:46:40,23584.85839830316,5937.874172457772,89499.24393193207
2021-07-31 12:54:05,23593.61080142374,6775.849452410439,92751.39694894187
2021-07-31 13:04:57,23610.030047249853,6285.789979168891,97222.82199978927
2021-07-31 13:10:58,23620.909007977327,6919.476232712101,85416.3029288861
2021-07-31 13:19:28,23638.377174176512,6163.841509537358,82832.50519271773
2021-07-31 13:28:44,23660.118405800735,6776.055393767321,83280.38282615747
2021-07-31 13:35:28,23677.604165785953,5591.860229948104,92693.53178939901
2021-07-31 13:58:42,23747.923131661842,6358.229109577531,87812.68348327407
2021-07-31 14:02:10,23759.62417683031,5352.757698007024,90395.42911189211
2021-07-31 14:08:48,23782.792992498307,6608.847197884169,99169.72835233904
2021-07-31 15:13:41,24044.52118974547,6221.354972583563,97999.10002112789
2021-07-31 15:17:46,24061.779822633773,5958.222691281002,97973.86143883476
2021-07-31 15:30:27,24114.741175914707,6369.395809907462,79734.04790236517
2021-07-31 15:32:07,24121.59408001564,6616.680621189925,92788.5107826078
2021-07-31 15:41:53,24161.046273158317,6499.610350771269,85802.8283824702
2021-07-31 15:42:29,24163.424847022157,6037.564054271442,85518.0899233705
2021-07-31 15:59:01,24226.329386015874,6319.798504424785,87860.50043327769
2021-07-31 16:20:05,24296.87969854971,5863.5622977832645,103718.02355215081
2021-07-31 16:30:54,24327.787341870226,6903.699792348875,85633.20078533454
2021-07-31 16:39:37,24349.662775730503,7106.420097529918,85516.6097769428
2021-07-31 16:43:21,24358.150823479802,6992.564552237419,99400.05735957433
2021-07-31 16:48:28,24368.891772994208,6196.426530806245,93324.31808694184
2021-07-31 16:50:57,24373.72502805175,7032.193295767832,105020.99493492905
2021-07-31 16:54:22,24379.961908400535,6369.952692820219,95894.8551129024
2021-07-31 16:57:48,24385.74126584554,6188.269471767543,115419.6982432262
2021-07-31 17:03:57,24394.852801715966,6577.752218969114,95584.267459864
2021-07-31 17:06:59,24398.75395506163,6410.852742612664,88096.57640231235
2021-07-31 17:22:07,24412.30618709074,6502.813938904169,90959.50824472561
2021-07-31 17:22:43,24412.640526961695,6278.187335706605,96332.2130389342
2021-07-31 17:22:45,24412.658649698104,6961.008470293107,85500.18417299264
2021-07-31 17:24:10,24413.384969039096,6739.414505137445,94214.47273717729
2021-07-31 17:37:48,24416.0481473671,6111.385439691653,88859.61514752723
2021-07-31 17:41:27,24415.46130809594,6664.100651841171,88999.6751205874
2021-07-31 17:50:58,24411.47117943543,6770.688074912722,84446.04592434946
2021-07-31 18:05:49,24398.66304736625,5919.08506916208,100604.437387819
2021-07-31 18:09:48,24393.99638165528,6728.442945288234,90167.26719809815
2021-07-31 18:38:47,24348.069135799273,6101.220167722054,101507.3534610972
2021-07-31 18:47:24,24331.65542295995,6353.566207173249,94558.17041985271
2021-07-31 19:09:06,24288.96613476665,6319.841161832459,91710.01823020483
2021-07-31 19:24:39,24260.29160735579,6420.178201722909,95946.6670784791
2021-07-31 19:37:51,24239.442087956024,5983.336439680734,91280.40089608297
2021-07-31 19:51:31,24222.955098881197,5900.24162493303,96136.69864680663
2021-07-31 19:52:05,24222.406252434066,6384.1663758074355,89491.94453848978
2021-07-31 19:52:59,24221.558530296676,6163.731563910324,80669.43852373636
2021-07-31 20:04:39,24213.403088754345,6786.80022844883,92122.37563141211
2021-07-31 20:10:46,24211.397370088092,5951.131387686885,89946.42123434988
2021-07-31 20:17:25,24211.1418756123,5482.217587286802,87467.79084306328
2021-07-31 20:30:29,24216.88003464636,6416.322166544632,90758.82273389956
2021-07-31 20:31:54,24218.020279426633,5841.704490033885,96315.22376399976
2021-07-31 20:37:53,24223.98787424484,6282.345672692655,91007.42383498726
2021-07-31 20:48:46,24239.6949388664,6755.061461146036,85836.10084345094
2021-07-31 20:57:33,24256.98381356265,6048.606502613117,104494.88498654931
2021-07-31 21:07:28,24281.42036545772,6171.115430705762,87770.94547949506
2021-07-31 21:12:54,24296.974054891543,6351.12902617998,97862.55199349995
2021-07-31 21:21:39,24325.128201552234,7340.808386704493,92447.91087007248
2021-07-31 21:22:09,24326.84936620513,6559.119030222897,93311.84200296801
2021-07-31 21:28:06,24348.22892897723,6573.708771266754,101016.39505785535
2021-07-31 21:34:43,24373.874119297445,5396.510256138104,85802.99533555578
2021-07-31 21:36:27,24380.902236299513,5882.861807179788,93663.95609608364
2021-07-31 21:58:06,24478.17353521192,6354.053297289531,95032.78142023078
2021-07-31 22:02:26,24499.436418188336,6519.134208128869,100231.21129191911
2021-07-31 22:25:53,24621.139984333044,6296.1322137224715,94521.68401074786
2021-07-31 22:30:39,24646.690101974877,6175.420151898911,90806.891443571
2021-07-31 22:32:36,24657.169232719072,6234.952428671903,93916.53502660102
2021-07-31 22:41:12,24703.38373018072,6729.8064739156225,82191.843822439
2021-07-31 22:59:59,24802.305413043854,6858.647601654492,94853.26387521395
2021-07-31 23:11:15,24858.633732069662,6530.561932511745,92760.63287236942
2021-07-31 23:15:48,24880.443810998284,6158.444883494253,99074.60961918473
2021-07-31 23:18:15,24891.92978105076,5918.266731802214,104701.11099673224
2021-07-31 23:21:09,24905.27631548757,6448.682431328343,92815.59267201343
2021-07-31 23:45:03,25003.318127687595,6488.460740254517,90621.05074002253
2021-07-31 23:53:42,25032.83316978033,6304.303036237987,90202.17429157661
2021-08-01 00:10:48,25080.875965743697,6666.805860879899,98977.86595385028
2021-08-01 00:22:32,25105.802413769972,7196.933362706281,91436.55068043631
2021-08-01 00:25:18,25110.745008954247,6781.27820886333,91857.58581476065
2021-08-01 00:28:35,25116.16013368244,7099.017570959623,90595.77261052247
2021-08-01 00:35:33,25126.077044017395,7478.1949385492535,97652.59541014215
2021-08-01 00:39:02,25130.263328238958,5945.713333667966,99277.5978666023
2021-08-01 00:39:14,25130.48859028925,6145.171769897432,94325.5958650055
2021-08-01 00:39:30,25130.786425157967,6663.349715338536,94612.27308056531
2021-08-01 00:39:36,25130.89737390083,6378.986520916374,97482.22565526955
2021-08-01 00:40:28,25131.842116399846,5864.4997842927005,91543.12261442309
2021-08-01 00:40:53,25132.28564538738,6702.591976341599,101287.75687497926
2021-08-01 00:41:16,25132.687610357698,6901.594802389556,97277.29406945546
2021-08-01 00:42:10,25133.608605016943,6352.337154376136,101422.09962028461
2021-08-01 00:43:53,25135.277940857613,6084.2603423214705,89646.06703551917
2021-08-01 00:45:08,25136.422543804296,6681.0636683117245,96208.87316823521
2021-08-01 00:45:34,25136.80559996036,6373.122943668655,97482.41913253245
2021-08-01 00:45:50,25137.03784289027,6644.878817965857,101233.3801037372
2021-08-01 00:47:01,25138.03668576546,6495.08071919883,102673.07424209807
2021-08-01 00:53:51,25142.834099662934,7374.485518833462,104898.71736650215
2021-08-01 00:55:15,25143.623486560376,7310.369884311683,101434.34743053185
2021-08-01 00:57:17,25144.660260634624,6626.076834313678,88803.26415221038
2021-08-01 00:59:10,25145.508935400663,7086.677998641386,88223.80454085374
2021-08-01 00:59:27,25145.627613130608,6467.714329143504,102860.11350903941
2021-08-01 01:04:37,25147.4030337686,7054.207566696348,92594.41061701461
2021-08-01 01:06:27,25147.867125252433,6699.481088041055,97177.96289622622
2021-08-01 01:08:17,25148.251689154917,6414.760101888822,95980.80671833825
2021-08-01 01:08:22,25148.267356185872,6382.869732857517,96983.81383547971
2021-08-01 01:16:27,25149.1247660614,6614.203962078834,93151.1112042891
2021-08-01 01:25:20,25148.910085819924,6633.158472816725,101584.89501053143
2021-08-01 01:27:56,25148.702210956235,7260.179623780101,92703.19662280109
2021-08-01 01:35:29,25147.94621816937,6819.006548246057,81780.51294737581
2021-08-01 01:36:42,25147.82195176667,6435.341841534392,96051.17539457817
2021-08-01 01:41:59,25147.35036976353,7235.016690720163,106121.94451061283
2021-08-01 01:43:49,25147.229882341046,6065.387423407648,84485.96369593743
2021-08-01 02:29:47,25170.028456389588,6104.406531534931,93093.1732618843
2021-08-01 02:35:25,25178.60543309112,6695.470618413308,95195.89424538177
2021-08-01 02:37:32,25182.277888694247,6776.552377204375,100628.58035241107
2021-08-01 02:39:11,25185.31821017387,6779.38096489516,92583.64020645249
2021-08-01 02:41:23,25189.6198738729,6900.652490260592,97636.22690912407
2021-08-01 02:44:24,25195.99124983674,6457.185558118818,104374.31549811116
2021-08-01 02:56:18,25226.778234274178,6267.425575456938,101562.63304868554
2021-08-01 02:57:00,25228.883446016425,6674.775526196885,100393.09830181113
2021-08-01 03:05:29,25257.133708269124,6254.455918677479,94588.26486347863
2021-08-01 03:10:58,25278.16281872941,6734.818544311469,97145.20183490228
2021-08-01 03:14:08,25291.325720158282,6326.429220204864,94007.39897990998
2021-08-01 03:38:43,25419.65998464336,6971.467855027153,101214.85979797195
2021-08-01 03:39:32,25424.72630710381,6714.96958653515,99581.60305123063
2021-08-01 03:46:49,25472.17501870048,6557.496226792744,107781.12557675924
2021-08-01 03:47:20,25475.6946198194,6292.613248527338,102511.53186505505
2021-08-01 03:54:59,25530.149694533575,6304.817389481513,95123.55214436124
2021-08-01 04:10:58,25657.524221974043,6453.321877785637,99005.2909781414
2021-08-01 04:13:23,25678.29353345062,6761.909449751743,91228.04393634846
2021-08-01 04:17:39,25715.86819281551,7038.507737012216,89606.0817832623
2021-08-01 04:32:36,25855.91896572016,6669.146030659637,93450.65737882476
2021-08-01 04:35:12,25881.477706575573,7312.180796173273,97961.96649673086
2021-08-01 04:37:20,25902.686419829857,6539.833430190042,102192.06717031074
2021-08-01 04:48:29,26016.64538101441,7153.364948559083,104844.36301987938
2021-08-01 04:49:14,26024.477493167935,6592.071605952279,96002.4862334818
2021-08-01 04:51:21,26046.68017906522,6158.696256842809,95207.26965426702
2021-08-01 04:52:16,26056.338889629293,7123.110574966689,100581.84026953537
2021-08-01 04:52:30,26058.80149952623,6365.604103562639,100475.64601478065
2021-08-01 04:56:17,26098.945545103692,6655.858861063616,93906.83359248219
2021-08-01 05:06:40,26210.803880869702,6682.5643685369,102139.38293921362
2021-08-01 05:08:49,26234.190136808265,6862.439854516368,98347.38353928062
2021-08-01 05:12:16,26271.817616661552,7129.4923038813,103831.47535311435
2021-08-01 05:13:45,26288.023446896677,6969.961672296941,106321.61590029405
2021-08-01 05:25:22,26415.009665017526,6177.887011155905,96421.3338896262
2021-08-01 05:26:16,26424.8210509266,6433.8744593764095,116667.65273746218
2021-08-01 05:26:53,26431.53892343492,7369.636684752832,106271.33526739023
2021-08-01 05:36:02,26530.568707491224,6812.594145004285,100938.53225951603
2021-08-01 05:42:35,26600.368661157536,6916.150424009206,90659.52327017488
2021-08-01 05:47:48,26655.04851339914,7433.129510336918,100699.6322702153
2021-08-01 05:52:04,26699.04026272002,7425.535690938706,112760.86000701504
2021-08-01 05:53:57,26718.22353593791,7186.12631856591,94045.36748862383
2021-08-01 05:55:56,26738.25774956107,6881.805630648326,109951.14403100735
2021-08-01 06:02:54,26807.138984933055,7163.013236991731,105136.96211708602
2021-08-01 06:04:08,26819.0722669759,5999.514975597335,96657.81288382174
2021-08-01 06:09:13,26867.350827169827,6787.337681358599,100953.78277995155
2021-08-01 06:11:03,26884.38685330963,7447.707301424938,109037.6162892753
2021-08-01 06:13:44,26908.942160111954,6721.540771032339,100227.20751307784
2021-08-01 06:17:11,26939.823143162695,7025.048387109124,111339.07513498698
2021-08-01 06:21:46,26979.58438139537,7246.976724783124,100432.1024832859
2021-08-01 06:27:41,27028.64699074848,7163.20785576615,97623.57127731513
2021-08-01 06:33:51,27076.888108419247,7149.610797525264,100813.31395028273
2021-08-01 06:35:47,27091.374867557894,6983.091317690443,93450.22394535402
2021-08-01 06:38:27,27110.840942137365,7025.602057582021,94713.43774680533
2021-08-01 06:40:14,27123.51938593293,7708.6836252362,98706.864660732
2021-08-01 06:42:14,27137.409069500678,7315.852721020264,115053.05438111864
2021-08-01 06:44:57,27155.709720695235,7955.079822675542,100298.97356044104
2021-08-01 06:47:52,27174.619139029168,6463.262322444879,102526.51316226942
2021-08-01 06:53:41,27209.993379261166,6318.0530740528275,91359.95360291419
2021-08-01 06:54:38,27215.46995101042,6959.027853007078,99003.8695954972
2021-08-01 07:03:07,27260.54141902266,7005.378356937987,109663.52008080756
2021-08-01 07:04:05,27265.233873460667,7515.421216350524,108175.08326433419
2021-08-01 07:04:15,27266.033650762143,7527.041746382152,105018.95777368896
2021-08-01 07:05:04,27269.913088779012,7044.100256502758,104625.07941741958
2021-08-01 07:06:01,27274.3432665333,7468.519926172353,112171.2261215513
2021-08-01 07:07:29,27281.007824767566,7141.542406220789,101865.04079622151
2021-08-01 07:16:07,27315.898540303464,7849.642441288579,101195.44184171244
2021-08-01 07:20:13,27329.851746697797,7667.9229704626505,101190.44745949355
2021-08-01 07:24:27,27342.4830781879,6811.350032014893,107751.10225584757
2021-08-01 07:26:32,27348.036906541052,7060.9613018549735,102391.88739428966
2021-08-01 07:28:33,27352.997390469296,6846.73197391609,100172.51684369775
2021-08-01 07:31:31,27359.553095084204,7104.472968221368,118413.38855363058
2021-08-01 07:34:44,27365.66717662566,7495.237863440507,100122.29494158803
2021-08-01 07:49:01,27380.506487913724,7993.960805870053,102569.48663957581
2021-08-01 07:51:26,27381.069409000484,7863.245843739873,105087.04261031258
2021-08-01 07:52:18,27381.13701547819,6883.655837046614,106636.67983735893
2021-08-01 08:00:22,27378.427541481447,6516.902380151391,109673.10354124695
2021-08-01 08:02:23,27376.826313193476,7057.38243072047,102386.51233809123
2021-08-01 08:04:33,27374.704014601575,6833.853857619792,107227.2135441304
2021-08-01 08:05:50,27373.252903373865,7023.20042568457,99112.98911495022
2021-08-01 08:06:33,27372.380302791393,7290.373574000426,106213.10832792355
2021-08-01 08:10:06,27367.408662792903,7542.042519453711,111118.74794600595
2021-08-01 08:11:50,27364.59439141869,7080.750369490415,107442.02089263123
2021-08-01 08:19:14,27349.81877745205,6983.702831802623,114691.80765275266
2021-08-01 08:22:18,27342.429601389955,7840.356470964967,102198.96167680454
2021-08-01 08:27:15,27329.011674494996,7197.545421208254,107187.27318249298
2021-08-01 08:32:06,27314.15725980052,6605.142197535675,106865.99690738462
2021-08-01 08:37:48,27294.662816038897,6402.34317555512,114346.38797596846
2021-08-01 08:39:36,27288.072272047644,7217.638279722256,105607.79477142128
2021-08-01 08:40:52,27283.314246078673,7465.788029134459,111830.5150304671
2021-08-01 08:43:02,27274.950778669245,6524.287659192722,101369.48686451868
2021-08-01 08:44:10,27270.46549040129,7029.734476779803,110739.72316384697
2021-08-01 08:48:59,27250.589414830683,7554.0675529997425,110834.40315811307
2021-08-01 08:49:10,27249.80767985285,7600.529316719163,109686.58026395974
2021-08-01 09:05:51,27171.832114335095,7322.741670801962,102781.83424516646
2021-08-01 09:07:19,27164.402930316483,7547.302692129748,105375.35853271863
2021-08-01 09:17:03,27113.20250305037,7101.7460463446505,97851.00594131445
2021-08-01 09:29:09,27045.863017227286,6472.229903649974,103305.82096375576
2021-08-01 09:29:13,27045.483259509187,7728.4675539513255,103556.44657974209
2021-08-01 09:37:06,27000.07988960586,7124.45168175573,101136.70272647547
2021-08-01 09:43:37,26961.99050972364,7148.324828801397,108158.76804445058
2021-08-01 09:57:44,26878.84826860657,6767.6685401999375,100459.40151513499
2021-08-01 09:59:07,26870.71379646957,7121.083966633832,100594.65967084026
2021-08-01 10:03:01,26847.84065766077,6943.307979900406,105582.97457487666
2021-08-01 10:07:22,26822.472431900962,7142.964596439597,109013.67219461576
2021-08-01 10:09:16,26811.453077598497,6778.917607013304,91862.36942649045
2021-08-01 10:18:28,26758.78723272066,7574.120320362423,104881.00166062565
2021-08-01 10:22:50,26734.28248017958,6897.634794644808,95780.78614427541
2021-08-01 10:22:59,26733.447233827683,6686.835158050582,97650.43676029943
2021-08-01 10:37:22,26655.714363129457,7097.306699703996,102590.87373920092
2021-08-01 10:41:05,26636.48670957459,6413.641934156107,102160.80846907581
2021-08-01 10:46:18,26610.174924959607,6705.4642941916245,106438.65332527537
2021-08-01 10:59:08,26549.131981985956,6766.044489516767,93794.37224152322
2021-08-01 10:59:12,26548.829475443243,6949.662371370641,93411.38033209842
2021-08-01 10:59:24,26547.922899003297,7401.257206767502,111242.73288177306
2021-08-01 11:01:35,26538.11876007667,7210.721897369749,98571.87345917177
2021-08-01 11:08:56,26506.39407236025,6880.240971682316,103813.44695223405
2021-08-01 11:10:42,26499.071013618883,7542.438862495005,95237.9299764404
2021-08-01 11:24:09,26447.34078469861,6933.155493600258,102236.3524138135
2021-08-01 11:31:14,26423.05977850096,7034.213284528465,106509.76934908397
2021-08-01 11:33:21,26416.2125418615,6810.1671336725685,99309.44067651137
2021-08-01 11:44:22,26383.66889654323,7051.813457157644,99360.01520717533
2021-08-01 11:53:38,26360.377314427238,7048.328859890224,98091.46598510853
2021-08-01 11:57:19,26352.167361019365,6245.347750304725,95753.97639429806
2021-08-01 12:12:26,26324.753266666805,6976.954950341904,107864.04642692998
2021-08-01 12:14:05,26322.372543003286,7136.845603700926,101510.6785992531
2021-08-01 12:23:14,26311.346114684035,7501.096368255518,100072.1989363998
2021-08-01 12:30:04,26305.50219250178,7678.828801103382,101698.93150066955
2021-08-01 12:48:54,26299.78896152106,6813.654047932783,99343.83544055192
2021-08-01 12:54:13,26300.876221840394,6859.934424331942,106803.07364595679
2021-08-01 13:11:54,26312.70717661486,7108.0106661974,102018.09810088156
2021-08-01 13:15:36,26316.72954513603,6853.109088147323,99246.41451316369
2021-08-01 13:27:00,26332.331156969918,6711.298989844086,97201.79991074097
2021-08-01 13:27:16,26332.752602879395,6415.923360709002,92331.09413022274
2021-08-01 13:32:53,26342.21034769035,6647.192615643375,112697.39367503414
2021-08-01 13:37:38,26351.055899669263,6651.619844571813,100104.62976622849
2021-08-01 13:43:40,26363.370580499624,6569.991485672105,112788.10298450376
2021-08-01 13:47:20,26371.42422152507,7015.8719819156095,103212.69601452626
2021-08-01 13:48:37,26374.341826087704,7056.284662686937,100000.0887064301
2021-08-01 13:51:16,26380.525231041927,6564.306784862015,100115.31513310321
2021-08-01 13:55:22,26390.503565485316,7058.330520074679,95947.04924495055
2021-08-01 14:14:03,26441.78543176651,6884.326268962987,116940.81118968112
2021-08-01 14:22:44,26468.473110535924,6868.599241991826,98675.75809142893
2021-08-01 14:29:26,26490.102162139596,6466.135554408842,102298.29576890692
2021-08-01 14:33:56,26505.07393253437,7192.384407412145,96982.8612407384
2021-08-01 14:47:41,26552.619561942454,7152.17241242038,107613.5849141
2021-08-01 15:01:47,26603.28603228037,6943.823767254145,101368.9346593713
2021-08-01 15:05:37,26617.231355352254,6476.629009831001,100912.71297858756
2021-08-01 15:42:26,26748.24975716302,6801.57930520875,109717.84426010384
2021-08-01 15:42:57,26749.98426957428,7633.357773214881,104015.02240159173
2021-08-01 15:45:44,26759.247543572797,7736.637039151091,99162.32406095168
2021-08-01 15:48:44,26769.070299919975,6590.502781669901,95447.02845664845
2021-08-01 16:00:50,26806.717037917966,6352.763310224723,98853.01128684226
2021-08-01 16:10:29,26834.059373125438,6824.820809436026,108385.68740923575
2021-08-01 16:20:03,26858.378279184722,7613.540978840504,97203.03481160133
2021-08-01 16:23:36,26866.621482099148,7130.195941568008,110942.43253916223
2021-08-01 16:24:51,26869.417656647896,6975.2480635780985,105278.12648688669
2021-08-01 16:29:11,26878.66838486889,7103.152272512823,102576.99210846514
2021-08-01 16:29:46,26879.86013570125,7326.102778044272,108756.12943354351
2021-08-01 16:33:53,26887.899229087165,5945.729883603536,108061.318045822
2021-08-01 16:37:33,26894.498944458446,7440.329364100373,105772.0573840466
2021-08-01 16:46:20,26908.070027247817,6740.6703271715005,108022.54538483493
2021-08-01 16:50:16,26913.087700821976,6890.717598073847,103346.12826269523
2021-08-01 17:10:17,26927.96139733673,7250.320790493949,95825.52206070288
2021-08-01 17:11:53,26928.36323105594,7788.509739892905,101950.97798868772
2021-08-01 17:17:45,26928.82936365495,6838.002139170697,100672.18977162933
2021-08-01 17:34:23,26921.622662229278,6765.320724477079,103939.09127707826
2021-08-01 17:40:17,26916.115059098553,6818.493725670986,111035.81172146663
2021-08-01 17:47:08,26907.871927439166,6831.869707563138,98833.27105584236
2021-08-01 17:53:08,26899.091220794977,7779.869030070761,112034.14424726223
2021-08-01 17:55:49,26894.713727561248,7069.831047611448,99952.58139101158
2021-08-01 17:56:50,26892.98478859035,6829.507935320865,97919.16017181215
2021-08-01 18:09:01,26869.442756528282,6811.000302733989,116973.33454171084
2021-08-01 18:17:31,26850.243325834992,6155.909974509724,101016.27705050331
2021-08-01 18:33:55,26808.182136246047,7655.004113891574,94579.90948385464
2021-08-01 18:56:52,26743.013039185502,7368.5334333650335,106456.63400108088
2021-08-01 19:26:54,26660.324748654984,6513.655667319836,101944.276119289
2021-08-01 19:29:37,26653.629470715725,7380.674731750506,106480.29223537944
2021-08-01 19:39:38,26630.753716449624,6889.548481156777,100542.13128646786
2021-08-01 19:48:54,26612.59015729854,7499.091023974961,98152.60082210516
2021-08-01 19:54:29,26603.26739993354,8201.192835272128,109701.3506678103
2021-08-01 19:56:25,26600.348715504733,7159.434546382435,91626.45431567068
2021-08-01 20:02:31,26592.247986735812,6606.66382961378,100083.26451593555
2021-08-01 20:13:47,26582.04344118985,7391.916379036882,108798.81482407195
2021-08-01 20:15:25,26581.108440025353,7728.880955921093,102941.9223338026
2021-08-01 20:25:34,26578.57572599074,7046.992717729696,95071.91640318802
2021-08-01 20:26:29,26578.63241923518,7058.074728334295,109607.64614438
2021-08-01 20:39:08,26584.42989608757,6962.536189174314,97664.15892713498
2021-08-01 20:44:09,26589.37144868648,6103.344922652716,110508.41364654581
2021-08-01 20:47:03,26592.922498354936,6804.567804910406,95698.59436485326
2021-08-01 21:14:07,26650.50336664446,7050.453108320058,100858.26793168962
2021-08-01 21:15:38,26655.005383554235,6494.228444335226,99138.97399594844
2021-08-01 21:31:46,26710.675655092913,7275.474282825297,100777.35342677942
2021-08-01 21:32:38,26714.049803696915,7100.980949503843,96210.96597285148
2021-08-01 21:41:17,26749.696035447163,7424.2167890795035,100247.67333957554
2021-08-01 21:43:58,26761.446408903044,6780.729637316804,96831.40523168448
2021-08-01 21:46:07,26771.083823784396,6978.799307460422,108636.00839666543
2021-08-01 21:46:24,26772.368259447678,7715.206426652954,111708.4539485321
2021-08-01 21:54:23,26809.86009346235,7080.169852181743,103121.93460602258
2021-08-01 22:01:36,26845.714746257396,7220.2139592206995,96031.27432600743
2021-08-01 22:04:35,26861.01335801173,7118.4164157558625,101354.80038871092
2021-08-01 22:21:04,26949.42925067011,6725.184773093932,108584.86369656012
2021-08-01 23:10:11,27220.382469527667,7047.230287128819,93177.73189740856
2021-08-02 00:08:07,27455.4710693365,7248.7087505942145,109169.54445643243
2021-08-02 00:37:43,27514.65890698657,7172.0567434482255,105798.7382365759
2021-08-02 00:53:15,27530.263757820998,7782.049764125971,115994.92774620416
2021-08-02 00:58:58,27533.838419392676,7278.211563262479,96323.20981519259
2021-08-02 01:02:22,27535.497794381936,7995.680034742292,110072.3476870777
2021-08-02 01:06:28,27537.08777154338,7390.600450952361,106358.44089162238
2021-08-02 01:09:30,27538.005662059393,7195.709179861334,115544.90194678074
2021-08-02 01:11:58,27538.60836048226,7057.406489378834,96473.42974598156
2021-08-02 01:22:57,27540.088777211142,7220.374888463828,101786.10362234588
2021-08-02 01:28:57,27540.376924501437,7076.199684010952,115201.75516939789
2021-08-02 01:34:06,27540.53818837513,7596.202454581546,104315.34547833356
2021-08-02 01:34:43,27540.55921732292,7093.325506627972,96780.51992068511
2021-08-02 01:42:20,27540.99348933313,7269.538179268778,110941.48356862765
2021-08-02 01:57:55,27544.3934625052,7146.7926421362545,112144.0088677905
2021-08-02 02:00:36,27545.54243787575,6864.643492322463,99231.13631407396
2021-08-02 02:05:02,27547.92878539453,7789.615326752046,103314.87932393172
2021-08-02 02:05:52,27548.451265893593,6838.531654873483,107831.12951300353
2021-08-02 02:24:00,27566.966709803484,6924.7553231166685,106233.84717791925
2021-08-02 02:36:02,27588.589439643518,7442.331402122636,108049.02678422295
2021-08-02 02:42:22,27603.58613600425,7983.790367200993,100625.9461957328
2021-08-02 03:06:10,27685.905288084596,7443.8904004438,108512.13795480602
2021-08-02 04:25:51,28304.217144138875,7485.292520531835,112984.79001253983
2021-08-02 05:00:22,28709.88978739742,7527.007930425836,117907.62757437762
2021-08-02 05:09:37,28825.72776684535,8473.507675332161,125798.75350364513
2021-08-02 05:29:59,29083.363162958613,8007.279426563376,108648.96132594875
2021-08-02 05:32:18,29112.520344399625,7227.9243421272395,119673.79768029922
2021-08-02 05:40:38,29216.531757948975,7243.881287182958,109460.02306774301
2021-08-02 06:10:39,29569.591798205074,7797.474006392497,108646.46455315503
2021-08-02 07:09:43,30070.04950310817,8951.988551165652,132357.02207853063
2021-08-02 07:14:41,30096.390082126258,8305.98115033391,109589.20215116352
2021-08-02 07:14:57,30097.728762962193,8245.439901137011,114588.8272985701
2021-08-02 07:16:12,30103.9008463764,7743.654644275186,125699.6827658369
2021-08-02 07:24:55,30142.209012168856,7634.08389684909,124664.00027978553
2021-08-02 07:27:15,30151.05763830505,8203.614939462343,115338.2297852151
2021-08-02 07:28:33,30155.730298270093,6555.016591465487,120528.46094887385
2021-08-02 07:31:03,30164.199586450883,7682.890819878268,105674.88322405347
2021-08-02 07:52:19,30209.190681151675,8017.213169926701,111128.77337340795
2021-08-02 08:58:34,30084.27405488321,7619.653297486648,115614.66982281664
2021-08-02 09:54:44,29800.98622062491,7599.768269176728,115264.50472869043
2021-08-02 10:51:49,29518.20938862101,7649.777914548343,105553.85490965693
2021-08-02 11:19:21,29418.76866845531,7833.251184253619,114900.19820470519
2021-08-02 11:22:26,29409.66829448807,8162.746237254363,116213.5480219466
2021-08-02 11:46:22,29354.20344631372,7942.996329369659,120334.55569563727
2021-08-02 12:25:01,29323.82044051038,7681.121047945261,105137.16114882086
2021-08-02 12:36:31,29328.989780412776,7119.752746789259,109565.05938804103
2021-08-02 13:34:04,29446.425544096317,7768.373908534332,113652.63467744189
2021-08-02 13:51:13,29507.769012613917,7810.729741928803,115219.17690115828
2021-08-02 14:07:58,29577.24455379374,7455.582764860934,107472.1996782252
2021-08-02 14:30:15,29681.593777827133,7407.999035277391,109359.37439003671
2021-08-02 14:42:08,29741.44851906607,8611.25112831968,124241.23611243488
2021-08-02 14:43:44,29749.6743875204,7141.273285676588,103479.92134966418
2021-08-02 14:46:34,29764.32202269698,7258.293216557645,112771.81051538495
2021-08-02 14:52:45,29796.599314802665,8948.60524967689,115010.28536630062
2021-08-02 15:30:52,29998.021621141783,7920.71591499959,124274.82373968474
2021-08-02 16:21:03,30230.52940964611,8422.720776508366,109589.372172186
2021-08-02 16:43:01,30304.909312268846,7573.162442859562,125732.17225146391
2021-08-02 17:13:15,30369.287674642383,7992.082855332399,113042.62279904775
2021-08-02 17:15:00,30371.562819738952,8095.9166271448785,119955.17027050133
2021-08-02 17:21:54,30378.96246019695,7855.799810440335,109135.79983062469
2021-08-02 17:48:34,30384.60612627657,8244.587260303531,114667.33890042819
2021-08-02 17:52:01,30382.814347982054,8246.632548026304,116663.37735139225
2021-08-02 18:46:03,30299.512709635732,7570.106076095034,116108.86239198338
2021-08-02 18:46:59,30297.490635205715,8532.102791626954,112704.48093015469
2021-08-02 18:50:28,30289.884652442317,8113.456671595388,110683.49049869236
2021-08-02 18:54:10,30281.733793160107,7437.699464241194,107238.73021032296
2021-08-02 19:13:06,30240.491411714553,7724.583399988955,119394.35562804525
2021-08-02 19:16:13,30234.036911398332,8352.599689596345,117901.35923259662
2021-08-02 19:34:56,30199.694326896886,7698.7521229352615,110914.46937255704
2021-08-02 19:40:02,30192.11196107919,7728.437756138912,116455.2729118932
2021-08-02 19:58:46,30173.291976921904,7333.556605877532,124535.34168809855
2021-08-02 20:20:00,30173.427567054103,7216.84712560629,112864.247671791
2021-08-02 20:24:46,30177.106623246098,7683.586887220433,118091.73816224313
2021-08-02 20:40:11,30198.99400585081,6901.698416556108,117279.50499792889
2021-08-02 21:09:52,30285.80169009131,8494.664771956206,114224.92354786822
2021-08-02 21:23:05,30342.99122084682,8355.015203262501,118006.46493232835
2021-08-02 21:26:53,30361.40326556413,8107.657181271803,113230.6810107295
2021-08-02 21:30:02,30377.298759891713,7928.081087791686,117691.37235708575
2021-08-02 21:51:59,30502.417453682636,7611.917656438408,127937.82330777374
2021-08-02 22:07:23,30602.40421434272,8372.232603899323,121718.94669409165
2021-08-02 22:10:44,30625.136463711486,8778.968189398012,105438.32326364316
2021-08-02 22:37:33,30813.961279930794,8339.676475487891,111729.70983820551
2021-08-02 23:06:45,31017.351955336537,8668.83982968494,116570.4746703827
2021-08-02 23:32:23,31175.962532486155,8168.199969739654,115345.53396795847
2021-08-02 23:51:38,31274.815253639954,8140.929096830085,120185.98305063038
2021-08-03 00:05:22,31332.637278765927,8495.599843723918,117233.64066797381
2021-08-03 00:12:16,31357.499498823785,8492.458076337969,123344.70638099546
2021-08-03 00:14:03,31363.46806296839,8095.8780616109825,105410.88454825859
2021-08-03 00:28:41,31405.481838835527,8352.17324325519,110541.09985337971
2021-08-03 00:41:17,31432.211603990356,8016.417170139452,112363.25167646022
2021-08-03 01:28:15,31476.0139181568,8124.205229492606,124485.70195232352
2021-08-03 01:33:45,31478.17175608169,8072.8066767940345,121897.6182052113
2021-08-03 01:52:11,31486.577235375044,8366.492290122429,128614.15824598828
2021-08-03 02:09:02,31500.68898047356,8273.157335615102,119755.30929543404
2021-08-03 02:13:02,31505.592848330434,8252.968597772562,119529.21378506198
2021-08-03 02:20:27,31516.723628519117,8523.55562323855,115549.9548783139
2021-08-03 02:21:02,31517.721786615624,8019.8516413543675,103249.18429179372
2021-08-03 02:49:17,31592.504127393637,8416.361111093913,124035.87810656687
2021-08-03 02:51:07,31599.406251635955,7839.116140166068,114654.040533345
2021-08-03 03:52:34,32009.512403580276,8616.011378205134,120974.95032253549
2021-08-03 03:57:34,32058.753493757635,8759.981090308202,116236.80516099477
2021-08-03 04:20:21,32310.784423076828,8187.91075895335,148037.84644787663
2021-08-03 04:34:55,32492.770681927836,7882.172700890425,131227.9493928545
2021-08-03 04:42:03,32586.708305530883,9079.4549626563,123344.17312917154
2021-08-03 05:29:40,33256.33688771879,8781.416194341795,116165.9313373135
2021-08-03 05:34:21,33322.68152700012,8513.85535897675,127274.7653025013
2021-08-03 06:22:30,33945.43629320318,8619.86040257985,131034.70284853455
2021-08-03 06:52:44,34237.792313853344,8756.18655511998,129589.72813433404
2021-08-03 07:04:12,34321.54615000588,8495.569702714567,138400.74731112478
2021-08-03 07:05:01,34326.89791941529,10155.577755137232,131267.10279015108
2021-08-03 07:28:02,34443.236743237925,9254.501936763882,124937.4733913505
2021-08-03 08:14:13,34479.50738374426,8657.173501406007,132311.57850447876
2021-08-03 08:47:18,34367.78301546427,9656.365597599992,134944.67694239516
2021-08-03 09:42:55,34028.16135984168,7748.418506597686,122901.75385889216
2021-08-03 10:26:03,33733.438179246376,8651.217979182979,146562.48747897334
2021-08-03 11:45:20,33343.465250641144,8665.53231996575,130593.21911010986
2021-08-03 11:46:19,33340.55544142263,8815.43536960283,120226.57714369141
2021-08-03 12:43:22,33262.33869550108,8535.540701706848,131056.80089254305
2021-08-03 12:50:56,33265.13518103568,8961.647261827657,137403.68050129715
2021-08-03 13:01:05,33273.50104743942,8829.771986891128,130308.42204487363
2021-08-03 13:21:20,33305.31409779586,8471.159308523613,122526.6749296529
2021-08-03 13:30:50,33326.7905254656,9728.809618990324,133719.12556714544
2021-08-03 14:04:47,33433.5675428058,8739.947381829536,127744.47280234631
2021-08-03 14:44:22,33602.89353708706,8882.491155791746,134345.5573878939
2021-08-03 14:50:28,33631.639488916684,8922.853347163371,123699.0818197163
2021-08-03 14:57:43,33666.27599191137,8087.73815633269,125752.74668689785
2021-08-03 15:14:36,33747.71572729525,8745.443921301952,122654.25119540503
2021-08-03 15:17:09,33759.97694012884,8581.289179680938,118087.83512318904
2021-08-03 15:40:05,33867.176539750784,8398.72851366411,137569.69592643194
2021-08-03 15:45:57,33893.143463611814,8438.489895870434,132802.09353923547
2021-08-03 15:48:28,33904.030037371456,9765.807906349213,136811.5325923747
2021-08-03 15:52:21,33920.498667394786,8936.71411633836,149913.86122640912
2021-08-03 15:59:04,33947.94080953774,8848.529303211506,132799.367334806
2021-08-03 16:31:25,34056.30373474282,8743.180939807147,128956.17068098408
2021-08-03 16:42:00,34081.236162176174,8848.741103657918,139460.9256991451
2021-08-03 16:42:10,34081.58164542605,9717.23863881058,124950.35334705269
2021-08-03 17:09:14,34116.92597133903,9237.343052589697,131211.56721483823
2021-08-03 17:19:59,34119.079550811606,7530.391468331235,118918.58200299917
2021-08-03 17:37:31,34108.04929484413,8727.113657739153,120463.96535686788
2021-08-03 17:44:40,34098.56217539456,9810.301632998475,133023.1664429742
2021-08-03 18:09:31,34045.5067066736,9391.127542920773,132752.06009099536
2021-08-03 18:36:36,33960.28440001885,8859.04305601824,121479.47040208473
2021-08-03 18:36:52,33959.35001009239,9394.091997297657,132163.29896504118
2021-08-03 19:04:18,33859.48642657981,8956.843179412368,122682.55481681082
2021-08-03 19:04:37,33858.329882975915,8846.42624913546,125881.0842848092
2021-08-03 19:26:31,33782.098144280564,8667.683243032885,127518.66873340686
2021-08-03 19:27:24,33779.254539909954,8821.20409522453,121672.77988117903
2021-08-03 19:31:14,33767.199285724695,8199.112494977075,128839.56952595287
2021-08-03 19:36:56,33750.217650728846,8775.78021218351,146490.5069237661
2021-08-03 19:41:34,33737.348296067554,8649.575913234787,137157.32649524463
2021-08-03 19:43:45,33731.60182673448,8752.071904283202,126838.75250302853
2021-08-03 20:03:01,33691.19273698738,9196.072841286896,130628.22573788182
2021-08-03 20:03:47,33690.01075858127,8051.997757424948,131271.08320107608
2021-08-03 20:06:18,33686.3816159376,8423.719985712123,122061.98809180554
2021-08-03 20:17:33,33675.08551408744,8347.899491356713,139392.16396004814
2021-08-03 20:18:39,33674.431780568884,9036.330793118033,137164.5297387922
2021-08-03 20:19:58,33673.75849298982,8926.975071107841,125665.0059145876
2021-08-03 20:22:04,33672.93332458308,9306.527490801633,127841.336940832
2021-08-03 20:28:46,33672.38484735578,8720.609228954074,125929.01413677068
2021-08-03 20:30:20,33672.722639759835,8640.32723793487,121432.65453680407
2021-08-03 20:32:30,33673.485412278766,9741.299886104156,140291.30592207678
2021-08-03 20:32:37,33673.536268474265,8469.596985124963,129984.02923399035
2021-08-03 20:33:25,33673.912030578496,8604.296767837475,132589.44365908194
2021-08-03 20:34:44,33674.63347098861,9485.62605648413,133328.77801576885
2021-08-03 20:36:17,33675.6476161292,7990.56147100304,123803.71535612813
2021-08-03 20:38:11,33677.13507991159,8428.437110654548,132151.33638357662
2021-08-03 20:38:54,33677.76628844084,8276.065441816902,123746.9908959774
2021-08-03 20:40:39,33679.46962024547,9311.471421141912,135989.3530364602
2021-08-03 20:41:56,33680.865192945545,8839.340671443984,124587.53767580612
2021-08-03 20:45:17,33685.09418073028,8885.627377531722,127259.97912786716
2021-08-03 20:45:29,33685.37351758488,7511.176346841348,124011.7091727821
2021-08-03 20:46:45,33687.213039988,9338.499636140672,124044.87429438868
2021-08-03 20:48:19,33689.65652840608,9414.030571894164,131302.2425455979
2021-08-03 20:50:39,33693.64097301552,8554.004832793908,133094.73944678938
2021-08-03 20:51:02,33694.33506808613,8948.491683780901,132275.4754214596
2021-08-03 20:51:07,33694.487433404574,8716.297794205566,140576.22633698644
2021-08-03 20:51:15,33694.732313677494,9353.077072239417,127990.22742609323
2021-08-03 20:54:11,33700.460684744416,8918.89961585952,152035.24892862665
2021-08-03 20:56:14,33704.850778069675,9065.140150236968,127623.78729009374
2021-08-03 20:57:39,33708.07005408133,8576.992767484979,123477.26191179066
2021-08-03 20:58:20,33709.67696197536,9656.077377649763,132641.05594516828
2021-08-03 20:59:15,33711.887745346634,8715.52732841017,142089.8999234645
2021-08-03 20:59:29,33712.46057269854,8891.633887434089,137784.5963112176
2021-08-03 20:59:54,33713.4936440427,8868.1212002163,146693.44314682766
2021-08-03 21:01:33,33717.71237609381,8657.697098856615,124128.77577503434
2021-08-03 21:03:54,33724.071786405926,8282.149521907888,139334.34306470305
2021-08-03 21:05:44,33729.31775677265,9095.6677590799,121215.59104141052
2021-08-03 21:07:51,33735.682726499064,8493.366931291124,146818.16387365485
2021-08-03 21:08:04,33736.35280383326,9126.752121776297,139779.77866745548
2021-08-03 21:08:20,33737.18222634605,9156.441632051814,112893.51985398558
2021-08-03 21:08:49,33738.69878956273,8984.288272870543,137176.12636136898
2021-08-03 21:10:23,33743.73142185378,8541.046470364368,138809.00989738596
2021-08-03 21:11:23,33747.03672428365,9680.421835590696,134808.6157319036
2021-08-03 21:12:20,33750.24350703977,8751.289315589234,133206.776954457
2021-08-03 21:13:23,33753.8631361965,8832.397643518963,139591.72831060563
2021-08-03 21:13:45,33755.14568169567,8820.52775630873,114836.37898353804
2021-08-03 21:14:20,33757.20581281943,8859.586752047368,146783.67575694167
2021-08-03 21:14:42,33758.513116827635,8462.402061872894,130375.08516186861
2021-08-03 21:16:32,33765.19205424684,9227.43353098372,124480.5927239017
2021-08-03 21:20:40,33781.10974291237,8420.76661681168,124715.85176103242
2021-08-03 21:24:09,33795.429755312674,9669.25308847398,126163.70644171801
2021-08-03 21:28:20,33813.68966646813,8735.505885065093,128391.84342205028
2021-08-03 21:28:46,33815.64587895692,8907.537218310335,134424.95480651798
2021-08-03 21:29:21,33818.29813298906,9081.033263901678,132334.45906435407
2021-08-03 21:30:40,33824.36374135673,8778.514189123589,128465.52864156541
2021-08-03 21:33:03,33835.61810035531,8557.816668610452,124174.16537970885
2021-08-03 21:33:17,33836.7386969998,8828.246037390041,119638.39683043906
2021-08-03 21:33:40,33838.586866985104,8901.765791007994,123500.26566734159
2021-08-03 21:34:07,33840.767818842854,8549.418294679253,148564.96714441237
2021-08-03 21:38:07,33860.68347016388,9280.966506183422,132989.52484595578
2021-08-03 21:40:19,33872.0320258303,8612.906380929198,128599.7203123376
2021-08-03 21:40:36,33873.513398438,8638.638072903848,122434.57456925257
2021-08-03 21:41:14,33876.84082477004,9812.76347470212,147728.19678610718
2021-08-03 21:43:22,33888.2105969966,9272.211039767597,124391.26317159581
2021-08-03 21:46:52,33907.38767407589,9167.134131908226,118635.8509830965
2021-08-03 21:48:30,33916.55134549321,9786.407320569873,138561.4542168886
2021-08-03 21:51:09,33931.696743783206,8868.771283351965,124716.87788253387
2021-08-03 21:51:37,33934.39845903387,9524.432459220645,128250.4590370493
2021-08-03 21:55:16,33955.872160260675,8938.717526990038,131493.02197296085
2021-08-03 21:57:13,33967.58322993692,9540.584086402436,123588.31363640988
2021-08-03 22:00:23,33986.93350027437,8281.176860263395,120718.5664444046
2021-08-03 22:02:02,33997.170434142754,8884.19762503543,138000.46013511575
2021-08-03 22:04:20,34011.60611577275,8699.071199597121,135464.5070169117
2021-08-03 22:04:27,34012.34332338414,9016.43387873374,126327.58992020939
2021-08-03 22:06:48,34027.29020820937,9019.00861793991,147457.29272521628
2021-08-03 22:10:50,34053.34798495166,9076.738126354336,130578.75952627507
2021-08-03 22:17:15,34095.70757873086,8677.82248747145,136373.18738405456
2021-08-03 22:20:25,34116.94821190665,9278.955334170227,137700.09612429712
2021-08-03 22:21:45,34125.9462356476,8952.120253674828,123331.95425145335
2021-08-03 22:22:15,34129.32800061462,8271.860759055837,119383.52411068592
2021-08-03 22:22:59,34134.29490333143,9194.136027469958,129640.16321550983
2021-08-03 22:25:39,34152.41984914763,8988.171890492917,143019.0272578518
2021-08-03 22:27:31,34165.15834133342,8781.46184897412,130088.08578010545
2021-08-03 22:28:40,34173.02343469289,8324.384671859803,140403.49890834084
2021-08-03 22:29:24,34178.044772016125,9037.834080697547,125617.5148431634
2021-08-03 22:36:45,34228.52468951099,8467.318808093261,135314.3039393152
2021-08-03 22:40:10,34252.00603233131,7631.968893322796,133691.90464669964
2021-08-03 22:40:26,34253.837124672915,8416.731931099866,122316.40194954634
2021-08-03 22:41:33,34261.500936998455,9026.755663279653,125378.64576622927
2021-08-03 22:43:06,34272.126125154304,8724.650115212653,132232.15525174912
2021-08-03 22:49:16,34314.17561309935,9353.80334574222,132336.38152557297
2021-08-03 22:54:32,34349.66425134092,9524.963524447103,126714.80149752283
2021-08-03 22:57:20,34368.315193828435,8775.177315862515,121624.67945159225
2021-08-03 23:01:04,34392.89919912191,9845.156966215874,134209.61485972186
2021-08-03 23:03:38,34409.58742384829,9661.197669138119,138761.60570156536
2021-08-03 23:03:49,34410.77224319314,9501.794054247697,138744.0239074199
2021-08-03 23:12:47,34467.39408938145,8837.77844695507,152107.83444176285
2021-08-03 23:16:01,34487.097791591645,8897.43371112021,127030.88176887829
2021-08-03 23:17:14,34494.40322534643,8514.490635093298,127654.02314699069
2021-08-03 23:17:56,34498.57839110695,10286.60658585243,130851.19849201542
2021-08-03 23:25:16,34541.016126170245,9027.289012476856,131273.2336178594
2021-08-03 23:26:03,34545.401372292814,9558.9841037236,121618.506046934
2021-08-03 23:30:48,34571.33977998274,10092.799460886356,126600.07513916533
2021-08-03 23:31:03,34572.673070389596,9545.02912781811,133725.84508535935
2021-08-03 23:36:50,34602.58570718514,10349.141186706293,136422.60335966447
2021-08-03 23:39:00,34613.31860599864,8663.292574511368,129634.33190028038
2021-08-03 23:39:20,34614.94626313753,9250.832293471616,129207.85351155448
2021-08-03 23:46:11,34646.965316225556,9083.470732655716,143545.67976023545
2021-08-03 23:47:09,34651.25967186517,8698.217340617795,144297.9220755448
2021-08-03 23:50:01,34663.66074582075,8898.860414028117,135720.57595111642
2021-08-03 23:53:12,34676.8387783926,9521.06644263991,132038.73820622044
2021-08-03 23:54:50,34683.355030199375,9273.938934378399,125974.38825810954
2021-08-03 23:56:37,34690.27804118057,8058.798016229045,131077.68054781167
2021-08-04 00:00:33,34704.834429395065,8759.947457449525,141470.94225203988
2021-08-04 00:00:42,34705.37001976708,9182.901654004982,123098.56793523113
2021-08-04 00:03:10,34713.97081897872,8509.459096375851,125841.45542518486
2021-08-04 00:03:34,34715.32876821418,8487.033538648906,129868.47023522931
2021-08-04 00:04:46,34719.34094002481,8813.354574753805,135410.7778003327
2021-08-04 00:13:10,34744.83378067966,9684.401231554713,136498.7448718493
2021-08-04 00:13:27,34745.614714320494,9245.322609966217,135891.30489871447
2021-08-04 00:14:43,34749.04324799999,8979.859453195784,129053.00386145362
2021-08-04 00:15:11,34750.28059923305,8350.01943312306,137830.83072725593
2021-08-04 00:24:10,34771.42279181454,8994.40572258023,150126.68678610696
2021-08-04 00:26:22,34775.83723402198,9647.60439527355,130708.74508096022
2021-08-04 00:27:42,34778.36971870292,9450.722209934029,127120.4095265332
2021-08-04 00:36:31,34792.480011055304,9352.297483546907,132996.82913234713
2021-08-04 00:36:36,34792.59215410143,9606.023676768453,139700.01193367311
2021-08-04 00:38:56,34795.576589036806,9707.652989358392,130925.64093378918
2021-08-04 00:41:15,34798.24770746325,9118.89127253755,136061.2896478238
2021-08-04 00:43:16,34800.34228901459,8837.813691517373,149936.8627481246
2021-08-04 00:44:26,34801.45832030164,9238.211088785069,145141.61281832607
2021-08-04 00:49:21,34805.41999311514,8153.683494080993,124176.21806272336
2021-08-04 00:49:40,34805.63540337925,8678.084738785947,133376.63369370138
2021-08-04 00:58:12,34809.77103288193,8727.046352554458,132352.55373174214
2021-08-04 01:03:10,34810.834315400294,9282.843061739524,129680.94555030623
2021-08-04 01:04:14,34810.948537901706,9829.75812842724,126826.58444655348
2021-08-04 01:13:51,34810.43325860437,9841.043430770325,134789.16231510468
2021-08-04 01:16:40,34809.841651234026,10175.443691894945,133407.58922149413
2021-08-04 01:20:12,34808.885219595744,8861.4270700698,126742.71112729686
2021-08-04 01:39:20,34801.8134848053,8796.03656161037,134217.7315243126
2021-08-04 01:39:45,34801.66368219836,9093.241567476414,133279.5534620378
2021-08-04 01:40:59,34801.230495425094,9367.8650398688,129601.62624104515
2021-08-04 01:42:27,34800.73798430365,9516.642569782161,144645.71551148978
2021-08-04 01:45:39,34799.768260086596,10557.36613774309,123309.66257231197
2021-08-04 01:52:25,34798.36256003069,9361.309374490766,128325.09390725508
2021-08-04 01:54:11,34798.179081587165,10082.768380705294,130588.13138458309
2021-08-04 01:56:17,34798.07904178791,9415.250758280603,129254.26523072527
2021-08-04 02:03:31,34798.88178911386,8992.278197920405,130664.67172853323
2021-08-04 02:05:59,34799.62415949185,9427.762798107226,130216.27464429954
2021-08-04 02:06:35,34799.84489847742,9184.94969672565,142510.4670165923
2021-08-04 02:12:02,34802.62986500383,9059.287644094862,124009.82541058051
2021-08-04 02:12:19,34802.8152573806,9763.358935484834,130169.96737198875
2021-08-04 02:14:36,34804.46566903023,9803.273745205643,132996.55911168395
2021-08-04 02:14:54,34804.703650517535,9322.837542228874,131216.4079077555
2021-08-04 02:15:13,34804.96029659938,8412.76134088242,122958.91324880187
2021-08-04 02:19:39,34809.16204807102,9880.196586843831,138863.91029861922
2021-08-04 02:32:06,34827.7514847254,8588.99350651196,129901.6655237256
2021-08-04 02:36:27,34836.899276399425,10251.022330866743,120096.3326722232
2021-08-04 02:39:49,34845.014573910295,8164.361642181569,125758.57960839974
2021-08-04 02:42:27,34852.01870642984,8945.786353604344,130714.35895941488
2021-08-04 02:42:42,34852.714318840044,8357.712225851623,122760.51352218709
2021-08-04 02:44:20,34857.39196573228,8800.296654036689,143171.24408814267
2021-08-04 02:45:35,34861.12929143764,8631.73287132265,135320.99690986783
2021-08-04 02:50:50,34878.35721193627,9759.686671935631,130748.65634207807
2021-08-04 02:54:26,34891.64399334752,9175.928838916881,137714.22120369307
2021-08-04 02:55:13,34894.69814228121,9244.57149517572,133573.97448515226
2021-08-04 02:55:17,34894.960791410675,9067.076306883186,124373.76807213493
2021-08-04 02:55:41,34896.545678751674,9088.801614215905,145583.72254040692
2021-08-04 02:55:55,34897.47732772584,9030.85747390474,138104.52030779625
2021-08-04 02:56:08,34898.34714509483,9980.469700215363,134975.01574262654
2021-08-04 02:57:11,34902.62695806346,9852.990966703004,126619.47021212569
2021-08-04 02:58:51,34909.641542650206,8426.123765119695,142802.1592142518
2021-08-04 03:04:10,34933.864023023576,10108.95454086362,139718.16556229576
2021-08-04 03:06:57,34947.68735986058,8347.750245806188,125749.49132420059
2021-08-04 03:07:28,34950.341109794965,8793.983525200305,137826.92843302325
2021-08-04 03:08:00,34953.10946162995,8734.422328534252,144309.7398897281
2021-08-04 03:08:47,34957.229034828175,8459.062483020429,138567.29091858002
2021-08-04 03:11:22,34971.269056740384,9076.94428041407,133107.4246564446
2021-08-04 03:12:26,34977.27079136202,8735.321892228234,137971.43684822688
2021-08-04 03:15:39,34996.09991709382,8679.086809741784,140372.63568519364
2021-08-04 03:15:48,34997.00485484672,8582.964758433907,132387.045060112
2021-08-04 03:23:40,35047.85760734649,8882.621054254672,130021.12514766942
2021-08-04 03:28:00,35078.738333963,9376.844547438046,127302.19242270727
2021-08-04 03:29:02,35086.40491154977,8714.265261799479,150150.41206995188
2021-08-04 03:30:56,35100.80620847894,8862.27983964336,129159.15795323391
2021-08-04 03:36:29,35145.133555450535,8713.311386801404,131116.6395497946
2021-08-04 03:38:25,35161.36458159336,9890.91670281139,132758.7019573355
2021-08-04 03:39:45,35172.79539970578,8227.061421553512,142153.03354083397
2021-08-04 03:42:22,35195.78903491585,7970.4206666705195,139943.82283369036
2021-08-04 03:48:36,35253.53360923538,9378.250007223813,138563.90557075772
2021-08-04 03:50:28,35271.63190470927,9710.925284470864,150642.7597650533
2021-08-04 04:04:32,35419.59895730794,8629.375139863694,139393.60586850985
2021-08-04 04:06:48,35445.29194693332,10174.028355903018,129351.60866665705
2021-08-04 04:07:09,35449.30332685919,8943.964992316936,136109.38460004688
2021-08-04 04:08:57,35470.117396388145,9817.634553279267,126958.19465123859
2021-08-04 04:10:49,35492.02437928395,9882.431808343654,128013.76486299165
2021-08-04 04:13:17,35521.46684619479,8523.72644195849,155396.09983607574
2021-08-04 04:16:53,35565.42119041581,8742.336972726162,149777.76089741173
2021-08-04 04:19:51,35602.49383998018,9039.558448201253,135391.65078802255
2021-08-04 04:21:41,35625.77637917723,8054.620418877866,125785.85697552888
2021-08-04 04:22:00,35629.82613978495,8908.965508936166,148882.5219798819
2021-08-04 04:24:02,35656.0245292368,8849.60706999352,145654.0004944049
2021-08-04 04:25:34,35675.999708035364,8956.38483515881,145521.25942024938
2021-08-04 04:26:08,35683.42860454996,8984.605075997582,135943.35772603334
2021-08-04 04:31:59,35761.53997088103,9386.346107021121,155577.98344377088
2021-08-04 04:33:11,35777.870050992955,9610.203310778845,147579.43492178107
2021-08-04 04:38:21,35849.292926580674,9020.540930515499,133868.26682974366
2021-08-04 04:39:20,35863.08146610701,8873.545259827464,139439.40350271083
2021-08-04 04:40:52,35884.70030939674,9623.163120740006,142114.07211251112
2021-08-04 04:48:01,35987.27352385819,9369.963776341901,137987.13592175537
2021-08-04 04:50:20,36021.074868875396,9572.405068581833,148263.25260188905
2021-08-04 04:52:22,36050.9463273846,10043.846275764727,144138.13803523057
2021-08-04 04:55:20,36094.84466757222,9423.462302899958,136259.13933269985
2021-08-04 04:58:28,36141.57635919073,9979.42973175277,155477.16349658137
2021-08-04 04:59:10,36152.06328634775,9629.824439348382,148500.15562303102
2021-08-04 05:00:45,36175.841776505,10410.605030693418,126011.86666840343
2021-08-04 05:00:50,36177.09542043618,10285.299341726668,138911.9389030057
2021-08-04 05:04:51,36237.75059274647,9154.805015165633,127098.87426738083
2021-08-04 05:07:30,36277.98229106488,9596.936726763524,137981.10511336185
2021-08-04 05:13:59,36376.91818590194,9174.18904092034,136207.56931284568
2021-08-04 05:16:40,36417.996663526676,9541.412184734072,147081.03548147407
2021-08-04 05:17:04,36424.12343544709,9806.60457911777,137832.24089182148
2021-08-04 05:17:41,36433.56988910538,9515.544050217439,144600.5577306392
2021-08-04 05:22:13,36503.015377382784,8500.856503274203,142847.18000418067
2021-08-04 05:25:07,36547.39225332637,9094.425933675255,149374.78969081544
2021-08-04 05:27:05,36577.4402000494,9868.256296156549,144229.1232517351
2021-08-04 05:31:10,36639.64450945711,9705.490218557372,146682.5010365181
2021-08-04 05:31:52,36650.27682879307,9665.739784668709,135852.3710811521
2021-08-04 05:42:35,36811.37230037083,9013.223496531542,150996.9938429083
2021-08-04 05:47:23,36882.1644678755,9738.477155899496,154168.4644760807
2021-08-04 05:47:49,36888.50386522693,8929.60423019266,133142.73504786505
2021-08-04 05:50:23,36925.86104206127,10768.890271653043,129540.50468562297
2021-08-04 05:51:47,36946.09288151362,10672.848387448856,147045.2990582015
2021-08-04 05:53:03,36964.30502573587,10632.113170857056,142809.61436823147
2021-08-04 06:06:19,37148.942623713505,9529.579228794799,134010.37650264724
2021-08-04 06:07:16,37161.68237656194,9837.323467687751,134985.4414583285
2021-08-04 06:07:31,37165.02315648651,9048.072486101943,121967.99392447385
2021-08-04 06:09:51,37195.96179513084,10179.022299625938,143123.47252515738
2021-08-04 06:14:11,37252.21212740887,9976.298231367033,147768.57026601522
2021-08-04 06:19:05,37313.80701543417,9613.956309355257,136473.37889756233
2021-08-04 06:19:29,37318.736361368196,10442.381358740016,142566.05975524182
2021-08-04 06:25:30,37390.98926009219,10007.655698636092,140598.69045240054
2021-08-04 06:27:17,37411.699661026796,10241.58323926507,158035.3947367348
2021-08-04 06:28:10,37421.834593458676,9458.754073980972,133244.40668396174
2021-08-04 06:28:36,37426.77619641154,8756.100362248879,137468.36151319122
2021-08-04 06:36:44,37515.711385346985,9621.17122273043,143724.5780206389
2021-08-04 06:43:46,37586.49419742166,9569.035497498013,122964.8618368505
2021-08-04 06:48:12,37628.03859928251,10382.450513684118,141651.36270484966
2021-08-04 06:54:32,37683.10611542717,10572.661949752668,151615.03117598954
2021-08-04 07:05:25,37765.53570230711,10463.917557585813,133986.46919800085
2021-08-04 07:05:54,37768.83027554759,9583.585866804833,134443.20551726857
2021-08-04 07:12:53,37812.89438577174,9372.162738072282,153055.712560611
2021-08-04 07:13:00,37813.57405749516,9283.07464178672,143833.3452105008
2021-08-04 07:17:12,37836.79851742556,10127.611793608252,144957.61134443042
2021-08-04 07:20:22,37852.70470144205,10141.185457797017,149101.12196290874
2021-08-04 07:25:16,37874.59336318242,10516.914796944395,140108.49562418927
2021-08-04 07:30:47,37895.27979641767,9675.979891296252,147067.00907152542
2021-08-04 07:34:50,37907.80990356724,10282.13721684007,137670.4231122583
2021-08-04 07:38:59,37918.33307417017,10662.55020752843,141231.89718537027
2021-08-04 07:39:04,37918.52051123477,9547.145455294787,138652.21647177552
2021-08-04 07:43:56,37927.84970949534,10479.5388066061,153031.4534313451
2021-08-04 07:46:03,37930.92216312687,10212.890370076579,139771.73090565458
2021-08-04 08:12:57,37920.44165509589,9802.356758554031,168982.1510211872
2021-08-04 08:14:45,37916.652335876795,9726.46441238872,153080.85390660987
2021-08-04 08:16:11,37913.377404487175,10055.72540170815,146158.37054721618
2021-08-04 08:16:30,37912.6233903289,10263.446940956877,146713.60475201308
2021-08-04 08:22:47,37895.43502494321,10021.231813069659,142898.88233201226
2021-08-04 08:26:54,37881.951354484365,9411.536145332908,139000.8526511545
2021-08-04 08:34:29,37852.78753474052,9267.11672728623,130660.56819829534
2021-08-04 08:34:39,37852.086397702406,10230.160166447133,142743.33280657357
2021-08-04 08:43:06,37813.369804692695,9435.045455568541,136320.45803797926
2021-08-04 08:44:24,37806.88613403055,9582.070771479246,136416.60641858564
2021-08-04 08:51:30,37769.1931351411,10273.343743619182,151457.19186799735
2021-08-04 08:51:34,37768.8217408507,9692.388536167353,131488.9291509525
2021-08-04 08:53:37,37757.250812624836,9421.566408606306,147093.79118010128
2021-08-04 08:57:57,37731.868630164485,8823.552795799513,138245.04940232993
2021-08-04 08:59:24,37723.10890808755,9798.011562296431,158001.46535750895
2021-08-04 08:59:48,37720.66986041844,10206.205848310847,149248.11320621072
2021-08-04 09:04:58,37688.32975318065,10011.701023170459,151858.24767010967
2021-08-04 09:05:45,37683.29724301616,9734.599976518904,143388.99654314478
2021-08-04 09:12:58,37635.48853137445,9970.904680574946,139171.77125039638
2021-08-04 09:19:05,37593.16160930752,9405.463372428028,138763.5679431862
2021-08-04 09:19:29,37590.34323870299,10961.33963505932,153165.20481301067
2021-08-04 09:21:18,37577.47207772529,9390.677332750149,140898.1403147071
2021-08-04 09:23:11,37564.01136166878,10795.323676928418,148519.85264244126
2021-08-04 09:31:49,37501.00213765924,9813.914754172152,158510.65129177857
2021-08-04 09:36:28,37466.36093834925,9727.347941660018,139583.53499131653
2021-08-04 09:39:13,37445.70501723673,9856.53571818756,128498.17474652304
2021-08-04 09:39:28,37443.82205088948,9149.178989556462,143389.0293609527
2021-08-04 09:40:06,37439.04840240396,10425.156076989928,139482.3452475005
2021-08-04 09:40:29,37436.156764955595,10468.080361855898,146240.7410883879
2021-08-04 09:42:09,37423.565744113606,9933.726629724446,147048.05244327674
2021-08-04 09:43:24,37414.104745160184,9550.208472732824,134638.3512597651
2021-08-04 09:43:38,37412.337207154116,10166.843477119408,137315.84536162522
2021-08-04 09:44:41,37404.37812319718,10115.973172297032,144049.2167834211
2021-08-04 09:44:46,37403.74611126483,9132.342424527522,131894.46827328106
2021-08-04 09:46:09,37393.24835523119,9630.16629048566,149995.42451279334
2021-08-04 09:48:13,37377.54710343051,9607.458570211767,139599.6712163532
2021-08-04 09:51:14,37354.6073929847,9308.149739487244,140271.60537096797
2021-08-04 09:52:56,37341.6785262892,9739.519885595631,132815.97814879965
2021-08-04 09:54:16,37331.54165569676,9996.181157288449,153774.06763495159
2021-08-04 09:54:48,37327.48834779615,9118.59598098009,130344.80513448721
2021-08-04 09:54:52,37326.98175514719,10019.00200244102,164007.28025602797
2021-08-04 09:57:53,37304.080486631545,9640.081054503817,136639.687358372
2021-08-04 09:59:04,37295.112380283754,10310.303161162878,151050.17984011065
2021-08-04 10:00:39,37283.130364669414,9356.945405190447,135001.01062894758
2021-08-04 10:04:25,37254.727489577235,9345.491352266112,137356.1675688034
2021-08-04 10:16:22,37166.05975459413,10291.674985325997,137828.8266203703
2021-08-04 10:19:14,37145.22972515102,9654.9504304676,145108.89284890803
2021-08-04 10:20:54,37133.21462625726,9145.200403506733,141258.76531017522
2021-08-04 10:59:45,36880.89861057565,9202.44713368561,130288.23828351164
2021-08-04 11:01:42,36869.968030680044,9695.763795279132,125527.27072426821
2021-08-04 11:08:43,36832.246861724,9310.131919654319,131044.6883775662
2021-08-04 11:10:14,36824.43297827418,9989.09098802108,150640.74195611035
2021-08-04 11:11:16,36819.17984087478,9793.081875243024,143231.37030395106
2021-08-04 11:12:12,36814.484605585385,9295.607658591929,143495.16105714525
2021-08-04 11:13:08,36809.836653634506,9701.101833167468,147487.456938006
2021-08-04 11:15:52,36796.499157489314,9642.946279933281,144505.50122365844
2021-08-04 11:20:17,36775.82457051501,9237.849182049991,151565.74327776898
2021-08-04 11:20:37,36774.3087313615,10660.459087987727,158482.8020680965
2021-08-04 11:21:36,36769.87372103984,10285.964427016226,138299.83362104517
2021-08-04 11:24:50,36755.67994544321,9818.450514582975,134681.06317422172
2021-08-04 11:37:12,36707.01299189747,8976.087612383615,142121.00197398005
2021-08-04 11:37:41,36705.29495720803,8921.516897748152,144737.66740370265
2021-08-04 11:38:19,36703.064949050735,10089.036556742183,140417.9403505741
2021-08-04 11:39:21,36699.478248912164,9829.496104418906,146589.1588615205
2021-08-04 11:40:56,36694.10724712074,9457.939777021104,151723.51738963314
2021-08-04 11:43:39,36685.24474827276,9319.644249424959,143696.45380037144
2021-08-04 11:44:38,36682.147160122906,9804.716597704235,145648.40948369936
2021-08-04 11:49:52,36666.6528540982,10020.227994442432,138868.03850981538
2021-08-04 11:57:43,36646.558602980105,9366.51060724744,125799.59395319811
2021-08-04 12:15:08,36615.5426415027,9931.270982457814,134249.73387608476
2021-08-04 12:17:27,36612.82618546922,9842.310173800715,144630.57700490957
2021-08-04 12:18:15,36611.96471193494,11021.99375240111,146800.20389074608
2021-08-04 12:19:41,36610.51943118338,9909.856524765766,134112.0323114381
2021-08-04 12:22:18,36608.20550918059,8953.021611950731,130590.4135745444
2021-08-04 12:26:59,36605.10762266032,9655.751521387869,134967.68402330385
2021-08-04 12:47:51,36607.33998312355,9713.566779965842,135548.73407806532
2021-08-04 12:52:16,36611.1024410392,9908.503363929658,131614.87299386878
2021-08-04 12:59:29,36619.653907140564,9716.731310680529,140451.29053574006
2021-08-04 13:08:20,36634.12163841689,9992.919112791722,136888.37551231793
2021-08-04 13:14:22,36646.430224957934,9987.367688534854,138303.73368577092
2021-08-04 13:15:49,36649.67719256146,9280.802057618506,137947.5662774392
2021-08-04 13:16:50,36652.01970001111,8265.341584845737,147725.96183772653
2021-08-04 13:18:01,36654.81424057822,9992.2800959733,141729.97279166148
2021-08-04 13:23:32,36668.795805568574,8669.169510890635,141761.25551448198
2021-08-04 13:25:33,36674.29296589402,10585.950688923684,143275.40942771806
2021-08-04 13:28:20,36682.21316420472,9275.124953802051,126512.99883869191
2021-08-04 13:32:05,36693.485123478546,9442.696095588592,143028.64352198172
2021-08-04 13:33:05,36696.605744172,10250.02431655663,150334.2739116143
2021-08-04 13:35:47,36705.269008347095,10776.107025083395,125800.4865303242
2021-08-04 13:37:07,36709.673649495664,9612.469151059842,138047.00548406437
2021-08-04 13:46:19,36742.2751806268,10041.841742407336,136762.76044479417
2021-08-04 13:59:08,36793.74043305602,9762.743278748372,157163.36726380588
2021-08-04 14:00:45,36800.69759268247,9863.370212439471,146429.1035299294
2021-08-04 14:05:03,36819.677460178944,9761.201899018655,140695.32450733057
2021-08-04 14:05:13,36820.42669903616,9762.338613344356,131113.22470566287
2021-08-04 14:19:02,36885.8009267878,9606.065582779662,135961.87869106058
2021-08-04 14:25:09,36916.607398915134,9306.970083466023,147045.52086600033
2021-08-04 14:25:47,36919.8552874367,8917.180526462314,144110.84725518827
2021-08-04 14:28:29,36933.81649776934,9387.55290491543,140437.98637298503
2021-08-04 14:37:58,36984.194781918224,9052.995567475278,135726.85595634047
2021-08-04 14:41:46,37004.89228575091,9461.27084062235,127398.7458747561
2021-08-04 14:47:04,37034.16083503296,9492.53051279491,146345.6182587975
2021-08-04 14:47:19,37035.551661044534,10592.874466554576,136260.95192253988
2021-08-04 14:51:47,37060.53483620315,9981.458951108812,134489.99598690702
2021-08-04 14:58:48,37100.192880471914,9472.344580509289,133627.1131444436
2021-08-04 14:59:14,37102.65446579312,11119.194067924844,141500.57777800356
2021-08-04 15:17:40,37207.70266564057,9926.53414310561,160120.73001512408
2021-08-04 15:37:28,37317.88746339021,10168.619079356346,147688.96662579835
2021-08-04 15:43:46,37351.50382091079,9913.9444507428,144555.26285772558
2021-08-04 15:43:50,37351.854501689944,9841.800704617443,137126.77914350212
2021-08-04 15:57:32,37421.230835764094,9603.773735086648,136588.78997144126
2021-08-04 16:08:11,37470.738626207734,10332.151380138974,154712.79676693943
2021-08-04 16:08:47,37473.39389787523,9633.246536978146,136144.81010526686
2021-08-04 16:09:50,37478.003974137035,8780.879869373795,154175.1986895503
2021-08-04 16:12:24,37489.072609942436,10969.53781670498,143076.31256997722
2021-08-04 16:14:01,37495.89474480722,10719.736850978883,138340.30243331188
2021-08-04 16:16:23,37505.66692727136,10452.362607798474,132450.55290616187
2021-08-04 16:17:02,37508.30524522264,10600.616464658851,167166.6681887289
2021-08-04 16:19:32,37518.26529172364,9575.749810910344,132799.0962528051
2021-08-04 16:25:10,37539.58074711832,9759.783002160226,148380.33389594953
2021-08-04 16:26:17,37543.61408494044,10261.927816854135,128044.77739774347
2021-08-04 16:28:20,37550.848260195,8990.616411629266,140473.223509365
2021-08-04 16:28:23,37551.021920059386,9664.516684850667,135757.82885299352
2021-08-04 16:40:10,37588.09672660911,9778.233207714697,142536.12016536822
2021-08-04 16:42:44,37595.116000924594,9756.63946183771,147535.28815730865
2021-08-04 16:44:13,37598.99384287741,10719.374072997305,151510.57170832416
2021-08-04 16:46:33,37604.82540945717,9324.987488207078,138772.35048205106
2021-08-04 16:55:33,37624.17437802006,9712.331099586027,148089.86212862798
2021-08-04 17:00:16,37632.27312231521,9351.77797875185,132083.44984426137
2021-08-04 17:01:34,37634.25409945862,10084.371705666928,131198.57819552184
2021-08-04 17:07:54,37642.33662381771,9070.767762184207,135744.86146717332
2021-08-04 17:11:12,37645.510303376,10650.291443236618,137397.73701893925
2021-08-04 17:11:30,37645.76343052836,9586.81498556972,152494.9106594657
2021-08-04 17:16:23,37649.053396091585,10049.30095139411,125069.38084285232
2021-08-04 17:16:52,37649.293935265014,9565.094974335445,146725.6767944447
2021-08-04 17:23:55,37651.06522953694,10957.156170119724,146526.9751729683
2021-08-04 17:24:46,37651.05997901212,9539.662123652286,143544.6503640498
2021-08-04 17:36:43,37646.08237579223,9270.023887663956,136318.8255546498
2021-08-04 17:37:43,37645.25754260521,9382.396733974134,153344.09031235406
2021-08-04 17:42:07,37640.8993080128,9504.3079131688,156556.71663881303
2021-08-04 17:42:12,37640.80542375377,9110.588946569807,153206.5351630714
2021-08-04 17:42:49,37640.09771297674,10890.51011373202,129812.2948161356
2021-08-04 17:48:40,37632.264612125815,9874.749990100481,157644.8586627895
2021-08-04 17:55:43,37620.22724642894,9243.697618107435,140841.11287336593
2021-08-04 17:57:54,37615.94939139293,10377.790860403771,138133.97157361565
2021-08-04 17:58:56,37613.83727309838,9071.29355460653,134661.41423729653
2021-08-04 18:08:03,37592.88592832277,9242.400130659647,152259.43621506036
2021-08-04 18:08:53,37590.77326204379,9406.813629517534,141111.12073479805
2021-08-04 18:08:54,37590.73068761757,10499.724692683521,132950.67958077678
2021-08-04 18:20:13,37559.112050191674,10109.125952107748,143828.39205852186
2021-08-04 18:22:29,37552.18385621733,10159.343661718078,139943.23110777733
2021-08-04 18:24:36,37545.55510528971,8755.323842798538,140169.48720657613
2021-08-04 18:27:17,37536.944311107036,10141.135539421,132531.44746759182
2021-08-04 18:29:48,37528.672010487666,10525.109136654537,141969.05879920407
2021-08-04 18:34:59,37511.09975590497,10127.028844569388,140280.5149037682
2021-08-04 18:48:07,37464.16691727263,8941.656129769666,130500.58644493234
2021-08-04 18:52:32,37447.905305948334,9551.10178377357,138457.49398764523
2021-08-04 18:53:54,37442.85069944357,10143.490983111935,137735.00289406194
2021-08-04 18:59:55,37420.56400085507,10139.302011348898,161398.93876522116
2021-08-04 19:00:23,37418.837342657986,10295.330222878149,136370.03768593856
2021-08-04 19:04:16,37404.51164667478,9403.267788960318,145297.3565309582
2021-08-04 19:04:42,37402.91940923166,9426.926992044077,140757.6169983505
2021-08-04 19:04:47,37402.61339003727,9508.178030462985,150716.5156697891
2021-08-04 19:07:49,37391.51999170162,10552.621646923393,127697.94554869023
2021-08-04 19:22:39,37339.416912232824,9728.577757199606,163130.88875793995
2021-08-04 19:23:40,37336.031121282074,10103.064850737088,141162.49688478262
2021-08-04 19:26:08,37327.943280959655,10058.914620252765,138544.4603399151
2021-08-04 19:27:57,37322.10881608903,10344.483954315967,156129.44363098592
2021-08-04 19:32:04,37309.30649965099,10149.357034375851,146092.83270831185
2021-08-04 19:32:06,37309.20535118833,11008.47796005265,139798.34564074498
2021-08-04 19:44:33,37274.68123238595,9098.722337104524,142060.13129836725
2021-08-04 19:45:29,37272.38176146359,9371.154795611305,145439.2988000749
2021-08-04 19:51:11,37259.324351476054,9483.360463366478,145506.87389955233
2021-08-04 19:51:15,37259.182037762395,10696.194553962448,144397.44594862667
2021-08-04 19:53:07,37255.29890554857,9260.11416961373,129749.2809302988
2021-08-04 19:58:17,37245.610352877244,9466.842226500632,136585.92553257913
2021-08-04 20:00:40,37241.688514101465,9253.587353660818,151867.48513106577
2021-08-04 20:08:23,37231.51169524029,10085.662706388097,146873.16959123747
2021-08-04 20:11:27,37228.58789760837,9720.161999437787,152118.58938797723
2021-08-04 20:11:32,37228.51765395226,9789.038554332332,155081.28194207652
2021-08-04 20:15:45,37225.612791946834,9852.056800960685,163108.5762222923
2021-08-04 20:22:58,37223.68436531926,9475.867457864382,139159.25765911743
2021-08-04 20:23:05,37223.685585057436,10296.170941497883,123347.79611711716
2021-08-04 20:26:19,37224.13819434408,9776.29585329338,148465.94253704403
2021-08-04 20:36:27,37230.90730499526,9709.418532580536,147997.7335767919
2021-08-04 20:42:03,37238.210772221806,10152.474782745296,137076.0140627757
2021-08-04 20:45:39,37244.26650757988,9786.50421623254,145052.77835346296
2021-08-04 20:57:25,37271.53054112993,9896.877359290722,151916.83964870076
2021-08-04 20:59:58,37278.94354876652,9339.724891516431,148881.3754317312
2021-08-04 21:05:03,37295.30306687064,9888.820938383093,138810.4547834263
2021-08-04 21:05:18,37296.161601199696,10828.111792403639,137882.0817689861
2021-08-04 21:14:50,37332.60631996853,9462.444491609072,138309.45027026974
2021-08-04 21:26:40,37387.51288524933,9243.141393018652,134638.98665275358
2021-08-04 21:34:40,37430.283116062514,10502.250207595953,145534.84098112592
2021-08-04 21:45:34,37495.15801412128,8861.562998655845,138486.7599484626
2021-08-04 21:46:05,37498.40659696341,9419.294211106697,145710.21874100267
2021-08-04 21:48:03,37510.9061466365,9490.249354436963,145858.6078490291
2021-08-04 21:51:27,37532.99926577973,8933.795200601766,143649.9981789561
2021-08-04 21:53:56,37549.50478001155,10520.489147177175,144850.47952509363
2021-08-04 22:03:31,37615.81772547236,9575.560458697466,150875.327801856
2021-08-04 22:11:04,37670.53466907807,9550.615165556745,140064.92610061172
2021-08-04 22:21:12,37746.47553050739,9963.846259166425,145323.93645903553
2021-08-04 22:25:52,37782.10660568039,10608.50706958886,158530.6473796977
2021-08-04 22:36:52,37866.82943577099,11570.456701446168,150280.46251335513
2021-08-04 23:00:22,38044.75981506633,9187.145478885133,147049.6639236136
2021-08-04 23:00:49,38048.05027782027,9613.384485327972,149901.8911642437
2021-08-04 23:03:26,38067.05555017544,10157.339452677696,131732.59104052655
2021-08-04 23:29:02,38237.858167802646,10678.86706006958,148699.83866061736
2021-08-04 23:36:46,38282.62184307226,9537.732159636824,158306.1798241171
2021-08-04 23:44:25,38323.16997874522,10775.46780387881,133258.66963329085
2021-08-04 23:47:29,38338.32407523699,9827.254824676293,156471.4153467905
2021-08-04 23:47:33,38338.6463351923,9680.875390786086,166106.63159651743
2021-08-04 23:50:02,38350.43046275567,9089.410574247211,146155.02640741205
2021-08-05 00:48:56,38501.46514762511,10565.966976539685,152810.4855967409
2021-08-05 01:21:45,38498.717599814765,11034.960514835115,141725.2302717529
2021-08-05 01:31:16,38492.536495291846,10169.567227229398,148321.83600759672
2021-08-05 01:31:52,38492.122211019385,10021.372674952563,157275.41190483773
2021-08-05 02:16:03,38479.47521748637,10401.898976301876,146581.21182432436
2021-08-05 02:22:17,38484.39587438108,9446.716437916442,142747.3708506544
2021-08-05 02:48:29,38537.719671956605,9423.508636292863,153714.39740702126
2021-08-05 03:11:02,38636.347065732254,10173.036566508463,155762.49222713232
2021-08-05 03:45:21,38897.086209761386,10539.767500636413,150041.19163234314
2021-08-05 04:07:24,39136.02861721154,10064.113506528154,129214.36527737862
2021-08-05 04:25:28,39368.88447278431,10540.947224116982,147104.689866856
2021-08-05 04:29:55,39430.6566274175,9988.848278489608,160223.25585882028
2021-08-05 04:33:23,39479.84603411903,10820.958028679352,150023.96801745312
2021-08-05 04:34:50,39500.68289074827,9733.075857101278,173313.71116074623
2021-08-05 04:48:21,39701.48033693965,9421.074808425894,153036.46863525698
2021-08-05 05:02:38,39923.537318717725,10645.380177328783,154618.45066337695
2021-08-05 05:03:44,39940.92441412481,11023.886948505997,150611.00067547068
2021-08-05 06:00:12,40817.58183511263,10755.195740144878,161496.7784411365
2021-08-05 06:08:56,40938.802618422094,11288.719074622664,160678.86388378
2021-08-05 06:58:26,41464.66581779297,11566.969062840168,167548.16724160363
2021-08-05 07:07:13,41522.975343193444,11512.946872752622,165538.30715731782
2021-08-05 07:14:37,41562.989529863495,9596.000130998778,150395.79949465863
2021-08-05 08:16:28,41574.41019644637,11290.457910824509,157490.66854958364
2021-08-05 08:17:28,41570.21267799806,10442.10382638192,159562.46063498346
2021-08-05 08:43:38,41420.51978267953,12468.073608265713,162483.8820913407
2021-08-05 08:52:53,41351.68588216217,11505.31146939682,162673.10236104735
2021-08-05 08:53:17,41348.55167858281,10649.410347895553,156825.842371878
2021-08-05 09:03:03,41268.40494679319,11612.913074880047,152847.97781738808
2021-08-05 09:07:51,41226.70398641619,10506.2527582517,174308.96523433758
2021-08-05 09:24:31,41072.61462360466,10320.965539170293,149484.2210344506
2021-08-05 09:34:42,40973.29162829988,10554.108159061774,161293.85797787365
2021-08-05 09:43:57,40881.0681909029,10388.345913299338,158256.46213866805
2021-08-05 10:06:09,40657.7520022151,10517.982675773017,148762.97672011642
2021-08-05 10:13:29,40584.90449760674,10956.060281324148,152427.2948989329
2021-08-05 10:15:24,40566.03328165199,10079.56481734312,145186.6147859132
2021-08-05 10:28:23,40440.67851170657,10201.656693324776,147093.75604812012
2021-08-05 11:37:52,39896.237699749916,10082.242941504788,161701.30074966175
2021-08-05 11:46:33,39847.68335490238,10061.925477612824,155975.87404466636
2021-08-05 12:05:56,39756.781047284196,10555.287314735393,138152.41953580338
2021-08-05 12:15:13,39721.857484910746,10987.790581324125,146474.48196008545
2021-08-05 12:21:33,39701.22211797147,8810.815147353753,150510.94767099016
2021-08-05 12:26:20,39687.34088918859,10293.479909520496,142091.08402840485
2021-08-05 12:31:04,39675.03765470695,11348.056142965743,159672.71126414117
2021-08-05 12:57:43,39631.72553339117,10318.546562908006,147110.74575324546
2021-08-05 13:14:51,39626.10164476872,10484.58896328899,140213.80266859313
2021-08-05 13:46:38,39656.9401566335,10123.962521378811,165351.40085335422
2021-08-05 14:50:05,39836.16251762084,9445.218191388489,158830.14896319283
2021-08-05 14:51:50,39842.40401899337,9665.728797517952,163494.9211894637
2021-08-05 14:57:11,39861.643191181196,10438.446115850316,147501.34154258118
2021-08-05 15:27:56,39971.869322779545,10661.730947721597,147273.2013274487
2021-08-05 15:39:51,40011.415995810166,10804.640429398,149861.9666894656
2021-08-05 15:46:56,40033.240604026854,10058.201637084783,159438.11325280264
2021-08-05 15:58:52,40066.29593922639,10971.372307489453,149206.65490818513
2021-08-05 16:11:35,40095.196506666194,10334.474918437068,140734.26447334682
2021-08-05 16:23:14,40114.78539655816,10979.033561772043,155521.67441026148
2021-08-05 16:37:25,40128.33553193954,9572.930464283147,155801.20789839345
2021-08-05 16:41:23,40129.91755434227,10049.261330739857,152319.37874459114
2021-08-05 16:42:16,40130.13245959026,10337.335700338062,159699.58795062144
2021-08-05 17:44:18,40011.072529036544,10482.81436494154,156787.8682367501
2021-08-05 17:49:05,39991.02494544386,10677.459246804254,159551.64610280024
2021-08-05 18:07:43,39900.200427195145,10671.786833791295,153064.65359097457
2021-08-05 18:10:12,39886.712622267456,10786.507964013063,157570.54190530803
2021-08-05 18:30:39,39765.84421117919,10162.904629126158,159954.75137339343
2021-08-05 18:38:09,39718.12142403081,10734.696929974103,151736.98225102213
2021-08-05 18:47:24,39657.72891915179,9902.427609943066,148221.9329315379
2021-08-05 18:56:19,39598.66674466124,9991.36331605673,151303.14189980656
2021-08-05 18:59:31,39577.42388593028,10508.532116593653,149561.28300668168
2021-08-05 19:01:00,39567.58662535618,11161.739158392065,150375.21047590807
2021-08-05 19:12:00,39495.24285013889,9651.240315514086,154466.6614241234
2021-08-05 19:12:20,39493.07665068155,9792.915620171172,153383.34292096522
2021-08-05 19:15:40,39471.53341070854,10969.08354674689,136148.4560941246
2021-08-05 19:30:16,39380.626077614295,9390.247055462936,155679.97379830692
2021-08-05 19:54:59,39247.04191873229,9133.956478411948,140973.13252719154
2021-08-05 20:01:32,39217.4816902627,9876.419859003494,144551.92223254207
2021-08-05 20:15:09,39165.59329435627,9588.662716074085,137910.1220778487
2021-08-05 20:36:29,39113.47119518348,10689.595377631336,157970.79671969914
2021-08-05 20:52:59,39099.66630901711,10381.456712341589,164844.09439512843
2021-08-05 20:58:01,39100.16936561608,10033.636079478003,167342.86659957079
2021-08-05 21:08:15,39107.907090505236,8937.94963084775,159403.24893463205
2021-08-05 21:30:48,39155.1255174009,9974.802799011331,152110.11675214965
2021-08-05 21:36:46,39173.971878814256,10287.013337922435,141090.16668267595
2021-08-05 21:40:23,39186.55687218012,10033.929818617948,154210.67639098765
2021-08-05 21:44:16,39200.98987128517,10695.857231713633,149153.82734814787
2021-08-05 21:44:56,39203.55973038018,9702.839565096057,156335.51220473764
2021-08-05 21:53:39,39239.47001042295,10293.073823828228,149494.73863601475
2021-08-05 21:54:14,39242.01730377744,9429.216124022718,146373.0482955056
2021-08-05 21:55:22,39247.014504234976,9466.816631916148,142703.2883682314
2021-08-05 22:03:36,39285.08783574253,9577.126749411667,146405.3236055063
2021-08-05 22:08:00,39306.56706279059,9647.358628044105,151771.7198283275
2021-08-05 22:10:49,39320.67021787334,9496.23067399902,135368.26964541152
2021-08-05 22:17:01,39352.53452044942,10529.45301942017,138887.04112903497
2021-08-05 22:27:30,39408.27464473139,10174.865793539066,142736.1920959772
2021-08-05 22:44:02,39497.79131654489,10878.511424474787,157646.03082824923
2021-08-05 22:57:27,39568.424175789114,8676.025967744165,142532.05891290406
2021-08-05 23:15:44,39656.10407571559,9603.820523740464,165603.01789556842
2021-08-05 23:25:08,39695.378413675106,10306.912893542194,150377.91593220216
2021-08-05 23:29:04,39710.377689112924,11621.49882430651,142802.1919051916
2021-08-05 23:47:26,39767.566921411846,10908.586266242153,164334.44416435887
2021-08-05 23:53:51,39782.113380000825,10508.806363392616,155499.3892564324
2021-08-06 00:12:53,39807.5164358598,11144.36941539864,164157.40022020426
2021-08-06 00:13:51,39808.090446996954,12524.593567409227,163862.6650485785
2021-08-06 00:16:36,39809.34758625637,9665.158831852106,156033.54359126446
2021-08-06 00:23:56,39810.014117661325,10286.869891664659,135630.57916959023
2021-08-06 00:27:51,39808.80337241261,10364.771372366098,149471.41017043617
2021-08-06 00:50:24,39782.39246297069,11433.34718311047,151205.44819812468
2021-08-06 01:09:16,39739.57401433157,10504.013057304628,157762.49580451497
2021-08-06 01:51:33,39616.99480763052,11046.55194072468,152361.1161055622
2021-08-06 01:57:47,39600.61467039634,10631.693929564415,139783.58415565494
2021-08-06 02:06:43,39579.845609076714,9810.233231782277,151772.8373646527
2021-08-06 02:07:20,39578.5526366675,10749.374853387335,154012.2061744395
2021-08-06 02:26:50,39549.76407471054,8965.081050637638,144319.91017549418
2021-08-06 02:36:10,39546.061402732965,9728.048363449576,166316.59964501325
2021-08-06 02:47:30,39552.247895938635,10348.903803169342,139835.861431007
2021-08-06 02:59:22,39572.805615332305,10303.777789537542,157105.5190196896
2021-08-06 03:12:16,39613.052349045094,10628.457200832197,160206.44669274
2021-08-06 03:56:25,39902.865350837776,11355.742455880503,163777.6441902884
2021-08-06 04:00:40,39943.082078144595,10648.440942217989,157314.90910820154
2021-08-06 04:07:50,40015.45180625221,11178.112975166101,145685.68225244698
2021-08-06 04:18:52,40137.40607788351,10563.312733477618,131713.32275404918
2021-08-06 04:24:12,40200.59548242214,10262.476157110508,148886.60744981773
2021-08-06 05:17:52,40939.7542926371,10703.586363839851,171916.51681695366
2021-08-06 05:46:57,41358.92541456358,10101.587126898314,146149.6358237255
2021-08-06 05:53:55,41454.315748024776,9177.898915995476,146102.05175670944
2021-08-06 05:54:51,41466.863958970076,10651.658850155181,144380.9505596063
2021-08-06 05:56:13,41485.13084712555,11939.930752870436,159384.13092904142
2021-08-06 06:09:27,41654.55301228856,11204.547250577147,160740.75506643098
2021-08-06 06:10:37,41668.76755024959,10953.354660671503,154181.3870676788
2021-08-06 06:12:10,41687.45360072278,11116.954162584585,154227.63537357163
2021-08-06 06:40:32,41983.04096852324,10518.677956502524,155581.31534427206
2021-08-06 06:46:51,42035.2310059379,10536.467478116618,146784.60403167128
2021-08-06 06:48:06,42044.91053058818,10907.85569691043,158971.3581339036
2021-08-06 06:58:16,42115.40842810299,10990.043624515609,159743.55726844826
2021-08-06 07:19:27,42213.19602785615,11953.508685954226,151681.64943779862
2021-08-06 07:37:54,42242.80962763548,10442.624933120338,152445.3918890123
2021-08-06 07:49:25,42235.44387697283,11650.665403041416,161215.14654371035
2021-08-06 08:02:46,42203.21583337924,10915.88035112779,157128.03892396062
2021-08-06 08:08:42,42181.1621035009,11047.1778984391,162706.76355971073
2021-08-06 08:21:56,42116.11841603679,9820.483228043066,158072.46490204547
2021-08-06 08:24:11,42103.0134405826,10860.84250676327,153377.91803494428
2021-08-06 08:36:02,42025.0676075289,12029.710336207445,173815.15919787096
2021-08-06 09:07:23,41759.74356872453,12101.96891884513,161920.26865143332
2021-08-06 09:39:41,41431.78917735787,8955.858238702896,148125.32629300462
2021-08-06 10:20:22,41006.71723856077,10396.307361424157,172096.675714584
2021-08-06 10:54:14,40689.56663898296,9852.707142821877,160708.2095617768
2021-08-06 10:55:25,40679.49532141155,11126.703760680677,159754.78360189535
2021-08-06 11:28:01,40435.13167844506,9176.758108169739,164189.68577852973
2021-08-06 11:55:01,40285.91261566009,11299.899119944645,156578.46880847894
2021-08-06 12:41:55,40148.00470773367,10108.563747875229,147970.87281082565
2021-08-06 12:42:49,40146.84481706073,11238.960526179364,166428.19383738108
2021-08-06 12:49:51,40139.64667115244,9818.277838788052,147012.25298422133
2021-08-06 13:13:46,40139.17328865343,11103.559672442969,162020.91901034882
2021-08-06 13:28:49,40156.849195772484,11294.442574295008,153182.52949423902
2021-08-06 13:38:37,40175.26554320917,10165.911084752273,151430.47284617432
2021-08-06 13:55:19,40218.14524398127,9952.201228403923,175362.1222116951
2021-08-06 14:18:56,40300.240058177136,11031.141679957656,145875.44880736512
2021-08-06 14:24:48,40323.89828224043,12058.088029812227,168064.89789654477
2021-08-06 14:34:21,40364.67170136717,10417.193957030982,140687.0130795463
2021-08-06 15:03:24,40500.78539046367,10819.159349682617,148514.93749887138
2021-08-06 15:07:43,40521.87324398071,10943.589129683241,146386.61232908818
2021-08-06 15:24:44,40604.971210754775,9631.687748561548,152635.88165551948
2021-08-06 15:43:15,40691.99830600344,10404.125735089292,136003.3441703137
2021-08-06 16:14:01,40815.938402488144,9876.176990621812,142270.73110019945
2021-08-06 16:29:18,40862.46820781679,10265.523799773908,163311.78138812725
2021-08-06 16:37:03,40881.24547083437,11185.789815118585,148031.1063394512
2021-08-06 16:42:22,40892.083624275605,10345.406752923855,147798.91831302294
2021-08-06 16:44:30,40895.947256915206,10675.771835853528,168396.58497786577
2021-08-06 16:48:39,40902.64755347336,10666.395807305946,154558.7696631095
2021-08-06 16:53:10,40908.69121674513,11015.55932807102,148433.1329596636
2021-08-06 16:56:32,40912.333492039645,10976.33535430538,144512.85665352884
2021-08-06 16:59:29,40914.910795338976,10063.957047965449,154071.51100768073
2021-08-06 17:00:22,40915.5700381281,10529.20343118854,155469.25876143816
2021-08-06 17:01:03,40916.04429820916,10809.235689492472,165177.94245670142
2021-08-06 17:02:18,40916.83101639833,9994.547120945721,156158.04370893177
2021-08-06 17:13:59,40919.08769149278,10369.847232523645,155674.01763560623
2021-08-06 17:19:39,40916.848745762465,10386.043988200121,164841.23127609826
2021-08-06 17:41:23,40888.412320995245,10315.377857393572,148464.38942183502
2021-08-06 18:02:14,40833.743043939205,9523.035452960605,151344.2194171525
2021-08-06 18:48:26,40646.36147850949,11516.509778811085,151638.5944711996
2021-08-06 19:09:14,40551.62646420219,11371.76439454999,143984.95969166094
2021-08-06 19:10:27,40546.226853516084,11532.870269365441,160326.3520932115
2021-08-06 19:11:18,40542.47173009984,10994.208149441834,173326.25539345545
2021-08-06 19:11:59,40539.46373637044,9467.771440547132,147575.2916662484
2021-08-06 19:22:39,40494.05069574517,11024.25970842544,164895.02989519358
2021-08-06 19:30:04,40464.66918580695,10653.477994854904,149782.6756563972
2021-08-06 19:39:38,40430.27652261359,10097.567849061485,157523.69834572118
2021-08-06 19:52:56,40390.661484844706,11006.382560180919,152191.74747589108
2021-08-06 20:18:43,40348.63526412475,9995.8835044887,165239.64017474957
2021-08-06 20:24:37,40346.536921368715,10629.282534988046,152321.03128936363
2021-08-06 20:34:15,40349.707004712865,11352.881994435484,135693.37831863316
2021-08-06 21:15:21,40459.14677789369,10590.035413157433,154719.73896061574
2021-08-06 21:18:40,40474.65382213035,9039.187166022895,165179.26044438916
2021-08-06 21:47:02,40643.002257616456,10816.73491015709,160678.08405605901
2021-08-06 21:47:44,40647.87947502227,11618.373783949322,153657.3497047663
2021-08-06 21:58:42,40728.027039264125,10171.22158425816,139171.72915726405
2021-08-06 22:07:57,40800.368916874366,10763.965129333732,141578.92350907467
2021-08-06 22:16:12,40867.73770668075,10303.951000609239,150098.93328862565
2021-08-06 22:17:16,40876.60556859647,10075.30964973937,146817.9036065871
2021-08-06 22:38:11,41054.757439635265,10898.291060434318,160174.0765184935
2021-08-06 23:32:30,41487.61804222734,10849.775360411488,165508.09163826614
2021-08-06 23:50:40,41599.653257186605,10941.28884074029,147396.2841369758
2021-08-07 00:52:10,41802.10638514166,11048.515341295255,161784.48529922945
2021-08-07 01:26:18,41822.409804625175,11171.77016974416,161217.36098055076
2021-08-07 01:43:52,41825.73267573608,10251.836907720768,158806.41206966108
2021-08-07 01:45:56,41826.34719494524,10705.772031099506,153094.05729389386
2021-08-07 01:54:53,41830.29844862815,11250.75594760876,170288.87646967356
2021-08-07 02:38:56,41913.70738673117,10622.370495797853,156372.11424679885
2021-08-07 03:52:55,42512.22880222067,9471.522764116195,177268.831818673
2021-08-07 04:10:31,42757.247085789684,11834.415055879446,160608.49203496627
2021-08-07 04:16:40,42851.32966434362,10500.17809185872,159498.47002780272
2021-08-07 04:37:52,43204.53763585012,12143.182213547694,161424.52822901288
2021-08-07 04:47:00,43368.18543605399,11695.974148275758,177039.48445216307
2021-08-07 04:58:22,43578.903911642905,10290.913461640786,149913.75494465898
2021-08-07 05:00:29,43618.81551902264,11217.848571999662,168947.73664047176
2021-08-07 05:10:39,43812.529232978246,10930.573062357827,171714.32285368326
2021-08-07 05:23:39,44062.574320358384,11165.711070965875,175881.6168227549
2021-08-07 05:23:59,44068.985191059575,11408.584614964993,162559.84324445244
2021-08-07 05:44:59,44467.54601398253,11292.201712666665,185695.66978628316
2021-08-07 06:09:59,44910.41252803803,11152.650824158954,163924.1495041361
2021-08-07 06:14:24,44982.97825820523,10935.345422965618,160521.63242648827
2021-08-07 06:38:52,45343.436995670396,12033.610326817161,165103.86121354642
2021-08-07 06:41:15,45374.31485283084,12663.928140463426,162092.38136609894
2021-08-07 06:58:29,45572.3518315292,12286.677135379736,170377.22558890388
2021-08-07 07:09:45,45676.515026615925,11564.035238545779,164984.89428758755
2021-08-07 07:11:33,45691.23181184663,12056.321399770544,199651.05127231102
2021-08-07 07:28:11,45801.704277727884,11950.091551531132,194409.1534782975
2021-08-07 08:06:31,45884.04104655197,13008.854312733883,170779.92859095772
2021-08-07 08:15:54,45870.23831811136,11788.953669284014,176491.36640025314
2021-08-07 08:16:46,45868.35418511294,11813.988317049658,186754.0114755087
2021-08-07 08:27:56,45835.41507001654,14251.808343748959,186440.1264834233
2021-08-07 08:52:25,45713.800290599924,10886.547327099843,159025.99387139326
2021-08-07 09:24:13,45483.140000270956,12456.65485592741,168444.29926606722
2021-08-07 09:32:37,45413.86051200587,11537.749821393396,157062.2194726104
2021-08-07 09:41:17,45340.460384946506,12069.1947541828,175691.97638497464
2021-08-07 10:38:48,44863.167065175396,11518.588706556407,163636.46387153352
2021-08-07 11:03:12,44696.107703167676,12414.168994627258,173320.8626381947
2021-08-07 12:05:09,44443.16238375715,11373.439116161828,152846.50569555326
2021-08-07 12:31:46,44419.13881806196,10899.93004541598,169942.10195487522
2021-08-07 12:49:38,44431.4796167022,12483.992410274494,173058.639976112
2021-08-07 12:57:37,44444.12635501459,11200.407723822233,172702.39340284117
2021-08-07 13:29:51,44537.139286729456,11057.551954734692,179396.5338616293
2021-08-07 13:36:31,44564.17886649508,12102.313514998932,165277.96064724424
2021-08-07 13:58:06,44667.82650574595,12992.631531547093,164066.00743858944
2021-08-07 14:19:28,44791.185911622706,11485.478472580642,170531.24595829667
2021-08-07 14:25:10,44826.91975888358,12154.747316808593,156687.2688733832
2021-08-07 15:00:24,45064.61307535814,11510.347057411804,173506.65812323135
2021-08-07 15:04:57,45096.42321203001,11118.054392167402,172749.62034370578
2021-08-07 15:14:37,45163.96026681839,11979.690169435979,155547.47270613041
2021-08-07 15:20:11,45202.59062137234,11929.255058281491,165334.14099115808
2021-08-07 15:32:58,45289.64024729288,13424.171569652499,163008.21359520216
2021-08-07 15:44:51,45367.202175671264,10971.049314218006,163349.3355977445
2021-08-07 15:47:57,45386.716584795635,11539.279378675774,174473.80925131045
2021-08-07 15:51:14,45407.00562274065,12189.546397437312,181062.92825069136
2021-08-07 15:52:31,45414.823378836845,11356.57480049582,162762.146448111
2021-08-07 16:03:43,45480.060505939684,11330.660294185214,164062.16717989193
2021-08-07 16:04:33,45484.68171230253,12452.817667793792,176585.06368000855
2021-08-07 16:04:51,45486.33689248114,11680.999681314219,177196.94777831883
2021-08-07 16:05:07,45487.80437854313,10548.828197215274,167870.09375919582
2021-08-07 16:44:06,45656.747454016666,11594.41145886263,154906.69960004734
2021-08-07 16:51:38,45677.268285092876,12835.434619904332,164531.2790331786
2021-08-07 17:08:42,45707.260846798716,12109.913383084693,168657.44265968766
2021-08-07 17:10:00,45708.58343967673,11988.213618379034,169317.4727732402
2021-08-07 17:33:32,45708.80915500548,11107.577843074523,177104.59233677955
2021-08-07 17:42:38,45697.12205344543,12269.554350444525,170660.55833885848
2021-08-07 18:06:59,45636.70208200945,11372.65406451074,167099.7196179411
2021-08-07 18:12:40,45617.227704362645,11584.874338348767,186672.3085742614
2021-08-07 18:34:15,45529.225273529155,11816.7778039284,164717.34076128688
2021-08-07 18:51:13,45449.71376874042,12683.75485910497,171619.2700135325
2021-08-07 18:55:35,45428.582565482495,12878.516936961985,180728.07536720284
2021-08-07 19:40:30,45227.23072694605,11847.303224668009,178500.3598733379
2021-08-07 19:48:24,45199.946941865324,12037.553219574356,178844.06785566465
2021-08-07 19:54:49,45180.66057707669,12012.741020388297,188936.73821944997
2021-08-07 20:55:22,45167.62806024602,12469.38757693065,181033.26836337935
2021-08-07 20:58:06,45175.24294381322,11148.727005057408,187935.34499787708
2021-08-07 21:56:45,45498.38475054425,11843.7461426772,183365.63829414072
2021-08-07 23:09:33,46105.29422499857,11655.10458070191,193028.24679359456
2021-08-07 23:24:37,46215.50390248763,11819.6298426429,171944.4743600139
2021-08-07 23:28:38,46242.45539453079,12029.018560331393,168842.575375763
2021-08-08 00:07:04,46435.66157701631,11277.880398806408,188103.59069422394
2021-08-08 00:24:47,46481.36410463476,12722.176469103997,185372.2015701465
2021-08-08 00:42:27,46500.51412780243,12111.016329709328,177130.54325076073
2021-08-08 00:50:34,46501.43877319537,11640.451037602319,170068.04817141473
2021-08-08 00:51:51,46501.18104115726,12509.202388957185,179597.03800788958
2021-08-08 00:58:15,46498.392698282034,12251.551906734407,163551.43170744978
2021-08-08 01:27:07,46462.9178078231,12702.08224615511,178967.1762128972
2021-08-08 01:28:54,46459.99733299516,10990.333590418108,164055.72774320768
2021-08-08 01:32:08,46454.63424568925,12213.564116255466,166047.81920736097
2021-08-08 01:36:20,46447.619078189964,11825.025178591706,181483.59897213714
2021-08-08 02:00:21,46412.68673380378,13172.318621560758,178487.4779004673
2021-08-08 03:16:45,46580.69368584664,12295.682122441793,177841.4424934112
2021-08-08 03:21:18,46612.52100935236,12377.89105487223,202931.52241372323
2021-08-08 03:31:24,46693.57763769425,12639.37199041872,191391.11941655565
2021-08-08 03:58:43,46984.39287493815,11798.224130130364,186675.89458175233
2021-08-08 04:06:59,47092.110283458656,11255.39881847121,180759.66134632166
2021-08-08 05:06:15,48062.9577388214,13658.700251491773,177412.28011024048
2021-08-08 05:21:25,48340.763460587856,12686.52210871816,175114.2085941841
2021-08-08 05:23:55,48386.542960730454,13020.531878247022,177743.47752210684
2021-08-08 05:33:21,48558.11159455333,10957.023702108807,173851.1172662545
2021-08-08 05:58:43,48997.99988953591,12808.914887960122,192854.16281024052
2021-08-08 06:18:37,49303.6291153296,11597.704756676885,173160.17861142
2021-08-08 09:24:27,49176.81008000342,12949.24063863274,185454.51001059203
2021-08-08 09:33:14,49069.14551236602,12491.086399466809,173276.44564045034
2021-08-08 11:44:12,47657.70967903547,13255.195265938328,185495.29697643738
2021-08-08 11:53:38,47596.24148208506,12570.009444580055,171222.81369493113
2021-08-08 12:03:29,47539.57849389218,11643.22768209059,186085.87702641703
2021-08-08 12:06:20,47524.62190668869,12536.301279747662,177300.03026070326
2021-08-08 12:33:40,47413.78412180176,12991.477006607272,167529.50992366264
2021-08-08 12:34:50,47410.35245033161,12438.691490291218,195991.6231385321
2021-08-08 12:41:06,47393.70457096285,13259.345086450818,184159.57653212867
2021-08-08 12:42:56,47389.39935088413,12747.06223124913,164980.1561807102
2021-08-08 12:54:32,47367.99141787111,12932.185059259642,194301.07751655555
2021-08-08 12:55:44,47366.34371748379,13249.903130879416,197099.82186932315
2021-08-08 12:57:36,47363.98869015608,12867.73525319,179676.2367983945
2021-08-08 13:58:11,47412.711021807976,11435.92809592454,179180.4550715611
2021-08-08 14:18:25,47474.01351855702,12899.091074311824,174157.63471890974
2021-08-08 14:19:32,47477.888976312126,11198.434797295646,188598.03142814338
2021-08-08 14:26:59,47504.87144046655,12859.803599612012,162415.52387042844
2021-08-08 14:40:55,47559.83424892679,12166.190705057581,189486.3533556959
2021-08-08 14:48:08,47590.0820568099,13244.369608447145,176941.69760327105
2021-08-08 15:15:15,47708.687126666475,11937.928665432015,184002.45664594442
2021-08-08 15:38:12,47805.767881885564,11880.06596881595,201520.80635312994
2021-08-08 15:57:15,47875.79942163164,12242.95550501758,185720.7904862292
2021-08-08 16:01:28,47889.332917475054,12329.220905342747,179811.10313714927
2021-08-08 16:10:26,47915.1997347779,12546.821032583346,179721.19935715167
2021-08-08 17:06:26,47957.95535563215,12686.307276513864,186439.0670264422
2021-08-08 17:31:07,47898.91816758513,13835.91045290886,182181.116187443
2021-08-08 17:49:32,47823.31607086782,12644.013052411954,199363.64100417594
2021-08-08 18:12:03,47698.96990030731,11959.444863382883,179669.1273435037
2021-08-08 18:13:39,47689.00293719319,13110.40474950569,192119.37846287063
2021-08-08 18:16:26,47671.35748085625,11151.049846442793,173511.74446484775
2021-08-08 18:41:50,47496.20699174438,13019.374365475496,187380.546606978
2021-08-08 19:23:58,47191.46840692464,13079.636985520749,181901.00061993286
2021-08-08 19:50:17,47030.014304431344,12804.105294989646,180587.83059594742
2021-08-08 20:32:22,46881.136370596934,11482.60273255524,191997.46422439755
2021-08-08 20:53:05,46872.00879965265,12423.835896184386,180022.18342802886
2021-08-08 21:34:32,46986.538074978926,11906.06781153748,180413.52224139342
2021-08-08 21:58:15,47119.4882567925,11948.785382802636,181550.24448279385
2021-08-08 22:09:01,47191.25766370514,11989.034240539408,188010.16480526963
2021-08-08 22:17:46,47253.18637152566,10964.748314018168,181106.62328647665
2021-08-08 22:27:21,47323.46617348249,11820.282549361724,182238.02816809266
2021-08-08 22:32:57,47365.205012704064,13388.829681490897,174076.48870391786
2021-08-08 23:15:29,47668.3865724316,13231.888438412878,185875.3804613748
2021-08-08 23:19:03,47690.66035867388,12432.006543967043,177477.20056980857
2021-08-08 23:36:00,47785.31772845055,13243.556322271888,191431.43212935713
2021-08-09 00:09:24,47905.720833024854,12427.503721221125,193844.15527814964
2021-08-09 00:21:43,47925.67975959414,12115.645740140839,190830.41037512655
2021-08-09 00:27:09,47930.345303314956,12876.872376298472,195755.3340176675
2021-08-09 00:34:07,47932.78106236859,12242.457679249397,177896.82611281244
2021-08-09 00:45:46,47928.55356139787,12146.985402500222,183318.74064954135
2021-08-09 01:07:47,47897.10203967795,12250.06996134749,202199.8549667022
2021-08-09 01:16:19,47878.94980628342,12571.386101220365,167741.66532378684
2021-08-09 02:25:27,47755.54090692231,12441.227217810829,182020.60167596926
2021-08-09 02:47:17,47782.8136822003,12209.731610161496,199101.65407305598
2021-08-09 03:21:11,47944.746236721316,12226.985962751794,172882.92658141238
2021-08-09 04:06:48,48425.97856898473,12145.039156967126,194700.6452610177
2021-08-09 04:12:56,48512.84230789394,12224.97801967629,183990.8337219567
2021-08-09 05:08:13,49462.205520314325,11492.553685367871,189033.6947991385
2021-08-09 05:58:21,50389.70841979397,12804.262011234445,185022.3683252844
2021-08-09 06:33:13,50919.877830334444,14267.90879229778,198462.45733073173
2021-08-09 07:03:20,51232.92469495072,12887.20213594492,180762.1458304659
2021-08-09 07:59:36,51377.72463533621,12498.793290442316,190912.73012617213
2021-08-09 08:19:22,51297.55306587847,11212.06523362773,189255.9791285463
2021-08-09 08:27:52,51245.249057499066,13871.888117959088,221020.84171495284
2021-08-09 08:28:48,51238.910269512344,14445.486732001678,183842.34672718612
2021-08-09 08:38:51,51163.719150426085,12447.153964071002,185466.99260681946
2021-08-09 09:14:05,50819.4985825016,13292.229558854888,204066.86026710476
2021-08-09 09:49:40,50400.5248105314,12887.313895313193,188979.2758139375
2021-08-09 11:29:31,49368.943839788524,12638.487557270471,184514.81706298917
2021-08-09 11:38:00,49310.549951320805,12882.520457762334,190268.67807388323
2021-08-09 11:43:56,49273.16521091456,13467.977152248155,175557.1459770699
2021-08-09 11:52:29,49224.36946951569,12897.341454093863,195773.6713507531
2021-08-09 14:04:03,49194.297822350345,12917.28773289805,185783.21777832258
2021-08-09 14:35:21,49344.08100429145,12091.75813079632,196932.17423088654
2021-08-09 15:28:30,49644.54684483577,13327.398939141918,174463.79166895026
2021-08-09 15:32:50,49668.465080141126,13505.652981410063,201726.7055279527
2021-08-09 15:41:54,49716.97036422006,13765.471912738582,187250.3201476703
2021-08-09 16:12:49,49858.170921950375,11049.809277104896,197141.01858122897
2021-08-09 16:17:37,49875.59290123522,12647.664599255419,157377.12830678266
2021-08-09 16:57:56,49956.94644760366,12408.9898282983,219532.93946458676
2021-08-09 18:02:21,49807.485001598725,12517.79477975379,196443.75278973085
2021-08-09 18:31:35,49642.07724916612,13608.711055597962,194043.07760208947
2021-08-09 19:11:43,49375.40860614623,13028.5694072785,201837.2194274433
2021-08-09 19:27:55,49272.48644886323,12838.124564036892,186404.6841490612
2021-08-09 19:49:35,49154.041329344254,13532.57499732092,181286.19548538566
2021-08-09 19:51:05,49146.95143198377,13827.958560799714,200744.67526276628
2021-08-09 20:14:03,49061.20547968308,11626.88443633553,178733.13821442222
2021-08-09 20:21:26,49043.83229754108,13984.802558730884,174542.3121716495
2021-08-09 20:44:28,49025.66531657473,14637.476370535212,209656.8887081592
2021-08-09 22:01:26,49355.72816573445,12879.95170166829,164315.70135958065
2021-08-09 22:11:29,49432.393462151,11840.287677904182,201931.55559381057
2021-08-09 22:26:47,49555.72133034049,12949.766883452638,181189.98864307764
2021-08-09 23:56:27,50162.33408495243,13247.59767518875,199817.85332391766
2021-08-10 00:12:22,50208.36470920003,13428.742093273884,198932.1665289214
2021-08-10 00:42:01,50231.378219886814,12581.19533247382,195212.58949428613
2021-08-10 00:50:37,50224.3571517801,12936.487910496875,197518.67954439123
2021-08-10 01:19:46,50168.032160086215,12147.348860443937,188825.33386141158
2021-08-10 01:27:05,50148.97842048464,12556.078213619676,199174.7871251598
2021-08-10 01:31:30,50137.11751134725,12709.326191031605,196681.95384291254
2021-08-10 01:38:25,50118.445543731585,12001.955690555615,187863.24901138904
2021-08-10 01:41:40,50109.78131516689,12772.100295063885,180991.6167226195
2021-08-10 01:42:50,50106.706569726535,13188.749984938726,196558.03523155794
2021-08-10 01:49:54,50088.695876093334,13981.380298131342,198532.6756915398
2021-08-10 02:40:55,50044.55082230482,12304.121012182173,199895.57201089826
2021-08-10 03:59:15,50589.80989443417,12957.658647726865,181749.92622533595
2021-08-10 04:07:02,50693.16287119175,12347.863255679038,203054.67286936994
2021-08-10 04:08:44,50716.82026615781,13455.435435698044,192864.73298390943
2021-08-10 04:41:33,51239.23909261023,14586.84978860946,209218.27382320332
2021-08-10 04:42:27,51255.04465885125,13681.634745476464,193278.0667345507
2021-08-10 04:48:26,51361.6327635743,14736.874227842982,197552.2036918473
2021-08-10 05:37:07,52272.32823027164,12638.539430557948,194009.22178632632
2021-08-10 05:43:51,52395.42791870528,14064.837473005698,188463.66763065872
2021-08-10 07:34:32,53571.37949775249,13692.278539292347,214143.54339785536
2021-08-10 08:38:35,53248.70564590876,13624.764091786994,215983.05953816848
2021-08-10 08:59:54,53011.66120873452,13124.608713678252,211054.12636316248
2021-08-10 09:16:30,52799.30609234211,13426.714549040458,212756.20989050428
2021-08-10 09:20:07,52750.701247692334,13157.811747298945,197281.12418315775
2021-08-10 09:43:15,52427.64900105307,13586.720675036002,197403.83561932115
2021-08-10 10:33:13,51728.96072454063,13004.583815129692,208426.5289758473
2021-08-10 11:25:17,51125.623564338486,13567.345968345806,186437.8366377726
2021-08-10 11:32:49,51054.740167934324,13464.521644898514,203754.50751613156
2021-08-10 12:07:49,50787.071073229075,14156.80450811845,197769.4584617873
2021-08-10 13:12:06,50559.65495092512,13826.79656462833,182179.3406756111
2021-08-10 14:19:26,50632.483100380305,13618.020927379328,175748.97269949524
2021-08-10 14:28:01,50658.01975319983,13580.419645647184,198614.84592100515
2021-08-10 14:46:22,50719.94114291022,13143.946228118077,184489.10570337615
2021-08-10 15:54:06,50956.40559072432,13442.048989214816,175071.87856432312
2021-08-10 16:42:41,51016.85401334135,13058.883413007092,189084.35433548223
2021-08-10 17:18:36,50944.463116109946,13701.726380468508,181168.5639140834
2021-08-10 18:40:37,50398.29372698445,13460.86028852381,193246.02142995578
2021-08-10 19:42:04,49873.21499361271,14051.01214620574,180345.34417505405
2021-08-10 19:54:58,49783.75567226745,12700.340382858249,198590.5052000242
2021-08-10 19:55:22,49781.18397913418,13055.509959137657,185462.12888273926
2021-08-10 20:56:28,49571.28424225692,12745.183570429901,201756.59466293154
2021-08-10 20:59:38,49571.363467757415,11868.325950801462,179850.4635447803
2021-08-10 21:38:04,49655.826430910376,12431.47083286414,192199.43508128513
2021-08-10 23:01:36,50150.58838688377,14335.519362267181,209319.6829751408
2021-08-10 23:05:33,50174.10142070323,13079.391698919972,194334.83430375508
2021-08-10 23:06:29,50179.554575516166,13362.769661544116,204859.8222608703
2021-08-11 00:19:13,50409.83578015885,14362.913998825787,180693.5089532028
2021-08-11 00:58:52,50343.59489366593,13965.73576094469,189530.8931815059
2021-08-11 01:03:34,50328.57956463498,13438.066661931603,200982.10268344547
2021-08-11 01:06:28,50318.77076838204,11424.509814917907,181570.44997560146
2021-08-11 01:07:32,50315.067609197984,12947.279091782724,191719.28673736486
2021-08-11 02:36:05,50044.74313706955,13998.173503331373,202683.45439833007
2021-08-11 02:36:55,50044.599290654805,12869.967390414291,205848.8623969743
2021-08-11 02:37:50,50044.533793320785,13899.423144727014,187365.59798967716
2021-08-11 02:44:03,50046.73375472159,12863.728885475528,223227.50562801491
2021-08-11 02:45:19,50047.7647210491,12448.473397585089,192974.26756281668
2021-08-11 02:46:09,50048.553652817616,13985.686191081028,185361.54493842088
2021-08-11 02:49:55,50053.23569194515,12489.37623143383,194592.295996973
2021-08-11 02:54:37,50061.7115081046,13238.327983828312,221644.0644899416
2021-08-11 02:59:30,50073.72511834035,14271.947539200703,195143.43862007168
2021-08-11 04:28:58,50919.636655259616,12592.095650015719,187029.95854684044
2021-08-11 05:27:36,51943.04058687018,13110.090636523137,189949.6478243494
2021-08-11 05:54:13,52409.50483787934,15231.104897730069,205398.02140066974
2021-08-11 07:38:01,53356.75627001603,13900.640695641468,182297.30421298233
2021-08-11 08:35:26,53055.49298339329,14457.412775007748,217041.51418024328
2021-08-11 09:24:24,52470.58095597431,13539.26775285518,202904.66919750735
2021-08-11 11:26:33,50924.928041007755,14343.110716314091,190075.15388072742
2021-08-11 13:26:45,50423.51663289445,13026.707696413952,196139.36893630686
2021-08-11 15:25:40,50816.67950202971,13906.540784672132,180952.56730899573
2021-08-11 15:51:20,50919.42444618924,14290.061813397908,193400.58096051504
2021-08-11 16:01:24,50953.071192699346,12847.680561936315,203053.68239696848
2021-08-11 16:06:45,50968.90073221352,13107.335060215613,190051.1098651145
2021-08-11 16:09:29,50976.37911019295,12314.412756800266,192069.69017086053
2021-08-11 16:39:17,51026.303217170316,13971.407675488266,187763.0114132417
2021-08-11 17:06:41,51011.26844976706,12861.91460615532,189855.00098603257
2021-08-11 17:12:57,50998.70777140578,14008.926850220592,189940.34773366438
2021-08-11 17:52:07,50843.345539551854,15140.406874748578,221668.03692023232
2021-08-11 18:08:45,50741.19627753868,13904.426062618879,196183.10283505986
2021-08-11 18:30:00,50587.33883053873,14198.812627369798,179662.32233114596
2021-08-11 18:33:27,50560.5287859084,13316.162576717828,184981.13707432183
2021-08-11 18:36:44,50534.66639202041,13386.151068359726,186348.22160600926
2021-08-11 19:06:27,50293.33161099374,12312.542670084003,190173.62263813932
2021-08-11 19:43:40,50014.49169821008,12969.174668477164,193652.44297214292
2021-08-11 19:48:13,49985.38092936237,13684.287534121735,195527.1093897179
2021-08-11 21:11:48,49796.35156095067,12852.401141323668,176931.37126892252
2021-08-11 21:26:23,49838.882495223814,13894.21822937433,194275.0469470476
2021-08-11 22:42:58,50303.25217014522,11851.902118099864,191316.5181645625
2021-08-11 22:45:30,50321.154915028696,12905.764314212207,210394.0370543354
2021-08-11 22:45:53,50323.8544749063,13530.72347540113,190854.4811183951
2021-08-11 23:19:10,50538.359665243355,12415.24388951675,194764.73380336165
2021-08-11 23:29:17,50591.24812464932,13567.14385307421,178345.53866035855
2021-08-11 23:33:09,50609.425328133795,11943.921317109045,177852.5788327087
2021-08-11 23:40:16,50639.673061572765,14292.46992085987,212313.79409278958
2021-08-12 00:16:30,50721.815715222394,13686.879809846896,184535.24608468497
2021-08-12 00:25:51,50722.72222471177,12552.553816183694,183012.12678634893
2021-08-12 00:49:06,50691.76718654161,12503.05066883178,196591.21440765652
2021-08-12 00:50:14,50689.17513793465,13326.214992680461,212044.27003148553
2021-08-12 02:57:53,50395.87953064376,13547.971801706706,194938.88006128438
2021-08-12 03:23:40,50507.31585933702,13812.48017274561,187685.66943075354
2021-08-12 03:36:50,50602.82215714956,14239.526308613182,209580.26595263954
2021-08-12 04:22:10,51125.15971298137,13851.55323248564,189607.5931910425
2021-08-12 04:49:28,51556.25703939704,12936.821427567837,173624.37273631865
2021-08-12 05:07:04,51860.825774788784,13503.934452112811,193497.02202737864
2021-08-12 05:12:50,51962.71224570247,12273.928590183972,198783.02311683993
2021-08-12 05:20:06,52091.44202431254,13865.794004585881,211892.669767763
2021-08-12 06:09:13,52902.556047558995,14586.035585426722,193300.46283419707
2021-08-12 06:18:36,53031.90426134636,14945.652655007432,190570.3394832673
2021-08-12 06:25:25,53118.20806651154,12994.476448406456,206541.35222732034
2021-08-12 07:04:56,53465.43170114875,14846.536233108041,192629.55483309465
2021-08-12 10:17:35,51671.81370137602,13601.851158894693,217802.7156290754
2021-08-12 12:02:46,50401.4306603823,11902.6007886961,183471.73957133444
2021-08-12 12:02:50,50400.89362266079,13653.518335130886,180176.5526673928
2021-08-12 12:53:52,50096.87762907227,13532.130543107813,182303.28386753605
2021-08-12 13:14:49,50030.933540165846,12674.300707451244,202514.83385827142
2021-08-12 15:16:45,50106.4846274801,13011.652966922516,211215.8013986848
2021-08-12 15:20:43,50114.2978896108,12692.192629819161,210870.48171663837
2021-08-14 00:08:56,48889.73515221549,12231.000720937069,197230.91173922876
2021-08-14 00:16:31,48917.95767105125,14272.097518489076,184216.26212490347
2021-08-14 00:19:25,48927.427380388894,11782.274931049036,199118.41083789544
2021-08-14 01:33:17,48980.52390737577,13935.682263562405,184459.18645074664
2021-08-14 02:00:21,48972.47708552397,11985.566681206283,173962.99333667257
2021-08-14 02:07:23,48975.38545789138,12976.958355830278,196885.35703818718
2021-08-14 04:05:20,49877.00766934655,13793.918564863197,203548.44531801634
2021-08-14 04:08:41,49931.85344322345,12426.125516912718,198442.84747966606
2021-08-14 04:38:05,50472.256102665146,12811.184866915803,196949.76993304768
2021-08-14 06:00:03,52212.607445076625,15070.112059387235,197353.44680699043
2021-08-14 07:05:59,53231.61744462728,13426.144029096786,181890.91963504578
2021-08-14 07:52:35,53485.233811386584,14577.375406612206,206300.02510039485
2021-08-14 07:58:58,53488.1823520342,14337.284496012902,211928.13307855095
2021-08-14 08:30:01,53406.350434322674,14281.574176618193,203840.02055564983
2021-08-14 09:32:18,52902.800824114864,14548.378928442275,207413.99887647224
2021-08-14 09:57:51,52639.19657301073,13785.062655087271,206641.7396275832
2021-08-14 10:08:05,52533.852630580426,13281.98131145995,187550.36135783338
2021-08-14 10:23:12,52382.84140919877,14087.317930872741,211020.5297102135
2021-08-14 14:08:36,52035.71073503377,13990.500965946754,199221.86418922246
2021-08-14 14:25:46,52155.80211743804,13706.590465153397,214168.199772157
2021-08-14 15:03:02,52446.8444637619,14084.13359804034,211414.3670068168
2021-08-14 15:49:27,52809.73697292804,13673.934571213134,198387.24359850498
2021-08-14 16:24:18,53027.73045357486,14841.604663420556,211781.82888292297
2021-08-14 17:00:59,53161.398996578086,13856.907337209026,216694.96669033542
2021-08-14 18:43:26,52928.62711014331,13540.268659821486,185221.31808451726
2021-08-14 18:55:18,52864.30790900607,12778.571562189747,189589.81026972644
2021-08-14 19:20:11,52730.937231430675,13877.560795172238,213071.90041944827
2021-08-14 20:54:04,52581.34021836144,14002.185161510863,212224.53288124537
2021-08-14 20:56:02,52587.88205420156,13138.284947329845,204995.85275149602
2021-08-14 20:58:16,52595.851923543625,12934.299798469738,221370.4575618502
2021-08-14 20:59:49,52601.72039077868,12930.815337590524,220360.09172134503
2021-08-14 21:11:18,52653.687881714075,14109.351522506753,184015.7374992469
2021-08-14 21:12:51,52661.82855655904,12932.08840710866,214615.5712305137
2021-08-14 21:13:23,52664.69034412201,12601.670135859724,201856.93894149436
2021-08-14 21:38:44,52834.374684474635,14752.05982189055,189609.71861650833
2021-08-14 22:01:09,53030.73211182498,13893.400484557791,186306.70155503464
2021-08-14 22:02:44,53045.85502280124,13141.44097875998,203524.39667855884
2021-08-14 22:21:40,53235.28585850079,15066.172431230487,193907.89042477144
2021-08-14 22:27:44,53298.22636300297,13383.032355617406,212673.5410142483
2021-08-14 22:31:46,53340.336937364926,14080.672259199486,181754.16162060367
2021-08-14 22:52:31,53555.72733921265,15173.364339107093,191605.9207029612
2021-08-14 22:59:00,53621.0137875291,14338.431200863606,210631.65264676826
2021-08-14 23:00:23,53634.73301437608,16204.65484124755,221097.2484887749
2021-08-14 23:05:21,53683.27158066236,14601.326057457503,215903.91905071188
2021-08-14 23:08:26,53712.778926854015,13518.57382678602,194868.81906254357
2021-08-14 23:14:07,53765.74234496594,14112.162480493076,205213.3674678869
2021-08-14 23:19:24,53813.12833041917,12989.41792803002,210558.2513792964
2021-08-14 23:26:12,53871.1732611438,13913.313904025741,228987.80314479096
2021-08-14 23:26:33,53874.06483558293,15418.062913276332,198243.42378174662
2021-08-15 00:06:45,54131.85549044413,14450.86039110525,213615.72218701814
2021-08-15 00:21:32,54185.91672017582,14562.515654319954,215726.24331687338
2021-08-15 00:26:21,54198.75749193939,14433.85428498283,219091.09254495992
2021-08-15 00:38:14,54220.93035206114,12168.460102895253,225898.07617993286
2021-08-15 01:23:50,54209.1991432381,14330.749783084688,195044.72642222492
2021-08-15 01:28:09,54203.38091673275,14353.691143357722,200242.3872115361
2021-08-15 02:22:45,54166.498452261396,13421.72638866471,221112.7403941871
2021-08-15 02:47:36,54226.9777275191,12951.664733113681,210303.38400245673
2021-08-15 02:50:07,54237.46214511972,15042.034855496146,190066.12124773773
2021-08-15 03:22:52,54460.87272016557,12933.457915752224,189392.49081281445
2021-08-15 03:26:31,54496.42950212124,13932.81930766859,210492.55111907583
2021-08-15 03:27:33,54506.89765820042,13708.93602440304,216823.10298580557
2021-08-15 03:34:57,54587.056872836874,14601.430688627981,212578.27033699842
2021-08-15 03:51:54,54804.7553982466,13816.031863189177,211668.42893801193
2021-08-15 04:33:31,55521.84392970275,14727.11452003099,206942.68009745047
2021-08-15 05:13:16,56369.94756460846,15202.407828763718,222142.59240351128
2021-08-15 05:13:49,56382.163159054544,14210.83472429108,192924.74279887267
2021-08-15 07:30:26,58499.55308452577,16385.96739919793,213256.43211978805
2021-08-15 07:37:43,58518.41137203312,13882.84017440622,223083.46363771064
2021-08-15 08:19:46,58418.25646389957,15254.36245919789,225534.54368200118
2021-08-15 08:29:29,58349.93339351098,14853.161240675467,229974.08841340747
2021-08-15 08:58:01,58073.95369639884,14125.711384098055,226042.9474797218
2021-08-15 09:34:49,57607.966465681304,13566.62937304066,225055.6803436953
2021-08-15 09:39:01,57550.66329607576,15317.648264182242,225593.5545759469
2021-08-15 09:44:26,57476.24148162469,15685.528289657868,210723.35274226542
2021-08-15 09:49:48,57402.174748422694,14734.363906854063,218348.28678828804
2021-08-15 10:24:06,56936.791242537016,13742.805898431585,202112.5197418342
2021-08-15 10:46:39,56655.89183800004,14332.156071221334,200081.61242988403
2021-08-15 13:15:10,55852.76384149735,15599.226555776355,199500.6584820162
2021-08-15 13:25:01,55868.452650056555,14225.381393173471,238864.07423608596
2021-08-15 13:30:27,55880.29669618189,15047.1168158918,195547.4112136517
2021-08-15 13:31:13,55882.14509922339,14673.571454159372,220859.54436552958
2021-08-15 14:08:51,56021.42700739055,14445.760302554361,209298.11725564973
2021-08-15 14:19:52,56077.62307034497,15469.543444493467,213864.17241238907
2021-08-15 14:44:39,56221.94228328478,13875.222086515032,202065.0631411039
2021-08-15 15:00:54,56325.12450178738,14880.392758395357,204945.16315509024
2021-08-15 17:52:36,56746.49345521541,13890.066992059354,215825.06635374267
2021-08-15 18:02:52,56695.8182889828,16474.089816767024,232472.69855160124
2021-08-15 18:37:29,56476.62369352575,15302.85797184669,202038.0611033073
2021-08-15 19:38:23,56053.96267711056,14237.965200927863,207279.63165711358
2021-08-15 21:08:53,55947.66407632339,13500.862874389106,212120.4253318399
2021-08-15 22:00:26,56311.634997965484,14879.130348047176,213568.8809234323
2021-08-15 22:17:40,56480.91716804463,14525.110801299395,215344.3774914932
2021-08-16 00:15:32,57470.40753576689,14137.74148142441,215878.50068044377
2021-08-16 00:18:04,57479.29713516185,15729.606991957671,213353.76642922236
2021-08-16 00:47:44,57536.89182716272,16070.97891291109,198433.93944588598
2021-08-16 01:23:38,57520.87000778302,15076.962397291905,231932.9928180788
2021-08-16 02:38:52,57538.59520161323,16152.132778077887,223973.56775772074
2021-08-16 05:13:05,59987.825619402756,15245.021850987301,222681.0430304561
2021-08-16 05:29:35,60399.23987959204,14543.148136155172,226231.26074564902
2021-08-16 06:01:08,61153.621695990405,15122.687941954968,246854.67473919276
2021-08-16 06:03:48,61213.32869357202,14734.022032830433,230402.5777526104
2021-08-16 06:41:05,61938.65983003172,18389.195581060158,261976.70493010205
2021-08-16 07:50:47,62544.119854886456,16301.308227123565,249726.36321429745
2021-08-16 08:02:11,62541.6933417873,17079.048049959845,240430.2690056041
2021-08-16 08:57:44,62200.97507118651,16647.092416243682,227868.02654308316
2021-08-16 09:37:53,61739.66953400844,15727.081355983104,227199.92950306393
2021-08-16 10:44:48,60935.92911514351,17206.331024311086,243405.29027325552
2021-08-16 11:08:15,60710.75343805326,15795.913675616193,241011.77755398297
2021-08-16 11:17:12,60637.08019526821,13610.509007079054,233850.70779651633
2021-08-16 11:30:42,60540.038073166856,16623.11724202246,240168.11590338033
2021-08-16 12:41:25,60329.34681254553,15114.754182148263,219638.75478597402
2021-08-16 13:20:51,60425.44308094563,14703.236652819895,222536.0382160083
2021-08-16 16:26:20,61889.455924556685,16432.758640436976,229831.348348289
2021-08-16 16:35:55,61942.75635806576,16446.54393213493,239239.75525948798
2021-08-16 18:05:00,61992.47926631492,16150.184923255396,223548.3172845809
2021-08-16 18:20:33,61924.65566116062,16579.958287632173,247113.39656615938
2021-08-16 18:33:51,61855.19930436562,14618.585101496186,235771.92723777157
2021-08-16 19:48:51,61452.29626603889,17023.745836752216,255941.75773581775
2021-08-16 19:53:54,61435.359849371685,15324.87605909604,214675.37894533042
2021-08-16 20:18:26,61390.891792072456,16103.496670678724,240560.17536895385
2021-08-16 21:24:25,61652.944891541774,16636.105631917933,230184.16678462285
2021-08-16 22:40:42,62527.197895228535,16401.03163149627,244183.35105713605
2021-08-16 22:46:04,62596.38657998506,16256.424591690697,257490.02676953678
2021-08-16 23:47:55,63277.3679407696,17686.495336652904,240169.14829467068
2021-08-17 00:05:24,63403.17444912673,15896.209600655386,276667.79621828144
2021-08-17 00:29:54,63518.362964723485,17099.87304812611,250826.21796312352
2021-08-17 01:56:21,63547.30415230183,14881.16194757319,246338.52772616467
2021-08-17 01:59:53,63547.12085737744,15823.974328053095,238620.4916342033
2021-08-17 02:03:22,63547.71538682153,17273.14942543584,232489.8623451626
2021-08-17 02:13:54,63555.22274165816,16246.152127647845,243032.2797971144
2021-08-17 02:23:16,63570.783468073445,15982.062838714482,228519.91031216117
2021-08-17 04:17:16,64905.44395364014,16945.526094740366,244175.59557669007
2021-08-17 05:24:57,66633.3198507172,16457.67191374069,261424.63187527808
2021-08-17 12:39:39,66050.51560083509,17918.0926999662,233909.08257823793
2021-08-17 14:33:16,66431.91024168117,15918.8615838559,305698.7389540597
2021-08-17 15:31:37,66878.55701454984,16294.928526733502,276945.11601004103
2021-08-17 15:44:37,66972.35867625533,18754.21312866813,270657.6674173527
2021-08-17 16:18:40,67173.14858882327,16642.688966589514,235199.37079262314
2021-08-17 16:30:11,67220.42423862596,17664.886956366285,252228.08430365133
2021-08-17 16:35:01,67236.48476786613,17105.51373259253,223182.17561548445
2021-08-17 16:35:06,67236.74111565485,17261.61033291849,265720.26573277666
2021-08-17 16:39:09,67248.34029099699,17820.165353829496,268486.9773435057
2021-08-17 17:47:43,67165.11130335303,17885.05330168374,268575.3041257089
2021-08-17 19:23:27,66404.82145128638,16358.565963052506,264473.50309125776
2021-08-17 20:20:30,66072.80459494959,16967.71709298674,235286.41772513906
2021-08-17 21:12:30,66134.01066904476,18004.98486712281,279041.656540516
2021-08-17 21:23:31,66197.01759123393,17742.907082436308,248596.62412339787
2021-08-17 22:53:00,67109.19673396093,19278.117454432126,244934.45048611812
2021-08-18 01:58:08,67672.60834308386,18514.473833249624,265505.1155408914
2021-08-18 03:48:59,68363.19737013805,16111.944066269356,254184.05882956588
2021-08-18 05:01:04,70018.64876615712,19667.330244415552,274732.3969778513
2021-08-18 05:04:54,70123.51381712944,17426.479429769366,265099.05171339796
2021-08-18 05:05:30,70139.99024418685,18888.679262163274,262647.0353776599
2021-08-18 05:29:26,70802.22414376169,20587.861793531163,277479.1325119374
2021-08-18 06:12:06,71903.70641792167,17422.491161828482,282384.9733876766
2021-08-18 06:14:00,71947.36025719109,19518.54522913697,263859.68688041595
2021-08-18 06:32:20,72334.13529841069,18511.325063029988,291803.8911041664
2021-08-18 09:34:20,72008.26325590699,17628.594009209563,245289.6683061526
2021-08-18 09:34:31,72005.28262068806,17254.626381815237,258006.84485121083
2021-08-18 09:40:58,71899.78834758289,18559.30904484519,253351.3805679695
2021-08-18 09:41:43,71887.4563887379,17104.921720095106,283702.7833862905
2021-08-18 10:10:08,71420.22753469356,18884.15174503095,261941.7249950691
2021-08-18 13:17:39,69995.52327323632,18758.03264799915,278880.63839182135
2021-08-18 13:39:41,70077.08121227709,19632.17129162619,277535.99515311513
2021-08-18 13:40:48,70082.39072647032,18874.152269951926,266819.1703784439
2021-08-18 14:44:03,70525.78138087444,17152.979871189404,292603.8255041416
2021-08-18 15:15:21,70803.62828450983,18656.184788191345,250603.55561095904
2021-08-18 15:51:03,71105.8415280969,18676.179539394576,278254.6876390866
2021-08-18 16:17:28,71285.31085660579,19629.04018364113,272663.7470264587
2021-08-18 17:00:52,71436.15791128708,18684.673160314025,287217.5384531632
2021-08-18 17:38:16,71386.55634476211,18661.347965902165,301999.21857979946
2021-08-18 18:42:45,70958.47529447521,19540.88842690582,298666.1055093016
2021-08-18 18:44:33,70942.75102061772,20880.990336731902,255384.68710018072
2021-08-18 19:22:57,70607.58457287091,20199.36297539071,290441.15829637245
2021-08-18 19:31:16,70541.48209668855,18000.664107402827,301884.2936502285
2021-08-18 19:42:15,70461.7981289952,16080.732728175195,254423.87797325538
2021-08-18 20:17:41,70289.80866832998,19494.84469211684,272891.94655759947
2021-08-18 22:44:29,71333.84725916672,19429.103598482787,273665.14942221885
2021-08-19 00:03:21,72087.37270751911,18593.03906918205,279671.63115879975
2021-08-19 02:53:01,72041.37705742581,19243.560100908584,261611.3487064611
2021-08-19 03:02:24,72096.34397109327,18411.754142845813,299043.21908849716
2021-08-19 05:19:58,74831.04177950497,18075.152978320468,274627.6512115048
2021-08-19 07:53:21,77197.98845922558,21145.940435686305,299785.6425162628
2021-08-19 11:24:42,73731.83467800693,19158.48062761516,275663.0699718242
2021-08-19 11:41:57,73504.5033502085,19152.841443677942,258281.39535061375
2021-08-19 11:42:50,73493.79605283275,19393.057895200265,284001.95433671755
2021-08-19 12:34:40,73028.56496986483,18540.145739936346,282004.5567894462
2021-08-19 13:08:30,72893.15539989913,19323.367642352365,277135.9898167225
2021-08-19 14:30:17,73008.129800909,20390.078990123664,310983.54814539966
2021-08-19 17:26:20,73255.12624277877,17482.805455334343,302744.6932170152
2021-08-19 18:54:22,72260.9648785875,18883.0391642631,258847.47529883982
2021-08-19 18:59:09,72194.926795547,18093.390906233148,298283.01585675427
2021-08-19 18:59:41,72187.56853648453,18690.717383853,287848.53162113007
2021-08-19 19:23:15,71869.16020883377,19079.334423873057,267043.5445117943
2021-08-19 22:05:37,71367.1811633085,19698.91351848253,261167.82775857043
2021-08-19 23:24:50,71964.03600037024,20670.813257151247,293919.16173130996
2021-08-19 23:48:54,72064.90226558951,18530.123845546215,257464.41272861816
2021-08-19 23:51:30,72071.57070737242,18200.472843620257,293078.4083225181
2021-08-19 23:58:23,72084.95474310525,17013.452740126166,262251.9617998314
2021-08-20 00:01:40,72089.124079903,19706.2358427497,292889.9254908645
2021-08-20 00:16:39,72089.80937935771,18472.049435089277,266159.45873861894
2021-08-20 01:21:50,71796.92435488747,16966.69843381364,268760.4919339945
2021-08-20 01:46:29,71620.55383234702,18055.070488349847,271700.45653687
2021-08-20 02:21:03,71422.79598528986,19382.425107852338,262430.86259415135
2021-08-20 03:09:46,71424.19520644133,20410.08448750131,318899.50159928034
2021-08-20 03:14:07,71446.70889010219,18873.950743105703,261597.3011537071
2021-08-20 03:34:22,71606.05852845716,18478.489195977985,261995.95744354997
2021-08-20 03:34:47,71610.29043130034,19056.16692277834,259918.77635954475
2021-08-20 03:45:20,71730.18938879651,18912.81429789366,293621.99456386804
2021-08-20 03:56:10,71878.36429663777,19538.987358411374,256419.26193049757
2021-08-20 03:57:30,71898.30638950015,20040.87559101027,289848.6155390204
2021-08-20 04:02:53,71982.5063525644,18414.123812989084,272032.33352770796
2021-08-20 04:03:23,71990.62189313288,19786.966164734567,290375.1246741253
2021-08-20 04:04:34,72010.02526180157,18649.72692471895,297395.45629797905
2021-08-20 04:13:50,72171.25599766556,17952.27596351095,269554.8108273
2021-08-20 04:20:09,72290.12287418557,20165.508011299036,288402.254140463
2021-08-20 04:50:55,72953.97310690646,19292.61776874581,248131.53237342642
2021-08-20 04:57:19,73105.3034892358,19051.51131092455,282973.85639048106
2021-08-20 04:59:51,73166.02954619724,19361.58728427791,264320.2949081212
2021-08-20 05:08:07,73366.62925305491,17175.855965858205,305207.03847075335
2021-08-20 05:37:40,74089.27729930851,20757.428779336915,282278.25910251343
2021-08-20 05:49:40,74371.18345626796,20256.1234428209,281000.859572797
2021-08-20 05:52:29,74435.34666368942,20054.699330731855,271366.9562671152
2021-08-20 05:53:14,74452.28027476811,20718.613752315556,294710.4943140239
2021-08-20 06:13:44,74885.07194351857,20499.73380097428,255211.69414275282
2021-08-20 06:16:13,74932.89359089463,19666.261223076177,282167.5174725377
2021-08-20 06:47:07,75420.94953542114,22166.470397224715,279776.42762672616
2021-08-20 07:17:13,75670.96195459661,18005.537146961153,277435.94309467636
2021-08-20 09:42:20,73988.85668367063,19448.44624996571,251007.28180921738
2021-08-20 09:43:03,73974.13506173748,18194.945835162696,288514.6475538035
2021-08-20 09:54:13,73744.55573562109,18641.263430234976,276978.33684370265
2021-08-20 10:13:43,73349.02151930552,18715.0707639752,299580.9356633822
2021-08-20 11:00:14,72498.47113567476,20069.379325640486,275369.38916934945
2021-08-20 11:14:19,72280.8687381631,18360.014748382197,241269.99765910985
2021-08-20 11:55:20,71780.11070140205,15547.333266087528,264710.48953674454
2021-08-20 12:06:09,71682.94497369532,19216.277847193764,309085.8689768769
2021-08-20 12:24:09,71553.98957882216,18814.143793010495,280792.6278125435
2021-08-20 12:25:55,71543.52160307509,17589.45147628291,268578.4414006776
2021-08-20 12:28:06,71531.12062794222,20063.75793205301,298134.5838912731
2021-08-20 12:52:49,71431.32259704566,17712.46536500777,290793.5718385623
2021-08-20 12:58:50,71418.03055705121,17641.99295765007,274967.626556296
2021-08-20 13:00:47,71414.6183910522,16483.08409265085,271759.7020366142
2021-08-20 13:18:30,71403.09254063497,18735.28166011824,287246.58168678643
2021-08-20 13:30:57,71415.0369768439,19480.397003174978,287015.1018513255
2021-08-20 13:33:31,71419.44549909268,19035.35212145122,262994.87951636116
2021-08-20 13:38:08,71428.98557736202,17660.444019643546,257463.51123003606
2021-08-20 13:47:36,71454.78520419243,18813.21136638115,306845.2733891503
2021-08-20 13:48:08,71456.4794843131,20524.255703608953,267671.9684535262
2021-08-20 13:49:08,71459.72351282022,18717.305645440552,295747.9243948805
2021-08-20 13:50:21,71463.78780905483,18752.432751419765,292470.2210236722
2021-08-20 13:52:01,71469.56223888876,20276.998277153365,266695.29672065075
2021-08-20 13:55:49,71483.60502487594,18822.480951535792,257811.73470815265
2021-08-20 14:00:59,71504.59103125062,19219.06821734174,253467.8329646728
2021-08-20 14:05:40,71525.41442997869,18537.222924082056,258147.15900559936
2021-08-20 14:08:08,71537.0401290328,20813.917626336453,273592.98500985245
2021-08-20 14:16:51,71581.53489612576,17950.349267789712,261748.9044122505
2021-08-20 14:23:51,71620.80956703292,19145.691458408543,300563.95250314265
2021-08-20 14:27:34,71642.82008877299,18390.723981523835,269075.55715507217
2021-08-20 14:28:19,71647.3525570406,19252.77903488233,279485.267641316
2021-08-20 14:31:48,71668.78304759848,18284.91164345807,269327.3709008526
2021-08-20 14:32:23,71672.43095029195,16395.814804658512,309162.0951126442
2021-08-20 14:54:11,71818.5688135226,18980.239257153433,285859.3482424762
2021-08-20 14:57:20,71840.87503274347,18259.159099264954,253813.4612256355
2021-08-20 15:06:40,71907.914668028,18612.401038159125,279573.70169552224
2021-08-20 15:14:44,71966.37625885256,19203.562562090214,276259.57186263514
2021-08-20 15:27:06,72055.27144325353,19649.980585012632,273042.8668195136
2021-08-20 15:28:23,72064.35984499608,17872.62151653022,255092.47643040062
2021-08-20 15:36:29,72120.75280137055,17884.092001112003,267908.3011742687
2021-08-20 15:56:35,72249.6444582811,18172.774805623223,237606.75013348382
2021-08-20 16:11:47,72331.48146846078,19382.789200910353,290685.9709793695
2021-08-20 16:18:01,72359.9828925713,18581.144116772284,291529.3904387129
2021-08-20 16:19:22,72365.72263641063,18957.88354226084,265528.6399091038
2021-08-20 16:22:11,72377.17948592751,20125.707102635813,296009.6380699421
2021-08-20 16:31:26,72409.61477957682,18370.097155838193,296869.44908074866
2021-08-20 16:44:45,72441.16275035824,19926.390705211466,280669.8439788715
2021-08-20 16:50:18,72448.64455500394,19388.333488581946,269682.11617276235
2021-08-20 16:50:50,72449.1810582455,20418.235311989018,283966.6589049607
2021-08-20 16:52:55,72450.96612190559,19545.78849142014,300331.72793150874
2021-08-20 16:53:26,72451.33191521888,18784.992054547845,277579.9057198282
2021-08-20 16:55:43,72452.58002885936,18582.47139784504,255096.7271016638
2021-08-20 16:56:53,72452.98461923482,19906.855012636992,275811.41272963263
2021-08-20 17:08:39,72448.11631816888,17232.872778950772,268223.601631034
2021-08-20 17:27:41,72405.32486493222,17678.359915136374,288220.14509867964
2021-08-20 17:34:44,72378.6414514696,20850.793474009122,268186.2414630207
2021-08-20 17:35:46,72374.25169756643,20189.88165090326,267512.69147536287
2021-08-20 17:41:05,72349.77360922175,18302.314095158625,300158.34598499973
2021-08-20 17:50:25,72299.3955949673,18591.830032167978,265937.61156546976
2021-08-20 18:07:22,72185.94269722617,17479.12538982919,317816.3781719991
2021-08-20 18:11:42,72152.9310318188,19565.7595876206,266223.85756383673
2021-08-20 18:12:31,72146.5474954573,19951.502897199032,265683.1441370442
2021-08-20 18:12:52,72143.7965002887,18859.778191557987,270567.4402104086
2021-08-20 18:30:35,71994.21736564505,17627.673131597378,248238.46777515727
2021-08-20 18:32:11,71979.8806031173,18508.33681536358,269940.951243539
2021-08-20 18:32:30,71977.03033714018,19495.132367463764,290919.87917859
2021-08-20 18:37:48,71928.76523893538,19749.51848238989,268432.51649668807
2021-08-20 18:39:04,71917.09146200631,20046.05354944602,287034.74873574334
2021-08-20 18:43:45,71873.56456003961,19345.276931087323,291946.57183811837
2021-08-20 19:00:33,71715.42311215599,18223.948461093347,276730.5458738138
2021-08-20 19:07:38,71649.45343037417,19079.03846083468,252173.12721250995
2021-08-20 19:11:22,71615.23864648268,19646.853520256762,293388.95647002925
2021-08-20 19:17:44,71558.15841081878,17987.003122812006,283478.9842781057
2021-08-20 19:18:47,71548.92828323721,19000.362917459726,297342.8434305995
2021-08-20 19:21:42,71523.60291426402,18556.11378542025,262315.13891730347
2021-08-20 19:22:14,71519.02473133645,20072.59673861827,284891.32518219535
2021-08-20 19:26:03,71486.77885128887,17026.687708352296,273640.74482148694
2021-08-20 19:30:43,71448.70316455624,19303.289657056597,265628.38979614474
2021-08-20 19:32:58,71430.93169859162,18067.424073153143,280040.5627294723
2021-08-20 19:35:28,71411.66937701593,16107.337456399262,273842.41649708577
2021-08-20 19:39:37,71380.89610426492,17466.874112917383,268220.6093937166
2021-08-20 19:56:46,71272.25599510851,18734.81305014479,264457.1611604401
2021-08-20 20:08:04,71219.86469268071,20317.888533684676,254211.01105316225
2021-08-20 20:11:28,71207.472259369,17459.52934125628,275018.02487620426
2021-08-20 20:14:49,71196.87258295194,18585.13147205757,267494.39581946674
2021-08-20 20:18:00,71188.31986154315,19781.292338790114,289247.3696610773
2021-08-20 20:22:25,71178.96822045422,17801.187373742967,285860.3140257326
2021-08-20 20:32:59,71168.86728767205,16994.771185923015,295669.93697116623
2021-08-20 20:38:25,71170.61314478087,19652.095718700217,267983.9121342227
2021-08-20 20:41:31,71173.76273899323,20471.860180006624,276533.49777137797
2021-08-20 20:44:33,71178.37055561022,16723.714220642494,264683.3604458145
2021-08-20 20:45:16,71179.68031582964,18154.110665908447,281097.7755863356
2021-08-20 20:58:50,71220.44361818253,19980.718851968308,296846.95218846673
2021-08-20 21:00:21,71226.87939742152,18395.333937192434,290049.3174543977
2021-08-20 21:20:38,71348.19265357281,18450.811703776057,261494.9807703293
2021-08-20 21:37:43,71497.77173035084,18460.095538778416,293019.18354760215
2021-08-20 21:45:43,71580.89459099036,18894.501825514566,264280.97451601893
2021-08-20 21:47:53,71604.68778310271,18592.468713880757,269917.68997360056
2021-08-20 21:52:09,71653.02251261735,17872.96325461006,251731.4785789869
2021-08-20 22:02:30,71777.6314008895,19191.203047433264,301952.78685551067
2021-08-20 22:03:33,71790.7932249094,20579.847424883905,276660.60753076954
2021-08-20 22:07:42,71843.63581192441,19160.727299431157,280666.2260035119
2021-08-20 22:11:14,71889.5753229918,18677.7926422115,253475.63881978058
2021-08-20 22:16:18,71956.77017144363,18640.806861853365,272568.7198398911
2021-08-20 22:23:49,72058.74631833346,18230.556970373666,274274.56602866884
2021-08-20 22:40:50,72294.91727938679,16768.29366457304,261334.9022565793
2021-08-20 22:43:51,72336.9001079928,19101.623732511634,296974.599833283
2021-08-20 22:44:10,72341.30072853177,18405.196611850213,293879.95414092107
2021-08-20 22:45:42,72362.58638527892,18932.14341429686,310082.15452774696
2021-08-20 23:00:44,72567.68752597838,18921.07594406251,300049.21108711633
2021-08-20 23:10:09,72690.6343262106,19116.070610895495,261249.49988952154
2021-08-20 23:25:39,72878.49950665388,20287.253624911245,282929.22349060327
2021-08-20 23:29:36,72922.82559535537,19284.798042414513,255876.6508212742
2021-08-20 23:33:56,72969.57201105154,20169.690027221208,293390.81953402824
2021-08-20 23:37:00,73001.40619912202,19108.938282987365,270937.4488626639
2021-08-20 23:44:19,73072.9564478033,21204.2364501869,262234.27282817167
2021-08-20 23:45:10,73080.8525820641,19181.90720880636,271619.57922323374
2021-08-20 23:49:24,73118.84742170578,22650.21116117243,264885.59463346127
2021-08-20 23:55:52,73172.5077741159,17953.286801265054,268758.9536553575
2021-08-21 00:00:09,73205.06890107335,19630.636548227885,319237.54133110185
2021-08-21 00:02:36,73222.60995342469,19518.37287308184,291671.4145062063
2021-08-21 00:03:46,73230.68423301713,17537.01932102616,278448.61072983337
2021-08-21 00:09:55,73270.26706830467,19765.50157957182,296704.17675989645
2021-08-21 00:12:08,73283.30579987813,19330.19154394232,290852.37024129985
2021-08-21 00:13:54,73293.23294177956,21004.55780936898,310479.8421191138
2021-08-21 00:15:03,73299.4741760092,17540.660363210594,297396.14682524756
2021-08-21 00:15:30,73301.86912728562,19616.95525339446,281767.3640459586
2021-08-21 00:28:08,73358.43571886816,20401.185207027273,269230.40715187334
2021-08-21 00:44:30,73402.89910228977,17820.76156611002,277482.5384645791
2021-08-21 00:48:27,73409.24914444008,17445.410339222624,288839.65374220454
2021-08-21 00:51:21,73412.93904230275,19415.4415306088,278544.03612731333
2021-08-21 01:08:52,73420.36393313862,19424.400828105743,321767.1661578786
2021-08-21 01:15:37,73417.94401163321,20024.546226888982,276874.20680146734
2021-08-21 01:18:11,73416.49497177248,20032.483735365506,277525.7054862013
2021-08-21 01:28:34,73408.7543808968,20394.147849998888,287821.7548676021
2021-08-21 01:29:32,73407.9460867526,20699.69190356383,285383.49876350316
2021-08-21 01:41:56,73398.00892306799,19075.576408663383,278883.5801203849
2021-08-21 01:58:35,73392.62471447307,19322.548529275697,286261.91124914825
2021-08-21 02:17:19,73412.18061510105,20114.38522618634,288835.9426129653
2021-08-21 02:21:42,73422.49384331777,18321.629234234326,273871.6616887022
2021-08-21 02:23:24,73427.18969389668,20071.909587234666,314751.5737207944
2021-08-21 02:25:50,73434.62326525814,18839.400727909317,291016.2569257992
2021-08-21 02:26:42,73437.47906229708,18991.20152536727,291274.49262400897
2021-08-21 02:30:48,73452.53097058018,17596.42374109114,289041.30530915584
2021-08-21 02:35:16,73471.96368177776,17395.757133805506,259904.95054514654
2021-08-21 02:35:53,73474.90582594945,18201.86207465607,285006.9506327271
2021-08-21 02:38:14,73486.7129196653,21059.1996309938,298357.0232424233
2021-08-21 02:40:40,73499.95403630882,21056.689953498477,260017.73923262933
2021-08-21 02:42:11,73508.74237929803,18947.480065326046,298693.15013643407
2021-08-21 02:43:14,73515.07185052047,19640.062008001587,312105.934300631
2021-08-21 02:43:41,73517.84655656936,17947.11821414159,300445.493785123
2021-08-21 02:44:19,73521.81525845968,17771.074320462874,282355.3499734044
2021-08-21 02:44:24,73522.34301041812,19596.372129699237,301869.16302627866
2021-08-21 02:48:04,73546.86137403127,19416.165776041817,283424.74359064654
2021-08-21 02:48:42,73551.3568813408,19880.5414485447,295868.2295192617
2021-08-21 03:02:13,73666.5305455396,19176.676239031425,289325.9656643578
2021-08-21 03:10:34,73757.00017856905,18846.624905306755,294400.43358835013
2021-08-21 03:15:43,73820.51206236047,18377.68172428563,267409.73269082094
2021-08-21 03:27:27,73987.80786858757,18181.851483898867,270213.1959837891
2021-08-21 04:01:22,74649.24740954982,19789.662099123314,298699.64822109294
2021-08-21 04:14:00,74959.6566576919,19022.98628864376,289616.00018739165
2021-08-21 04:36:04,75572.13085940681,21802.28364771694,320704.3030092103
2021-08-21 04:39:20,75669.22912687204,20560.413990486606,308909.0163298786
2021-08-21 05:21:24,77006.16663439713,16359.885694183056,313339.34478270635
2021-08-21 05:27:09,77193.63670449397,19879.283521995458,275304.7029424653
2021-08-21 05:29:55,77283.54771019667,20229.618992663025,306473.6616730909
2021-08-21 06:11:04,78545.30648163849,19728.484289073316,310917.431850347
2021-08-21 06:26:34,78954.83176599965,22105.57434788274,317965.3588397835
2021-08-21 07:05:04,79727.31140780807,19230.90858718567,310324.90571972413
2021-08-21 07:25:36,79972.34664397535,21366.804032865744,306536.2106681342
2021-08-21 07:33:27,80033.63528341209,21039.83921766556,278354.36216744233
2021-08-21 07:34:59,80043.5227066815,18876.878276662224,311696.3541216055
2021-08-21 07:36:27,80052.34655065935,21812.402112157724,301132.3177930482
2021-08-21 07:37:44,80059.56062482957,20753.694163548007,308405.1584321969
2021-08-21 07:38:21,80062.85929813239,19384.265709137264,291244.417623967
2021-08-21 07:52:50,80109.50099852812,21883.125289597996,301766.33484629507
2021-08-21 08:13:04,80080.51905575921,21121.01757721738,355682.70484032686
2021-08-21 08:15:03,80072.18084348546,21767.99304432099,323203.8929419527
2021-08-21 08:22:08,80034.97199814965,22433.387043563504,352549.3204715046
2021-08-21 08:24:57,80017.06467311237,20640.6481619308,331396.28840254043
2021-08-21 08:30:47,79974.63619880323,21468.434811828556,335824.1968549122
2021-08-21 08:32:42,79959.18198684712,19357.753140794477,301247.5746536395
2021-08-21 08:40:58,79884.47820746788,21157.7881859472,293942.40004732
2021-08-21 08:43:10,79862.51064205114,22299.741176286872,297600.2517449576
2021-08-21 08:47:10,79820.47003336766,23311.902038785538,282531.77986037824
2021-08-21 08:52:21,79762.19054810957,20838.38474678112,314093.8588854917
2021-08-21 08:54:31,79736.63430984288,22823.675520314075,310012.4065581406
2021-08-21 08:58:12,79691.6738562646,21866.321030931107,315507.4159732053
2021-08-21 09:10:19,79531.8028113347,21515.16214969989,300265.58761740633
2021-08-21 09:10:56,79523.23133825214,20389.029829503328,297494.5985580707
2021-08-21 09:17:14,79433.60862292539,20809.362545375534,310702.7838131659
2021-08-21 09:19:01,79407.61346536981,19729.791400714523,308500.3102497001
2021-08-21 09:21:26,79371.99136576142,20728.823580642143,327842.3796496563
2021-08-21 09:38:37,79108.61708592098,22254.067093355607,288188.55287574884
2021-08-21 09:57:53,78803.21430340451,19268.386023293027,326718.03354741266
2021-08-21 10:00:48,78757.01243444886,19900.189173213883,287220.9258701752
2021-08-21 10:09:01,78627.86169869325,22961.211969485925,288462.5865945626
2021-08-21 10:14:30,78542.89910732622,21731.814426110006,295809.77627185173
2021-08-21 10:23:11,78411.1842085826,20490.02397711502,281215.7168170581
2021-08-21 10:24:13,78395.7837385622,21818.75191123207,303844.85189304646
2021-08-21 10:26:03,78368.61984878546,19618.242072341673,302511.49961300986
2021-08-21 10:26:34,78361.00247906991,20087.273739817567,319671.97778336005
2021-08-21 10:30:27,78304.30951256356,19860.870623515937,285295.3278757392
2021-08-21 10:34:38,78244.41323689448,21332.518994685826,311540.5542798552
2021-08-21 10:35:27,78232.87118475394,21811.308251993833,315044.3852272657
2021-08-21 10:36:28,78218.57389875212,22259.823442879642,288489.5376319705
2021-08-21 10:36:50,78213.43717482734,21553.015917841007,276434.06751393835
2021-08-21 10:37:09,78209.00938697511,21108.570334777407,298470.54946096573
2021-08-21 10:37:39,78202.0342384587,22236.89727381489,307542.1126471924
2021-08-21 10:37:46,78200.40955403358,18010.800228374042,293827.8282061845
2021-08-21 10:39:34,78175.4814612741,20090.712576129452,295283.78965019615
2021-08-21 10:40:01,78169.29058118835,21219.86271749416,284283.48756832356
2021-08-21 10:41:12,78153.09078154626,19283.226074741015,330227.09523619036
2021-08-21 10:42:37,78133.85126281832,18989.043884194223,296624.1994826545
2021-08-21 10:43:28,78122.38976174401,21560.43089488657,305742.76210710866
2021-08-21 10:45:46,78091.691940369,22959.077845218762,309636.05021631724
2021-08-21 10:46:30,78082.00280720605,20945.46809356077,332598.7889283283
2021-08-21 10:49:57,78037.07689550269,20332.613296526313,301505.37726911955
2021-08-21 10:52:50,78000.38461072228,20531.865631506324,319326.22898140765
2021-08-21 10:57:20,77944.73516815859,21947.742701841322,313814.0547633303
2021-08-21 11:00:11,77910.54358756669,20384.408460708903,302254.129303338
2021-08-21 11:00:48,77903.25545899592,21305.780339078916,330038.9116842162
2021-08-21 11:01:49,77891.32645682995,20521.147670193346,267335.67228943954
2021-08-21 11:05:16,77851.66024458692,20045.548601873612,292434.2348869089
2021-08-21 11:06:10,77841.52221009316,20829.01985173269,305651.418701869
2021-08-21 11:08:34,77814.9185142845,19613.22370755756,278330.379527614
2021-08-21 11:16:43,77729.37328572746,21138.38110389934,291079.52410822903
2021-08-21 11:19:05,77705.95544741517,21143.92054243309,314760.09920788096
2021-08-21 11:21:21,77684.14104324018,20345.363742893667,286104.84409798787
2021-08-21 11:21:57,77678.46800428335,20951.233110249046,319431.015496999
2021-08-21 11:22:25,77674.08511923287,20003.050137338818,297059.97571038565
2021-08-21 11:51:43,77452.33758134469,20274.939652470704,280277.39196587494
2021-08-21 12:07:38,77377.3738460486,19216.452647409,329794.76838607684
2021-08-21 12:09:34,77370.48205551342,18591.538479634673,307461.00302306924
2021-08-21 12:17:51,77346.37495619887,18951.52902330849,284240.835560408
2021-08-21 12:25:04,77332.5061278918,18039.769331539956,285873.7131769972
2021-08-21 12:28:04,77328.68263826241,21416.410265313534,291842.8087192616
2021-08-21 12:31:12,77325.89912824098,21716.134512700344,320435.0603418866
2021-08-21 12:32:30,77325.10564473741,21355.99458736843,270801.64555889997
2021-08-21 12:35:12,77324.13194941221,19034.28762947381,300263.4131440376
2021-08-21 12:35:48,77324.03883430401,20893.371511936355,314448.22743067454
2021-08-21 12:41:14,77325.22414545158,18001.44044318814,295827.32309787534
2021-08-21 12:54:53,77344.06945356687,20238.84473965187,291237.469721191
2021-08-21 12:56:57,77348.86334557435,22848.14789158179,316200.5708129071
2021-08-21 12:58:50,77353.6683642522,20774.568247928146,322619.18435160536
2021-08-21 13:05:57,77375.53405666721,20346.334151097504,312910.03370404185
2021-08-21 13:08:38,77385.27890957097,21304.485206738707,286166.14132037526
2021-08-21 13:11:04,77394.81461825084,22107.62841949424,295043.07892724336
2021-08-21 13:15:21,77413.19279348987,21041.26030047581,340015.6502780972
2021-08-21 13:16:52,77420.18113125242,18979.15375222742,279141.3630323431
2021-08-21 13:17:13,77421.82919202566,21770.98347068847,286615.71026915783
2021-08-21 13:23:40,77454.54191557459,19878.00313937291,302709.1687637455
2021-08-21 13:31:04,77497.40530028447,21270.341930698476,323784.79540000635
2021-08-21 13:33:01,77509.62014593289,18138.01986177052,280759.07420250564
2021-08-21 13:33:31,77512.81268376784,19324.473776579165,291930.77232955786
2021-08-21 13:37:09,77536.74378566984,20728.06640371006,299778.41680795257
2021-08-21 13:39:24,77552.1992272702,21003.358406571144,317576.8951079941
2021-08-21 13:45:04,77593.21814506021,19494.55837590107,330329.6272670535
2021-08-21 13:46:55,77607.24230553712,20941.115452587284,300664.5055339249
2021-08-21 13:49:17,77625.62482547725,18681.11084907974,307174.3566878749
2021-08-21 13:50:33,77635.66379986392,21286.41855718482,313552.6002374726
2021-08-21 13:56:01,77680.54851036717,20102.184997418273,297243.04878622293
2021-08-21 13:56:03,77680.82979149207,20438.470201594886,316504.73086896533
2021-08-21 14:01:45,77730.23096722433,20056.454363050074,343202.82317417243
2021-08-21 14:02:27,77736.47209330204,20580.19417640069,331349.40278603893
2021-08-21 14:04:27,77754.50726317997,20266.86091295387,275790.59908514214
2021-08-21 14:07:59,77787.08712260568,19902.202279050918,311757.60023059516
2021-08-21 14:11:37,77821.50756148643,19038.686454993607,269456.7221957145
2021-08-21 14:12:04,77825.83321655169,20895.790014431666,270272.22301302827
2021-08-21 14:27:49,77985.06315664908,20901.494612983057,276376.0617562398
2021-08-21 14:30:51,78017.28339635511,20590.2702800728,299373.84289108583
2021-08-21 14:34:04,78051.91666069183,18467.70605346204,307104.56240853114
2021-08-21 14:40:39,78124.12897205126,19311.001385170282,289864.6979155477
2021-08-21 14:48:56,78217.0715064848,20587.27215344515,302042.0437665063
2021-08-21 14:50:48,78238.26947389991,19505.95219881225,326460.5322992722
2021-08-21 14:51:46,78249.2769432036,20349.98028633282,297746.3597611397
2021-08-21 15:01:13,78357.6889669757,20306.111744293095,299376.16345982684
2021-08-21 15:02:57,78377.67854333993,22798.073530725862,279143.2033181591
2021-08-21 15:04:48,78399.02917066758,20394.113054744317,315459.5552211836
2021-08-21 15:06:39,78420.38709315084,21440.047599074733,285013.502257932
2021-08-21 15:08:31,78441.93560530437,22750.645177701997,300058.62789176195
2021-08-21 15:32:42,78716.6406505954,20570.382520095052,311868.51716664416
2021-08-21 15:57:45,78976.70471347873,20101.559880428787,326631.65252804727
2021-08-21 16:00:11,78999.77796592991,21580.23787612206,282079.10791651474
2021-08-21 16:06:12,79054.7545012648,21447.978743925163,322332.2662482928
2021-08-21 16:13:16,79115.22521481813,22240.050437519316,295861.15718734433
2021-08-21 16:14:52,79128.25672869918,22053.554316163914,282127.2710566073
2021-08-21 16:18:51,79159.58155082706,20638.2207109302,292187.06469032407
2021-08-21 16:32:40,79254.92873199469,21331.40469769525,315199.3750402565
2021-08-21 16:33:00,79256.95802871574,20896.28743362988,301987.42532755673
2021-08-21 16:33:53,79262.27114572,22242.545952300643,289925.68133347546
2021-08-21 16:38:28,79288.31225709578,20836.44528238531,319468.27257404453
2021-08-21 16:41:42,79305.10997902151,19444.78107456398,285096.5323532982
2021-08-21 16:42:10,79307.4248943804,20608.405858038066,309234.437656686
2021-08-21 16:51:37,79348.20366450906,18901.169430663398,292140.872830898
2021-08-21 17:08:44,79391.28008632892,23283.259981249892,306571.19271597714
2021-08-21 17:17:17,79397.47488206,21721.300921516842,281320.72816142853
2021-08-21 17:20:55,79396.99343986687,19474.177725413785,281543.82370967546
2021-08-21 17:28:57,79389.38413203604,19758.884586952267,282516.08772140846
2021-08-21 17:32:04,79384.03260966526,20062.000534150033,328547.04226249066
2021-08-21 17:34:47,79378.29009407506,20576.81526236126,304126.8600814375
2021-08-21 17:47:13,79339.56262397542,19829.9195487775,315604.8340397931
2021-08-21 17:48:10,79335.78998159397,21400.97631287924,317066.7898784694
2021-08-21 17:48:44,79333.48642832549,20408.35456623972,320352.26940867427
2021-08-21 17:50:28,79326.19563901758,22403.509207760857,283270.7992649893
2021-08-21 18:04:27,79254.56488213234,19096.65058944611,287975.3865524761
2021-08-21 18:06:43,79240.94428426544,20628.029470426947,288033.65694869874
2021-08-21 18:08:51,79227.65259293727,21680.860130718982,272197.5255449393
2021-08-21 18:35:53,79026.38128817947,17442.419902073536,333034.16916028934
2021-08-21 18:43:28,78961.9701621289,19884.652412890653,294614.2237639341
2021-08-21 20:04:30,78356.20238692244,18537.667133911742,311887.28830582957
2021-08-21 20:20:22,78311.43807379765,19927.135804232348,311982.3110662233
2021-08-21 20:40:35,78311.98969282591,19920.0729623326,321509.4204336876
2021-08-21 20:47:49,78328.91938817596,21752.434332672718,291737.9204164412
2021-08-21 21:03:57,78399.04001088161,20058.258818051527,285721.05376176746
2021-08-21 21:20:13,78513.82469118862,22183.47363971828,286235.9587627
2021-08-21 21:41:33,78725.10544620716,21350.317707008082,312507.871928968
2021-08-21 21:51:31,78843.91081569168,21629.97188344016,298865.06887789257
2021-08-21 22:07:36,79056.34473066009,20238.441456996057,321161.74157522235
2021-08-21 22:36:47,79478.97947584471,21672.207844619552,290930.394383753
2021-08-21 22:42:42,79566.0538127789,20683.534769140133,293579.78998638806
2021-08-21 23:17:39,80047.62855467359,20333.772110026173,320906.13870068215
2021-08-22 01:23:32,80549.96565408837,20041.541075721772,289770.69550990127
2021-08-22 02:01:11,80447.47882487767,19213.69730638466,327162.3670697803
2021-08-22 02:55:43,80545.04857445415,22047.93491709404,283769.29691196134
2021-08-22 03:08:22,80647.55621140041,21702.705972106345,339252.6052891014
2021-08-22 03:18:17,80753.97595684166,21040.85758773545,302731.57644614676
2021-08-22 04:23:53,82048.51826926997,21062.079942792505,303593.46617953794
2021-08-22 04:24:29,82064.64735569264,18156.98150556753,318462.26335426286
2021-08-22 04:26:43,82125.23596382397,22663.357189773327,316035.1767906486
2021-08-22 04:53:12,82899.681989573,21418.287607753013,312244.32188556646
2021-08-22 05:14:19,83564.35157666028,21861.75097422523,321081.02327635814
2021-08-22 07:04:12,86323.38197487415,23014.748690337194,330773.06674652913
2021-08-22 07:54:03,86537.41629003879,21901.733544473205,325158.9861529274
2021-08-22 08:01:30,86503.78981432428,23658.320995745078,305320.8849634915
2021-08-22 08:05:22,86480.12405406123,24957.204141042777,327870.8184306807
2021-08-22 08:09:26,86450.80243704065,24370.140582554384,330892.8084116558
2021-08-22 09:17:37,85429.22088250789,20554.73932556095,373071.9805236423
2021-08-22 10:11:45,84280.62663548191,22519.316575203484,303744.6594947625
2021-08-22 11:01:57,83311.34305371923,23861.4238284341,338618.74646179297
2021-08-22 11:05:46,83247.61205323298,23914.332943736,313516.62790024956
2021-08-22 11:36:41,82797.79675174784,18846.87972566794,285281.9592818695
2021-08-22 12:33:04,82309.66654357183,21662.65808863566,319416.0614297855
2021-08-22 13:25:18,82235.51268916308,20660.790931752425,334949.4422199217
2021-08-22 14:13:00,82432.45894250945,21602.69703014203,328984.5017058355
2021-08-22 14:25:53,82517.90542425547,23662.357716069742,276086.58975207637
2021-08-22 15:00:45,82789.22011967766,21513.58157641065,315482.1720946998
2021-08-22 15:16:10,82916.94188406072,21743.79237403582,289418.25457312743
2021-08-22 15:22:20,82967.52749654921,21174.347037869302,307159.3000492397
2021-08-22 16:04:06,83269.58397626884,24336.451681113143,317425.1151726456
2021-08-22 16:59:07,83427.81838058206,20454.7951140545,338947.7790906715
2021-08-22 17:03:43,83423.48689733521,22790.12422407938,314168.4578764725
2021-08-22 17:12:37,83406.59273544469,22939.258765766746,287668.41789997276
2021-08-22 17:45:18,83249.06172395975,23364.609020240747,326685.7705395338
2021-08-22 18:16:39,82972.89725083039,20885.507244866418,294265.77757268806
2021-08-22 18:56:32,82515.3860363182,24212.28291562557,328374.8117496834
2021-08-22 19:06:27,82396.95365904638,23849.914726166146,341807.62732968596
2021-08-22 19:13:55,82309.45852820238,18907.468855059713,312209.2045104753
2021-08-22 19:20:10,82238.14048709924,22777.093358084687,318990.6182361843
2021-08-22 19:43:50,81994.26715227315,20428.371288282866,313576.7581544454
2021-08-22 19:47:37,81960.42318919506,23579.571950693236,333792.80738297943
2021-08-22 19:53:38,81910.20244971011,20608.269551003545,299673.8890498359
2021-08-22 20:17:10,81763.0773304651,21513.333066021172,334052.91021957033
2021-08-22 20:17:55,81759.82157057707,21341.487495394835,306466.9267793836
2021-08-22 20:33:46,81713.81870783318,20470.24652003608,320709.16352057696
2021-08-22 20:52:01,81717.29956478902,23762.979379691988,324151.0362079043
2021-08-22 20:56:01,81726.32734776937,19371.049691114687,355425.6907291647
2021-08-22 20:59:56,81738.03864641122,20250.791794553046,354215.8849392872
2021-08-22 21:28:10,81903.35800820755,20602.675172922376,282101.9530401272
2021-08-22 21:42:43,82038.95272397314,22668.65570520831,342676.3923500749
2021-08-22 22:32:54,82677.98467962079,22134.625731504333,307498.1606923567
2021-08-22 22:59:12,83044.02058607979,21788.78301535808,339775.4365574974
2021-08-22 23:38:06,83500.5418430112,20723.237777506216,343009.4764873137
2021-08-23 00:08:38,83724.50475311352,21942.68447369549,317221.6741666386
2021-08-23 01:02:44,83792.26659987397,22640.081669036477,277457.625725072
2021-08-23 01:07:17,83782.92548574209,21790.45657954245,313143.350927771
2021-08-23 01:18:26,83754.43953655293,24684.313394144036,280158.20293109276
2021-08-23 01:38:08,83694.74586459038,23179.696364704327,333275.34898704727
2021-08-23 01:59:55,83639.0390052221,22244.08332607717,312729.3020330591
2021-08-23 02:02:43,83634.27669153412,21178.223011138136,291322.1703073929
2021-08-23 03:07:43,83869.88859371546,21750.066783792834,338544.1443325741
2021-08-23 03:49:35,84535.69617219143,25077.231004093126,301763.1022311538
2021-08-23 03:56:41,84693.63032733164,20779.0022316727,349964.36568979046
2021-08-23 04:03:26,84855.27924245577,24287.86930818437,303357.355469784
2021-08-23 04:11:07,85052.32428192499,23107.423134530265,341252.1102625418
2021-08-23 04:19:40,85286.93053515199,23646.29490543517,339373.76284635306
2021-08-23 04:24:03,85413.0443610946,21575.414568298303,353264.84653707524
2021-08-23 04:24:28,85425.22756065849,21392.735435723058,351203.5796007583
2021-08-23 04:32:33,85667.89662176429,23233.404513868027,339168.80424815294
2021-08-23 04:49:07,86197.76545461423,21010.916063956814,333432.9823005319
2021-08-23 05:00:35,86583.81496549303,23895.354261392,359828.97477454203
2021-08-23 05:11:39,86965.5148312244,23690.068813081372,311322.8768372053
2021-08-23 05:13:10,87018.23036260005,23219.658851821423,345217.1250535204
2021-08-23 05:16:27,87132.51991484826,23554.387688938248,320299.8540873488
2021-08-23 06:00:44,88626.94268458108,26277.263403868215,336222.5049790906
2021-08-23 06:34:14,89563.41082339827,24339.959723860837,336700.46297394607
2021-08-23 06:36:17,89611.98477313871,23621.86838719243,349861.422481577
2021-08-23 06:39:57,89695.98277621692,23110.871011244868,354093.9205595225
2021-08-23 06:41:31,89730.72295764786,22205.244001742944,341579.5604346744
2021-08-23 06:47:26,89855.53990544901,22894.30284720787,332407.89764801145
2021-08-23 06:52:29,89953.86993849537,26405.24910629485,364406.2080186106
2021-08-23 07:41:38,90486.66075025404,25089.448364800715,344529.04057653
2021-08-23 08:09:28,90447.86591869446,22938.926766141256,373042.7524266602
2021-08-23 08:51:00,90012.72870469821,22300.298535335045,357380.5927181724
2021-08-23 10:47:41,87889.16082310153,20899.155048329812,322922.4755295094
2021-08-23 11:01:29,87676.19474697673,24670.134884259252,333634.86527484376
2021-08-23 11:02:51,87656.31782366081,24492.38293095687,347918.14826175
2021-08-23 11:06:13,87608.33442515449,21996.186678452334,355542.9314701822
2021-08-23 11:10:56,87543.51110155329,22088.407129337826,358833.8983655956
2021-08-23 11:28:12,87331.30401680978,22822.520350983687,346721.03208711155
2021-08-23 11:29:16,87319.53470493009,21203.144940445833,336704.56087194564
2021-08-23 11:36:09,87247.45073060994,24425.245840224223,336599.5856684844
2021-08-23 11:37:09,87237.53992311674,24054.08863071964,332735.7463662039
2021-08-23 11:46:54,87148.47530628541,22936.837944739727,337796.09825134004
2021-08-23 11:53:57,87092.70953097356,21203.3278683787,321533.46028289304
2021-08-23 11:57:50,87065.11283122771,24774.146897133935,338330.0187479562
2021-08-23 11:59:43,87052.52966472419,23791.16690455752,330783.55727081856
2021-08-23 12:05:33,87016.87801386535,22762.870787243624,341817.1156884976
2021-08-23 12:22:04,86943.14526480809,20845.025711362312,342813.2827398707
2021-08-23 12:32:46,86916.67081696383,24362.00011967936,315498.6563943145
2021-08-23 12:49:00,86907.78134775735,20255.961541516972,338272.95347475435
2021-08-23 12:49:40,86908.20627824566,22171.171936390794,341261.15204946365
2021-08-23 12:52:27,86910.64214411132,22687.223058101838,313814.5676499188
2021-08-23 12:53:39,86912.02026250113,23686.755760936045,349460.06418520206
2021-08-23 12:54:36,86913.2506972496,23108.399789188712,353122.93736513285
2021-08-23 12:58:12,86919.02474676693,22761.821309619667,340116.5979196092
2021-08-23 12:59:33,86921.64048597272,24084.25350054709,337927.87211875524
2021-08-23 13:01:24,86925.62100549185,23853.23551628738,356105.09278678364
2021-08-23 13:01:48,86926.54160408575,20740.521417008164,317459.20440837485
2021-08-23 13:06:04,86937.67698012017,25679.262390292275,346696.94428516185
2021-08-23 13:11:12,86954.22248625939,20718.31762795007,374226.60193706414
2021-08-23 13:17:56,86981.02193778916,23737.307851490386,334996.3017313836
2021-08-23 13:19:08,86986.39343678976,21502.37089464789,337579.8051875503
2021-08-23 13:20:49,86994.22729354423,21901.01781665169,330952.8627733268
2021-08-23 13:21:58,86999.77838277089,22808.36408073075,338475.7416084512
2021-08-23 13:24:32,87012.74562267345,23133.393130536922,319976.57060421776
2021-08-23 13:33:17,87062.81291914232,21641.390764230327,344293.98714667023
2021-08-23 13:44:24,87138.9010396026,22431.794694332402,362618.17735076265
2021-08-23 13:51:37,87195.30346982465,23908.835791778645,332933.6397044108
2021-08-23 13:51:46,87196.53145769124,23405.646318236777,333499.8553296877
2021-08-23 13:55:45,87229.94256442382,24876.35537720281,304793.3365822253
2021-08-23 13:59:57,87266.79885604778,21949.0733900304,321770.68187628244
2021-08-23 14:05:09,87314.63978032336,22094.805307273586,342354.0751114508
2021-08-23 14:08:51,87350.09602894384,23273.536337424106,357156.7179368146
2021-08-23 14:10:04,87362.00163596126,21404.260048394368,333933.6971005453
2021-08-23 14:14:45,87408.92096614144,20868.166093582382,353341.23810578644
2021-08-23 14:16:32,87427.22585220015,21619.833095844973,327690.34035662765
2021-08-23 14:26:37,87534.89478297882,20962.224499028544,355119.02460027253
2021-08-23 14:31:59,87594.79841180024,24414.630680067512,317971.3361289999
2021-08-23 14:33:45,87614.86739386238,23286.92199793418,313618.52406489453
2021-08-23 14:36:34,87647.19361107038,22986.30047307242,359203.34319435986
2021-08-23 14:46:14,87760.82330111241,23112.30739433439,330114.77886242745
2021-08-23 14:48:32,87788.3769350198,23048.78278620069,332686.8237265551
2021-08-23 14:51:56,87829.40093239155,22901.823945165113,318129.2343226253
2021-08-23 14:52:25,87835.2582359479,21200.38876762202,354354.7465513707
2021-08-23 15:05:57,88000.99610726138,21104.2305622564,338504.48552970384
2021-08-23 15:11:49,88073.29124698155,25616.196915373344,324327.0316944935
2021-08-23 15:12:53,88086.42445983255,24402.54680628634,328509.08023662685
2021-08-23 15:19:00,88161.51071115049,22256.865081451404,359365.7555686608
2021-08-23 15:21:08,88187.56350738862,22617.485874459293,338552.6596151089
2021-08-23 15:26:10,88248.62075282038,22926.547295605906,349148.1015011144
2021-08-23 15:28:17,88274.08520472633,22134.85109813694,327150.57517778414
2021-08-23 15:34:34,88348.73733541822,24328.087389482764,328073.5997768822
2021-08-23 15:35:22,88358.12653968594,24345.468810365175,361996.5203158339
2021-08-23 15:37:41,88385.1496544449,20753.547053886756,343415.2600323274
2021-08-23 15:40:53,88422.03808339365,25579.73066433347,354678.6887280042
2021-08-23 15:42:22,88438.95115862046,22226.30684593809,348298.2016744626
2021-08-23 15:53:08,88557.60744287961,23084.115187791358,354338.1737800802
2021-08-23 15:53:43,88563.80652983185,23253.885026568645,303504.57630332146
2021-08-23 16:03:35,88664.48898680431,21677.955390151277,340801.72130910866
2021-08-23 16:09:47,88723.2904943381,22638.32716139036,326144.2456083443
2021-08-23 16:11:14,88736.4956189656,24852.874301241307,323688.3726989375
2021-08-23 16:12:00,88743.39032819019,22528.343420326684,327372.87223357405
2021-08-23 16:12:33,88748.29884262853,23118.50084275721,364175.9657773131
2021-08-23 16:17:33,88791.43574247236,23424.49373675454,339554.9234566206
2021-08-23 16:17:48,88793.52052479051,21315.132435750715,307013.4191997407
2021-08-23 16:22:20,88830.08574121955,23705.275346812403,326918.6128305035
2021-08-23 16:23:19,88837.70035636073,22098.571191429073,346300.30628231296
2021-08-23 16:29:39,88883.92108196528,24161.7996911872,316427.40642482106
2021-08-23 16:36:53,88930.45112492915,21536.795966060217,351466.85190522816
2021-08-23 16:38:24,88939.3241991194,24146.499370630125,319623.60434217204
2021-08-23 16:41:12,88954.87737329968,24020.76250866746,339690.1680961613
2021-08-23 16:48:10,88988.7990395578,22573.589930953476,343585.0789402967
2021-08-23 16:49:00,88992.39085345635,24784.720076729984,341129.11207813263
2021-08-23 16:57:56,89024.47063921358,23019.710801280573,323845.3447523853
2021-08-23 16:58:12,89025.24515648295,21253.955337833297,364536.8027518034
2021-08-23 17:04:57,89041.25526273492,23655.671454339357,350576.2918179327
2021-08-23 17:09:59,89048.6529288974,23525.553117841024,366117.2591851995
2021-08-23 17:25:36,89046.74006450477,22806.58538494567,339141.31970423565
2021-08-23 17:31:36,89036.08601628414,23589.991452119346,332198.64026763395
2021-08-23 17:38:38,89016.76676066197,23467.994985335485,345488.7634941254
2021-08-23 17:56:33,88936.06427025834,24796.719330601965,354695.74113866285
2021-08-23 17:58:49,88922.8508268005,21929.8619183322,346823.888469836
2021-08-23 18:01:04,88909.11616469707,23148.206464728857,316957.173552322
2021-08-23 18:20:59,88763.5458685421,24774.131885442657,367550.98677073605
2021-08-23 18:37:53,88613.77421423947,24243.315618367687,347356.1078471352
2021-08-23 18:47:29,88522.17756540597,24902.845855569438,347147.5873195446
2021-08-23 18:50:03,88497.24562707936,23655.999475952663,348714.85822346323
2021-08-23 19:10:59,88293.74008969004,20841.754387355344,364154.60798341007
2021-08-23 19:34:21,88086.92427250656,23107.28410424314,341124.6394304348
2021-08-23 19:42:14,88027.36756846363,21995.72001898131,353119.3152717859
2021-08-23 19:48:00,87988.21111267587,22015.98963953008,328183.05382022884
2021-08-23 19:50:43,87971.19297559414,21862.16541900001,310717.7502795393
2021-08-23 19:56:05,87940.4699983033,23483.2000623815,309671.1490339481
2021-08-23 20:00:37,87917.69786397213,21756.13042725127,345148.476294131
2021-08-23 20:07:45,87888.19272403527,24016.56657780127,346774.7273639431
2021-08-23 20:08:01,87887.24642576302,23695.22920280178,297067.1546587671
2021-08-23 20:09:32,87882.08554488719,23499.556942483046,317733.7949285636
2021-08-23 20:11:40,87875.4707417417,21576.362919885454,348933.9904916501
2021-08-23 20:20:34,87856.28999496327,21708.462256316,340729.2095949404
2021-08-23 20:23:05,87853.4112515572,22260.02220040832,368664.351811382
2021-08-23 20:24:16,87852.45602619847,23573.769193324213,322530.09027078684
2021-08-23 20:24:20,87852.40984645723,21908.24025711992,295701.50776365446
2021-08-23 20:28:22,87851.14520841234,23792.4510701159,316280.97981069813
2021-08-23 20:43:10,87872.95419474684,22156.412335404235,321112.88412994484
2021-08-23 20:47:07,87885.9555410614,21289.392913314594,334836.55005783786
2021-08-23 20:48:58,87893.096026285,22308.961345158088,336741.03371403017
2021-08-23 21:12:35,88042.70871807537,23385.442921678223,367344.05851501686
2021-08-23 21:17:06,88083.34975328144,25788.289682382023,354952.68590356817
2021-08-23 21:22:46,88139.51657211565,23953.055780793824,339596.0759009175
2021-08-23 21:29:57,88218.6565960985,24863.611549604375,370471.9966731062
2021-08-23 21:42:53,88381.77535810058,22992.77121853632,386701.7923238384
2021-08-23 22:01:42,88658.91768606336,24194.81747432448,311183.6202243846
2021-08-23 22:07:29,88751.54831090728,23630.531485878695,381154.71263120684
2021-08-23 22:30:56,89148.57820517753,24400.297057068157,340929.0628896065
2021-08-23 22:54:47,89559.1267711327,20513.501957356602,317175.93982353323
2021-08-23 22:59:19,89634.72733780833,23112.814650840905,312228.01011243457
2021-08-23 23:16:46,89910.50610806677,23251.467568153494,323141.34082894906
2021-08-23 23:25:40,90038.91807215611,22634.49130685466,337412.0067320268
2021-08-23 23:39:16,90214.909627142,21350.930139410735,319206.6415028233
2021-08-23 23:40:24,90228.35856409815,25653.577052049233,323984.70173549745
2021-08-23 23:52:12,90356.35533785769,23480.417616840965,344346.15221309394
2021-08-24 00:00:05,90429.12456135647,25713.2955752357,347756.84474042186
2021-08-24 01:35:30,90594.36377756625,24622.966753667617,319034.5207583498
2021-08-24 02:00:24,90550.86558889349,23929.845171415873,332782.43416520575
2021-08-24 02:13:49,90547.83617368771,24275.472662226646,333235.9659667248
2021-08-24 02:15:44,90549.2378810512,22408.326607119434,354302.9849079339
2021-08-24 03:07:03,90846.257346998,24850.58572724624,304087.28658301296
2021-08-24 03:14:31,90941.42930505709,26077.822912295174,358009.73292741255
2021-08-24 03:19:31,91013.60898725818,22924.945827992884,355120.65926310833
2021-08-24 03:35:14,91285.59392011812,24078.442620890797,343120.4154447766
2021-08-24 03:58:15,91806.97298672589,23258.02946978032,358290.49708816886
2021-08-24 03:59:28,91838.46792874731,23550.934090786388,394470.28825242014
2021-08-24 04:04:07,91962.30818574273,22851.938499291107,366927.9368856484
2021-08-24 04:04:52,91982.78982935802,25282.565802490568,309630.084715623
2021-08-24 04:07:41,92060.94320292426,26453.47250759795,319520.5779718192
2021-08-24 04:10:43,92147.24838768701,22127.338198330817,326975.0331697264
2021-08-24 04:19:03,92395.28765883113,22922.99632499421,376335.42034967494
2021-08-24 04:31:09,92781.57534855575,26035.831023686722,342658.93908534327
2021-08-24 05:01:06,93838.18448366404,20806.19326881376,369788.4160745477
2021-08-24 05:05:12,93990.09209000785,24217.574719640532,409465.91910603864
2021-08-24 05:10:38,94192.73152166708,25128.018689513305,380645.9028772345
2021-08-24 05:11:36,94228.89705760028,25934.037214974833,340320.60674497305
2021-08-24 05:14:24,94333.77588210069,24021.956999255013,341776.7451024966
2021-08-24 05:30:34,94938.4724436523,25401.97967595004,383758.7070965388
2021-08-24 05:32:30,95010.15291088418,27468.06281634385,372904.9458380731
2021-08-24 05:40:56,95319.53886948978,24525.31222473102,361132.31052357046
2021-08-24 06:27:00,96815.75954212357,27815.713347120836,352128.0659462503
2021-08-24 06:27:17,96823.4840093619,27343.5508377499,380285.40514597105
2021-08-24 07:30:52,97899.72073662841,26564.997640477035,377530.6169632628
2021-08-24 07:36:33,97926.72960814518,25870.811997416993,333520.0009732947
2021-08-24 07:37:24,97929.77946083315,25515.044171434605,382741.0459700894
2021-08-24 07:55:34,97934.81573275791,22753.62548080641,365936.039375197
2021-08-24 09:32:58,96476.17079589952,23002.649595211064,385905.51159086305
2021-08-24 11:09:24,94433.55731615784,26372.93627209131,360117.1967780912
2021-08-24 11:20:02,94262.28665811087,26159.762782404025,384663.7906848211
2021-08-24 11:45:02,93924.38778991695,25724.69968296874,378001.112500643
2021-08-24 11:52:47,93838.91752016274,25874.709593614785,346371.6738765156
2021-08-24 11:59:30,93772.38568070471,21966.133959556002,395317.00259736844
2021-08-24 12:11:15,93672.91520027272,23848.010151370578,357886.5734891992
2021-08-24 12:46:17,93502.82603764113,25277.09286142635,380349.22452003625
2021-08-24 12:47:31,93500.21028248605,24608.639575678768,344059.2513173036
2021-08-24 13:21:49,93513.62644645624,23058.961860361203,363109.00761025166
2021-08-24 13:24:55,93522.6254906927,25039.0735882745,347593.42994138063
2021-08-24 13:33:46,93554.89096314237,24742.68560660356,395727.88698417845
2021-08-24 13:46:17,93616.3033776244,24859.81459190366,367295.5924095239
2021-08-24 13:47:21,93622.34645277602,23588.554115323233,351547.8229849459
2021-08-24 14:21:02,93869.56555729493,23822.878246202526,329961.4518382074
2021-08-24 14:24:44,93902.40046178477,26582.779967189592,332202.07646320143
2021-08-24 15:01:26,94264.90234374143,22401.071206588655,379613.32440145354
2021-08-24 15:58:38,94822.11590789212,23594.308753340505,370525.47698318725
2021-08-24 16:10:26,94910.88097675744,21754.75390742151,326064.66674238007
2021-08-24 16:20:49,94976.41261758824,27769.229451809137,352022.37666701095
2021-08-24 16:42:21,95067.68278842811,26523.394272874753,351329.06483669305
2021-08-24 17:21:28,95052.01373819848,24903.48180322483,368422.46555021615
2021-08-24 17:43:56,94931.03891746896,24229.12345681601,373963.41398216994
2021-08-24 17:50:45,94879.10478210846,24013.833655584174,358026.9399591847
2021-08-24 17:51:55,94869.55308389873,25634.960179997703,363048.5597455901
2021-08-24 17:54:18,94849.45656181239,25974.236493722,335891.4373268409
2021-08-24 17:56:54,94826.65752855987,21674.104424565852,364719.37394390895
2021-08-24 17:57:39,94819.91456245216,27705.144713922004,326625.51985005767
2021-08-24 17:58:50,94809.12680330116,22712.33101715106,365904.5956163847
2021-08-24 17:58:51,94808.97357166659,23911.945457640453,355412.0947786234
2021-08-24 18:00:45,94791.27297295337,25842.335724100176,378901.53093962086
2021-08-24 18:02:21,94776.015402441,26504.624836464092,399477.55653922656
2021-08-24 18:04:13,94757.8178780816,22560.41695737077,378926.5634450754
2021-08-24 18:05:24,94746.06524479494,23102.403971798267,337715.6140214104
2021-08-24 18:06:29,94735.16128904557,23406.87657331445,348293.5638042452
2021-08-24 18:07:37,94723.6087620514,24977.745176346558,377201.90185727895
2021-08-24 18:09:21,94705.65870636734,25247.422694886824,353690.3375532846
2021-08-24 18:11:05,94687.37678445115,26249.232349182992,371530.28554977337
2021-08-24 18:21:19,94573.22654780243,27102.420877769884,363825.95862956345
2021-08-24 18:22:59,94553.72118898144,24699.43057946538,407669.8442466574
2021-08-24 18:25:06,94528.62064038421,26624.761755246087,320099.94478075334
2021-08-24 18:25:40,94521.8408611335,24086.89055994138,358507.08088236855
2021-08-24 18:33:02,94431.6256424299,26567.689396136102,324745.4473097052
2021-08-24 18:34:54,94408.21954445056,23697.671373117384,366096.8844515889
2021-08-24 18:36:30,94388.00571626733,23757.418184220907,322239.64583966584
2021-08-24 18:38:40,94360.42901630691,25531.91970726149,365951.6295260763
2021-08-24 18:53:50,94162.95443622043,22798.08827459169,386496.12409684475
2021-08-24 19:07:32,93983.33863263765,25880.968236441848,378769.12289252895
2021-08-24 19:17:55,93850.88485868638,24807.091078708832,349961.73633012286
2021-08-24 19:23:10,93786.22024375341,23983.80217422338,345685.3764247754
2021-08-24 19:24:58,93764.5058259339,22621.322922158102,327584.38042227295
2021-08-24 19:26:52,93741.86576189807,22994.903884384537,336994.093906045
2021-08-24 19:30:12,93702.89666373929,24924.570887708836,353352.5037307087
2021-08-24 19:37:57,93616.46722946348,26017.71432150604,356045.27080914396
2021-08-24 20:03:48,93383.2226925849,25191.395213298587,344479.90446155495
2021-08-24 20:07:36,93357.59710510581,25154.074967178996,379525.8637818701
2021-08-24 20:22:10,93283.47686491189,24841.790956884175,357997.7831939203
2021-08-24 20:33:52,93253.67348423824,24720.04430457869,354330.50803805207
2021-08-24 20:35:37,93251.60445437842,23677.917449972636,326593.02757934545
2021-08-24 20:55:04,93271.65403963914,22289.723159548477,368653.9500857117
2021-08-24 21:03:58,93307.27047743442,24329.83635509681,362874.5062637719
2021-08-24 21:05:13,93313.58598924328,23850.533702867688,389536.94837228983
2021-08-24 21:06:21,93319.58858240813,25670.88956886995,351859.1689065145
2021-08-24 21:10:08,93341.51638160627,27631.445480807462,363848.1170808421
2021-08-24 21:10:22,93342.96329971234,22066.04042115651,346175.54727307276
2021-08-24 21:21:58,93428.38087262359,23810.641558189178,361756.2239911588
2021-08-24 21:29:14,93494.81141368893,23375.463797703393,331619.2875830834
2021-08-24 21:35:36,93560.64384411299,25734.586359856086,346573.20349919086
2021-08-24 22:06:09,93958.8558632338,24881.26202331283,344642.6074706173
2021-08-24 22:10:21,94021.84685649993,25646.516208140336,392144.4667741202
2021-08-24 22:11:44,94042.90512694664,25241.18807717055,386785.6311894006
2021-08-24 22:22:48,94215.80485237137,24769.02949618032,372113.7801713094
2021-08-24 23:04:19,94875.10362458522,25233.011028229823,334612.7812194629
2021-08-24 23:28:46,95210.57786412771,25508.366962853357,345968.80160644546
2021-08-24 23:55:04,95478.95704594573,23106.449058291433,378474.15954281815
2021-08-25 00:18:10,95617.80065247265,29024.167510551357,388754.0507086863
2021-08-25 00:34:20,95660.17469741454,24302.295839511124,356348.8854193033
2021-08-25 00:45:32,95665.40545195714,27399.336178136477,362347.70463754464
2021-08-25 01:01:00,95645.3403012685,25366.823607278362,337024.23611367017
2021-08-25 01:13:52,95610.2881062503,24193.681257820415,371792.0099785265
2021-08-25 01:19:04,95592.88081712321,24063.75179234161,345234.3615081369
2021-08-25 01:45:24,95496.24295502261,24330.522129987414,358813.9562063495
2021-08-25 02:23:19,95432.77247263481,25705.25809809127,373634.97051000013
2021-08-25 02:33:40,95452.88450944301,25574.583534500256,397979.92016839515
2021-08-25 02:35:09,95457.55302833754,24233.6952505568,354747.08621497743
2021-08-25 02:54:34,95565.68599284832,25604.269848052383,341316.0411628036
2021-08-25 03:28:46,96002.33109656246,23385.58103449951,302507.7551005073
2021-08-25 03:55:18,96577.96171999155,25668.135319281195,406010.0137113519
2021-08-25 03:59:10,96678.84206924343,24897.92188952089,383050.0310359605
2021-08-25 04:16:37,97183.6993536265,25738.029753460636,354664.56615875073
2021-08-25 04:46:18,98199.6618493463,24352.764209814726,377752.0813959831
2021-08-25 04:49:24,98314.52225347458,27347.80047187047,347267.5942105221
2021-08-25 05:17:33,99398.47672237674,28213.639419148523,346915.7017647649
2021-08-25 05:59:27,100988.47440354661,25941.389770846017,390846.397550528
2021-08-25 07:20:32,102951.11044506328,26092.32719176262,389155.2456068651
2021-08-25 07:54:40,103090.88095723599,28578.7522973031,402562.8810312859
2021-08-25 08:52:06,102479.31482814072,26799.985791773557,433450.7887245944
2021-08-25 09:20:34,101911.78673962461,25998.989783366196,418854.92989726434
2021-08-25 10:12:13,100740.11646975794,27807.360637760583,367425.9347739547
2021-08-25 10:17:09,100630.32144682652,27476.178775264998,400667.8872346026
2021-08-25 10:38:26,100178.32955574714,24893.98840102705,390459.39333978575
2021-08-25 11:00:31,99760.38310935993,27706.88044734564,396600.1051007556
2021-08-25 11:09:17,99612.25392970938,27487.13099806665,361468.028352497
2021-08-25 11:24:56,99376.02300755047,25741.33473744086,369928.4141559782
2021-08-25 11:47:22,99104.98344926788,25428.238759685402,417857.2739064761
2021-08-25 13:55:29,99105.4112538393,27437.288413297505,378653.5755363744
2021-08-25 14:25:05,99413.84020639973,27618.6318553444,370332.48766734096
2021-08-25 14:34:38,99528.30520465171,30325.444044373246,357769.0002329275
2021-08-25 14:50:02,99723.26357777469,24262.36287460442,393131.0528573416
2021-08-25 14:53:03,99762.54170468301,26176.551660498488,403309.88378467853
2021-08-25 15:41:43,100395.81414190352,25446.961268269475,373155.6337460966
2021-08-25 15:44:17,100426.96526855086,28756.968760956002,379700.1822456958
2021-08-25 16:08:24,100693.33083521866,29841.98391525716,369777.6790573218
2021-08-25 16:24:53,100839.43630506827,25250.721396326742,392708.96082989755
2021-08-25 16:32:22,100893.80948774758,28760.733792507403,386002.044943002
2021-08-25 16:37:43,100927.64040339034,27253.606239475434,412825.9592106586
2021-08-25 16:46:35,100973.91999216037,26553.915470020347,341436.53286392405
2021-08-25 16:52:41,100998.363381257,30452.245180108028,366473.78080174665
2021-08-25 17:00:49,101021.2262043688,25135.19377353221,362872.65326358867
2021-08-25 17:04:30,101027.84663353596,27326.323993406226,371044.9899898646
2021-08-25 17:06:33,101030.51165014534,26164.481257678453,376104.5846579331
2021-08-25 17:43:10,100955.41329103276,27340.496620160902,365982.7751059705
2021-08-25 18:06:22,100796.23688300989,26267.246659386,381379.0625306685
2021-08-25 18:10:18,100762.02913063539,25191.050697620096,400726.46163310594
2021-08-25 18:12:32,100741.79365601487,26840.93508795749,365730.24083263596
2021-08-25 18:53:28,100298.23154876252,25515.578585793286,337809.92531306436
2021-08-25 20:19:50,99551.97872294358,25299.63268220925,377325.0002342781
2021-08-25 20:24:59,99542.43811266667,25825.84592040772,389118.4378831867
2021-08-25 20:29:55,99538.48870658097,27225.236236249064,417035.6562264198
2021-08-25 20:33:46,99539.01227895531,26208.60400501865,339213.5765705911
2021-08-25 21:38:25,100025.42236244709,25854.125732204673,351276.11832733324
2021-08-25 21:43:44,100101.85921824646,28792.346653214037,345165.746855842
2021-08-25 21:44:35,100114.49205633302,24697.691881342635,366539.3333674789
2021-08-25 21:59:21,100350.11674423362,25071.11242598343,371147.50580591016
2021-08-25 22:09:46,100531.62568739384,28226.870628687364,380567.6500463156
2021-08-25 22:28:05,100870.09004707847,25902.78811301263,355920.4216010335
2021-08-25 22:34:52,100998.45223832426,26152.625968823184,411241.1834378533
2021-08-25 23:00:29,101474.85809518826,26828.938134265616,407129.24139557715
2021-08-25 23:07:13,101593.34470496843,25531.765190867478,382688.33314664155
2021-08-25 23:29:09,101943.33273174152,23583.813021371294,406902.4654766146
2021-08-25 23:30:20,101960.31022280904,27378.85192706884,394012.15850207524
2021-08-25 23:43:07,102129.0665844195,25656.61940696557,396602.7742104186
2021-08-26 01:00:36,102512.51978677274,26360.531164676613,414171.25337190914
2021-08-26 01:20:56,102465.96335483002,25648.130564470306,382315.34414604
2021-08-26 01:29:48,102437.8826818273,24232.061069158273,425493.1711532777
2021-08-26 01:45:40,102386.4983644333,23699.44134672901,443610.94511111296
2021-08-26 02:05:49,102340.1010176548,23262.13045467605,360359.13604146516
2021-08-26 02:57:12,102515.9302316048,24865.22929798678,415687.4172476472
2021-08-26 03:11:27,102680.57579680541,30062.674369772147,376710.6435609578
2021-08-26 03:58:05,103654.22607197559,28322.976428851907,394011.1271251607
2021-08-26 04:07:18,103924.33443909585,27044.844354606365,419161.05985442986
2021-08-26 07:07:45,110045.45788023023,29458.183268506196,443368.1111455001
2021-08-26 07:48:29,110297.14805923008,28648.005831534912,424101.72499785986
2021-08-26 09:24:23,108702.76275507263,30215.821642733663,409849.9162179982
2021-08-26 09:46:34,108101.7975515507,26692.060734649287,388141.75264415285
2021-08-26 10:47:41,106487.51621912754,29724.19770584009,399525.3618632659
2021-08-26 10:57:41,106255.59644418384,23295.10526785271,419224.34506138344
2021-08-26 12:14:46,104987.05989418589,27905.7083687961,427649.79910138174
2021-08-26 12:44:47,104764.74835053664,25232.275151947564,413823.968308706
2021-08-26 15:13:00,105393.98212267319,29394.359473800327,436103.38819696696
2021-08-26 15:26:57,105517.63124399926,25428.754476328075,413918.2550892505
2021-08-26 15:34:39,105582.71132671618,26939.241484893897,400435.7539895299
2021-08-26 15:39:03,105618.42446456403,29670.133739195997,364385.4575003222
2021-08-26 16:01:43,105778.34116261768,28928.079530842486,411265.63547896815
2021-08-26 16:06:05,105803.32396826622,26342.229655042527,449460.339071974
2021-08-26 16:14:29,105844.92488704924,30567.732541049092,412051.1605143189
2021-08-26 16:28:10,105892.26708037492,32539.422257978236,414005.7605790928
2021-08-26 17:20:21,105787.87826185735,27645.107286065264,394073.73093823815
2021-08-26 17:27:16,105736.90240226874,28282.62420793107,415259.8634870884
2021-08-26 18:27:09,104972.9770897956,27060.011956164286,416507.0712247772
2021-08-26 18:39:24,104765.29661585447,28984.217178873485,387516.3580292276
2021-08-26 18:42:51,104705.25625802207,27967.407114004705,401916.68339800613
2021-08-26 18:51:43,104549.09464361962,27024.245649670236,432312.09196497896
2021-08-26 19:00:15,104397.80760281633,26960.06046870508,395237.8164301454
2021-08-26 19:07:37,104267.8778482761,27563.20189411138,383853.80602642545
2021-08-26 19:24:15,103983.39816080238,29480.11124464829,397777.1318258123
2021-08-26 19:33:25,103835.81747540948,28112.761312173283,381808.6396517226
2021-08-26 19:38:42,103754.87575935395,26888.65441969046,433210.5424481941
2021-08-26 19:47:21,103630.13058765755,27040.457132633444,360252.9761981393
2021-08-26 20:03:48,103424.78207517153,26360.054327870843,387439.94301054475
2021-08-26 20:09:18,103366.8336892593,25470.60062375802,387183.83454993163
2021-08-26 20:22:25,103252.9820832794,26656.06320800053,390337.97199924063
2021-08-26 20:26:06,103227.52796519978,24729.54722811838,390409.34369358385
2021-08-26 20:33:56,103183.33755817634,26069.568136601014,401935.42712279357
2021-08-26 20:43:32,103148.10417825346,28679.263455600612,398915.5505486168
2021-08-26 20:51:23,103135.05582292318,29102.95548551451,413753.25575980573
2021-08-26 20:59:54,103136.98096278556,27103.937051914058,365121.29316107824
2021-08-26 21:06:46,103150.5861771501,26669.148824981232,388811.0298156608
2021-08-26 21:11:39,103166.67941148068,29215.74545635348,419902.5772459064
2021-08-26 21:14:47,103179.75577924248,26924.269137396863,351289.66903085395
2021-08-26 21:43:51,103395.11972801563,28068.402406851783,421831.3208292365
2021-08-26 21:49:02,103449.250439833,26014.66680182647,365854.95817363495
2021-08-26 22:10:05,103705.43820522838,27721.48050993792,387133.12335428974
2021-08-26 22:15:38,103780.40367388037,28762.92081156876,421546.2177836952
2021-08-26 22:27:41,103949.48117342599,28724.479190352606,438892.25901937776
2021-08-26 22:52:38,104305.07616544304,27912.86077480136,386384.948941282
2021-08-26 23:39:00,104839.11091175047,27368.859721590026,399898.82681256
2021-08-27 00:00:41,104974.9485269163,27962.53759171679,366249.8815746593
2021-08-27 01:30:27,104689.78001950814,27670.086847002523,390480.20991898456
2021-08-27 02:07:56,104433.58806178137,25287.714411978508,375040.9420573813
2021-08-27 02:32:12,104361.12278493658,25454.284874686866,406341.04059395863
2021-08-27 02:48:29,104384.64648306546,29333.919962455097,393749.34526684764
2021-08-27 02:49:48,104389.56917737612,30008.791474820653,397035.0225440937
2021-08-27 03:44:44,105067.05366319725,29101.335300885345,417327.3620621162
2021-08-27 05:59:06,109682.58700416799,28073.484319954332,416523.81259276887
2021-08-27 06:20:04,110372.04973070096,29133.2251649373,448514.8929839966
2021-08-27 06:23:22,110470.10667973779,26867.237060566218,417136.9926014292
2021-08-27 06:36:48,110834.67849759125,29667.54021822673,433780.58008481417
2021-08-27 06:56:49,111262.79572871116,29508.525028257303,421923.087187584
2021-08-27 07:12:19,111489.91944845454,27223.717638188507,408544.5035491105
2021-08-27 07:39:31,111656.67656168016,26639.346031004723,401349.6864616685
2021-08-27 08:04:37,111555.10586313883,31465.42721820417,384029.57081642
2021-08-27 08:24:24,111320.2497758857,30306.65809184508,407578.8936391877
2021-08-27 10:01:21,109030.28844885845,32135.59309360623,378073.27038430213
2021-08-27 10:28:58,108312.91816758137,28294.8568807049,439373.0801473435
2021-08-27 10:59:31,107612.23257031586,28474.832894874875,440332.517737663
2021-08-27 11:07:36,107449.1501627566,30529.457243686207,421013.4405081775
2021-08-27 11:12:09,107361.9865474988,28088.222493223115,394892.30831599986
2021-08-27 11:37:31,106941.36492116553,26564.8070311662,393332.4895460234
2021-08-27 12:12:42,106552.910981658,28449.293693004453,408034.26217354735
2021-08-27 12:38:16,106415.75513297995,30757.554122596128,427390.87969671894
2021-08-27 12:50:42,106392.15293403972,30483.82512171944,390634.3507249857
2021-08-27 12:56:14,106390.43938266393,27914.35098958018,389129.1329374636
2021-08-27 13:05:23,106399.17707901471,28815.914781216576,436269.54040498164
2021-08-27 13:58:24,106707.83990674303,26866.986607667583,401788.8334806068
2021-08-27 14:26:41,107019.90321647021,28544.36110414763,474871.5156529906
2021-08-27 14:57:33,107433.40056868232,26213.66186246254,411993.5499630135
2021-08-27 15:31:17,107914.25420898835,30804.062464058694,414346.74323079694
2021-08-27 16:08:58,108396.38365224343,28964.582979650477,391070.2187821287
2021-08-27 16:26:35,108573.19323742279,26098.098106341313,416595.4736785084
2021-08-27 17:11:22,108810.36189242302,31495.262820153406,375205.35730086855
2021-08-27 17:27:07,108810.8853669637,25880.139184400705,416080.4886306227
2021-08-27 17:44:17,108762.1224992777,26717.15686003529,443214.7084735657
2021-08-27 18:00:53,108670.09301657534,29363.443184161035,442955.189600867
2021-08-27 18:09:03,108610.65615637411,29682.823169864878,472957.0878327669
2021-08-27 18:43:45,108285.043905323,25481.457096371254,415651.020028171
2021-08-27 19:09:26,108015.41831831029,29663.951836733453,388631.63998534664
2021-08-27 19:11:06,107998.49385063705,26504.414498609658,419879.85492423776
2021-08-27 19:20:30,107906.34826133511,27237.0961415038,374723.97542611806
2021-08-27 19:40:48,107736.23628779079,27092.299831907472,418881.0120171901
2021-08-27 19:51:25,107669.47056632348,27950.916494605826,397331.5996552589
2021-08-27 20:28:23,107605.20715701122,27989.22944695052,477723.26818834606
2021-08-27 20:32:06,107615.63195764297,29154.023717846736,413571.5861577875
2021-08-27 20:57:00,107773.38173977965,28227.86209781695,405780.19368845946
2021-08-27 22:42:27,109839.44863274838,30509.49965844771,427981.25267472444
2021-08-27 22:49:16,110000.40871365099,29765.01831494117,402120.5999161662
2021-08-27 23:12:56,110538.26828547895,28504.508213857673,399239.1613324588
2021-08-27 23:34:50,110979.92556143773,29232.908717448998,403810.9074249036
2021-08-28 00:00:13,111390.72055478614,30968.994991296127,429316.3145654973
2021-08-28 00:07:10,111481.40467096803,28359.04372427893,437831.64285799203
2021-08-28 00:32:24,111730.14975724235,29733.074808968366,496228.51781801454
2021-08-28 00:33:51,111740.76185398111,29447.522264699102,420953.8090493402
2021-08-28 00:38:17,111770.90298561484,28629.542570868012,443680.75027580484
2021-08-28 00:39:05,111775.98037727126,28437.90962953463,419727.8862235434
2021-08-28 00:43:52,111804.11992806708,31445.532662639165,421072.7576642579
2021-08-28 00:54:32,111854.18682370128,30462.21079659047,447359.67347266997
2021-08-28 01:08:58,111898.86916572893,26933.767315224373,462428.48350598227
2021-08-28 01:26:31,111930.32829835874,29056.45363694956,426849.48208056646
2021-08-28 01:27:27,111931.6441297792,28059.309759514406,451186.7858427016
2021-08-28 01:35:18,111942.48312690188,28963.17076560253,473657.96453625616
2021-08-28 01:37:05,111945.01340662874,31046.72568393513,408209.02263412264
2021-08-28 02:30:56,112167.183447117,29526.349438560766,441141.81974038883
2021-08-28 02:40:04,112258.1449760035,28391.739734841296,489190.59337921446
2021-08-28 03:10:30,112736.78560371818,31170.086511073485,403611.59762893955
2021-08-28 04:10:54,114621.55273024623,30125.100894202325,425993.7283586127
2021-08-28 04:33:56,115648.56635758343,29987.55832492139,448363.95127204957
2021-08-28 04:52:09,116547.07019064744,30850.14292186392,439612.75736234064
2021-08-28 05:14:38,117718.22335382472,27396.84704411877,469841.52218968794
2021-08-28 05:30:16,118544.39354593372,29695.70699354379,457039.76547128067
2021-08-28 05:34:34,118770.04020137498,31239.579676489404,428111.72553008015
2021-08-28 05:51:58,119663.15741985322,32709.648631419946,521184.08978809236
2021-08-28 05:52:51,119707.31377725075,33374.154983872635,433327.8032851319
2021-08-28 05:58:32,119987.88815627481,30458.583329445395,485105.15883465286
2021-08-28 06:01:58,120154.15980108418,31265.936499783325,432416.3857606216
2021-08-28 06:47:25,122033.56876679149,29842.075236358494,461628.62939791696
2021-08-28 06:49:23,122098.30906115311,32022.806418531938,476985.15724661207
2021-08-28 06:55:12,122280.49959340444,34159.88092820903,426043.1539388843
2021-08-28 06:55:56,122302.4688202592,33000.60962593614,422263.117242771
2021-08-28 07:18:36,122866.78609760356,33151.33088506788,501779.60036079487
2021-08-28 07:21:36,122924.4542032086,30508.700272428152,515357.07559066336
2021-08-28 07:22:29,122940.66706571777,34012.78654837981,451075.4179008307
2021-08-28 07:23:46,122963.59950500292,32145.090331505195,500393.9222131509
2021-08-28 07:24:23,122974.35685643123,32083.156627516153,452232.02601760754
2021-08-28 07:24:44,122980.38669456942,29821.06826707854,465152.31103059516
2021-08-28 07:30:05,123065.74168328242,32747.770717463143,517601.2184256046
2021-08-28 07:32:36,123101.47798057634,33677.08189424876,452566.7881914242
2021-08-28 07:33:26,123112.69067256663,30619.388918280918,417424.40865941904
2021-08-28 07:34:43,123129.35585077843,29617.597548482965,478961.69336218404
2021-08-28 07:36:41,123153.48074828826,31524.275508217073,516237.8936018513
2021-08-28 07:41:09,123201.95040491408,32563.724109264676,486657.61088808405
2021-08-28 07:42:18,123213.01712931003,32550.234120424713,477393.2204031785
2021-08-28 07:44:06,123229.18587348038,33708.46686519847,424445.89016928524
2021-08-28 07:45:33,123241.19207308999,31783.812076126622,447781.9357281184
2021-08-28 07:46:16,123246.7920157176,31907.248313961987,467213.5791598295
2021-08-28 07:46:47,123250.69248521204,32572.84913798274,455845.20525968994
2021-08-28 07:47:26,123255.43722017558,31546.051250522112,463137.71060023457
2021-08-28 07:49:06,123266.77975551224,31653.24101447304,453730.35501107934
2021-08-28 07:49:12,123267.42274841058,33475.323062573276,469563.74070946453
2021-08-28 07:51:07,123278.92911974536,32306.236888133197,460630.220121752
2021-08-28 07:51:50,123282.83381825514,33624.608408007174,427213.7488171903
2021-08-28 07:52:41,123287.18578184735,30586.639145852285,491294.6822495873
2021-08-28 07:52:53,123288.16586293335,30754.04323128909,449033.77131667134
2021-08-28 07:54:18,123294.6310412879,34990.42303348403,447400.4818129636
2021-08-28 07:55:03,123297.71656996243,32896.72675902739,488442.28353686124
2021-08-28 07:55:24,123299.07691663686,31095.683024358907,527886.7908831049
2021-08-28 07:55:37,123299.89371755687,32811.36298678287,461890.81748675194
2021-08-28 07:56:58,123304.54829086682,34568.15329627579,480211.0577516086
2021-08-28 07:57:35,123306.42611696011,33762.17190716852,500665.9350989824
2021-08-28 07:58:45,123309.55509892991,29776.979895305565,463897.1760112231
2021-08-28 07:59:16,123310.7644328768,31937.360511346822,521344.16229836474
2021-08-28 07:59:36,123311.48741092432,36528.5483672603,474491.654406035
2021-08-28 08:01:11,123314.31134158577,32221.212648094825,482547.37218657456
2021-08-28 08:07:50,123315.3521646445,33885.42681931316,484026.278327349
2021-08-28 08:10:06,123311.80347344892,31234.33999220494,447818.9249005732
2021-08-28 08:10:31,123310.93988395548,32791.901731996804,485209.7227275406
2021-08-28 08:19:27,123277.11009547775,34718.89011257029,476879.88843383035
2021-08-28 08:22:03,123261.94770182151,32189.103632106966,433534.4588687396
2021-08-28 08:23:00,123255.8318889661,33859.19179082384,479321.1364285542
2021-08-28 08:25:43,123236.67675075762,33761.4052202166,459789.87542049546
2021-08-28 08:27:23,123223.72511289146,35415.86246874002,478832.1207748859
2021-08-28 08:29:53,123202.62761036203,35388.089168787876,448698.90682696196
2021-08-28 08:34:29,123158.7398171457,32303.833331842397,503422.8395475291
2021-08-28 08:38:23,123116.60507490892,30950.64488468598,446545.1596550245
2021-08-28 08:39:03,123108.96729044002,32089.50561293091,560542.61752591
2021-08-28 08:40:06,123096.68637246308,27188.291596639945,453444.60992730677
2021-08-28 08:42:49,123063.5132306156,31196.36013669863,498727.9195317835
2021-08-28 08:43:58,123048.87665064723,33034.31876957223,526840.9492593594
2021-08-28 08:46:13,123019.2478975977,32453.347321898393,435984.74241093826
2021-08-28 08:48:11,122992.30351563735,30065.004090928647,482210.11366768624
2021-08-28 08:49:50,122968.96714909874,33033.347383990425,447491.7583756971
2021-08-28 08:54:17,122902.84991745489,30953.02424082966,448866.048019103
2021-08-28 09:05:46,122712.92566082395,34196.4332308066,464717.763350082
2021-08-28 09:06:14,122704.67976837291,31461.962877105525,486792.64219045604
2021-08-28 09:08:01,122672.82580155919,27855.884547145208,423879.68736736855
2021-08-28 09:09:01,122654.73195559738,32971.55625726411,451390.6484569187
2021-08-28 09:09:10,122652.00384964966,33372.023431049136,418158.862905534
2021-08-28 09:18:59,122466.2204206462,29530.7383420672,492932.14233341184
2021-08-28 09:24:51,122349.34107477864,33613.10916694891,436885.00477736903
2021-08-28 09:29:41,122250.45149188618,29709.43440659167,491240.3251229906
2021-08-28 09:32:47,122186.0079951474,33461.44614433273,474710.5841858036
2021-08-28 09:33:55,122162.2768876831,30541.04122971452,477877.7790531592
2021-08-28 09:34:22,122152.83091225746,32343.215352663294,418079.0005296569
2021-08-28 09:36:08,122115.62660632975,35213.73705037465,487474.7265375961
2021-08-28 09:36:24,122109.99506243445,32226.44739076233,433756.5542800279
2021-08-28 09:46:03,121904.09326337249,32866.96838575582,451002.1998434453
2021-08-28 09:51:58,121776.68033487769,31215.435553247313,433131.8504453674
2021-08-28 09:53:18,121747.93876257248,33969.05327045017,436113.4064555978
2021-08-28 09:54:17,121726.74551293087,30420.63946849388,470468.1530795152
2021-08-28 09:55:04,121709.8673271936,34584.28278204955,479445.4686069429
2021-08-28 10:01:25,121573.39347676786,30593.392403938422,462210.9490903975
2021-08-28 10:01:43,121566.96901337664,33241.79285378806,443037.15478457615
2021-08-28 10:11:30,121359.42726726935,30807.70455804409,444277.5304132809
2021-08-28 10:13:13,121323.51731531664,28552.22174239541,479040.03623686533
2021-08-28 10:18:27,121215.2622734487,31674.723815615896,457236.4706456329
2021-08-28 10:21:45,121148.07002068615,33146.57143363854,476698.8911016373
2021-08-28 10:22:31,121132.59062386304,31180.13551549092,473442.117248274
2021-08-28 10:31:22,120957.92362539096,32391.96837330338,455967.9396987254
2021-08-28 10:52:39,120575.32314946654,29709.90838099746,466157.19243361475
2021-08-28 10:56:12,120517.60143262632,28489.594093741263,447675.4280135146
2021-08-28 10:59:09,120471.10704454943,30597.994855416702,485013.29558094026
2021-08-28 10:59:39,120463.36192026315,35312.51925525862,414531.06576720416
2021-08-28 11:11:19,120294.24362108741,31013.253778741553,476435.2015789534
2021-08-28 11:23:03,120147.84174161895,32401.975173161278,438882.837943552
2021-08-28 11:38:53,119990.47698717641,31597.607309313367,425875.441591373
2021-08-28 11:44:56,119943.01039772954,31742.353802538375,472008.54116770974
2021-08-28 11:45:01,119942.40633668721,32258.255706678843,491761.950671467
2021-08-28 12:04:36,119838.38276182074,29388.876858601772,489025.6706924782
2021-08-28 12:04:58,119837.15939732279,34570.90477900107,485779.03039900964
2021-08-28 12:05:23,119835.80161542335,32610.50294226992,457156.0130015134
2021-08-28 12:16:23,119812.41541910423,31161.053977808806,419721.4135477697
2021-08-28 12:26:13,119811.75469503753,31737.656732806085,506756.56929471105
2021-08-28 12:33:33,119823.58462679392,31898.314637193216,447719.75316279364
2021-08-28 12:35:05,119827.37672479643,30333.06396756989,447765.84279395296
2021-08-28 12:40:51,119845.6842990313,30127.6324949685,444620.6861773434
2021-08-28 12:41:41,119848.8555319944,32432.523630718457,399988.8886198149
2021-08-28 12:42:10,119850.75534793048,30481.614214470745,495836.11822190735
2021-08-28 12:44:18,119859.66999983744,32115.778457912296,479106.78202891996
2021-08-28 12:46:39,119870.48491840271,29834.885957909388,430144.9829869719
2021-08-28 12:48:20,119878.86952843271,31340.30709587619,461149.7301146082
2021-08-28 12:50:55,119892.7662245036,28600.277396182693,494647.4082515382
2021-08-28 12:56:54,119929.69201841654,34586.42271493439,470901.88398455613
2021-08-28 12:57:15,119932.05511716047,32943.50539676757,485558.89365711383
2021-08-28 13:03:23,119977.0590179534,32469.123959429544,453820.76180125325
2021-08-28 13:04:01,119982.09019256686,32369.81994698414,431156.64609862986
2021-08-28 13:05:50,119996.9163537423,32030.166645188412,427031.3778943602
2021-08-28 13:10:53,120041.17475778263,30629.575117039705,493371.1634523136
2021-08-28 13:13:33,120066.32845506967,31962.18337486726,444751.45249109727
2021-08-28 13:17:11,120102.55073476823,30783.559821588868,459311.19722569524
2021-08-28 13:19:55,120131.26238713876,33409.54897410664,443264.59861602326
2021-08-28 13:26:00,120199.57536224736,29267.13741190081,448859.4518384328
2021-08-28 13:28:50,120233.42724820111,32228.43314069319,479731.25139810954
2021-08-28 13:34:07,120299.91040123886,31067.208876954115,487554.42976793676
2021-08-28 13:35:14,120314.51113548668,30407.947129653992,489189.9422377609
2021-08-28 13:35:37,120319.56685109396,34611.38236168021,473036.40325113834
2021-08-28 13:45:20,120454.9523568404,30276.911639825896,477894.05728084315
2021-08-28 13:53:51,120584.52413578953,29942.73987344937,460375.09915243444
2021-08-28 14:01:55,120715.93554555075,31222.123417318173,456624.6613108902
2021-08-28 14:01:59,120717.05484237743,31803.7722911604,492213.32241461164
2021-08-28 14:06:00,120785.45277060353,32444.58521203883,472532.1331811198
2021-08-28 14:09:37,120848.60512083651,28345.037530778267,450004.5403042717
2021-08-28 14:11:58,120890.40075146248,29984.202460180255,442056.1524787862
2021-08-28 14:18:02,121000.91475573422,28988.020012394318,437419.95340549893
2021-08-28 14:18:50,121015.7562496863,28261.363431832575,432750.10732067446
2021-08-28 14:19:19,121024.75205362866,31700.258105070578,461606.2920024237
2021-08-28 14:24:03,121113.96526865411,31628.23492076919,494932.50245206495
2021-08-28 14:24:23,121120.3216380716,31631.818007549547,492449.6478563783
2021-08-28 14:24:54,121130.19249667822,32067.60853241521,506750.0129183798
2021-08-28 14:32:45,121282.76469868694,28723.253594568643,457823.8316294489
2021-08-28 14:34:37,121319.70782228286,35647.079897281525,499162.45034850936
2021-08-28 14:35:07,121329.64287595796,34797.59870557844,475860.0154895411
2021-08-28 14:36:30,121357.2139624756,28483.72854472236,439106.60128072655
2021-08-28 14:38:57,121406.33512038321,33244.96552710028,477023.0693076869
2021-08-28 14:40:07,121429.849961708,32774.94970719757,448388.01394428767
2021-08-28 14:41:30,121457.82971149399,31351.461559196356,448090.1480805741
2021-08-28 14:41:48,121463.91115480741,33753.7912308285,473822.7197530833
2021-08-28 14:45:27,121538.26366689861,33587.89504960214,440591.9169508058
2021-08-28 14:54:05,121716.34342390041,30595.368808163952,462979.2669866266
2021-08-28 15:00:12,121843.82480749759,31116.849468280474,462819.28279778804
2021-08-28 15:01:17,121866.47312310814,30793.505837945937,516501.43655037554
2021-08-28 15:06:29,121975.33069692086,31528.850324344625,471401.7456618609
2021-08-28 15:09:18,122034.32003288832,31440.26766280714,499606.24208837544
2021-08-28 15:10:38,122062.23075945485,34792.00156167151,467941.72499338526
2021-08-28 15:14:32,122143.75882257357,29847.154916640764,476244.61018930934
2021-08-28 15:17:30,122205.60163817446,34579.704181439454,490222.83821426955
2021-08-28 15:19:26,122245.79065641986,31054.789414887447,451244.49367322907
2021-08-28 15:19:58,122256.85882315134,31659.41089242675,425211.0285723199
2021-08-28 15:23:25,122328.2316384287,29074.409562053486,446404.962568482
2021-08-28 15:25:42,122375.22299405329,30760.757686075314,517292.88243410323
2021-08-28 15:29:04,122444.08475916843,31725.32584890112,454636.26197684655
2021-08-28 15:30:24,122471.19963372427,32012.33171469506,525015.9066684465
2021-08-28 15:31:59,122503.27135963454,31538.76273110713,486168.7591497865
2021-08-28 15:32:27,122512.69645701627,31786.026996596534,464313.0232930351
2021-08-28 15:34:16,122549.26093407674,32248.05693555361,459463.93606280355
2021-08-28 15:36:20,122590.59953711122,33823.25046543928,493675.1420959158
2021-08-28 15:39:15,122648.43473788431,31284.500569520813,457646.4061421142
2021-08-28 15:40:43,122677.27766433811,33689.28287891396,488357.4827404642
2021-08-28 15:46:25,122787.68594641774,30489.773118035424,548700.7078157761
2021-08-28 15:47:05,122800.41106471789,33634.39236373731,469663.0170188371
2021-08-28 15:47:23,122806.12376297863,27229.479059540936,456682.8876877126
2021-08-28 15:47:45,122813.09435559632,33859.09311970697,453754.63165957
2021-08-28 15:49:08,122839.27576490564,31538.95092100343,438769.0346799162
2021-08-28 15:51:15,122878.96820536283,31941.81567076142,482435.1556670273
2021-08-28 16:00:32,123047.27655458139,33357.92334435317,503103.1981374299
2021-08-28 16:04:51,123121.98953840612,34775.55024135884,512219.98780424485
2021-08-28 16:10:34,123217.06406747908,33635.24586889123,486895.48046050646
2021-08-28 16:11:53,123238.30002994955,31672.55212571759,489965.5526328142
2021-08-28 16:14:16,123276.08137530877,30869.895776775214,445146.7064009165
2021-08-28 16:18:54,123347.01335485687,32927.09743529608,469350.982165496
2021-08-28 16:21:42,123388.20160984638,36011.638884921274,478877.16501558333
2021-08-28 16:22:34,123400.68606563557,33963.44021030856,514338.9212241055
2021-08-28 16:29:55,123501.34361442721,33542.56130261675,486574.61165473424
2021-08-28 16:31:12,123517.93114658294,34174.153926334424,462301.9071176595
2021-08-28 16:34:01,123553.27237894389,31121.038543562165,439723.48172502394
2021-08-28 16:36:50,123587.12220689733,33382.99793032208,461148.5450353127
2021-08-28 16:38:26,123605.67384410664,32501.912237621244,470232.5133725102
2021-08-28 16:39:42,123620.00805482386,31538.60253865202,438558.51210907614
2021-08-28 16:39:47,123620.94009888318,33396.74548402403,443030.68742132146
2021-08-28 16:40:10,123625.20994784417,30792.41733905467,488630.92644664296
2021-08-28 16:41:40,123641.63964195165,34298.93425369762,482001.88718463463
2021-08-28 16:49:52,123723.45390857024,32494.2865503487,501892.4563747964
2021-08-28 16:58:03,123791.19234053003,34101.34594033583,458516.46803812723
2021-08-28 17:00:52,123811.2069400702,33113.234416348954,464158.25095684465
2021-08-28 17:05:52,123842.50578563292,30530.263197613847,491444.07087486575
2021-08-28 17:07:37,123852.17324030821,32046.33325621768,479719.08454328944
2021-08-28 17:10:08,123864.9003678876,37152.91898371646,484075.6500492166
2021-08-28 17:11:58,123873.2968963162,36295.59108945958,486867.91931166215
2021-08-28 17:13:21,123879.14371762148,32695.51205393232,518724.9587004922
2021-08-28 17:15:02,123885.69127803354,31031.061893358434,456530.4089325944
2021-08-28 17:16:21,123890.37862127685,33276.082043431925,429159.36817478965
2021-08-28 17:18:43,123897.84679355886,33352.611094343236,483563.65966217173
2021-08-28 17:19:44,123900.6776729719,33442.39378568221,469256.0398785539
2021-08-28 17:21:28,123904.9821818375,29301.619252612258,525588.7361479886
2021-08-28 17:23:14,123908.69385228681,33873.513159838534,505458.78392952366
2021-08-28 17:28:00,123915.32303859512,31431.58999936278,445397.6155058593
2021-08-28 17:31:37,123917.08465925028,29481.572746793645,470670.12001653656
2021-08-28 17:33:10,123916.98532428162,33424.22981111537,431620.88973314734
2021-08-28 17:38:34,123912.69159106948,32227.968210006213,456432.9384062214
2021-08-28 17:40:41,123909.35882809327,32024.294382491957,492526.15629623213
2021-08-28 17:43:52,123902.63114679587,29833.68940516495,463107.8814361322
2021-08-28 17:46:20,123896.02413584552,32866.01168025569,474094.6978969208
2021-08-28 17:49:04,123887.30896511495,31128.64535463772,456075.2560747173
2021-08-28 17:55:15,123862.34942040268,36251.516183002546,504374.6423074055
2021-08-28 17:57:04,123853.67818680062,31386.138157189984,456644.0864535511
2021-08-28 17:59:38,123840.4277672667,32662.096649230432,513441.30898132455
2021-08-28 18:11:00,123768.5412136877,33548.63605115632,520932.92620075494
2021-08-28 18:12:10,123760.02604405217,31603.07556834096,494107.6223337177
2021-08-28 18:20:19,123695.28315505412,32644.46325781249,457242.71208532044
2021-08-28 18:21:23,123686.17407346802,34755.772940714334,498445.05125671433
2021-08-28 18:25:48,123647.04428812125,30096.809320940756,485471.1976922666
2021-08-28 18:29:52,123609.16377029444,34175.17644926597,470699.85599471355
2021-08-28 18:31:23,123594.6241221755,33147.62737355971,522659.366336277
2021-08-28 18:31:49,123590.43142531734,29863.094535112785,469723.4929404734
2021-08-28 18:36:41,123542.26095021544,32664.367458115783,447191.11706414813
2021-08-28 18:38:44,123521.43011809616,35057.36864594987,471185.5893673537
2021-08-28 18:44:00,123466.70268163929,33357.14454403263,515408.468519508
2021-08-28 18:50:07,123401.47980426262,35202.48653360192,465669.4980850273
2021-08-28 18:50:30,123397.34951386414,32403.7761761272,459125.07435917715
2021-08-28 18:56:24,123333.41050123096,33835.12221723302,462624.7712563413
2021-08-28 19:02:12,123270.36509997911,32194.057863919465,477120.2236039196
2021-08-28 19:03:10,123259.88852387544,32584.125324408655,461194.23364735453
2021-08-28 19:10:28,123181.56708824584,33968.592100481364,412373.8628218901
2021-08-28 19:14:38,123137.84900334771,32719.270166248727,458185.4070332477
2021-08-28 19:18:53,123094.331399371,30373.385071069675,439979.3981219817
2021-08-28 19:33:25,122957.41547467803,30352.85394605456,482125.6482684107
2021-08-28 19:38:34,122914.7101975946,32128.271967874607,484385.2764916652
2021-08-28 19:46:06,122859.15108620263,29939.340418827745,500360.4171611431
2021-08-28 19:51:23,122825.71260037017,36101.2937210859,459214.5894250909
2021-08-28 19:51:57,122822.41867572973,33317.99115125283,466658.2661684808
2021-08-28 19:54:39,122807.53817193351,31733.987247918554,441686.3200837654
2021-08-28 19:55:49,122801.53389730776,29320.993441190683,486054.6558749719
2021-08-28 19:58:54,122786.94256143023,29853.080301438615,480801.82197045034
2021-08-28 20:06:24,122759.5831011961,31106.731172765947,491815.311462612
2021-08-28 20:34:46,122774.3873871879,32679.772564441366,511836.281931704
2021-08-28 20:36:10,122780.3897779104,31989.767266180308,484078.8902490345
2021-08-28 21:51:47,123853.19677279842,29965.630095495988,459073.21072787384
2021-08-28 22:50:27,125334.47909289434,33734.24345127165,467171.31320379436
2021-08-28 23:20:38,126062.2220656013,32872.57328028414,458971.59841227974
2021-08-28 23:52:07,126658.0736834435,33699.56446721693,517680.8968931995
2021-08-29 00:14:55,126948.65478759343,30748.226560787814,481155.3135368818
2021-08-29 00:21:20,127007.79520112975,32336.941424348683,488534.21208999655
2021-08-29 00:32:47,127089.45964196023,31057.806201936382,470277.53881625814
2021-08-29 00:49:50,127159.00219019312,35649.42614720334,484162.85104509303
2021-08-29 00:58:29,127173.73209633621,31067.19009558177,460785.35844092455
2021-08-29 01:03:43,127177.06440944049,34686.44547874244,430658.031406605
2021-08-29 01:05:16,127177.33853730194,32854.256370948606,485876.9726868785
2021-08-29 01:11:42,127175.42117118435,35265.989933100675,448488.9759597388
2021-08-29 01:17:53,127169.6733484993,32497.246555298017,441299.8349587604
2021-08-29 01:43:13,127128.15513012446,33716.64369887914,451982.54881909373
2021-08-29 01:56:49,127112.58689168873,29509.31662869222,482322.8880102675
2021-08-29 02:01:10,127111.32348034448,31907.495110044114,506266.92388295336
2021-08-29 02:11:01,127118.24652375706,33044.161934771655,458621.9005760108
2021-08-29 02:48:28,127336.7586496235,34030.52450392057,495608.6026603229
2021-08-29 02:56:50,127441.14268852303,28769.732873670153,496270.09154272726
2021-08-29 03:02:18,127522.36713191027,32205.021271163394,477910.30304652586
2021-08-29 03:15:31,127763.7246040974,33767.51955854122,510321.76004939876
2021-08-29 03:29:05,128080.6020974934,35294.758490996894,486068.1273798582
2021-08-29 03:36:19,128278.8353042241,34571.35222706992,529603.2221899212
2021-08-29 03:42:20,128459.24466018524,31082.20195454094,455151.7373937594
2021-08-29 03:44:04,128513.81524953921,34268.07302735632,493689.7706936758
2021-08-29 03:54:40,128872.38661353961,34169.45786119624,485453.07883617334
2021-08-29 04:00:28,129086.23019099484,32873.17380278089,472244.67115384794
2021-08-29 04:07:14,129350.8308669369,34486.7639784009,483470.66332566633
2021-08-29 04:07:22,129356.2034651414,33988.21929491767,489927.6201864859
2021-08-29 04:10:33,129486.24800557851,34275.05256693516,493443.11850682675
2021-08-29 04:12:46,129578.78086288039,29969.90056927536,504278.91762334533
2021-08-29 04:19:36,129873.8520672403,35902.100877383375,537837.1072531565
2021-08-29 04:41:21,130899.77826327269,34239.5826829821,525325.6571306558
2021-08-29 04:56:47,131689.04932411978,35160.36295191213,503947.4759173663
2021-08-29 05:08:11,132291.90515018697,32514.842784425706,531305.4057083345
2021-08-29 05:09:51,132380.86590324354,32623.06084804483,488792.82773868425
2021-08-29 05:41:03,134039.1623549847,31058.813396619185,516122.98569979344
2021-08-29 06:08:41,135396.27387862187,36730.92541863034,557632.8594550329
2021-08-29 06:23:59,136055.51369198077,36008.29776232336,631970.6898267254
2021-08-29 06:46:42,136867.43724681708,35256.82954188566,548541.9886099106
2021-08-29 07:17:12,137582.45726651535,37290.66508957559,522101.85521264054
2021-08-29 07:30:10,137745.19629648005,32935.803097779644,554730.2731422002
2021-08-29 07:40:37,137814.4970572529,32585.002101731552,600603.0175699235
2021-08-29 08:12:24,137703.01890810792,34109.3914756468,545753.155821276
2021-08-29 08:22:45,137571.40382862542,36808.817403644374,538843.5063985898
2021-08-29 08:39:33,137273.18126588408,36314.371792279846,570033.2985722104
2021-08-29 09:10:14,136516.66450946513,36679.01405341581,499006.38159829366
2021-08-29 09:38:41,135665.06616234736,36407.458531014374,561102.3756063753
2021-08-29 10:29:50,134082.8015879885,35406.07703580714,473554.12254321517
2021-08-29 11:08:25,133065.86779085713,33124.12426922764,591685.108580394
2021-08-29 11:15:03,132917.00971794117,35798.904848146005,504095.9634417147
2021-08-29 13:01:32,131807.82992197736,35378.29076261236,475480.96632360184
2021-08-29 13:58:24,132155.4292842326,35660.77263641465,548285.1926384254
2021-08-29 14:02:43,132202.94227537414,33778.987017375046,553045.7882115165
2021-08-29 14:04:04,132218.3101811268,33092.85647757597,489434.28420086845
2021-08-29 14:05:43,132237.4130719102,37358.61693441187,488097.4009979976
2021-08-29 14:08:24,132269.21359597656,35444.36640142887,460688.5648310682
2021-08-29 14:25:57,132497.4790523598,33828.7816687796,515331.2145859864
2021-08-29 14:27:00,132512.13043458865,35765.21881292663,491711.03058199753
2021-08-29 14:41:40,132726.1162138901,35656.69489750466,511479.3678373897
2021-08-29 14:41:53,132729.3907008766,38011.451656427125,467960.92346011446
2021-08-29 14:44:21,132766.86233969408,35007.14876097482,578309.9823364415
2021-08-29 15:16:21,133270.82409286048,35080.99522645794,515174.9413876754
2021-08-29 15:22:59,133375.29725490537,33244.23403280903,454172.68499807874
2021-08-29 15:25:38,133416.61867707653,32142.89105714721,509371.63628355553
2021-08-29 15:31:40,133509.47370964746,34254.192796082185,473237.60174715857
2021-08-29 15:44:07,133693.6542219921,34020.79068911998,445892.29754718015
2021-08-29 16:01:23,133924.82799920766,35215.84880948758,513961.7755497508
2021-08-29 16:13:05,134059.75552711517,38298.7771822727,539652.4944386747
2021-08-29 16:27:09,134192.9134896503,36718.87361295124,513785.8429069277
2021-08-29 16:53:47,134340.552177145,34699.67090670175,503769.9582248667
2021-08-29 16:59:42,134352.67614036344,32087.299455906676,543516.0085020695
2021-08-29 17:10:03,134354.7470948448,37458.02373362622,540204.3025146695
2021-08-29 17:13:45,134349.51023516082,35357.92013207632,532554.7962365828
2021-08-29 17:36:40,134247.32781950402,37309.78830769363,515801.4564210183
2021-08-29 17:51:14,134122.65421503477,35470.29479620306,571044.978769035
2021-08-29 17:56:20,134068.9488508849,34272.189713676984,507355.7000692795
2021-08-29 17:59:12,134036.6289495766,36693.382813510805,596048.286889073
2021-08-29 18:02:32,133997.20066257895,33130.98666294713,477690.47040525917
2021-08-29 18:06:50,133943.53686526892,33395.94357013473,481876.94914281124
2021-08-29 18:12:19,133870.81660402726,38297.75421809952,447416.2652686294
2021-08-29 18:16:37,133810.68841295678,35465.86944485056,502377.0232535901
2021-08-29 18:32:39,133566.57146108279,35581.18100138853,535457.047919241
2021-08-29 18:40:22,133440.6384332061,31839.824725294045,478634.897003876
2021-08-29 18:46:44,133334.16406465395,33297.27537026414,481606.4305280676
2021-08-29 19:13:02,132891.30063822097,32136.880856663185,507199.83894858963
2021-08-29 19:27:15,132667.23259102146,37548.60072237481,477268.78218275565
2021-08-29 19:40:25,132481.60846000013,37775.090380524765,480571.037684845
2021-08-29 19:46:12,132408.91404434838,38979.05249188737,480559.84726688016
2021-08-29 19:59:56,132262.7241016235,32694.249178987877,546071.9430208524
2021-08-29 20:24:09,132114.15472251375,37923.591608677256,504142.76924003824
2021-08-29 20:25:05,132111.56439655778,34641.25554089695,480649.6554670006
2021-08-29 20:44:07,132113.78139699687,32780.644818518966,489176.0781012026
2021-08-29 20:44:51,132116.0107115762,34142.042578267945,526338.2095555456
2021-08-29 20:45:19,132117.51327152952,34762.11567712743,535393.476499782
2021-08-29 21:40:25,132736.80742420183,32578.87224204822,551431.5546357455
2021-08-29 21:53:24,132993.9020095313,33432.663409822286,526914.9232254992
2021-08-29 21:56:52,133067.93669287488,33274.085783541166,604502.6693195761
2021-08-29 21:58:59,133114.12871189025,31022.44583638514,514597.07589768147
2021-08-29 22:04:25,133235.84859923628,37766.57113610224,463748.0705941829
2021-08-29 22:08:17,133324.9667353835,34427.79455116548,517231.31891363673
2021-08-29 22:16:48,133527.3202559785,33123.95604756391,506524.44162293914
2021-08-29 22:42:37,134167.8124366792,32688.302710211476,513227.9988938417
2021-08-29 22:45:44,134245.4506718928,38348.754101615035,463610.15854413394
2021-08-29 22:48:12,134306.63207696393,33256.92377470615,520009.9436050233
2021-08-29 22:52:54,134422.3134756256,35227.167186368046,524206.5501876708
2021-08-29 22:53:11,134429.24230931903,38261.67099829979,557581.2565423243
2021-08-29 22:56:24,134507.483141871,33857.09103681879,566497.5788514724
2021-08-29 23:20:14,135051.4775365533,41669.73031629546,511620.9892074703
2021-08-29 23:40:51,135446.05054621433,37970.53283921824,552441.509544677
2021-08-29 23:44:13,135501.96327148887,34941.87854245758,547917.8364017436
2021-08-29 23:50:27,135598.55827997375,33994.98927091573,513936.44581576163
2021-08-29 23:54:12,135652.21569809405,34336.25954324434,506470.35918622086
2021-08-30 00:07:37,135815.91824811196,36650.775586052114,597028.5780334382
2021-08-30 00:19:59,135927.2181775905,33624.19721431946,513275.3805102352
2021-08-30 00:31:38,135998.21508584014,34705.075401121816,467494.30789379304
2021-08-30 01:17:21,136022.34871493818,35139.56692985139,530285.4894681898
2021-08-30 01:24:59,136001.60911441594,33473.4616628208,491591.35408398515
2021-08-30 01:30:35,135985.0096169026,35863.469795176985,516249.02613344364
2021-08-30 02:03:05,135913.07881458002,34565.97658212588,542691.7101740421
2021-08-30 02:15:46,135921.3187314781,38974.95255965652,478743.4664099453
2021-08-30 02:50:51,136159.03298492607,32284.330677149763,560652.5389252787
2021-08-30 02:54:07,136201.6318559905,34403.564352482754,530883.0979139961
2021-08-30 03:35:43,137118.03412443772,34181.98554475004,444851.87873190996
2021-08-30 03:39:00,137221.39954948082,35123.8386981307,548247.5915081733
2021-08-30 03:49:45,137591.73847114344,37194.6527877005,523192.3107269057
2021-08-30 03:52:41,137701.15526751074,34934.65775951792,521746.7791503649
2021-08-30 03:58:40,137935.1780908585,34437.39249989749,542084.3020188169
2021-08-30 03:59:33,137970.9395336814,37704.82454649743,576477.7741105956
2021-08-30 04:12:02,138508.3381172119,35533.06101974985,523791.86295089376
2021-08-30 04:12:45,138540.94145775776,34825.575552207134,519451.03208829655
2021-08-30 04:14:02,138599.77972494598,37253.10868410509,529884.3722697354
2021-08-30 04:23:00,139026.58897694456,35682.34189225709,567290.9301822621
2021-08-30 05:17:09,142016.73518187166,32870.16497188195,535480.4857184769
2021-08-30 05:19:51,142174.97988453822,37838.35130836156,617860.8536734788
2021-08-30 05:21:50,142291.20640641294,40364.07343746571,522428.3679532188
2021-08-30 05:24:16,142433.70207443248,36450.78739926278,470459.6883440527
2021-08-30 05:49:38,143889.29880801894,39576.7499888207,571492.7198303819
2021-08-30 06:33:26,146046.21485263476,37029.493022815295,586124.3921474665
2021-08-30 06:45:44,146519.17518046682,37265.15702737818,606885.4394278184
2021-08-30 06:51:59,146732.09613285537,37052.15029102003,548628.3883872544
2021-08-30 08:00:45,147732.27439903907,37114.6798569881,634014.5017249149
2021-08-30 08:55:43,146934.81865908467,35507.75183402683,549583.6923892924
2021-08-30 09:24:30,146165.96825858098,36405.39096929796,577517.4531222665
2021-08-30 09:37:36,145777.57046172846,36897.4943274595,595127.9399435337
2021-08-30 10:05:04,144942.8974545743,35295.7338098407,597179.4044684799
2021-08-30 10:52:10,143637.33176725204,35901.16552355212,562143.0779492771
2021-08-30 10:55:29,143557.72152228586,37422.121307468115,570872.6644325025
2021-08-30 11:13:28,143163.32009693715,38786.622004898076,541006.9127104224
2021-08-30 11:16:07,143110.83893955871,37132.71485982481,552971.2273325783
2021-08-30 11:42:35,142672.70380694323,40235.353083383685,528817.0813797667
2021-08-30 11:45:53,142629.43263550012,39775.67988944733,584256.2450348051
2021-08-30 11:52:11,142554.00070391456,35573.68616119036,566894.3405785405
2021-08-30 13:06:00,142370.1576319651,41067.252521198,567719.3389048146
2021-08-30 13:50:28,142828.81896046142,36335.55770367315,591589.7467651457
2021-08-30 13:55:45,142906.8270280991,35600.05406167739,573831.3168184261
2021-08-30 14:08:12,143107.23336814385,37540.354631215465,561428.5863154554
2021-08-30 14:20:32,143326.14838867163,39777.634921715864,579575.8548496108
2021-08-30 14:43:13,143769.803553815,38706.18815001017,543745.2932922146
2021-08-30 14:46:54,143845.53528040796,36797.70228941245,570066.5307256656
2021-08-30 14:47:36,143860.0128190433,32811.52109131995,481431.2026122068
2021-08-30 15:06:58,144267.56419038988,35264.13939739179,534784.0237016367
2021-08-30 16:12:27,145535.13506172103,33676.12868107695,578647.4925554764
2021-08-30 16:14:46,145570.6706622229,41774.639835621936,569133.759607043
2021-08-30 16:21:13,145664.46738172916,36207.95371068774,551841.5666615095
2021-08-30 16:34:02,145826.48193154437,41057.57824715978,613205.491141232
2021-08-30 16:35:21,145841.16216765138,41140.028700450166,500578.84054802684
2021-08-30 16:57:15,146026.69023429745,39363.536082075385,530177.333100678
2021-08-30 17:05:37,146066.7602814336,39374.59538584495,546721.0831457332
2021-08-30 17:25:52,146090.23668065257,37185.187542705164,532801.0091332581
2021-08-30 17:32:03,146076.75047304502,36353.504326179645,588244.8879223582
2021-08-30 17:40:58,146040.80672286925,39138.08313667643,547784.3630377159
2021-08-30 19:00:01,145099.69058442608,37791.291772262965,533905.5599482486
2021-08-30 19:29:36,144668.9679403442,39080.77957657652,549527.2618266292
2021-08-30 20:26:16,144251.26040209495,39203.476656954714,528841.1490666228
2021-08-30 20:46:47,144316.51261514841,35825.80064538227,513900.72110078175
2021-08-30 20:58:47,144416.73293038536,36350.622594733926,464801.96549627633
2021-08-30 21:12:08,144581.72625435315,43035.67101197484,551344.5152615908
2021-08-30 21:20:43,144716.45344487476,35603.55513699207,545592.7176875685
2021-08-30 21:44:00,145183.7014204504,38308.45601813881,556180.4357216046
2021-08-30 21:55:24,145458.60175003627,35218.93595664823,519812.75033455633
2021-08-30 22:33:31,146510.07716044347,39045.32174345046,561845.7018192848
2021-08-30 22:40:57,146724.39269389055,39297.83731924166,502818.56799106847
2021-08-30 22:47:18,146906.2753397249,40159.95603096322,563221.4573026883
2021-08-30 22:57:55,147204.45001746662,43472.249337337686,562978.751927823
2021-08-30 23:36:50,148157.22251423367,39253.20567657567,584309.7071170779
2021-08-31 00:12:46,148720.62555146503,36350.517119243836,578133.2673019441
2021-08-31 01:14:10,148913.55466022246,39015.22396060723,561540.6768945309
2021-08-31 01:15:12,148910.8729659589,34646.082297775254,599021.4638399181
2021-08-31 01:17:52,148903.48135417895,40164.135593697574,570084.8199965365
2021-08-31 01:39:49,148828.82870048843,36252.34259212982,570590.2528298435
2021-08-31 02:52:16,149015.39505893507,40390.16352049254,642794.417811178
2021-08-31 03:10:35,149323.28925910022,37852.43652427193,621035.4570012128
2021-08-31 03:27:16,149730.90452090264,35979.28910241733,598671.7135823356
2021-08-31 04:27:04,152196.17924501494,40236.41995147876,578770.8359731606
2021-08-31 04:51:43,153580.7200809449,38807.0867771891,583683.206576675
2021-08-31 05:03:35,154290.63853481942,40987.30951203651,606222.5961267326
2021-08-31 05:36:15,156279.3295654547,39922.88390270299,576803.3101259358
2021-08-31 08:11:16,160628.76941777536,45157.076680062804,637688.8720616744
2021-08-31 08:30:59,160272.76948896633,39129.75737697614,601654.3579582553
2021-08-31 09:29:14,158446.9563194277,44259.16600202033,646169.2105351985
2021-08-31 09:29:54,158422.0008771936,39850.77970281944,568089.1813688503
2021-08-31 09:35:49,158198.65547433912,43511.03449576551,645884.083589056
2021-08-31 10:49:49,155465.0042968748,40494.16092192653,602391.9191814319
2021-08-31 10:56:13,155259.9511065945,42265.04443458788,642321.3267336984
2021-08-31 11:15:37,154689.84667325718,37178.90921688054,548904.5727365395
2021-08-31 11:21:01,154545.99436429155,41251.46275773244,593981.2943997976
2021-08-31 12:42:07,153251.3011123961,38315.24767803767,527199.5558087622
2021-08-31 12:42:45,153247.6541976691,39933.30014658793,595121.4500451027
2021-08-31 13:38:39,153284.29429646098,37867.674829636126,603234.1169277461
2021-08-31 15:27:59,154705.69896489143,39698.330039793706,619129.9842992877
2021-08-31 16:11:18,155254.882589307,38566.38732668197,675009.1928474202
2021-08-31 16:18:36,155319.37041438228,40791.220074503886,610216.1379795702
2021-08-31 16:39:45,155442.4886348726,44119.80805729738,535319.4871401079
2021-08-31 16:49:49,155463.88239258368,37873.568538845866,619876.2801427838
2021-08-31 18:04:43,154791.44853303916,39833.79488435383,564823.3952523019
2021-08-31 18:09:14,154708.03238464726,38806.328902753725,626432.9734655644
2021-08-31 18:19:10,154511.91191299862,39765.76677494412,621233.2486138447
2021-08-31 18:26:32,154356.75464696277,43993.725763956405,608456.8203786844
2021-08-31 18:27:17,154340.55908001986,39371.31565637109,598363.7755764853
2021-08-31 18:29:49,154285.3640728015,39612.987773386296,568115.3290844138
2021-08-31 18:32:06,154235.0073806673,39537.475400443036,550916.9926052844
2021-08-31 19:03:30,153510.21434222502,40760.71188428309,575609.0226665727
2021-08-31 19:06:29,153440.92164040366,39377.93128477471,567904.0505337015
2021-08-31 19:07:44,153412.00568756743,40105.29129704089,602051.2701027372
2021-08-31 19:10:04,153358.2556912964,35776.32190601827,601811.8636483173
2021-08-31 20:12:59,152213.4105449454,37315.34760975221,579318.2604948365
2021-08-31 20:13:23,152209.06145957144,38019.07495498534,600156.7575306488
2021-08-31 20:45:21,152025.86269983894,39286.73140491302,533572.9423591996
2021-08-31 21:30:29,152345.4434541304,39501.045536570266,588856.9945134689
2021-08-31 22:40:58,153816.2452625631,42454.76015582295,624881.3108992898
2021-09-01 00:12:44,155356.60834755443,37656.02457223818,591483.1586211236
2021-09-01 00:13:14,155359.3071992591,38630.25301525659,612099.3571000446
2021-09-01 00:14:00,155363.30590049675,41885.672515175946,563817.5625182701
2021-09-01 00:31:41,155409.70597524563,38372.59459572567,666726.0511427269
2021-09-01 02:42:35,154783.52438247472,40500.890161227406,604337.3322583352
2021-09-01 02:48:28,154821.20865050124,39324.26506395104,581428.090203416
2021-09-01 02:49:29,154829.11162657914,38883.430189855324,591464.1637411759
2021-09-01 02:51:20,154844.57211909114,39974.24714585641,522830.4025091186
2021-09-01 02:52:20,154853.51570060628,41004.40721249612,589061.1917170149
2021-09-01 02:57:04,154901.54688056713,39046.51171991801,562768.2255665499
2021-09-01 02:58:28,154917.5881373797,36142.88278171625,626568.268497978
2021-09-01 03:23:36,155356.6336342711,38327.49717374521,618780.8190613899
2021-09-01 03:38:37,155761.62790033597,40047.504759518306,642553.3046776138
2021-09-01 03:42:18,155877.4811827092,39858.048710207884,601730.4669847704
2021-09-01 04:00:24,156538.8426647624,42266.914686010365,616205.94678522
2021-09-01 05:55:26,162855.4787410412,41078.79459675903,647483.225355638
2021-09-01 07:12:51,165839.11797248552,41974.742335930285,640528.4352153505
2021-09-01 07:23:12,165991.29816325498,47710.73339518106,603793.5088817116
2021-09-01 09:10:25,164226.37440268954,43799.20967350256,638526.1684787403
2021-09-01 11:12:03,159650.79655023912,40623.20065167886,647567.6158224398
2021-09-01 12:41:18,158060.2823284619,42817.89971384473,571925.9782773454
2021-09-01 13:36:47,158092.35618226984,43258.58807378416,564233.5057082333
2021-09-01 14:11:24,158433.73677747961,41141.06531160947,599684.7025946785
2021-09-01 15:38:44,159807.69843181476,40931.5252650399,552026.747838797
2021-09-01 15:59:24,160100.08055074367,39895.93816812036,664649.5890271033
2021-09-01 16:21:34,160339.12534727916,39258.172553330005,546069.236142792
2021-09-01 16:57:01,160494.92557796568,39458.96710440543,646577.070021294
2021-09-01 17:16:24,160439.6054287731,42255.82674803093,565312.402918936
2021-09-01 17:36:20,160273.91879079796,43599.86530650604,606577.099160013
2021-09-01 17:49:37,160104.88124491763,43911.51657961884,592768.2173244845
2021-09-01 17:57:34,159983.08632724002,42032.13275460395,531361.1788672142
2021-09-01 17:58:41,159964.8231636739,40874.62693183123,615458.9705003622
2021-09-01 18:00:28,159935.0895794698,43579.9992934098,588004.5274697157
2021-09-01 18:11:28,159737.1737217884,40577.180400080826,614404.4750663165
2021-09-01 18:22:01,159526.61476624265,40841.00634632268,629391.4174155473
2021-09-01 18:35:40,159230.83154367993,39829.10507046889,607594.8347860068
2021-09-01 18:36:41,159207.9890831629,44597.15080325182,562638.0429833723
2021-09-01 18:39:40,159140.45359745593,44779.64144156736,581271.8077286006
2021-09-01 18:53:26,158821.98058636705,43414.16674753389,591062.1936558018
2021-09-01 19:57:33,157494.09704304714,41116.37270034701,586301.4633946471
2021-09-01 21:06:20,157193.09639379452,41025.37472767134,564436.2563967922
2021-09-01 21:18:08,157301.6434695528,41580.18887082319,576659.0741752256
2021-09-01 21:45:55,157722.95110704994,40390.599868015575,589909.7732747534
2021-09-01 21:53:59,157881.9594957325,35572.74036022483,604928.7696508483
2021-09-01 22:16:09,158378.07833352804,40727.73786560536,670899.80810604
2021-09-01 22:40:49,158981.34939934037,40312.56592563695,606786.509841498
2021-09-01 22:44:03,159060.58050837438,40321.19306296919,655871.9862775989
2021-09-01 23:49:56,160342.15138486595,43708.82352079477,592530.5021355662
2021-09-01 23:50:32,160349.13728271922,45196.4531666325,596043.8350021889
2021-09-02 02:36:36,159700.47598611526,39137.70008622253,588034.7694705846
2021-09-02 02:44:23,159719.42795686497,41843.39149718817,625093.3770378804
2021-09-02 04:05:20,161514.8414719091,41064.282199837304,590789.8939740212
2021-09-02 05:25:00,165701.23287795356,39143.038867704265,602155.0454691815
2021-09-02 06:00:51,167660.66625279514,45608.48735777161,639505.267988905
2021-09-02 06:36:17,169182.63618970782,43899.05900038814,635811.8718561134
2021-09-02 06:38:08,169245.53467401385,43244.736458507854,679283.8819853859
2021-09-02 07:24:19,170160.98038462232,43447.80088524839,659634.8874476564
2021-09-02 07:53:08,170059.07054812656,50175.57721388388,611360.6874538705
2021-09-02 07:54:59,170035.32226341832,45306.197107027416,692871.7985684209
2021-09-02 10:11:16,164763.12096043734,42664.327081155934,668499.1498765181
2021-09-02 11:40:42,161124.52563671398,40293.8719062535,596564.5612033772
2021-09-02 11:59:27,160595.79454300372,42225.63227930512,582039.709792684
2021-09-02 12:15:58,160206.7538468084,38025.97314017549,653465.7467746866
2021-09-02 13:07:44,159440.05929101823,43832.469560022604,627112.5029911115
2021-09-02 13:32:28,159295.97584584632,44006.552417305844,616175.8063961021
2021-09-02 13:40:54,159275.5865303985,42003.744260874686,593336.1040373787
2021-09-02 13:44:21,159271.11835250925,44430.48916117557,586263.8409747068
2021-09-02 14:59:41,159576.97187934545,40778.79110268487,621741.8182008103
2021-09-02 15:01:33,159590.06024722467,44468.19837898713,620621.2992497194
2021-09-02 15:25:08,159751.80720666138,44145.06280443839,685770.6453251671
2021-09-02 15:49:40,159883.66383573972,38250.72980625105,641455.0079691389
2021-09-02 17:15:03,159482.5910168229,39246.66823488244,569287.3859223478
2021-09-02 17:42:10,158959.202752816,42491.89885086447,633494.0687819759
2021-09-02 18:10:14,158224.2804281956,44833.63765393637,622644.6801170771
2021-09-02 18:21:47,157876.43291497877,39007.61642224142,611744.4463632132
2021-09-02 18:28:27,157666.61922475797,46665.35605502372,568854.2739537862
2021-09-02 18:33:31,157503.60685165564,42044.81083166211,595799.3813969657
2021-09-02 18:38:57,157326.04285610456,41954.64319938997,606017.5055649562
2021-09-02 18:59:20,156646.06180379784,42124.21390560324,659459.7393809392
2021-09-02 19:31:09,155612.60351297207,40196.363397578825,581222.4916340273
2021-09-02 19:48:12,155115.69580727277,41275.63356296953,596966.9883919206
2021-09-02 21:10:30,153863.19402859933,40397.26090695167,596271.8733134865
2021-09-02 21:17:33,153859.77124412512,43412.64604711144,583747.6709873154
2021-09-02 21:29:30,153889.05243872388,39944.0767251885,611186.3982216106
2021-09-02 21:39:48,153946.84833376433,41795.77263138277,594746.8822885036
2021-09-02 21:57:36,154106.88318396607,39951.64009175856,583432.274472428
2021-09-02 22:15:35,154326.12880451328,36400.92723603821,600405.9122170272
2021-09-02 23:22:57,155191.44241215556,41235.564028217435,591183.4120937582
2021-09-02 23:28:36,155237.74685763256,40802.9664890224,594178.1719943413
2021-09-02 23:48:23,155338.5697992253,41185.319321539544,632571.5716130718
2021-09-03 00:16:01,155298.54987639573,40600.30787746241,598711.2216836173
2021-09-03 00:58:20,154837.28645591374,45421.66211851919,570657.9854173206
2021-09-03 01:07:01,154696.08546049142,42252.56619982343,586924.3721716511
2021-09-03 01:24:54,154377.6680372269,39309.89517756946,592180.3558126857
2021-09-03 02:05:24,153662.38091766206,35252.72536900582,574539.8296808961
2021-09-03 02:26:16,153394.34638061002,42292.33254502205,583002.1156612682
2021-09-03 02:33:31,153330.0898110909,40481.275316735846,589019.1724538617
2021-09-03 03:33:36,153608.7134527496,38400.96207112434,622267.9738785551
2021-09-03 04:02:26,154329.76436043275,41915.600302307364,593062.5875869466
2021-09-03 06:42:00,161070.654507883,42512.805278481086,587865.1471366865
2021-09-03 07:05:50,161528.47395854793,44273.04690083829,653715.1615079619
2021-09-03 07:36:47,161637.8156490956,39346.6119321062,607131.6828736797
2021-09-03 07:43:01,161592.78662438967,40668.652931380864,603485.8879608774
2021-09-03 08:09:58,161155.12115642976,40853.50334488576,619032.365565424
2021-09-03 09:04:41,159293.40004619982,42777.0931276697,595372.0675225445
2021-09-03 14:33:47,151798.39899271275,37493.19332899784,546720.9773746316
2021-09-03 15:16:43,152303.1053178273,41138.98211677349,593960.7148444545
2021-09-03 15:49:34,152682.1866696704,40770.028923689344,560569.2584811335
2021-09-03 15:54:14,152728.85625484868,40333.1944125363,564476.2978358547
2021-09-03 16:24:54,152957.02014179615,42529.20872830003,596123.3482566746
2021-09-03 17:58:58,152371.95719112194,39755.862934409255,568616.9124676879
2021-09-03 18:22:42,151915.51201981076,40988.154742720355,529726.9654487504
2021-09-03 18:36:32,151615.17318025944,40561.33495182151,560896.8076182749
2021-09-03 18:41:44,151498.29499011804,41828.290108955116,585726.332000599
2021-09-03 19:01:44,151041.88676353666,37656.8289535226,612850.5545603059
2021-09-03 19:08:45,150883.54694070964,41602.90691436107,564477.1437915649
2021-09-03 19:39:04,150257.1805320932,39323.67111020026,515607.4421542168
2021-09-03 19:49:28,150078.0311327462,40183.33669803542,563010.2443274449
2021-09-03 20:11:11,149789.80721060978,43054.817712161224,604221.7014471476
2021-09-03 20:52:29,149643.51349873698,38345.51802809655,639850.9225345012
2021-09-03 21:51:00,150396.8222152868,39724.778221527435,605554.5262829317
2021-09-03 22:37:32,151534.1687564849,37008.077748162184,546537.2045594099
2021-09-03 23:27:26,152743.90436101472,39268.723485035625,614367.136591444
2021-09-04 01:31:21,153424.00788236328,37973.73690710685,567480.5587302262
2021-09-04 01:40:38,153379.5760115996,38120.637018579604,612530.8843713413
2021-09-04 01:46:51,153352.08046298727,38292.0342288185,587555.8506435277
2021-09-04 02:44:54,153444.23400541043,35777.53144888076,608097.8007178789
2021-09-04 03:28:26,154304.7102654963,39010.94843091617,580001.7306177068
2021-09-04 05:49:39,161986.510989445,46636.01562480515,601476.1642177756
2021-09-04 19:41:16,160311.71099768538,42651.30507238924,582056.5529875082
2021-09-04 20:17:18,159846.3198244829,40709.74257224595,558958.9876328342
2021-09-04 20:26:36,159787.1802081473,41947.04690122165,646966.2422886931
2021-09-04 20:35:10,159758.06677342753,41820.876397233995,662515.2720282028
2021-09-04 22:49:15,162033.9925919643,42511.47033882691,593166.8905235386
2021-09-05 01:52:46,162977.87000217283,41603.806003471305,627559.3560657194
2021-09-05 04:24:44,165631.99312488572,44023.04979298313,598878.1026004725
2021-09-05 04:30:41,165938.33262885528,41589.40715086516,590883.2232401222
2021-09-05 04:31:41,165990.95765642295,42955.20395089623,689906.1499619067
2021-09-05 04:49:01,166947.71192878013,47352.53947018138,620559.6690621214
2021-09-05 05:17:54,168659.36630093743,45906.19835665436,639652.7454286255
2021-09-05 05:34:11,169632.64446994287,47170.18320365741,632244.2923911648
2021-09-05 08:58:09,172000.11743256095,43236.27886320885,677539.5713371175
2021-09-05 10:27:48,167904.4208058856,47050.681369410086,588069.8314453992
2021-09-05 11:37:48,165276.37599609024,42975.29314199781,640466.8052680341
2021-09-05 12:46:42,163929.15966255133,43236.95157347902,642545.4198354828
2021-09-05 13:01:17,163807.25018504067,40482.12057015854,641463.1472939814
2021-09-05 13:40:18,163730.9705500651,43145.49735829197,635809.0135837746
2021-09-05 13:48:11,163755.22573332308,41282.46389890178,623323.0462444556
2021-09-05 13:54:01,163780.7377956809,43689.20608080278,607222.459620076
2021-09-05 15:44:35,164903.60057240832,41811.06263654987,587682.6743721368
2021-09-05 16:27:22,165185.24464984375,43719.64048187154,595195.8900421994
2021-09-05 16:33:34,165195.63400776387,40520.73849936369,595775.1122228629
2021-09-05 17:33:52,164764.73921636306,45265.6677022188,626235.3429475642
2021-09-05 17:44:28,164585.6441843405,38038.5014425905,633036.123513888
2021-09-05 19:08:05,162468.4056486219,41178.44350004224,660520.7718683751
2021-09-05 19:59:37,161219.77470409047,40322.24546006323,612169.2260237718
2021-09-05 20:16:20,160948.93194567953,43147.54655012785,641304.0911280633
2021-09-05 20:24:43,160846.77139063773,45737.4890387218,610484.9323350877
2021-09-05 20:27:44,160815.87137972182,41334.6417917054,573147.4741642997
2021-09-05 20:34:18,160759.64646243464,43356.59606107857,552096.1725608291
2021-09-05 20:36:20,160745.34812718764,39241.940683031964,606976.9726967713
2021-09-05 20:43:17,160707.74224180356,38804.09096521623,599873.2270129995
2021-09-05 20:55:17,160684.21536231495,36634.46187759025,637365.9591137057
2021-09-05 21:08:29,160718.58605439466,35938.45092738501,566934.5300516172
2021-09-05 21:11:00,160732.15138643532,40193.943685942024,584212.9884357885
2021-09-05 21:18:26,160784.90582949825,39186.87259517594,613480.0449597018
2021-09-05 21:21:55,160815.9816621708,42535.94537002348,576851.507544465
2021-09-05 21:27:13,160870.75282896854,37934.55635679624,608558.9463707658
2021-09-05 21:31:07,160916.62598617768,43079.41731054892,633560.600086715
2021-09-05 21:33:21,160944.94561895577,45591.589512838786,656749.419225865
2021-09-05 21:34:09,160955.44448321528,47235.85928521776,590686.9092351879
2021-09-05 21:35:23,160971.9908196684,44056.373969881824,609454.0004529278
2021-09-05 21:40:39,161047.42933514965,42688.05838417292,605138.8257762782
2021-09-05 21:42:58,161082.97514744982,42131.43064992479,643421.3127868221
2021-09-05 21:44:42,161110.47436793864,43252.75762538237,601516.32454892
2021-09-05 22:00:42,161397.02042742883,46618.947052913136,623779.8612677812
2021-09-05 22:01:22,161410.09454718578,40595.07566008082,589258.6102479356
2021-09-05 22:04:02,161463.16914461268,45431.17142004771,661881.8919936501
2021-09-05 22:09:33,161576.6012669991,41146.06511469932,633579.9301423646
2021-09-05 22:11:25,161615.9802791665,41125.75442430108,648981.9795591561
2021-09-05 22:11:29,161617.3952064363,42896.491735204385,692230.8065483287
2021-09-05 22:12:28,161638.33123402696,44119.99054152969,609755.9097518502
2021-09-05 22:15:02,161693.53125576006,40383.67598271347,579298.8726254718
2021-09-05 22:15:46,161709.44092528537,41078.92263159009,659493.9623886934
2021-09-05 22:16:15,161719.95854503676,39946.583786821364,551093.3846060749
2021-09-05 22:16:31,161725.77189822326,44215.27330803265,689923.8086119825
2021-09-05 22:18:20,161765.56628965042,42055.64473872545,569838.548994325
2021-09-05 22:19:33,161792.39328765855,42180.174313474345,561060.7861581999
2021-09-05 22:22:28,161857.21658710242,38145.445203749514,656157.9528721062
2021-09-05 22:25:11,161918.15365638057,42009.13192709774,637335.556255494
2021-09-05 22:32:33,162085.2598029951,38164.26676300895,596832.0359368013
2021-09-05 22:50:22,162489.65848938527,38971.000342605,613378.6413683995
2021-09-05 22:56:32,162625.66879239323,42788.32345713565,658995.1833591626
2021-09-05 22:57:45,162652.0705708567,40991.460758013774,621225.2395964352
2021-09-05 22:58:35,162670.06016541072,42846.875300024636,641670.0595749108
2021-09-05 23:10:13,162911.6589183741,39874.47475026818,639771.4279458926
2021-09-05 23:22:59,163150.46986337402,47168.41726879217,607672.7982757983
2021-09-05 23:54:55,163578.531336886,39730.013558403145,623590.6731325634
2021-09-06 00:03:34,163645.15357607044,42917.2213510896,633295.5175968327
2021-09-06 01:32:20,163231.23121337185,41525.93426856703,612705.4519144587
2021-09-06 01:42:37,163118.52481906652,46882.48349701598,689722.0104435452
2021-09-06 02:22:26,162809.4326800373,41054.38215775708,609825.1723301294
2021-09-06 02:31:31,162793.5819541748,40425.26197731777,650308.6902681564
2021-09-06 02:48:51,162846.86546671265,47803.427860193304,669063.9739333433
2021-09-06 03:46:59,164034.41449228098,40654.72407009816,663088.5464154657
2021-09-06 04:01:36,164596.80598036209,40913.94553817798,569024.7577427545
2021-09-06 04:26:13,165759.23302729544,43406.28188706433,621184.8144508123
2021-09-06 05:58:14,171201.87888062472,47888.93552117812,767429.0169047916
2021-09-06 06:34:12,172957.9258318892,50040.037743234934,664804.2637868468
2021-09-06 06:39:48,173176.8076032265,48939.09372769738,636816.5199197293
2021-09-06 06:40:50,173215.3407762416,46026.17506276337,688261.0058879065
2021-09-06 07:51:41,174314.84979744852,44368.67363831742,706807.0226179475
2021-09-06 07:52:07,174312.01671138825,48233.59198281022,689677.7840538721
2021-09-06 07:52:35,174308.84188383463,40989.875179423296,713717.7859877915
2021-09-06 07:53:59,174298.54989368844,44646.17358807472,713962.2845628993
2021-09-06 08:12:41,174054.8999770273,52303.46894148788,659508.2136641842
2021-09-06 09:21:50,171845.99197569164,45601.1718927544,732164.2770853966
2021-09-06 09:21:54,171843.2267209095,46851.68182373317,628057.7279427608
2021-09-06 09:48:16,170715.07039171772,44041.07971719924,659328.2490947885
2021-09-06 12:44:11,165691.13666351957,41332.43815017164,659373.2089137047
2021-09-06 12:52:17,165650.0088613493,43944.472576736756,700514.8688438779
2021-09-06 13:02:49,165621.95406482826,46923.85535868,662213.1598986968
2021-09-06 13:39:07,165730.07261489992,42412.70481233624,717286.4389986326
2021-09-06 14:05:19,165979.47225155128,38623.04718536008,611452.2947987259
2021-09-06 14:12:31,166068.61825081392,41521.50497471818,577708.5016828566
2021-09-06 14:39:08,166456.65315410306,40517.11739089418,638402.3723596726
2021-09-06 15:08:52,166954.70069652406,40876.06670443799,659152.4362780282
2021-09-06 16:33:17,168069.33713697697,42901.13759010357,655588.797599098
2021-09-06 16:44:29,168117.45788159638,46585.98399922233,678864.68939512
2021-09-06 17:58:06,167555.75088218445,44561.1856757261,702390.427316669
2021-09-06 18:08:45,167355.60405044744,44419.361458753345,594579.7479545972
2021-09-06 18:22:57,167054.27905790278,43894.74615487269,617837.7187257077
2021-09-06 20:29:19,164538.14298296502,44028.890389355154,649256.4145021954
2021-09-06 20:48:11,164484.90023085414,43024.30327149112,627441.2324000612
2021-09-06 21:02:29,164530.67757292787,42287.94001114622,668950.8085980667
2021-09-06 21:41:19,165007.3334397835,42008.98594108811,605386.2530220563
2021-09-06 21:41:47,165015.82304222859,43438.665490379506,612895.0736386267
2021-09-06 21:51:03,165195.5426506183,42589.913610329364,594713.1908242509
2021-09-07 00:02:02,167910.2141927541,41363.426690458116,614704.3954969028
2021-09-07 00:23:34,168011.83016655137,41952.205465025196,568142.3781947097
2021-09-07 00:24:34,168013.01084176573,42236.29165340392,627234.7091588202
2021-09-07 02:57:22,167189.43081445832,43661.529405492634,677408.6766597418
2021-09-07 04:08:25,169115.6089904237,42871.29555178195,659849.7047052701
2021-09-07 04:41:26,170787.6650884955,43283.77907498231,671040.486599889
2021-09-07 05:56:49,175224.83374173168,43483.050205544416,646887.503629454
2021-09-07 13:57:31,167251.32199368367,41485.45748268605,584811.186334605
2021-09-07 16:52:04,168208.31017639683,42210.913309329786,656185.3049874858
2021-09-07 18:02:08,167032.47318706068,44733.09540306704,614580.8806596214
2021-09-07 19:36:30,164163.95922418486,41291.45915298432,613375.9158736352
2021-09-07 23:33:00,164800.54369340526,40348.63284592559,625245.0417973925
2021-09-08 00:10:45,164995.73383671194,41249.3502721059,614635.0636423372
2021-09-08 02:05:37,163636.8856111482,43105.82234378001,681946.968075714
2021-09-08 03:04:50,163432.7853784867,41095.44809196143,635666.5273023047
2021-09-08 04:35:45,166196.08807388193,41989.640552980025,637371.0399076311
2021-09-08 04:42:33,166539.25766326953,43707.092107463184,585964.239735024
2021-09-08 05:55:47,170510.54831067153,45577.86230386504,665131.3952920738
2021-09-08 06:56:15,172781.06944470378,47141.21038920695,640687.7875524608
2021-09-08 06:57:19,172803.83937405725,47178.51535752519,660634.7463986909
2021-09-08 10:11:56,167558.49247660494,47515.104171022365,620266.0072382732
2021-09-08 12:05:25,163337.802161411,43627.84270326031,639716.3031670629
2021-09-08 13:47:52,162367.9972823446,41864.74463185339,695059.1141528396
2021-09-08 15:52:00,163393.61834801183,40708.75136420667,608097.1832858335
2021-09-08 19:28:25,159933.95335213118,38421.01134176858,629050.7105515756
2021-09-08 20:52:40,158464.945423459,40538.309282792485,569217.4834099011
2021-09-08 21:21:42,158492.89819889347,44529.491081089625,631226.3673006641
2021-09-08 23:56:43,160550.10406528262,39266.72941613226,618226.6863536417
2021-09-09 01:14:02,159946.2404007341,38806.63292085279,566210.449187858
2021-09-09 02:41:57,158752.6377438975,38169.24833672561,614671.5056189941
2021-09-09 06:20:17,166040.95668813746,45302.31188225942,630301.1111695094
2021-09-09 06:49:52,166855.16838695496,44689.074744079124,692014.6366332526
2021-09-09 08:08:23,166513.06712015165,42364.41838138706,605356.9654244279
2021-09-09 08:30:05,165803.92549698026,38378.00727276179,623976.8319201926
2021-09-09 09:07:13,164159.26521569662,46811.21199660845,648021.5208051357
2021-09-09 10:22:08,160168.9226396959,44093.833897836084,649890.0206278261
2021-09-09 10:52:25,158647.93362154465,42343.32051743702,605400.9565590863
2021-09-09 10:59:36,158311.53074385898,40653.24338254845,583649.0509587676
2021-09-09 11:27:37,157109.1430874414,40524.51704270314,586674.769175948
2021-09-09 11:33:08,156894.51982370598,40910.96589017044,617639.25614787
2021-09-09 12:09:23,155677.12745726018,42411.4691654181,607144.4421064877
2021-09-09 12:19:00,155411.00905543048,41363.88057703912,542414.8868660118
2021-09-09 13:28:44,154154.47914061078,38842.26425799612,604838.6468084867
2021-09-09 14:52:00,153828.4583001862,42417.38576152593,555731.6422409747
2021-09-09 15:25:52,153836.06430519794,39594.19690976989,618092.9842214943
2021-09-09 15:49:46,153805.99053656898,40291.38286135293,624142.5240079241
2021-09-09 19:55:58,147503.4383308985,35723.153836869235,566720.1259367743
2021-09-09 21:04:53,146101.185488023,34096.52323844553,596444.024106438
2021-09-09 22:00:51,146013.23618096023,37527.274390936385,569892.2679544134
2021-09-09 22:56:22,146386.09545752342,36627.78793168176,512876.0174614522
2021-09-10 00:45:13,145849.86122311864,42721.89281268427,540247.8455244164
2021-09-10 01:06:19,145423.78049583346,40565.80292671528,558285.5971489941
2021-09-10 01:47:00,144486.745859854,36903.706570685885,538210.7743697218
2021-09-10 02:23:34,143753.92347451157,38962.47781847818,552152.8835167256
2021-09-10 02:46:35,143465.14997651335,40217.213950492565,560672.9361113074
2021-09-10 03:01:53,143378.24158872777,36783.644577560575,562192.8034804731
2021-09-10 05:36:50,147349.96802644499,40380.83136698777,638133.3801251234
2021-09-10 05:54:34,148011.06803841732,38642.81403894314,562752.5410406038
2021-09-10 06:06:37,148418.19801639626,41510.25286192548,583579.3571273108
2021-09-10 06:07:53,148458.4794534522,40290.78376502345,538141.8452803891
2021-09-10 07:30:19,149560.84560021493,40757.73849867231,580663.5971725888
2021-09-10 09:40:25,145095.5084588893,34283.85988372345,548321.2037620035
2021-09-10 10:21:54,143086.040189746,41006.788790226805,557063.4118960456
2021-09-10 12:47:49,138444.6318431684,34696.59518804835,510308.03307725233
2021-09-10 14:08:59,137947.36689156992,40231.15128143634,521952.41268393985
2021-09-10 14:22:42,137973.10117019474,38093.173465792446,513722.35197857866
2021-09-10 15:07:55,138176.4900420289,36957.34891984142,518195.4347797876
2021-09-10 15:27:03,138280.82878977383,36654.056829702444,518856.39130803494
2021-09-10 15:38:16,138336.27030548596,37894.241408520116,481203.628312701
2021-09-10 15:53:54,138398.06706145927,34330.583449736085,541357.2148736503
2021-09-10 16:02:13,138420.6008649191,36120.35898189286,503588.89525710425
2021-09-10 16:10:30,138434.08717152753,37518.38747156411,556284.0494005374
2021-09-10 16:16:37,138437.53541811326,36890.469423915005,545190.1955064052
2021-09-10 16:17:29,138437.54272099395,38104.73410157868,527720.3070336925
2021-09-10 16:18:32,138437.38584035783,36749.030757600165,500026.132449323
2021-09-10 16:42:58,138377.27514882546,38335.15048736913,527704.9783303329
2021-09-10 19:30:40,135109.18869255716,38017.13706201741,512605.2741100805
2021-09-10 20:11:14,134324.01312208027,34339.381304177296,481691.944272408
2021-09-10 20:54:35,133965.52761540023,33468.82096746646,485347.1298600374
2021-09-10 21:32:46,134118.7757851904,35890.490604482875,478849.2514721666
2021-09-10 21:42:30,134220.5680018751,33960.95879317788,501262.451464716
2021-09-10 21:59:10,134441.60706776122,34943.99942651102,503496.6164666029
2021-09-10 22:21:50,134810.44821594693,35554.50215981142,541374.5838338034
2021-09-10 22:30:56,134971.1120396329,35866.751976263324,508279.4374870834
2021-09-10 23:57:26,136182.31793474627,37142.059236109,518563.53256509925
2021-09-11 04:21:57,137676.5483287266,36121.313779578515,510907.60579850746
2021-09-11 08:53:40,143712.20970674447,37578.84343161984,600669.0600902537
2021-09-11 14:20:28,137716.51778440617,38545.696514507734,515662.5159140992
2021-09-11 17:19:40,138882.15722644352,36760.561907850395,508910.7668382165
2021-09-11 18:18:19,138000.28425071435,39185.25077077666,545115.6633516063
2021-09-11 18:28:05,137793.23893741603,38780.098893908966,545399.426421534
2021-09-11 21:55:22,135807.03645659314,32311.75802093394,544261.7586013065
2021-09-11 22:21:18,136220.40171776782,36162.78307582133,533565.0208592318
2021-09-11 23:21:31,137193.17437318177,36680.274539064594,545563.8084305597
2021-09-11 23:27:03,137260.22365877093,36393.75826019313,543239.573236646
2021-09-12 01:32:29,136894.44886017073,37053.80661563327,502000.44850206363
2021-09-12 04:38:53,138720.5787975268,37520.02491296523,560464.8807224175
2021-09-12 09:06:31,141906.8793306051,38395.67434949767,521973.51437612
2021-09-12 12:33:26,134811.78049642028,33625.12373806927,498750.9921494454
2021-09-12 15:04:52,134527.28050544282,36036.29977674198,493380.15769612184
2021-09-12 17:33:07,134249.10880804516,33373.96364982553,523254.3365270094
2021-09-12 18:17:11,133304.37888825632,33881.96492474493,507829.71941740235
2021-09-12 18:21:10,133203.54972757414,36591.73671241634,482673.68229525397
2021-09-12 19:27:59,131412.34431546705,32432.8517221276,506164.5669847754
2021-09-12 23:10:35,131253.26508247247,33541.2936730512,522649.104905028
2021-09-12 23:25:09,131409.37461269245,38871.41179542102,511692.29970499856
2021-09-13 00:53:34,131387.2622540005,34380.45559390799,477149.6202744917
2021-09-13 01:59:44,130597.48661684753,33865.37886466064,456911.60161909135
2021-09-13 03:10:15,130439.39662465022,33161.492462389346,581959.3804101202
2021-09-13 11:51:05,131295.68832201036,33374.70160168647,507494.6356352397
2021-09-13 12:55:50,130499.74938404502,34427.15629047584,562572.6496388721
2021-09-13 17:09:58,131752.6950009142,33817.473067741186,509071.2161563166
2021-09-13 17:41:24,131454.76372199345,34484.93423522261,477902.8894804247
2021-09-13 17:51:12,131318.44152108548,34681.6886185531,466314.63282732136
2021-09-13 20:49:44,128434.53703991455,37354.82232930771,490730.69633964065
2021-09-14 02:15:48,129935.84967574954,32602.55724184453,485235.9158517567
2021-09-14 02:33:34,129868.47513777736,37134.569540128105,493856.98352436855
2021-09-14 02:53:45,129900.44156277015,34554.06388480149,425284.04034266685
2021-09-14 03:17:21,130117.57256201158,34183.848940008254,562797.6564863948
2021-09-14 04:08:51,131340.0594085083,37028.624236349955,555333.3715428546
2021-09-14 06:41:42,137464.4975383604,34506.68924888219,513132.2321904179
2021-09-14 09:11:58,136014.4886862584,33268.1408730004,550397.281817684
2021-09-14 09:27:37,135430.8738988942,34929.267085993495,527090.7311100997
2021-09-14 11:18:32,131425.21771259324,34509.44764677861,517424.2896259165
2021-09-14 11:31:09,131081.1176706021,33928.438549051294,507074.4051542907
2021-09-14 13:14:37,129544.25589438048,31796.577899495584,484775.5994976995
2021-09-14 18:21:17,129008.88789312184,36874.788923083506,523387.80801856885
2021-09-14 19:45:09,127069.82598022021,32876.77365747414,465705.0084341032
2021-09-14 19:49:56,126977.67748382519,35193.95547743731,505018.4028223388
2021-09-15 00:07:44,128162.3923343248,32176.44645036047,504764.5812717514
2021-09-15 03:41:29,127772.21411882165,33212.53721205143,590165.6380143397
2021-09-15 05:35:25,132165.731854927,32906.544111876196,485538.11229206796
2021-09-15 06:03:06,133342.61618993475,33852.06037422828,539321.5110648021
2021-09-15 06:15:05,133795.91600701687,34788.57023298884,472804.77731816197
2021-09-15 07:05:07,135103.9514734426,32565.63857388859,503319.72907689476
2021-09-15 08:06:05,135118.46466466,35079.44345673899,521686.28927028785
2021-09-15 08:40:01,134429.03160194246,38668.34617368323,489043.64082093467
2021-09-15 09:41:10,132451.69421627562,38578.62400161837,510698.61477626214
2021-09-15 09:44:11,132343.26315140777,36355.95023242081,514163.8939841538
2021-09-15 12:15:19,128211.23362224034,31593.82953809581,458948.82090565335
2021-09-15 13:40:50,127858.05061068009,33114.04452624293,503151.53199215076
2021-09-15 14:47:33,128392.61563957365,34851.2652038153,522345.4857580376
2021-09-15 15:26:48,128836.90228323896,32759.802439446714,497166.50201839436
2021-09-15 15:37:57,128956.71240659441,33348.86032568271,504659.0361310328
2021-09-15 16:44:40,129373.65669692995,34550.648787008635,517949.15455982595
2021-09-15 16:58:29,129361.77400125397,31654.25762558604,531659.700128612
2021-09-15 17:12:23,129307.8224039876,32894.87527124891,533856.3093681957
2021-09-15 18:09:04,128660.83780332052,37232.73027741699,475208.5849588279
2021-09-15 18:12:59,128594.25915104624,36602.9234732771,492855.83607444586
2021-09-15 18:15:55,128542.97783313731,31899.176727980757,484178.66392065457
2021-09-15 18:28:20,128314.16700735784,33462.66098328285,489527.12357983494
2021-09-15 19:12:58,127417.43730526775,34333.972984286964,434355.4908256533
2021-09-15 19:16:06,127355.43800108264,31404.938667740615,515749.62368647096
2021-09-15 19:23:23,127214.36642507721,34154.4358665674,473514.634626782
2021-09-15 19:31:51,127057.24218628024,30701.146911287004,442342.7729380372
2021-09-15 19:32:38,127043.14902358945,34548.510158047124,502288.98066472565
2021-09-15 20:01:14,126597.54756140796,32461.642664460804,485921.47939997655
2021-09-15 20:31:01,126323.06201242753,34036.38747163106,513096.6599690943
2021-09-15 20:55:46,126275.81118900712,31520.673494507068,448450.1830014162
2021-09-15 21:05:18,126303.42038402887,30554.630934112673,481638.17336038745
2021-09-15 21:36:20,126558.66269349605,33714.70278112945,456294.70485199295
2021-09-15 21:47:56,126710.84690352534,34065.82610906672,490897.54882154794
2021-09-15 21:50:57,126754.60648199996,32177.607128215524,431632.2303708834
2021-09-15 21:58:40,126873.40540472696,31805.533944247527,467465.23791283125
2021-09-15 22:25:45,127346.71080834993,37158.867913135866,530765.6619479444
2021-09-15 22:27:57,127387.45411214083,34721.24823875164,469328.4574268903
2021-09-15 22:39:36,127604.43231109125,30548.98008248887,507878.74770564714
2021-09-15 22:59:44,127969.23372781322,32053.69258688642,486157.64871783316
2021-09-16 00:16:31,128782.23866307018,31400.7171235048,430083.2431320023
2021-09-16 00:42:47,128754.37845012925,36190.172129952865,478802.66374976444
2021-09-16 00:52:09,128709.68961776694,31786.410436922604,472210.1324200127
2021-09-16 01:21:49,128484.02697624278,36449.72280168822,483950.0062095622
2021-09-16 01:57:34,128162.39217360716,34746.41159916647,505528.25781518465
2021-09-16 02:09:08,128079.67563445869,31987.972674687313,499132.1418348219
2021-09-16 02:14:07,128050.72036599164,32829.91869555786,510636.5525814292
2021-09-16 02:32:37,127989.89873789299,34680.009548760245,486607.4954261096
2021-09-16 03:17:02,128261.47214067624,34817.23342114761,469519.4779332327
2021-09-16 03:18:17,128279.33487200194,35063.013790969264,476726.1539319619
2021-09-16 03:39:15,128669.34554688651,34488.62199363777,526776.2972971613
2021-09-16 04:22:13,129980.09886899249,37381.31160337135,451288.3746676425
2021-09-16 04:38:40,130634.16222584875,33674.4634183479,506452.8322543018
2021-09-16 05:18:04,132389.0505400081,35285.29582880784,534553.0575907656
2021-09-16 08:30:35,135488.048615624,32917.676300816565,576759.0901911891
2021-09-16 08:59:21,134634.21057005195,38061.00811478042,532760.7575542732
2021-09-16 09:22:54,133795.29571303155,35209.46217842207,455973.758953743
2021-09-16 09:37:41,133232.30034799874,34992.11862560779,518388.3300409076
2021-09-16 12:06:50,128477.51385617875,33099.00405532446,501715.8822589999
2021-09-16 13:21:19,127654.70894506662,34626.96059859589,495131.52473519545
2021-09-16 13:21:56,127652.31810416594,33795.05308194825,462609.0004807155
2021-09-16 13:37:47,127612.60046865985,32493.225071062512,441280.36005679495
2021-09-16 13:47:11,127607.69098723304,31958.474294203672,480239.1677970133
2021-09-16 14:29:05,127723.0151829267,35384.05257497414,494707.58449231344
2021-09-16 14:37:44,127767.83368442144,28643.052924385764,481874.09733145376
2021-09-16 15:55:38,128201.99248934882,35442.792805495184,463235.3966489106
2021-09-16 16:18:57,128241.96930183262,34900.17381973103,500708.0940807905
2021-09-16 16:51:38,128139.7815812004,35392.06092791063,493597.7407449171
2021-09-16 17:05:50,128026.48190015783,32168.305676095093,553800.9653203912
2021-09-16 17:15:29,127923.986773061,31002.260097596758,484741.1737670237
2021-09-16 17:26:10,127786.34403488462,36326.39586358792,468489.6878124241
2021-09-16 17:51:21,127365.43082127807,38701.49020582252,476285.3379430169
2021-09-16 17:52:18,127347.0731575997,35127.94595401989,451540.62181797926
2021-09-16 18:09:29,126987.81280811063,35369.57562800826,496224.51249827835
2021-09-16 18:33:25,126418.24786798756,33239.971641954886,463390.12493335624
2021-09-16 20:32:05,123871.60654602457,32440.934137158656,489831.61882494437
2021-09-16 20:40:34,123791.3198023036,36085.11414455201,480289.8322950865
2021-09-16 21:41:15,123780.54634537002,33553.71821750896,528763.3420494058
2021-09-16 21:53:13,123879.45602339617,29752.73910536178,517500.74312957714
2021-09-16 22:55:25,124621.48376840007,31230.882146000804,466487.8186728704
2021-09-17 02:18:56,123797.37665582288,28512.419011622413,496899.5775242645
2021-09-17 08:48:44,129779.48988643079,35937.170083879,485082.4375320452
2021-09-17 08:54:45,129601.21588178453,39504.17928618322,559303.9053202447
2021-09-17 11:09:20,125145.48835753559,30557.19515241834,480525.8543616138
2021-09-17 13:35:48,123518.42419629739,32931.56150578084,510641.94320202555
2021-09-17 14:14:01,123764.12858388748,30247.961781560003,485817.5197765986
2021-09-17 14:53:15,124189.08422165223,34498.12468751727,447826.7112618907
2021-09-17 18:11:00,124809.65016099569,32748.30527826581,512391.38477115537
2021-09-17 19:20:09,123749.39185208689,33273.45821633426,503808.3417628153
2021-09-17 19:46:19,123405.73130038679,30711.201157438292,465003.8782029641
2021-09-17 20:20:47,123150.75664634089,32610.40212578173,472026.4664530775
2021-09-17 20:22:40,123145.12264526112,34063.656163106185,487763.97154782887
2021-09-17 20:51:46,123182.60096208066,32277.411429918942,457763.5175358681
2021-09-17 23:29:44,126228.67257645619,28342.063420588045,490584.00699574745
2021-09-18 00:11:10,126857.13678567465,31711.09201704577,469081.99267915677
2021-09-18 03:18:04,127936.52918265155,30725.3482154328,474028.70973513863
2021-09-18 03:20:31,127996.02484404054,33638.98634221135,451112.35497877083
2021-09-18 03:31:55,128304.46249231059,34119.35416295282,499252.0124194467
2021-09-18 03:40:25,128568.45241700242,31086.086505690113,484503.53606673557
2021-09-18 05:33:58,134183.410853074,35114.645490132345,483398.9512600743
2021-09-18 06:08:12,136023.17680652806,36213.511225848415,589341.7304651735
2021-09-18 11:09:34,135060.6515569206,33756.895948935904,548741.4911032307
2021-09-18 12:35:55,134280.52556172234,34479.374002566714,549963.3595626387
2021-09-18 22:23:04,138001.9844990143,37689.435728758246,502580.0728111621
2021-09-19 02:25:28,140105.87473770065,41266.55504404671,533451.735448647
2021-09-19 04:49:54,144259.55961083146,33460.063660533444,505808.26233073365
2021-09-19 05:49:38,147526.38778704306,38905.97250788654,598355.6650121884
2021-09-19 15:41:12,144688.74787200787,38983.20542403842,555515.0086607266
2021-09-19 20:25:50,142047.01891454196,38009.8322513538,553113.5883042307
2021-09-20 02:44:55,144925.13602014616,39529.74836936316,509249.7406464785
2021-09-20 04:20:38,147552.35775593255,38382.69262224798,541262.8932148343
2021-09-20 04:44:11,148752.74969040774,37218.7719291809,479227.7077244098
2021-09-20 05:05:37,149954.01221277038,40133.764435956786,610634.9555689072
2021-09-20 10:00:41,152654.8103554085,38320.236070762934,572990.8611445221
2021-09-20 10:17:47,152043.3297844513,43319.775820754665,526820.6317165934
2021-09-20 10:18:30,152018.23181415827,39703.466806939505,518234.74046995817
2021-09-20 10:18:34,152015.89981354141,40959.7071109856,610960.2513387473
2021-09-20 10:24:09,151822.3287250994,44053.597267173194,579528.3628668968
2021-09-20 16:31:18,151638.03333889626,38765.79159295494,591765.645977313
2021-09-20 17:08:29,151755.6260334584,37677.97017769271,545024.0897016542
2021-09-20 18:13:24,151121.18244861418,41120.90823076656,595544.2318247563
2021-09-20 19:12:57,149947.11339891457,39248.023799638315,552822.198825356
2021-09-21 01:08:03,152311.16506666347,41989.86645971246,530420.2305581177
2021-09-21 01:21:50,152202.84663546717,37511.510888788456,574464.1184028871
2021-09-21 04:31:13,154780.17312959384,38504.014607519326,594911.2855354664
2021-09-21 05:39:33,158512.9949674805,43666.14559417552,603332.469967926
2021-09-21 11:09:33,154963.5496499206,40819.306719434906,624099.7614575785
2021-09-21 12:12:58,153255.00937092624,43079.99543260353,602650.9779146172
2021-09-21 14:45:13,152859.57905520365,37854.02020526078,540159.8831087328
2021-09-21 19:39:03,149756.26066346047,35706.466036005375,636240.7443509239
2021-09-21 19:50:20,149484.8489339804,36741.92071676103,575815.5877978179
2021-09-21 19:52:02,149446.32137783195,36321.90260548226,561846.2125243116
2021-09-21 20:04:03,149193.96590282116,41409.31686686635,530491.0037272718
2021-09-21 20:06:38,149144.6017079364,41354.57179355253,613889.0586039539
2021-09-21 20:16:08,148979.2088098415,42639.96380889763,595937.0774056485
2021-09-21 20:18:30,148942.11588005177,34344.05377013461,572318.7510740025
2021-09-22 00:19:28,150542.84957215455,39515.88849083701,599084.586268126
2021-09-22 02:49:18,149013.72929241226,41063.1252547742,619748.3090568183
2021-09-22 06:48:02,157299.64705591218,41037.11691770769,551490.2729688319
2021-09-22 11:06:15,150338.98789326136,39345.76949600414,500540.49886486016
2021-09-22 18:19:43,146960.39276619238,38848.89715499704,556123.823344506
2021-09-22 18:21:55,146902.47270505354,39026.72574160087,576481.4034975391
2021-09-22 18:45:39,146244.70817943834,37706.28230712645,536757.4384878365
2021-09-22 21:02:57,143561.565460252,36438.645334670815,614681.2829759287
2021-09-22 22:06:15,143989.28977049288,39034.28483613053,540287.2904519548
2021-09-23 02:39:50,143367.1439350833,36862.64579951805,617481.5868595864
2021-09-23 02:59:12,143326.55230258947,38342.065071509205,555756.500034233
2021-09-23 03:26:55,143527.17461458934,36850.95779393823,542021.1334469661
2021-09-23 14:36:17,137740.62234409078,37031.29243021115,545928.6812246597
2021-09-23 14:45:06,137722.03467978645,37142.27729111561,493955.81563231215
2021-09-23 17:14:03,136626.0991778067,37070.637826428996,519401.192700115
2021-09-23 17:31:23,136234.18638353053,35839.344123089024,529423.4011640365
2021-09-23 21:25:36,130006.73057698112,32337.99492159423,459303.08937052876
2021-09-23 21:35:23,129973.9581221786,33377.70205681353,500509.5808193743
2021-09-23 22:40:47,130148.48957067361,32539.20200307896,499084.5868464354
2021-09-23 23:42:59,130243.30896346578,34562.72413512518,515792.25018477393
2021-09-24 00:19:31,129946.20458719225,32802.43121392685,487278.1041006311
2021-09-24 00:27:49,129834.53391900996,33012.67206917067,530621.7213666247
2021-09-24 00:28:04,129830.92785858916,32216.01290478012,491364.03871716897
2021-09-24 00:44:38,129562.48261416312,32181.686176442887,496600.2197168452
2021-09-24 01:38:06,128433.18601282833,33166.79058549067,502195.45940434106
2021-09-24 01:43:52,128304.53282397262,33964.7558441708,495036.85441218194
2021-09-24 02:06:47,127822.31969070455,34601.933310875065,484987.6251997254
2021-09-24 04:08:16,127700.65591722215,34734.32918240945,522302.2840706773
2021-09-24 04:13:33,127816.30418117018,32812.3461217771,443893.75520327
2021-09-24 04:14:50,127845.74783263275,36302.062788826086,483896.3127436823
2021-09-24 05:29:43,130142.51267200657,31761.927158949402,444548.54440552887
2021-09-24 13:03:01,121619.24408823616,33150.95566270023,505412.6876592081
2021-09-24 13:19:32,121458.64677676071,32357.81526296041,499559.91237252735
2021-09-24 13:41:51,121318.83041974867,32937.72363185809,478745.2819182098
2021-09-24 16:00:04,121497.15893122599,31738.118204599545,439844.9792229658
2021-09-24 17:37:33,120800.1478169769,34068.04307871558,509735.14338022703
2021-09-24 20:18:30,117458.07456328232,31066.985991384845,446288.00787803286
2021-09-24 21:20:40,117200.17227899886,27489.841921204523,432234.83506851376
2021-09-24 23:36:03,118747.15678081493,29956.10110128965,490915.7383202488
2021-09-24 23:53:03,118860.93954593886,30371.760790164757,492859.2944354508
2021-09-25 02:12:59,118102.5073072936,32079.902232664772,459489.0642205549
2021-09-25 02:31:53,118030.50106722397,30285.08685839067,418103.6346493578
2021-09-25 05:14:30,121981.8699840144,30329.438150074264,449073.1692233127
2021-09-25 10:18:02,122138.01172974757,29146.095347616716,445111.542213246
2021-09-25 12:49:30,119129.71752582167,31456.949871026703,468952.9520284789
2021-09-25 13:34:20,119059.97763452462,30495.56718372511,427943.3973227626
2021-09-25 21:34:25,117131.13782242923,32420.516262388654,434036.25801710086
2021-09-25 23:08:14,118346.74411045811,30123.136726374276,456514.2016186465
2021-09-25 23:42:39,118680.42215746126,33080.588123687216,468974.85278473876
2021-09-25 23:56:54,118751.11320188527,30081.450090567178,438158.40486494824
2021-09-26 00:00:10,118760.98634581511,30864.269041313135,510822.19063576235
2021-09-26 02:23:52,117689.98112722006,33741.98514195226,491935.5801122282
2021-09-26 04:04:37,118638.63264272833,31659.267192790234,476502.39124553965
2021-09-26 05:22:10,121354.1444247208,32579.632952191023,447266.3346924903
2021-09-26 06:23:28,123475.70011377805,31915.49241063551,442159.09676646604
2021-09-26 07:15:05,124337.30396605933,33321.353179157704,513095.03996661893
2021-09-26 12:33:45,116306.95937714563,29343.864235205285,406618.18693054543
2021-09-26 14:49:19,116008.91461634803,30598.940946011608,471276.5047612854
2021-09-26 15:13:14,116137.70026371494,28376.645075383134,506008.81574207556
2021-09-26 17:02:06,116219.39902508153,32300.576485735146,482766.2288643793
2021-09-26 19:10:22,113970.69616453644,27575.29049696484,457233.52280192735
2021-09-26 20:06:19,112917.97116593762,27588.313015775148,408863.4511309334
2021-09-26 20:48:26,112531.11875878772,30303.257196660303,438743.138299967
2021-09-26 20:49:20,112527.69798594383,27870.11413208373,481807.1438416312
2021-09-26 22:28:05,113211.7066029616,28213.17552144944,468982.0616394135
2021-09-26 22:50:21,113517.28900493988,30103.549105257902,432784.46937155264
2021-09-26 22:58:36,113626.33948738944,31513.29931795159,413302.6448951994
2021-09-26 23:17:19,113851.06238284384,31143.251316784972,400038.1752235426
2021-09-26 23:27:24,113953.58661704535,29293.347536616628,405115.09305886435
2021-09-27 01:33:22,113704.71225352725,28294.835164518452,497017.9425578454
2021-09-27 04:08:41,114615.7004113483,27731.616738430173,428644.34420467046
2021-09-27 04:38:46,115635.9003275696,29876.741200465465,460902.7763779451
2021-09-27 06:25:17,119745.78076650825,32253.64760437976,479784.45359145285
2021-09-27 17:40:14,116043.47623921584,33131.04441368918,432679.44460570137
2021-09-27 21:07:16,113846.04799857203,30469.183757254024,477440.30912729923
2021-09-28 02:13:08,115896.43341576678,29925.360270596055,440648.52475058625
2021-09-28 03:19:31,116234.85432296374,32747.89347421024,453028.92692493857
2021-09-28 06:06:44,122204.92309828744,31266.86490516265,477591.78967264877
2021-09-28 09:29:02,121885.4127296618,31200.470055149468,469515.6044859231
2021-09-28 10:46:15,119453.40218967648,33695.86866169477,455899.4828018724
2021-09-28 13:26:18,117227.41974451291,32484.634651346452,471791.4810064733
2021-09-28 14:44:10,117669.26772308987,31099.700205156005,430617.75541581545
2021-09-28 15:08:50,117905.33723258975,32299.397827726792,391723.2782257257
2021-09-28 16:49:28,118500.00966522182,33716.01462317841,441857.3904868093
2021-09-28 18:09:25,117772.55025880327,32611.417578331064,428111.79160480195
2021-09-28 21:30:44,115670.56633260912,31951.03885537173,491914.1934222694
2021-09-28 22:48:30,116823.02080872846,29742.410723187517,401865.6075423804
2021-09-28 23:19:23,117299.76477362971,28786.136698611142,423297.65347183193
2021-09-29 08:15:06,125410.047887684,34033.80106547226,471217.18960733706
2021-09-29 11:47:25,120113.81123617415,34269.57327825723,437127.6827876033
2021-09-29 13:29:02,119607.65727541305,31226.076029887474,431961.19135767064
2021-09-29 18:07:31,121147.01684900593,33493.22227680684,455341.54009311716
2021-09-29 20:40:01,119270.20910271534,31955.468887610237,470313.6817961795
2021-09-29 21:29:36,119579.36377612957,29057.636522638157,430381.97406461096
2021-09-29 22:32:37,120672.06638576378,32310.80723625245,469224.7655685929
2021-09-29 23:21:54,121596.80502218983,32501.321208675145,500216.6256641248
2021-09-29 23:36:23,121809.25624571965,29696.698995849827,447655.5185452881
2021-09-30 00:00:20,122066.10118308812,31363.72426672746,467380.677156225
2021-09-30 01:01:38,122149.1325855198,34405.731377915574,487078.8613110181
2021-09-30 01:28:47,121996.63970125496,32223.214891997453,463114.48548578855
2021-09-30 01:51:06,121855.95171989784,31373.32968091111,434385.62564819655
2021-09-30 01:57:14,121822.14229303415,32383.3375850881,471778.8462241968
2021-09-30 02:49:48,121804.55935582939,30257.857255067618,468531.4247145239
2021-09-30 03:01:18,121899.0095169569,30926.65253674683,501308.11982990283
2021-09-30 03:09:13,121990.0473715272,32530.468217396785,451603.3096653952
2021-09-30 03:57:25,123036.46047182068,32560.026773899845,496456.66150263825
2021-09-30 04:02:06,123182.75098177724,33289.7069338204,458417.95966750674
2021-09-30 04:49:21,125013.26053653058,33049.76915054924,470458.2575933829
2021-09-30 08:47:04,129320.36480965244,33509.97266468243,517766.24426179635
2021-09-30 11:43:30,123888.92579198844,31355.36759187911,444992.29024293256
2021-09-30 14:02:13,122868.07239148012,30761.555039433762,413222.82254969375
2021-09-30 14:41:16,123097.85855648604,34757.99151156308,397036.35176430526
2021-09-30 15:02:53,123264.84885622107,29857.856429044503,511818.3438287367
2021-09-30 15:46:37,123585.54586671856,32478.362220227562,460947.471510039
2021-09-30 16:23:33,123722.51675372302,30144.428860625547,439827.5044352551
2021-09-30 18:51:46,121767.47181887862,31783.465527921344,457416.08992644894
2021-09-30 20:05:53,120232.6428174128,30869.079954494067,511105.43522973557
2021-09-30 20:22:30,120013.4652197584,30827.382618963155,464362.3734244374
2021-09-30 21:26:52,119834.9320467038,31536.937378415787,424821.86639200035
2021-09-30 22:09:17,120235.00062378944,32033.49253157452,457163.14559832186
2021-09-30 23:39:03,121310.24285070001,29457.647561721635,451225.0365177089
2021-09-30 23:59:09,121402.27513183294,30149.156828990734,480886.385617326
2021-10-01 00:26:45,121382.5571628592,30999.37455260787,459175.43272918725
2021-10-01 01:25:52,120873.70887974984,31406.040663546155,472810.44812777813
2021-10-01 03:41:42,120802.0708972412,32287.143871142165,544507.1650273748
2021-10-01 05:51:06,125452.86494090669,34225.62812325917,449665.23032237135
2021-10-01 05:52:32,125508.52753826354,33133.18609845316,526313.7180637001
2021-10-01 07:10:45,127579.35151013058,34362.84205901472,518674.11596153764
2021-10-01 07:14:15,127614.16998671863,32345.184788712093,455608.6589383892
2021-10-01 09:30:46,125278.62877177377,36021.88402601198,457019.0007715312
2021-10-01 09:58:55,124321.65511297047,30430.4109861293,513016.0423750587
2021-10-01 10:10:51,123920.29913968351,28157.884786605762,487305.21225273417
2021-10-01 14:38:47,121215.40877115657,33748.061306712145,497558.0758909848
2021-10-01 14:39:57,121229.03047564848,31222.732931216848,483759.0885232672
2021-10-01 14:49:10,121339.60415670069,32937.80255538553,499339.32875858544
2021-10-01 15:34:37,121913.24787478727,32248.851106745846,429777.6291976954
2021-10-01 17:51:30,122299.87180176191,33101.82362194518,424334.9862386572
2021-10-01 19:24:54,120999.21080899384,32271.823922521424,460882.30932152213
2021-10-01 21:27:41,120901.53808519228,31751.440782697628,448429.15450731904
2021-10-01 22:16:08,121852.94229955491,32274.48583596515,455602.1959075384
2021-10-01 22:38:42,122388.45364735606,31885.241795473812,426100.5982918591
2021-10-02 02:36:57,124530.88053267525,33528.78514141353,456008.73475168267
2021-10-02 03:13:03,125060.62622245522,32113.39624151422,466590.8889595994
2021-10-02 04:07:50,126798.26227697244,36172.73728861078,551295.8550714921
2021-10-02 04:28:32,127735.01687418485,34193.04577783371,518298.9995535103
2021-10-02 05:30:16,131037.11428252744,34165.994451439416,491848.1911528785
2021-10-02 05:33:23,131208.66818428462,35510.66894551593,541609.5570558886
2021-10-02 05:35:20,131315.5867640362,34633.28305498854,470524.95339822205
2021-10-02 07:05:37,135187.56232844162,33257.79266284023,511088.9932064086
2021-10-02 07:21:27,135523.36160504172,41425.356650498,518771.7643722937
2021-10-02 12:44:12,131081.78177105673,35713.02930292917,446001.2396462441
2021-10-02 14:22:18,132070.12315734112,35454.25795346512,491941.9143764367
2021-10-02 15:57:43,133807.81459664332,32501.95023470699,483702.6191997475
2021-10-02 16:06:19,133938.22247262948,30988.252121515452,474762.7718870818
2021-10-02 16:22:38,134153.78358293226,36409.832741387916,505892.4037005339
2021-10-02 16:27:00,134203.44764131054,32592.99120691211,538690.2811143581
2021-10-02 16:34:09,134276.71234212,35656.494073560105,550235.0486508955
2021-10-02 16:36:34,134299.1210081198,38215.24899791413,512528.91867537453
2021-10-02 16:53:21,134419.83590507772,33764.742227397575,528365.5142609207
2021-10-02 16:55:49,134432.22397097663,37263.37635813283,546813.1224270269
2021-10-02 18:56:03,133491.6290093435,34221.030209032506,544794.0907978925
2021-10-02 20:11:04,132557.85638896073,35002.1472245218,539958.9411771055
2021-10-02 20:54:50,132556.6242261058,37065.51420830331,511039.2981388167
2021-10-02 21:29:49,132943.44585149814,34687.92779943437,501746.07260423456
2021-10-02 21:42:37,133162.12613431193,34589.791772648096,544303.3407520212
2021-10-02 22:19:47,133958.42526784286,34015.6453937409,569345.653184257
2021-10-03 00:05:56,135987.75440467027,37239.9654295903,627303.1123952495
2021-10-03 00:32:23,136126.60038780986,38435.5559861329,488843.5020745257
2021-10-03 02:17:10,135706.0520337929,33729.71916973201,496128.64673489775
2021-10-03 02:50:11,135796.57354113026,37440.76293191534,475741.7968423373
2021-10-03 02:56:14,135850.63675290515,33375.53937574508,524741.6054528542
2021-10-03 03:18:02,136160.1969474099,33739.42452341467,530835.743160068
2021-10-03 07:50:43,145433.23969118582,38265.52608874995,555772.724315763
2021-10-03 12:47:29,137550.53888896736,36299.51617607011,528933.8979206304
2021-10-03 16:04:43,138710.42708449092,35263.96292144672,517542.1055689679
2021-10-03 17:31:51,138543.24430147756,37947.231983106765,511573.74372124136
2021-10-03 17:48:33,138314.47978273054,33973.45709787525,550512.5838320763
2021-10-03 18:12:37,137886.60945432735,35582.67574850971,528997.2666082686
2021-10-03 19:56:15,135682.36269708132,36033.65124786948,532645.6682146231
2021-10-03 21:51:46,135691.2242859563,36652.05425105846,558935.8366959093
2021-10-03 23:24:56,137368.02493774818,36020.8047078311,510585.06832658633
2021-10-03 23:27:52,137409.96876314984,35476.548842833196,505022.9473527589
2021-10-04 00:09:08,137794.01663328896,34451.946258234166,505705.785204867
2021-10-04 00:28:53,137828.505074277,37262.1990893986,525739.9995833207
2021-10-04 01:30:22,137453.04803535852,40140.19422918714,500041.17767057044
2021-10-04 01:46:45,137305.11360848733,38665.4112358679,554573.0030652435
2021-10-04 02:56:09,137168.72063056196,35898.34606896732,498392.2990817772
2021-10-04 02:57:10,137177.34114150086,39172.2405906942,499949.3902036397
2021-10-04 04:47:43,140571.40388218293,38176.421375821876,542245.7081043922
2021-10-04 06:08:15,144593.9084024644,36124.824238382986,549474.8294814362
2021-10-04 09:24:42,144516.22557099923,42158.74158702728,589629.5598262586
2021-10-04 10:38:57,141843.97740478464,35732.97741855291,618165.0802365028
2021-10-04 12:34:15,139399.4622665043,34882.38510726087,485818.4648684009
2021-10-04 13:28:24,139280.88517583703,40204.866667079164,540281.58595736
2021-10-04 14:54:36,140095.09874262835,35843.19539031282,485299.4196351416
2021-10-04 15:16:46,140395.14756619462,37402.68705402428,534390.2482838369
2021-10-04 16:04:03,140955.79609227195,35057.89842685763,537166.9271254003
2021-10-04 20:23:23,137996.383208905,34522.47405245254,522645.6551920668
2021-10-05 00:16:07,140573.60714832187,37722.18494637457,484398.86101397645
2021-10-05 03:38:16,140289.5346045578,35383.72177802463,536554.1379709458
2021-10-05 06:28:25,147325.7144560806,39972.254202940545,586636.5960341234
2021-10-05 07:29:21,148374.41166987244,40094.12442889397,570316.1754099851
2021-10-05 07:50:52,148267.92373811366,42343.585303851694,555817.9974980502
2021-10-05 08:19:47,147757.25704439924,37615.68337815263,527050.3853375044
2021-10-05 10:08:33,143622.0870125365,39060.13995826485,534245.1468367827
2021-10-05 10:54:32,141771.87037060852,38664.2945104664,526140.702187282
2021-10-05 12:33:34,139178.0634992186,34124.57868545242,502100.59528375004
2021-10-05 12:39:12,139097.58827008537,38786.2756844022,495624.2726669329
2021-10-05 15:35:33,139129.53593124435,39309.71430930853,507316.49857377
2021-10-05 20:01:58,134888.153921136,37881.860249516074,552936.181452858
2021-10-05 20:24:10,134507.2155945382,36192.739198000956,541592.2484010404
2021-10-05 20:40:12,134317.6938350202,33305.17351787105,481711.2471927077
2021-10-05 21:59:52,134453.16102527457,32907.035541275225,533963.152920451
2021-10-05 23:06:23,135297.74493927753,33094.559067925096,571852.1988892762
2021-10-05 23:10:07,135339.43719907157,33757.80180230952,486079.2520663141
2021-10-06 01:55:07,134437.4344582081,34252.92390272388,466390.5674475442
2021-10-06 02:35:15,134028.76702697718,37264.264932865975,481971.65281638666
2021-10-06 03:00:00,134000.09810605997,36268.30428516129,553631.6819975688
2021-10-06 03:00:20,134001.20494731187,36453.84245575637,513785.09671416896
2021-10-06 03:22:04,134167.63430571114,36393.0152313625,504345.4148483397
2021-10-06 07:02:53,141323.401742107,38532.244858195125,548356.0486034729
2021-10-06 07:13:27,141426.49201176976,40497.443872884454,565004.7002786784
2021-10-06 09:24:24,138578.99453733856,33009.862136841875,521903.30911779753
2021-10-06 13:12:22,132087.90358376515,33283.34181873824,502682.31773797894
2021-10-06 15:40:21,132558.75186056603,33205.32775221582,442672.8929811521
2021-10-06 17:47:44,131901.26270714428,32794.7203331196,473941.1831638824
2021-10-07 04:36:12,129806.79666399286,31034.993263997556,501264.88375157746
2021-10-07 04:46:17,130169.60839256328,37235.798465529435,495069.86674195837
2021-10-07 06:55:42,134287.8031790161,31226.549194378385,508118.2237486321
2021-10-07 07:24:32,134428.3471166188,39630.86947464337,517951.12731303996
2021-10-07 07:25:44,134425.21802943014,34245.75801817239,531927.7641661308
2021-10-07 12:37:14,124402.21404951887,34188.636895372474,468851.95987228834
2021-10-07 17:11:45,122674.97733241958,33301.3449937612,468032.0076852613
2021-10-07 17:46:04,121983.39821202283,31475.745973935762,480254.0706670587
2021-10-07 23:05:42,117461.2715365021,32798.79650982942,483661.96849282196
2021-10-07 23:41:19,117526.26019109135,30985.885514993744,403884.95039739145
2021-10-08 05:44:45,118631.91898924916,30131.675918651552,419875.7932503407
2021-10-08 11:20:24,113321.0446850635,27945.243999725764,398463.1694409595
2021-10-08 11:59:38,112387.21783866409,29643.740275414835,425781.2766165445
2021-10-08 12:24:39,111952.35798096003,27860.18788015918,398170.7758226478
2021-10-08 12:56:18,111578.04818867026,30697.024767260737,400189.8627708921
2021-10-08 13:07:13,111492.28835432752,28803.481117908104,428263.88589760056
2021-10-08 15:27:00,111751.7678967041,31193.40539967548,437058.3745924736
2021-10-08 15:33:21,111787.5474016251,29388.97561463177,387441.3899038416
2021-10-08 20:24:09,108921.9637441701,29013.90999211689,411080.0622602182
2021-10-08 20:26:05,108908.88300020262,31019.807201880198,375190.1547600047
2021-10-08 20:26:31,108906.07451620544,26757.107816721025,425600.3770531808
2021-10-08 20:26:44,108904.68728832775,30866.730795388718,424036.6836801405
2021-10-08 20:27:41,108898.73903897943,28297.778959592088,401632.59671702207
2021-10-08 20:29:16,108889.31290379121,29106.128655052027,446176.5470465334
2021-10-08 20:30:18,108883.4913942307,27683.169892597678,390314.90651943896
2021-10-08 20:31:46,108875.67880417538,28853.498715390808,398106.1605186944
2021-10-08 20:32:38,108871.3115472772,29589.297920492732,392398.1632381821
2021-10-08 20:36:05,108855.77350946744,30182.64189453979,405736.13843842974
2021-10-08 20:38:53,108845.34741263834,26916.205494740778,422402.9123448928
2021-10-08 20:42:12,108835.54762521798,26677.05852851728,437150.9344885839
2021-10-08 20:53:06,108822.95005386167,26842.08024757433,378003.4557776294
2021-10-08 20:55:56,108824.6039791463,28420.937898398835,393804.20629846165
2021-10-08 21:27:45,108977.96278594207,29647.102459195234,415836.5957756174
2021-10-08 22:08:00,109468.09157541954,25298.91935993256,408615.99004265683
2021-10-08 23:21:37,110633.17800880541,29272.29776732198,421131.3180038612
2021-10-08 23:41:50,110873.49235184782,25938.186017441887,423508.2561096694
2021-10-09 01:36:37,110906.45762859055,26760.33247097543,438596.8177728583
2021-10-09 02:02:07,110785.49030854645,31224.52603947866,430671.89559441333
2021-10-09 02:28:26,110749.85435133196,31696.038116365162,463906.198207922
2021-10-09 05:48:36,116586.92177333034,34409.89570853079,449759.4232694295
2021-10-09 05:57:56,116975.98213834221,28712.807771954707,481565.4336208615
2021-10-09 06:17:07,117715.24305349043,32368.44327188623,442603.96480808116
2021-10-09 06:23:00,117921.80093506449,28360.120970025808,456874.4947003445
2021-10-09 12:08:56,114419.5479634706,28831.94974819322,492389.6871930463
2021-10-09 16:25:52,116309.79212953287,28266.856079185778,463229.9999046764
2021-10-09 17:51:30,116222.04210957598,28670.86115783316,428241.12311559694
2021-10-09 18:56:33,115345.69036352872,32832.46766651453,409691.74191336293
2021-10-09 21:19:26,114477.59128321524,30771.193912919287,451730.0621905263
2021-10-09 21:26:49,114554.03098684762,29903.205530043862,477200.21165701724
2021-10-10 01:37:23,116795.44276576149,32385.638498573204,474535.6175868968
2021-10-10 01:54:14,116692.52202895604,30595.361044844652,458358.5421757717
2021-10-10 02:45:26,116623.93577099155,28986.11505023185,446685.50974791095
2021-10-10 09:02:17,123524.18374769368,35312.01653069209,478835.99202738533
2021-10-10 09:25:55,122816.26843220858,29717.110805884684,470264.88748795475
2021-10-10 09:35:39,122506.9203914281,31580.200565555868,439284.2356549365
2021-10-10 10:26:46,120872.15129305348,36454.75783733129,424546.45772554993
2021-10-10 13:59:59,118298.17039134886,34224.896510013044,427488.6777448025
2021-10-10 17:51:52,119299.86488567278,30801.53040852623,459617.25045792165
2021-10-10 18:35:33,118643.96031184917,29696.57275746652,406396.00179271254
2021-10-10 20:21:57,117116.37246473307,29624.825863621263,470936.6794096851
2021-10-10 22:44:34,118624.02195736156,30600.560488118997,434044.8733460919
2021-10-10 23:46:34,119653.57843738017,32196.69007720066,461777.0614917859
2021-10-11 00:31:49,119962.21252867962,33103.06955931747,413114.361450936
2021-10-11 02:32:25,119715.17267902936,28722.37669777074,435294.70847885363
2021-10-11 06:39:53,128374.9264171403,34927.78820875213,481487.29059275624
2021-10-11 12:27:34,124516.79093339141,30511.770528959547,534530.8351043497
2021-10-11 14:27:21,125458.03441497641,30082.565767892767,445251.0829744665
2021-10-11 16:00:17,127072.73885738893,34091.374163440116,476887.23434236005
2021-10-11 19:06:31,126776.36263579385,33196.2388125966,456800.7283875288
2021-10-12 00:22:28,130261.46274950274,34424.40805435884,501858.58759194514
2021-10-12 01:32:36,130360.10599525222,37281.54486028004,460801.6334726814
2021-10-12 03:03:38,130746.82336526153,34164.582166736414,472107.9320850426
2021-10-12 04:49:44,134624.43874386494,35764.66131999139,502505.1664522347
2021-10-12 05:44:43,137612.43369375818,42707.321881484546,544784.4489808894
2021-10-12 06:20:52,139364.0424356566,33434.21132154804,502273.6114659092
2021-10-12 07:57:01,141330.25966169828,35277.74495703167,504275.9101208762
2021-10-12 09:19:11,139763.82603401836,34711.55133410246,531603.9745097768
2021-10-12 09:32:47,139347.15985345622,37746.7174812836,498379.1288759529
2021-10-12 10:20:24,137839.4954960419,36960.366263817894,566271.4445526
2021-10-12 16:09:50,137527.1436710308,32954.28027677969,559275.9159448968
2021-10-12 16:25:48,137684.96788961708,39127.35318020878,511629.757488972
2021-10-12 19:47:35,135754.30476302572,34223.16067423348,531635.7331924478
2021-10-12 22:27:19,137040.2236726733,37297.19983631055,545340.2675661804
2021-10-13 01:02:31,139165.74512000798,36902.45695943281,520006.776228283
2021-10-13 02:05:30,138934.94026834107,38197.42898231492,568101.169610476
2021-10-13 07:43:33,150384.83046325642,41255.46185658117,593769.9910782422
2021-10-13 07:55:10,150391.13104493145,38438.31614124416,622824.378893745
2021-10-13 12:07:56,144492.87456062555,38801.044168089706,517438.88113827934
2021-10-13 12:41:49,144314.9513538627,37339.76740264753,499943.39129078016
2021-10-13 15:41:15,146729.10626104762,39043.19225052757,572936.7765164386
2021-10-13 16:29:12,147450.44120755902,40171.62643161814,628097.2039869298
2021-10-13 16:53:05,147645.27695395643,41534.09450382565,625092.2058349149
2021-10-13 17:33:09,147655.41180375536,37162.04981089554,603401.313795821
2021-10-13 18:06:49,147362.43174236454,37295.797686568774,619156.9844252188
2021-10-13 18:08:32,147341.20534347754,33213.4916150229,594304.4540551789
2021-10-13 20:34:42,145553.54534648164,34794.31199696592,581146.0110326122
2021-10-13 20:43:05,145574.6052412777,39724.90597217045,546996.7405669842
2021-10-13 21:38:56,146276.86711133603,39876.157358134435,598222.9210732378
2021-10-13 22:36:28,147731.57556939486,40974.90512166811,503666.762698949
2021-10-13 22:41:55,147881.94805534722,42125.601411333,557625.3896635412
2021-10-14 01:23:57,149790.97399204006,37262.95314254779,635757.6372686469
2021-10-14 04:28:23,152887.2407816089,37528.37829187353,508461.4623603608
2021-10-14 06:27:27,159425.18356649298,43364.22169781594,617973.5664108482
2021-10-14 07:50:04,161027.42125731142,39927.1289519269,613579.5458167793
2021-10-14 12:57:22,152564.09886695407,42052.235113071314,580424.4501873091
2021-10-14 13:34:43,152509.18503913554,43584.420974041604,559474.3429420608
2021-10-14 14:17:21,152757.82988898028,41283.82174838884,635144.0440580975
2021-10-14 17:37:26,153498.74645546617,43332.71596844185,560700.5162920292
2021-10-14 17:55:49,153163.85627246927,39833.286704782906,547782.4680144046
2021-10-14 18:26:19,152454.65234831724,40004.338554687376,573417.0085440881
2021-10-14 18:35:11,152222.5797621167,38502.6868068301,604209.1462486866
2021-10-14 22:05:48,150085.61977872995,37130.35082546304,631240.9268378133
2021-10-15 02:16:25,150580.18349672577,40039.67078729156,568158.3645175247
2021-10-15 06:10:00,158067.84718169554,40464.92745207582,621526.9091729135
2021-10-15 07:07:32,159860.82732978777,41664.599777155214,578483.4542906177
2021-10-15 08:25:33,159421.8653236687,42247.5079143536,568584.5848565267
2021-10-15 13:32:08,151484.5778298324,38656.17743400507,636205.5220910962
2021-10-15 14:56:11,152459.24443491147,40196.307484060104,629337.357831751
2021-10-15 15:53:52,153369.77254214312,41656.327693851905,569283.9244132683
2021-10-15 17:33:18,153786.3308760206,40391.5773452948,513549.2363475326
2021-10-15 19:23:51,152011.07051263982,41657.26366670654,603053.2758642575
2021-10-15 20:36:08,151350.03449314655,34847.242701491676,582118.7572612016
2021-10-15 21:18:43,151728.92491435533,38135.08970553914,525657.2505707579
2021-10-15 23:59:06,155783.2230515376,40724.80704801052,606724.9040740038
2021-10-16 00:39:04,156214.28528454027,41408.54783428807,631052.537615763
2021-10-16 01:20:41,156280.3299333507,40593.397370972816,577268.3476582889
2021-10-16 03:27:41,157543.8337649555,40509.48943903572,607637.2020630541
2021-10-16 10:45:00,166244.63152135277,45297.88949893735,607560.6842701075
2021-10-16 11:05:13,165703.71442525106,42893.77764012563,616530.3030846523
2021-10-16 11:23:48,165287.90705886582,42264.24339092054,685919.6835808207
2021-10-17 02:11:52,170017.43087782068,44192.99772435663,660151.8267959589
2021-10-17 03:39:14,171142.83472551528,46337.37083667149,643419.566968859
2021-10-17 06:58:09,181562.41009911813,45895.84457972884,668401.1412552093
2021-10-17 08:31:42,181225.14872187015,46780.430277473206,714194.5986767049
2021-10-17 20:03:07,169541.5641594342,44333.920526330265,639007.2448013962
2021-10-17 23:00:55,171277.9964744178,47379.299176580236,554453.1228359976
2021-10-18 08:10:45,183354.5747721254,50663.930240466965,698234.1929129828
2021-10-18 08:12:16,183326.61064353466,45705.210937334574,661715.4546329351
2021-10-18 15:25:29,176062.28682110822,43496.676277290266,713792.9064431365
2021-10-18 21:36:27,173488.79797748444,48359.74287127671,623286.072726283
2021-10-18 21:41:35,173581.1539202234,46495.94439107781,716618.1214106677
2021-10-18 23:34:54,176225.02303031704,46431.96862348273,655483.2976097565
2021-10-19 00:04:14,176581.5588418143,45962.82964965768,724712.8065310118
2021-10-19 02:03:02,175787.53813735594,45559.18048852041,671058.7431032539
2021-10-19 09:32:01,183264.04272650988,50527.002441263015,642023.1291297161
2021-10-19 09:57:41,181910.59688678265,49583.740042211015,691400.5504682983
2021-10-19 14:26:18,175613.81715483803,44384.76222961116,651950.5937275449
2021-10-19 14:29:35,175639.02351140464,44890.04840436663,706945.4246234633
2021-10-19 16:12:18,176470.1680844367,41030.02895414171,670038.7667203281
2021-10-19 17:08:51,176214.9775729111,45808.958917215634,671644.5752152705
2021-10-19 21:10:19,170628.8200742649,45005.80954280128,637243.9823205565
2021-10-19 23:15:59,172466.17519337987,42689.93190757946,690995.9812398967
2021-10-19 23:37:18,172731.1422610915,50309.104109658336,668782.1801017461
2021-10-20 01:22:12,172144.33625725892,45160.042066249705,648806.201158028
2021-10-20 01:52:44,171631.77598111768,48102.22515570351,626569.5491130423
2021-10-20 08:54:33,179401.073169775,46934.993450488466,696182.6040536333
2021-10-20 10:41:14,174159.58784568578,42114.49027677398,648563.0515239286
2021-10-20 12:16:22,170943.75190871969,43244.398832645165,619038.0540111599
2021-10-20 14:47:23,170653.86695368678,43412.183073841756,689299.5116674462
2021-10-20 16:43:27,171506.84549407865,42935.089809767276,727382.951738331
2021-10-20 19:59:22,167060.90952280068,41687.09998885426,668230.4635188583
2021-10-20 21:44:57,166666.9961196076,42086.11588357243,638899.0534642976
2021-10-20 22:19:36,167255.8660664882,42280.5991528087,613603.1085212576
2021-10-21 01:48:24,167603.9023168011,45420.69297321065,644203.6411623032
2021-10-21 03:23:50,167303.47004475674,42535.21126942327,722376.4380984455
2021-10-21 03:47:08,167831.5369116747,48588.17910915816,650762.2967302491
2021-10-21 05:01:47,171074.20040293792,46952.8522751872,674953.1543667635
2021-10-21 05:08:57,171460.68302892917,45457.458623505496,681841.7123312807
2021-10-21 06:10:46,174603.9792629062,45496.5152852918,633741.1270930526
2021-10-21 07:42:58,176161.108409844,39934.63034014228,699116.5935414524
2021-10-21 07:43:39,176152.6677237177,43826.10807762417,654518.4478793655
2021-10-21 08:03:08,175791.65453179672,46619.59991528868,708329.9883401983
2021-10-21 09:02:16,173518.43700638076,40135.62459099777,693651.6827521793
2021-10-21 09:07:53,173236.17659945824,49706.58007069894,639723.4341251514
2021-10-21 09:21:23,172529.74487674516,44193.26943399696,672241.8198108268
2021-10-21 14:46:49,162966.73572617737,44427.05305238027,597875.0711649349
2021-10-21 15:36:22,163067.11684361805,41242.24722432161,691054.0481147645
2021-10-21 15:45:02,163071.06618842288,42123.35052753998,606403.3119249898
2021-10-21 16:50:46,162675.51301642775,41330.7438557201,689680.0059295198
2021-10-21 18:22:27,160301.1488341311,39923.58767205719,612909.102265691
2021-10-21 18:30:54,159991.6319897581,40399.93823771297,623881.4342660615
2021-10-21 18:55:13,159067.6182132714,43596.15879602693,604617.4241083144
2021-10-21 21:46:39,155517.99888448135,41320.83374372047,543711.5810548748
2021-10-21 22:12:36,155700.63161190078,41089.08526289316,600374.7898962972
2021-10-21 22:26:14,155832.09161334828,40403.03728515425,578853.9880855394
2021-10-21 23:16:17,156289.48230255733,41172.25581511801,618261.9655385708
2021-10-21 23:38:34,156373.85107054582,42477.12101925345,638775.3668319709
2021-10-22 01:18:27,155169.07322222847,46733.34408615127,567297.2158494341
2021-10-22 02:13:46,153999.74124590904,42929.89838194303,573771.5355591116
2021-10-22 02:18:01,153928.56255586995,38387.094275238494,613383.181262767
2021-10-22 02:21:23,153875.58580793496,41907.74857794847,614387.9220863659
2021-10-22 02:52:04,153563.9009515835,41408.383310537785,562692.7338892397
2021-10-22 03:14:19,153574.13599040353,41227.14501076765,600077.6919599005
2021-10-22 03:28:39,153701.29038296855,40045.49179247303,608409.9001242395
2021-10-22 04:22:47,155032.0467544686,38629.67516265918,572983.2708289586
2021-10-22 09:34:25,156830.64641099845,40985.35789768264,555214.2582750638
2021-10-22 10:19:55,154586.85883864536,40313.40451967751,610919.7581071636
2021-10-22 11:08:31,152472.4610992503,37774.85216313004,533443.1521339051
2021-10-22 14:03:43,149628.98499269437,37992.71480622831,695428.813228588
2021-10-22 14:38:41,149834.172411892,41303.614370379975,542013.0681703072
2021-10-22 15:23:38,150234.9352057035,39964.333288065354,623828.986239412
2021-10-22 15:41:12,150387.2113795191,38840.79012352553,584232.704420593
2021-10-22 16:13:34,150589.6674019145,39232.637034325606,554004.2387794016
2021-10-22 16:20:43,150613.52839340962,36845.505660903946,602371.7981750172
2021-10-22 17:48:05,149991.67843606122,38950.76802297861,586502.0863425505
2021-10-22 18:29:20,149121.84229401112,38936.49533641677,549163.3403611056
2021-10-22 20:50:14,146666.82683098206,38262.43611943033,632377.8982643893
2021-10-22 21:14:37,146771.61385671818,41207.60158341353,506027.6104063185
2021-10-22 22:05:21,147545.0548922091,39307.44711691161,571175.261313623
2021-10-22 22:13:04,147709.62800670837,34464.61763693171,556829.819811061
2021-10-22 22:22:02,147909.49326993068,38447.345994445124,532688.6163618522
2021-10-22 22:41:10,148351.77613306852,32449.846984318814,551263.6485939897
2021-10-22 23:58:45,149772.76764271842,42917.843449463675,538418.7676404142
2021-10-23 01:14:08,149832.18202284802,37029.45035069808,609649.3798270291
2021-10-23 03:12:04,149944.25398363,36374.94773906705,567667.9998935479
2021-10-23 03:22:42,150176.7671951137,36989.78723743673,631267.3571232072
2021-10-23 03:30:52,150391.14485100977,33766.14458797876,566670.6666642617
2021-10-23 03:36:32,150558.31719359028,36201.45203591486,562318.1491713793
2021-10-23 03:41:37,150721.08258641182,38657.63037398555,566151.2384603808
2021-10-23 03:47:03,150908.32017079717,43976.617982717115,579982.8568810808
2021-10-23 04:09:48,151835.20370424454,39482.94565360085,567480.5832540713
2021-10-23 04:28:46,152766.66783679035,37625.16752595026,588008.0380682521
2021-10-23 04:30:04,152835.06806188912,41825.6345250221,570735.3204872393
2021-10-23 04:35:47,153141.954523808,38910.53141445115,583332.3591389433
2021-10-23 04:48:26,153852.2035002443,40962.51153098801,582474.2773971655
2021-10-23 04:52:33,154091.08349266445,38057.89162393267,545466.5389906524
2021-10-23 05:11:23,155216.04971297013,35710.69201680515,567209.4219414816
2021-10-23 05:30:21,156367.65131659358,40906.356920419625,553090.1804003997
2021-10-23 05:47:36,157390.07155907003,45338.4949129744,650870.2558614485
2021-10-23 06:37:09,159868.3249173606,42000.08751907951,594523.8545292012
2021-10-23 06:42:03,160057.39128065092,43368.59472820131,560186.5038798836
2021-10-23 07:30:32,161214.64165798252,35753.117593164076,614459.0572957437
2021-10-23 08:30:41,160821.4095792154,45911.01800075168,643001.9916487625
2021-10-23 08:39:47,160613.89418888284,41620.9830810666,640107.9318127104
2021-10-23 08:45:23,160471.22189538623,41420.100461969494,594496.1414834359
2021-10-23 09:34:51,158865.32746376598,40277.73235368529,537001.7372589764
2021-10-23 10:06:15,157709.43263535234,45569.46632691222,633520.4546172372
2021-10-23 13:36:10,154391.99727240278,39679.31648886157,564968.9494578327
2021-10-23 14:21:50,154953.86429392998,40016.849838352784,628023.741379092
2021-10-23 17:22:59,157009.53644694225,44022.412396853775,620624.8265701532
2021-10-23 17:35:57,156907.71032826026,37193.78188106584,595666.3501732084
2021-10-23 19:03:13,155338.56170259477,40994.4109264053,558102.4063331734
2021-10-23 22:12:53,155141.27923721535,39426.192124775014,612131.2783763866
2021-10-24 02:34:22,156540.25007701298,39564.80690371822,590427.1666853292
2021-10-24 03:27:42,157134.77252356205,40271.9743572703,580473.7782316394
2021-10-24 04:49:07,160451.53122445437,45217.733025003596,597081.5765105544
2021-10-24 15:16:08,157956.61130976927,42641.095955611854,533299.2255159364
2021-10-24 20:55:02,154245.09523955593,39547.523856999556,559456.8497841929
2021-10-24 22:48:41,155977.12674202974,42887.34614786993,558845.6784645412
2021-10-25 00:26:42,157228.29229055578,43170.027966984024,590405.045053765
2021-10-25 07:09:16,167410.7496159811,42077.585576248064,647919.8227852685
2021-10-25 07:45:16,167743.3686268773,43994.66489621362,695489.3525855911
2021-10-25 08:12:19,167496.86032359622,41957.345454821676,656265.4338335654
2021-10-25 11:38:14,160614.38977456512,46358.43419349047,662198.5563123784
2021-10-25 11:51:30,160339.99718989825,40730.91471687335,642010.7509217459
2021-10-25 16:45:06,162369.0282129013,42803.672499108485,584198.1498496104
2021-10-25 16:59:13,162398.29119962108,40816.700712328784,681582.6324760747
2021-10-25 18:28:36,161365.1250739216,38689.880976270135,611887.9942285621
2021-10-25 19:15:44,160319.861216262,40594.56523572951,613762.3615028689
2021-10-25 19:34:19,159936.0425316981,42615.52243680872,646873.8509152264
2021-10-25 20:52:21,159232.32268882412,41890.459047695076,591854.5678734612
2021-10-25 21:05:16,159308.92176028306,42411.04019058984,603101.2357455746
2021-10-25 22:41:56,161281.17620008928,40216.84728084339,613755.8742975546
2021-10-25 22:45:51,161383.62018555118,41098.38839489406,600148.8074323605
2021-10-25 22:53:29,161580.4310746451,40902.44199457668,610412.1614655135
2021-10-26 01:31:33,162697.06265148259,41190.00837577744,557348.710364824
2021-10-26 04:13:03,164740.1195960899,44250.38941646768,682585.6693638704
2021-10-26 07:35:32,173782.10683721374,45545.66187258538,603822.7643064449
2021-10-26 08:28:33,173036.1608520947,47503.45384459625,695346.0821862262
2021-10-26 10:18:34,168451.84715442566,47446.14534560441,665719.1958681862
2021-10-26 18:21:45,164114.91131255345,42814.46345471298,592021.8250464884
2021-10-26 18:43:07,163528.4438255353,43400.90082377682,635746.4273342219
2021-10-26 20:07:35,161391.18980024758,39738.94997682313,578938.7896125407
2021-10-26 21:27:05,161119.77874436983,42894.17243663805,615260.1201451449
2021-10-26 22:54:02,162734.2397645832,41832.19147485279,606144.6094100293
2021-10-27 00:18:01,163761.87545090044,42511.19861352139,652385.463083103
2021-10-27 03:17:07,162980.0903423868,39971.58626193543,625591.0147714437
2021-10-27 06:32:32,172234.79860968594,43305.430953929055,655574.5017852563
2021-10-27 06:48:57,172803.9224171591,46372.15765420661,693415.2795276949
2021-10-27 06:50:17,172843.48422821573,44387.721940655814,631727.351433595
2021-10-27 07:04:10,173192.36972817182,41421.61724229621,743412.7706428665
2021-10-27 10:40:55,167337.92851047014,44849.40454785386,655105.9673287325
2021-10-27 13:18:39,164143.2321806355,45951.25756249234,630149.8721661955
2021-10-27 17:32:32,165927.77810236134,42397.102272507276,634839.1822721622
2021-10-27 17:40:26,165819.62883849532,42185.65807776493,623115.8413052829
2021-10-27 17:58:29,165511.9073044619,40415.22590481777,607498.6628781441
2021-10-27 18:25:27,164921.18878189306,41297.24823599313,634085.2596075006
2021-10-27 18:38:11,164603.73360480377,43079.26754029822,647151.4249122688
2021-10-27 20:27:36,162306.36925598187,43477.79471880159,548224.6158391751
2021-10-27 21:51:11,162819.2160024652,42337.3385918933,615364.9839947969
2021-10-27 22:08:47,163178.24298411253,42063.638304003245,620755.0585857931
2021-10-27 23:37:59,165051.50471185206,45484.31043609286,607796.4250818841
2021-10-28 01:39:14,164723.62497761456,39803.90594972507,617062.6002460181
2021-10-28 06:28:29,173369.23137320246,45907.26004342863,733446.3226664863
2021-10-28 06:44:46,173920.19631031094,44074.350132018226,684323.5850751675
2021-10-28 10:22:00,168330.66889547545,42842.074460042786,612664.9934458006
2021-10-28 11:38:09,165134.4161554957,43232.65262650029,647641.0192055098
2021-10-28 13:03:36,163295.06905710872,42944.80497038751,573213.0050649116
2021-10-28 15:15:16,163416.98476648092,37513.971835896,628899.8222150983
2021-10-28 16:28:30,163606.25798737982,42644.92056167378,596373.1059473157
2021-10-28 18:12:37,161760.94891146602,38732.64502697376,618331.3025548727
2021-10-28 18:18:30,161577.81090799137,40306.74015496838,670841.433152284
2021-10-28 19:39:44,158869.43821671538,41591.181626625046,603588.9632896621
2021-10-28 19:43:09,158767.72700906105,41805.03491548558,720518.3715048945
2021-10-28 21:17:27,157318.8319385178,41473.32702637819,570028.3995689396
2021-10-28 23:28:41,158718.2478998343,38346.32574484967,621811.5352247114
2021-10-29 01:12:35,158072.49792035588,38983.360288446,582846.7861877233
2021-10-29 02:11:35,157030.72603257277,42237.10123847043,584541.2624477745
2021-10-29 03:06:07,156749.0474353897,43506.94326559799,646314.5043969332
2021-10-29 09:00:05,163268.92522256367,44628.30847399948,640062.2957647333
2021-10-29 09:25:37,162140.50857318606,43545.175267769766,647467.9885736003
2021-10-29 09:47:50,161098.7294246855,42404.30999312048,611491.2653488821
2021-10-29 10:00:46,160489.34024895116,42447.76334006879,577530.0726597004
2021-10-29 12:29:00,155616.6964673342,41331.53153130686,599316.1150268181
2021-10-29 13:54:11,155334.10072305013,40000.79213794656,630991.3275094618
2021-10-29 15:38:15,156552.68310278104,43742.60886656272,602938.1525315233
2021-10-29 17:08:34,157068.62857565732,39978.2858105736,591767.5922616668
2021-10-29 17:49:25,156685.74007315657,40068.11275127381,606861.1310271135
2021-10-29 18:22:39,156104.23413080533,42272.019450642016,634052.1244657267
2021-10-29 19:37:32,154534.68300104077,40397.88659383032,601925.8116902147
2021-10-29 19:46:52,154378.881642731,45465.18673081581,555145.2594806007
2021-10-29 22:47:58,156404.4309588441,39785.930790957624,610129.3543099955
2021-10-30 01:14:43,158419.9419758891,41983.631358898296,632168.3618325585
2021-10-30 07:44:56,172373.88660528613,44443.315807580766,662184.2503334489
2021-10-30 13:37:00,166632.33887659007,42607.2328731827,660264.1306925674
2021-10-30 13:39:52,166673.32648704454,44923.859390351296,583258.2828469139
2021-10-30 14:23:30,167479.02830790993,45879.97795184553,647394.5700265487
2021-10-30 16:25:56,170161.91765157325,41941.928103496,593631.122513438
2021-10-30 17:14:58,170545.56621248956,44332.49958844523,642246.9973048898
2021-10-30 20:13:02,168213.7420275516,45601.4773560047,600731.6296486325
2021-10-30 21:47:56,169221.80131996342,42447.09259542647,651121.1015671631
2021-10-31 00:32:41,173094.3017212559,47133.608878604624,665009.8728908919
2021-10-31 00:52:13,173120.32008231443,45359.56885653342,654036.8730253526
2021-10-31 03:30:41,173819.03914411465,45407.920006944885,624756.4799833045
2021-10-31 07:08:26,185611.3371288689,53103.28981369955,661211.0751419842
2021-10-31 09:04:27,184194.64707008816,49095.205241181124,699188.9577602765
2021-10-31 09:05:37,184148.11037339983,47946.24499121431,734111.3596822566
2021-10-31 10:15:35,181040.95138605108,51469.153144981,761307.4725597914
2021-10-31 10:36:24,180145.96217391433,50720.751509423186,707816.2923315648
2021-10-31 16:48:14,179650.85162568517,43255.1772820657,665620.3349220508
2021-10-31 17:22:53,179564.20909930472,46914.28067451116,708981.6795459418
2021-10-31 19:49:52,176602.7702170537,47915.208289955684,625957.9326574403
2021-10-31 20:33:12,176152.48767292878,45922.79767734192,660016.8371338125
2021-10-31 20:47:27,176156.27654936435,45366.89648482929,634750.4737727442
2021-10-31 22:08:00,177579.82608526008,43667.812547371315,678141.2090917845
2021-11-01 01:17:15,180825.10737775764,44590.265818120875,666668.7374844678
2021-11-01 08:57:58,194600.27390093752,51767.75235677375,766963.6947241693
2021-11-01 10:18:52,191416.37055535155,49182.871689120846,687496.872248051
2021-11-01 11:43:35,188869.70530859806,50400.03708766938,706811.6523151698
2021-11-01 15:26:05,191421.7823137086,49526.99860079295,722970.8501875101
2021-11-01 19:14:52,191668.10749644486,48115.646348799564,726581.637685666
2021-11-01 20:04:32,190940.00029061275,55589.05637967734,734114.1902037917
2021-11-01 21:48:47,192258.3856030811,46058.594989962694,779808.1523438422
2021-11-02 03:38:21,198805.792904056,50711.84569238456,698480.470674795
2021-11-02 03:47:04,199220.87202203678,49145.22279997691,808620.7387734479
2021-11-02 03:58:30,199833.06833511408,53050.0342055079,796398.5947111917
2021-11-02 05:01:21,204301.83780133823,50541.709927322256,723988.8458389763
2021-11-02 07:24:01,213105.1526760528,59008.03242806301,814614.5221464561
2021-11-02 07:53:08,213314.06269183577,63266.42061157317,871166.9269694127
2021-11-02 10:24:44,207635.7661380933,47368.78546175587,847620.3195147141
2021-11-02 17:39:28,206932.44447270402,51690.41303123695,806972.9684591338
2021-11-02 17:42:46,206883.7085171192,56125.11191849307,827349.4691105834
2021-11-03 00:37:48,208271.19279638372,55021.265432813685,815003.8856773118
2021-11-03 01:59:49,207744.75516759884,54256.604426399805,755455.509632546
2021-11-03 03:08:30,208223.1293085434,51632.30278537728,805899.8988966927
2021-11-03 04:19:47,211583.9126014635,51573.558792179785,815917.1926984508
2021-11-03 05:22:59,216569.10788421254,51733.8799218388,779863.4601296864
2021-11-03 06:51:23,222705.18997084186,59551.6868763762,811679.9860487151
2021-11-03 09:24:37,221006.20734062127,57118.51075217067,800894.5528046082
2021-11-03 10:25:12,217926.72670150065,60932.26054297736,832585.8029510474
2021-11-03 13:33:58,214256.8545358263,51878.48261183262,922274.1700605009
2021-11-03 15:57:14,217461.9683557598,53315.641590109,843205.0594481255
2021-11-03 16:01:54,217558.9260169042,54422.74744927635,853507.3217390592
2021-11-03 18:19:25,217294.75882364242,52346.02155215802,792540.279115311
2021-11-03 20:47:45,214463.6678302882,59137.16711409426,726537.0505902964
2021-11-03 22:05:08,216111.65700216967,53876.00645080463,790944.6196785049
2021-11-04 00:40:28,219997.10343341317,57231.83817660449,812194.8140830623
2021-11-04 01:51:13,219420.51610556047,60673.137814579495,830796.3185090269
2021-11-04 03:58:21,221666.63381399732,60059.79241426187,850222.4561580832
2021-11-04 05:19:05,227634.8159192293,55181.13165004149,901371.8953295893
2021-11-04 07:37:25,234799.5418009133,62683.89745059995,835492.9973511545
2021-11-04 09:01:24,232201.13426237836,57976.942462981606,833100.4272594529
2021-11-04 11:55:27,222645.43242593535,54127.70813955752,818441.2072641298
2021-11-04 12:50:04,221348.51753590483,55780.37168357323,937871.416423483
2021-11-04 17:03:03,222240.16955564087,60225.68802638904,889753.8197265271
2021-11-04 18:54:51,218629.35130693176,57912.9181103018,853914.0117304944
2021-11-04 22:51:38,216610.22549765292,54462.210324910215,788341.3768518701
2021-11-05 04:04:15,216862.77780997808,54944.81210925877,786815.6993639445
2021-11-05 15:00:08,215082.69627421026,62646.264640452435,845246.5782688614
2021-11-05 15:08:28,215241.53245242266,60132.92344394706,794234.0439364323
2021-11-05 15:16:37,215397.65857007235,57399.015017515914,825123.0505849494
2021-11-05 16:45:46,216548.36917584922,57515.90768345808,781531.178301616
2021-11-05 16:49:11,216552.9775898466,60210.76997294809,886482.4542216792
2021-11-05 17:24:40,216359.18370973633,53327.86383375787,796393.3209494193
2021-11-05 18:20:23,215210.85102231774,50868.88600262119,768013.9653201691
2021-11-05 18:34:17,214807.89205355645,56152.196980262706,707039.9994015896
2021-11-05 19:51:47,212612.5422252417,62190.46636929496,756381.8423534582
2021-11-05 21:57:31,213466.1971142816,53810.30846296742,751463.0565251228
2021-11-05 22:07:56,213820.5151794202,56914.98492760119,713064.1003953476
2021-11-05 22:28:33,214579.15372503325,53211.450942096475,768285.7414154987
2021-11-05 23:16:50,216352.8790015999,52960.55590580757,774057.7966419496
2021-11-06 00:37:38,217897.22716761232,54268.12252276503,758120.810327128
2021-11-06 02:46:34,217864.84856884874,63705.01902477333,899046.4613157337
2021-11-06 03:31:06,219203.2590422275,62232.83015719908,863703.0977537011
2021-11-06 03:43:19,219801.68602502588,55866.336686498864,922965.0675488316
2021-11-06 03:44:20,219856.04643378223,52694.26071027222,801318.9855343505
2021-11-06 04:26:11,222656.73520207359,60058.139855363544,809131.3304775218
2021-11-06 06:19:41,232483.3621874438,60242.970697301855,879836.6768474992
2021-11-06 08:59:04,234390.72223158393,61277.022016754214,854384.1043241592
2021-11-06 09:37:01,232594.74434283015,65311.45093141759,970830.4664118174
2021-11-06 10:27:05,230052.72781443706,60439.495138244645,911281.5536293453
2021-11-06 10:53:22,228864.5016321532,62172.32745802123,916168.8884310062
2021-11-06 12:19:29,226514.39692659938,59316.082456809796,928474.7851295853
2021-11-06 12:37:47,226364.3681048791,61043.29957331729,840132.5033540406
2021-11-06 13:11:04,226395.7098648494,59546.80332898846,802071.2210069074
2021-11-06 14:01:38,227100.79561150898,58159.93334966283,806401.2718390119
2021-11-06 14:32:59,227836.5929858506,58511.72908327971,806075.4795647174
2021-11-06 15:22:56,229210.01970533267,57169.141141811,839826.7426772533
2021-11-06 20:05:14,226771.57946752978,58399.31562163561,908144.7774945032
2021-11-06 20:18:47,226572.17283072116,61924.47575156903,836160.3893520238
2021-11-06 20:24:27,226512.7069377419,61431.421096970524,905646.23212889
2021-11-06 20:29:18,226473.62291897708,60515.98602112312,855974.5090047326
2021-11-06 23:59:05,231262.37652398177,60093.58532053965,937554.6697968774
2021-11-07 03:00:42,230296.11047493858,57472.43510508351,958022.5249043397
2021-11-07 05:31:24,239156.9136320161,65477.843514397835,895884.3465474531
2021-11-07 09:20:32,240755.62727284012,65872.76712271704,922188.6127032993
2021-11-07 12:39:33,230269.99947493256,56866.65784176034,956588.3143324107
2021-11-07 12:41:04,230239.90586965624,59019.32183053454,816239.6928851681
2021-11-07 13:48:25,229696.1022819882,64132.859953811036,928878.5642692758
2021-11-07 14:02:48,229753.6740235113,57042.76495752377,801173.0874830752
2021-11-07 17:07:42,230865.6075102602,60043.987420263715,899148.3974678407
2021-11-07 18:20:42,228787.7219468154,65138.82665093901,848853.4900200653
2021-11-07 19:06:34,226850.33474735037,58972.36941635357,898485.0854712593
2021-11-07 19:15:38,226466.89635249742,64169.12197798932,831368.9367073345
2021-11-07 21:04:47,223885.3674199136,56415.625361994775,917600.2539388984
2021-11-07 21:32:27,224100.6340967665,63489.37942639896,861783.0762918456
2021-11-07 22:47:29,225882.23685698997,54450.53112063651,939423.0561222992
2021-11-08 00:28:45,227258.3219932294,56215.3964753745,787996.8932133227
2021-11-08 01:42:35,226126.54626506192,57046.786111269415,773124.9088829411
2021-11-08 03:29:16,226188.79133134498,58247.659006491565,866002.4454202978
2021-11-08 04:21:04,228728.0730258386,62372.295086802296,894377.2014396141
2021-11-08 07:13:35,239809.37523466608,61101.417059355685,888542.5328216275
2021-11-08 08:19:49,239209.86594812333,56763.15046625466,954773.7074072364
2021-11-08 08:44:06,238186.6107434481,67611.94775521001,924119.64893418
2021-11-08 09:22:06,236045.36905229726,62075.99698034438,958858.0775433197
2021-11-08 10:43:44,230942.4037587898,61186.6408955725,816650.9342968328
2021-11-08 14:20:47,226813.85420751476,52292.1407705877,933803.3807777355
2021-11-08 14:45:15,227203.34105216558,60881.40135784468,762938.6043002022
2021-11-08 15:11:48,227681.90214561735,55429.28271864053,942183.3527717623
2021-11-08 16:41:28,228725.93231852516,59323.66529194901,879237.5897556376
2021-11-08 17:04:20,228622.57414189697,59757.091827787495,848744.4079923268
2021-11-08 17:16:59,228477.52225718056,59017.24330793824,857544.2984167862
2021-11-08 17:29:22,228274.02512304622,61919.84547054048,887036.3311254302
2021-11-08 21:51:19,223181.72938808094,61152.39649983027,866571.3502559004
2021-11-09 02:29:59,224255.72545122626,61932.81395492028,837350.8791049713
2021-11-09 02:43:19,224203.54094958535,50371.933010399756,869041.5087862541
2021-11-09 03:07:34,224363.6262041028,55771.48756023186,838025.997681016
2021-11-09 05:21:36,231486.28283826573,56549.15969817167,854404.5318807155
2021-11-09 07:26:38,237394.25545497568,64416.133324394046,940512.9804541694
2021-11-09 09:47:57,230837.795013076,61423.45753655921,993645.6240922363
2021-11-09 13:26:01,221014.76588166456,56272.65607411856,843358.3604032234
2021-11-09 16:29:16,221473.26856000733,55380.6364402107,790286.5268815625
2021-11-09 18:11:55,218952.49223787498,54054.73766823979,936269.7221965067
2021-11-09 19:53:22,214458.70577981282,54479.23500252912,875558.271811892
2021-11-09 20:14:16,213773.32040791112,53644.08895149662,803481.4659945911
2021-11-09 21:47:54,213092.02669214914,48767.14527972064,757890.383502562
2021-11-09 22:34:46,213896.23104045793,60957.96900206468,783659.8825379376
2021-11-09 23:13:43,214600.60659767565,58567.62229199454,910676.536982012
2021-11-10 04:55:50,216547.91675531236,56741.223074791014,809033.2488128309
2021-11-10 05:19:59,218174.7793672047,58699.27204072748,829694.484054178
2021-11-10 05:59:44,220752.17209187802,51932.301993627785,833828.2404792496
2021-11-10 09:45:39,217399.94216287442,55419.60348743839,911984.4487965892
2021-11-10 13:01:14,208477.32771388782,52116.49081289521,788877.3438870659
2021-11-10 14:47:10,208459.69688819125,48022.58622651171,803804.5717515651
2021-11-10 15:42:38,208975.41336882088,56434.49695630966,838675.8163026492
2021-11-10 18:00:42,207410.6232954986,50514.97392260244,771322.8251107986
2021-11-10 18:19:53,206717.83936788724,51596.61030336727,738564.9360647884
2021-11-10 18:49:00,205543.01059003748,54908.15720889705,823505.7896404858
2021-11-10 18:53:05,205368.60102621993,60643.043272036295,800459.1376288736
2021-11-10 21:54:30,201932.25641329068,48289.69233133883,796840.052248397
2021-11-10 22:03:51,202076.76795691872,52033.128200585656,770621.9787781208
2021-11-10 23:55:10,203678.7849696946,53631.60147655145,815130.8625251472
2021-11-11 00:49:40,203173.18662046015,49479.635121324034,695440.9369591473
2021-11-11 02:24:42,201053.33024908806,52408.018954893705,738237.8189048404
2021-11-11 03:07:14,200821.86290740807,48866.937594230985,722798.6579217619
2021-11-11 05:33:01,206951.0372434122,52091.666789301176,834360.5405588064
2021-11-11 05:53:35,208117.51871037882,59016.84361585758,834845.0926214965
2021-11-11 07:41:36,210436.20530936486,50845.15485443846,763349.9648918441
2021-11-11 08:21:27,209150.49248982556,50059.50894020113,767635.4905078657
2021-11-11 14:24:43,192932.16908599023,50390.313757680036,690716.2578150219
2021-11-11 15:26:01,192814.8634516441,50239.114335682374,649458.0784375432
2021-11-11 17:27:30,191067.32265194872,49084.52709319588,718812.9613435253
2021-11-11 17:35:06,190813.37957278293,42788.23191794537,756161.6855261236
2021-11-11 17:39:54,190643.6584796551,41642.60342594283,661609.9494307818
2021-11-11 17:48:27,190324.1713664232,49504.18596548644,735296.6192863018
2021-11-11 17:51:15,190214.95476225566,45713.23686298925,731780.5624950097
2021-11-11 17:57:11,189976.42597309398,50307.62755015107,749800.4141844076
2021-11-11 18:36:01,188225.0145433502,54274.42930372744,677156.9518225242
2021-11-11 19:24:23,185880.67326608484,53392.77553583191,717416.2119059578
2021-11-11 19:37:17,185293.68140873895,49274.41960453164,745095.8593763926
2021-11-11 21:03:30,182705.26682502573,46996.025905704075,711590.828161615
2021-11-11 21:37:39,182473.241425682,49404.013277297156,671299.5534862541
2021-11-11 23:23:57,183078.98692330136,39450.17413790431,744792.7390394936
2021-11-11 23:54:59,182997.1645531718,47039.326392684474,720413.5372150922
2021-11-12 02:25:42,179498.19441249923,47359.40112784381,657071.1265530952
2021-11-12 04:46:37,181534.4734161252,50439.50615701002,707011.1053502844
2021-11-12 09:32:34,181702.35824890475,48018.482233419265,702541.7373320963
2021-11-12 09:58:48,180107.8579819593,47160.19877358261,658705.9730101704
2021-11-12 13:12:28,172680.17085269047,46903.751219413505,684427.5479616129
2021-11-12 16:09:41,173188.65364828496,38669.71948220653,677011.8474296246
2021-11-12 16:11:24,173192.67620081836,41148.36870086795,683775.6507646011
2021-11-12 16:46:11,173137.41657733498,41496.88100445616,663852.2576915197
2021-11-12 16:47:32,173129.34404666763,45794.2660158691,655294.1762046354
2021-11-12 17:07:09,172956.06808042448,48724.269777663474,672474.820943381
2021-11-12 17:31:10,172597.13101004518,43639.23229883671,665356.7088731219
2021-11-12 17:44:38,172326.7621969153,44338.53943774902,696292.4947967309
2021-11-12 17:55:03,172086.29791003632,44807.14362035037,614930.9901669195
2021-11-12 17:57:21,172029.79410241207,44196.969470457916,627161.4484014614
2021-11-12 18:19:13,171439.6649420884,45028.596363282755,730912.9699487186
2021-11-12 18:27:07,171207.19024635592,43118.6399641408,666367.7094524787
2021-11-12 18:56:28,170297.82728099843,41262.9486506264,663884.8690691687
2021-11-12 19:28:15,169337.14915031928,44723.533750303286,630414.723900442
2021-11-12 20:14:09,168293.5826102332,44638.932144530154,604111.1789069376
2021-11-12 20:18:48,168223.46561883469,46758.28769084308,651599.6388117482
2021-11-12 20:24:25,168149.10405526837,47482.56785909168,653240.2038953967
2021-11-12 20:39:11,168009.81773256432,42858.90321470307,631228.972903624
2021-11-12 20:49:19,167962.8705368145,38454.84670310223,664936.9544929024
2021-11-12 20:57:52,167954.4331518947,46235.40173960616,641655.8638284531
2021-11-12 21:01:35,167959.6122954577,46781.55970957767,619932.1904708629
2021-11-12 21:14:05,168015.5426924448,48205.32705103728,701611.4470640612
2021-11-12 21:35:25,168239.66146055594,45912.55014674854,599802.9709910741
2021-11-12 21:43:55,168369.29663990397,44994.71299151612,636985.2493860231
2021-11-12 21:55:26,168575.8488135843,44903.44061538194,722597.5531975689
2021-11-12 22:00:08,168669.01147195246,45655.25637986483,638378.0970240596
2021-11-12 22:25:14,169228.46803252737,40274.76770977795,670290.6913832806
2021-11-12 22:34:58,169461.68487979582,43027.8391532021,657988.8623989582
2021-11-12 22:46:43,169744.57400314897,43819.49532606345,615073.4690214089
2021-11-12 22:49:01,169799.415049539,44968.251926396166,621088.4713992021
2021-11-12 22:50:01,169823.15956193765,47407.512770314526,640367.0785688437
2021-11-12 23:24:05,170558.28149931386,48995.74363316632,717074.5844388094
2021-11-12 23:33:50,170727.78479350024,49994.91265198989,625848.2773348067
2021-11-12 23:50:36,170960.5345789172,45085.31506357955,689225.0059007896
2021-11-13 00:07:19,171110.15696966182,40715.04312371533,620611.9343757142
2021-11-13 00:10:37,171129.54012130605,50588.227020343205,682959.7118384314
2021-11-13 00:42:57,171148.51339445764,45954.41548401291,654073.3686829569
2021-11-13 00:53:40,171093.91648811745,44116.844674427484,629090.48593156
2021-11-13 01:27:14,170799.59625729258,47831.73439525404,649219.7942563382
2021-11-13 01:31:36,170754.6447840576,42710.31665559822,585541.5490902809
2021-11-13 01:33:44,170732.67405563142,49769.61164162771,661574.9389779007
2021-11-13 02:02:53,170466.56379765764,53744.301604343724,654180.899230591
2021-11-13 02:07:12,170438.10644173613,52866.46889152262,656331.7253818145
2021-11-13 02:13:01,170406.69345093178,44181.22804496882,602432.9222810789
2021-11-13 02:21:21,170377.7780785391,45169.79191419167,617314.3585160183
2021-11-13 02:24:57,170371.89866149682,42716.595501979515,638673.7691620794
2021-11-13 02:27:42,170370.33761385418,45520.20200478523,619465.5863817168
2021-11-13 02:37:00,170385.42886787525,44953.11245122926,696000.258119328
2021-11-13 02:55:36,170522.70911413975,45725.89106983365,590621.1773020183
2021-11-13 03:39:48,171533.11174128082,43490.01744475199,715653.5414034827
2021-11-13 03:51:36,171977.27972504837,45286.56569438477,613003.3044826936
2021-11-13 04:36:58,174298.2715971763,47736.27243377161,663189.0542379343
2021-11-13 04:47:50,174968.367267401,41583.11719419525,592649.5541929213
2021-11-13 04:55:58,175488.83879939857,48863.58451298016,639320.223312938
2021-11-13 05:24:19,177368.74397169406,46604.270316330374,594345.7092067633
2021-11-13 08:26:34,182521.87475963184,46126.569362689435,659325.0813901116
2021-11-13 08:49:59,181836.52266377772,51606.19202217602,667083.6907336657
2021-11-13 09:44:52,179621.4694994698,45656.584440401,660316.1197942321
2021-11-13 11:35:51,175469.39233938535,47377.5539422731,635723.240353927
2021-11-13 11:40:56,175345.5974349407,47499.093582408874,688613.5924373063
2021-11-13 11:46:50,175211.22564154587,46041.64489645542,675972.9138180875
2021-11-13 11:51:20,175115.51820242635,45296.44892326037,710456.1804010657
2021-11-13 11:58:22,174977.75412468496,43538.94118933837,631628.7200396899
2021-11-13 12:42:30,174441.63075849533,51792.3871898487,614349.7263230316
2021-11-13 12:57:43,174384.33853341136,45406.54414072905,666173.6274718529
2021-11-13 13:03:44,174378.7870530501,47914.33698123317,690157.556601489
2021-11-13 13:14:38,174392.45707556204,44990.41851883005,692143.8809698435
2021-11-13 13:28:01,174449.18836998957,45072.481477625515,636417.0298685328
2021-11-13 13:28:32,174452.22378970793,42296.3055583651,725423.9217068412
2021-11-13 13:31:48,174472.8215152876,43327.261682597105,592968.637709309
2021-11-13 13:46:51,174597.77181615343,45269.47888505532,654418.7250627865
2021-11-13 14:11:40,174899.5105631028,42760.54708309201,634154.4540755753
2021-11-13 14:13:49,174930.47873336766,45254.77616981028,638642.7348191016
2021-11-13 14:20:36,175032.49118889612,38146.527703976615,644865.2325884121
2021-11-13 14:32:42,175228.77642386587,43159.864292068814,646881.2326786843
2021-11-13 14:35:01,175268.15287775133,46158.13028492556,605581.3453878409
2021-11-13 15:15:37,176006.97945486367,46539.73016250224,577360.0902996185
2021-11-13 15:19:54,176085.67605115613,44892.97662493861,610368.5814884166
2021-11-13 15:24:54,176176.47301399388,45236.81791257505,730803.5194720952
2021-11-13 15:29:07,176251.85842504102,47917.74846062504,632219.7237256572
2021-11-13 15:29:26,176257.46825579295,43429.946766130925,679212.080268826
2021-11-13 15:31:51,176300.01718344618,46749.84097158573,675064.8555017962
2021-11-13 15:32:11,176305.84792845987,44370.06420662126,688376.8929700674
2021-11-13 15:46:50,176550.84343955692,50912.978147600144,727242.6638177811
2021-11-13 15:53:32,176653.8157917914,49078.737109981106,761818.5344737144
2021-11-13 15:56:57,176703.6629970396,43960.05633503813,662567.766326579
2021-11-13 15:59:50,176744.20254879055,46763.146103260035,605438.1755013434
2021-11-13 16:04:58,176812.67140013305,41351.56712361318,771136.9550273287
2021-11-13 16:10:40,176882.70497531854,47796.67615368724,679308.1008511101
2021-11-13 16:11:03,176887.1754523191,43019.429008004714,598959.2185151412
2021-11-13 16:14:29,176925.8098822117,45239.523067731294,644127.4669814658
2021-11-13 16:25:28,177031.341376201,43333.26897253532,672730.8537527302
2021-11-13 16:36:14,177105.5727333627,47980.9360699927,700457.4687069597
2021-11-13 16:42:30,177134.33377830344,51389.90932875634,743615.4036432534
2021-11-13 16:55:13,177157.84856462383,48430.35448696813,652435.5522018817
2021-11-13 17:07:19,177134.84796637858,43707.58100875685,674713.6649526397
2021-11-13 17:08:18,177130.98672587448,42492.25471635498,662337.0968753682
2021-11-13 17:11:05,177118.42150474087,45040.82331670012,657708.534822282
2021-11-13 17:11:24,177116.83860330243,43840.33248613572,609999.3400349885
2021-11-13 17:13:27,177105.8331282467,43908.53670334047,777792.325057977
2021-11-13 17:22:13,177043.96571564273,46155.75928563881,700478.8877939456
2021-11-13 17:35:31,176904.86065879036,45991.735365877714,722212.2704389847
2021-11-13 17:42:16,176814.03432147508,45096.11199097304,657652.858003016
2021-11-13 18:03:07,176454.43608976543,44049.41216483807,655306.9120164036
2021-11-13 18:20:42,176071.9659401106,46772.15337401263,665404.5080812604
2021-11-13 18:21:07,176062.18511122928,45334.23972119481,661785.6571067137
2021-11-13 18:22:44,176023.9624104657,48845.04424039524,678880.1488542528
2021-11-13 18:24:03,175992.52056465857,47315.475513700796,642516.1683541999
2021-11-13 18:30:44,175828.96417018518,46341.44109192901,634956.6992428537
2021-11-13 18:43:04,175513.28119160395,47368.48489974377,678961.6873214873
2021-11-13 18:47:46,175389.71399715007,46120.728749666574,669484.6888254579
2021-11-13 19:01:21,175028.63584080627,43352.48984419465,652560.1706846844
2021-11-13 19:06:50,174883.29063327014,44530.29945084009,644857.4124696861
2021-11-13 19:08:02,174851.6522156305,46360.447186778394,708513.1818103828
2021-11-13 19:10:45,174780.33654524825,43379.11283875344,693047.1057414715
2021-11-13 19:19:01,174566.91208805333,47514.15147951779,682569.4586830923
2021-11-13 19:47:26,173908.27980641133,43163.63818135806,549411.9234228348
2021-11-13 19:48:41,173883.0798684032,41260.568045535954,639401.2327118142
2021-11-13 19:58:40,173696.40742662014,47412.72475694511,619189.8094521442
2021-11-13 20:00:49,173659.82276046165,42280.4357850586,734021.9944583994
2021-11-13 20:02:48,173627.2806771999,42581.622485808155,713541.6267454418
2021-11-13 20:06:07,173575.52257273975,45168.359022429635,632099.7216471515
2021-11-13 20:12:13,173489.37160530424,43154.59924659074,673045.456946582
2021-11-13 20:28:02,173324.55223958794,47227.60533823298,645924.597846727
2021-11-13 21:05:25,173302.5956461547,45608.68317705528,665276.1310481598
2021-11-13 21:08:54,173327.38546220263,46345.61682362531,699379.2612864661
2021-11-13 21:10:54,173343.6240734089,45419.24931235048,635402.3203485453
2021-11-13 21:35:38,173658.19479697786,40899.42560428943,571761.316653946
2021-11-13 21:47:32,173876.30854481744,47438.56285958589,683328.6697668089
2021-11-13 21:47:49,173881.95363746362,44132.69602736666,614695.6471365931
2021-11-13 22:05:06,174259.4209531548,45452.96515801207,644869.9930092032
2021-11-13 22:39:08,175115.9763798007,46623.50117859464,714309.0871035558
2021-11-13 22:43:00,175215.35500770918,46624.96729491551,717095.7731620938
2021-11-13 22:45:24,175276.67486389598,46551.55364540326,636629.9504082856
2021-11-13 23:03:21,175718.28810018802,47744.94122873028,649026.8219573537
2021-11-13 23:06:09,175783.26778626614,48044.6391095757,694416.726420778
2021-11-13 23:06:52,175799.6836025475,44051.845885119925,651330.9139605449
2021-11-13 23:15:37,175992.20002862203,49851.90539767624,692526.7225476269
2021-11-14 00:12:47,176737.99599884223,45723.780386720675,686075.7913828046
2021-11-14 00:18:02,176753.58160616778,47813.7254595682,656299.7683665605
2021-11-14 00:26:00,176759.85585852034,45760.299240350214,632889.9075721136
2021-11-14 00:41:33,176714.96942591068,44713.99838323475,707941.0123282284
2021-11-14 00:45:24,176693.08172415392,44795.88666924558,681716.6686815774
2021-11-14 00:57:42,176598.2139847816,46486.43633363455,683129.7621664664
2021-11-14 01:24:30,176295.31035120564,47892.47149695649,671501.5195748784
2021-11-14 01:27:06,176261.8149758457,44072.67001024116,741069.3997524856
2021-11-14 01:46:04,176016.0017612328,47317.60169232623,730153.3185169009
2021-11-14 01:56:43,175888.08534178548,46710.1417862685,710531.3030561336
2021-11-14 02:05:08,175798.96133439586,45569.61008240604,659524.2139418897
2021-11-14 02:22:25,175666.69574931747,45926.636231276774,727394.7419486047
2021-11-14 03:13:21,175922.77627161323,48514.97752202052,688321.4389987085
2021-11-14 03:39:54,176561.37242697494,43727.648089639064,649417.3855277033
2021-11-14 03:42:20,176638.69528678793,43495.27393902929,668797.0774606321
2021-11-14 04:56:02,180245.90603641435,47064.084084493545,680831.4618645277
2021-11-14 05:31:41,182466.15170563755,46009.71827388976,754374.0731151525
2021-11-14 05:32:46,182533.04293248107,45158.381438658755,716223.444076448
2021-11-14 05:48:30,183481.208884131,51237.57195263382,768001.4277453264
2021-11-14 05:56:59,183967.21646039354,50166.02411001393,654012.8574247925
2021-11-14 06:07:40,184544.64576583286,45032.56783632525,714124.6283483349
2021-11-14 06:25:52,185415.70180719637,44576.451457906944,731574.8011172184
2021-11-14 06:29:14,185558.70598408303,49391.57535493026,712231.158170751
2021-11-14 06:35:10,185795.48750862188,46999.13553417775,722227.1277607548
2021-11-14 06:40:22,185986.2971023186,51365.988514781304,708894.6470594002
2021-11-14 07:06:05,186680.56083569294,48660.99131974811,683622.29768807
2021-11-14 07:41:16,186907.21847109322,45220.76003632056,698819.3872919229
2021-11-14 08:04:50,186596.41990614563,49738.875267487,758376.696074661
2021-11-14 08:38:47,185588.39706658124,46684.094633427565,701918.1441979716
2021-11-14 08:45:37,185320.037775153,44628.13905126978,725280.239563418
2021-11-14 09:09:29,184256.2816084746,48357.766864577454,630412.2335782158
2021-11-14 09:15:32,183962.1623307265,43693.56352540412,684147.1378536493
2021-11-14 10:43:01,179508.285319544,44551.02797155684,760567.5185943003
2021-11-14 10:50:02,179186.154592579,50293.44682345262,720997.929237577
2021-11-14 11:42:28,177170.22747666348,45989.78822113369,655294.0521864165
2021-11-14 12:00:43,176651.56305794689,48992.211543730926,637898.5417743203
2021-11-14 12:09:09,176445.4988509789,52599.94524065043,650687.7060897552
2021-11-14 12:22:13,176168.12900413605,45585.64967586294,616779.5089874151
2021-11-14 12:33:38,175967.040655707,48858.19855390109,664287.2772502528
2021-11-14 13:00:45,175638.73837090327,42432.42115407045,660216.6666982946
2021-11-14 13:04:34,175608.76453429562,46473.29487408853,609940.0576779839
2021-11-14 13:07:18,175589.66663397738,52815.26240580994,641449.5320347092
2021-11-14 13:44:35,175513.39388703406,49413.58343776714,613440.1064238297
2021-11-14 13:50:46,175531.0247992296,42496.12613988932,677913.428738797
2021-11-14 14:22:08,175727.51165856337,47157.04557210799,673829.3981618421
2021-11-14 14:53:15,176048.96362856848,47878.95945819082,674502.8231992337
2021-11-14 14:55:40,176076.9203005839,48039.648846708085,669101.0493245862
2021-11-14 15:00:45,176136.41463433692,46923.75722994809,778776.5457973056
2021-11-14 15:12:44,176278.2861450592,39818.14888916162,688217.4549581658
2021-11-14 15:16:45,176325.6272088063,49024.07429020441,693802.1164542165
2021-11-14 15:26:35,176439.1549968663,42179.90805895885,626326.2385166724
2021-11-14 15:29:15,176469.0574293601,47816.89297017326,651143.5752868473
2021-11-14 16:43:22,176884.53860240802,50297.10331905994,725945.6344317341
2021-11-14 17:38:50,176293.80649847785,43049.352844999084,688841.7919748893
2021-11-14 17:52:22,176014.71493538155,45142.83032172143,689000.5450377221
2021-11-14 18:02:03,175786.63324552999,46009.006588653814,689789.2004430031
2021-11-14 18:59:06,174133.72970462238,45064.84257494688,667701.2666389924
2021-11-14 19:02:55,174016.0174459065,44720.40923187363,691122.9730045566
2021-11-14 19:05:28,173937.70282856005,45613.85063085537,665945.8008231953
2021-11-14 19:16:36,173601.14843481913,49340.824080456856,679063.8010379204
2021-11-14 19:20:12,173494.9644593632,46733.82595146625,611815.6583071658
2021-11-14 19:38:01,172998.7025556334,41767.452265607964,722244.4205547144
2021-11-14 19:51:01,172678.07790154137,44520.51744178642,690781.1818712706
2021-11-14 20:48:21,171899.46741435383,44358.80550514755,654961.1539486673
2021-11-14 21:21:30,172013.0583650952,42808.55770714658,636713.9928359215
2021-11-14 22:55:35,173895.23151843707,48813.13265280313,719396.3473408762
2021-11-14 23:12:04,174257.37029441306,42898.08363688788,667809.1574893214
2021-11-14 23:14:31,174307.3805933864,47124.5060723603,654380.596418396
2021-11-14 23:27:22,174548.82095483047,45348.022492173135,693707.0374424002
2021-11-14 23:42:57,174786.08866971667,45782.50242427644,620021.3734599659
2021-11-14 23:49:56,174869.86358512891,48874.81585193818,720979.3532195775
2021-11-15 00:07:59,175016.0666484136,44340.324465069665,627250.6792162547
2021-11-15 00:14:15,175042.51417597986,48795.40207528948,675619.6354324543
2021-11-15 01:05:00,174841.15727211916,46023.296481460966,610408.5189548701
2021-11-15 01:15:27,174731.34738581325,45734.18280600498,674870.9582372488
2021-11-15 01:44:54,174386.69095328593,46883.88668640189,659065.5004669743
2021-11-15 02:22:30,174080.46748526194,43980.07027036084,779341.9771740595
2021-11-15 02:51:26,174140.64290116885,46932.94282543567,657603.431098717
2021-11-15 02:53:57,174162.9213669446,45855.78331224464,656486.8869702965
2021-11-15 03:05:29,174304.57371361644,45579.92563705826,674616.7111664742
2021-11-15 04:03:34,176086.8287456719,48548.95769619509,673277.3092934988
2021-11-15 04:16:17,176708.88132025598,50475.358790733415,716188.0462204267
2021-11-15 04:23:01,177067.21179589292,43553.9283074975,643727.2203592465
2021-11-15 04:47:04,178482.49065800523,44858.31721697472,705222.207181625
2021-11-15 04:54:07,178928.74975073457,41995.91596650371,681264.9591830221
2021-11-15 05:58:50,183121.11906308617,46412.37694195275,755456.948979281
2021-11-15 06:04:15,183439.66882452747,43915.02713272225,643893.0631951701
2021-11-15 07:22:20,186364.28661786712,49139.922376702416,726851.365710514
2021-11-15 07:57:29,186410.6025846644,46263.373722521545,708877.8809917318
2021-11-15 08:06:34,186295.04840911648,50518.901779601554,704746.1790558776
2021-11-15 08:17:39,186089.92446666732,48776.279535854585,720682.1160902567
2021-11-15 09:12:07,184281.79781419347,49839.643885619655,662701.902874154
2021-11-15 09:13:16,184233.3646365639,45462.321067115794,644347.3050448364
2021-11-15 10:32:53,180682.52404997093,49044.30294319594,718733.8587790647
2021-11-15 11:03:08,179512.38392579238,51473.292906918774,640129.4833167822
2021-11-15 11:12:17,179201.3395733607,45131.00184480523,637997.9176586776
2021-11-15 12:07:17,177832.675320813,46294.75836218407,625470.0784694585
2021-11-15 14:27:22,178138.74601736365,43992.60912274005,692003.1288839801
2021-11-15 14:38:41,178336.42001724197,52252.83476892571,667074.8524323072
2021-11-15 14:47:33,178499.49786418612,45838.64338485728,709105.0465390419
2021-11-15 14:54:28,178630.29096841058,48517.20860906071,678788.5023374821
2021-11-15 15:33:58,179384.08507470315,49648.40913609487,653874.0120139569
2021-11-15 15:40:29,179500.75271696347,49140.203618386935,754126.1460897147
2021-11-15 15:50:14,179666.20590014014,45864.132300818776,691207.9488771155
2021-11-15 16:41:03,180241.84350087456,48239.492837753976,658419.5641350306
2021-11-15 16:43:47,180254.85124952046,48912.36419782654,716681.5565862181
2021-11-15 16:53:47,180283.9003482816,48279.06612773232,710746.2191531055
2021-11-15 17:41:43,179997.19561453856,42844.49207675297,646951.237159228
2021-11-15 17:52:02,179845.48378436055,45605.5101621258,676367.5756261909
2021-11-15 18:08:38,179543.81670919026,44682.86553812231,654259.5110028809
2021-11-15 18:11:05,179493.94364586033,47223.31137993371,617758.3692555999
2021-11-15 18:24:42,179195.86001976146,42894.64903090744,677738.4184885649
2021-11-15 18:54:51,178452.98826699881,44016.926172872445,681570.150018451
2021-11-15 19:18:40,177855.1266164127,48199.24687153242,757181.0723515156
2021-11-15 19:20:33,177809.73965352724,49679.778782778645,690848.0367625991
2021-11-15 19:35:18,177472.28828610148,45008.585686005106,666780.215129802
2021-11-15 20:04:09,176949.3412394411,47907.91814362644,653182.0595332711
2021-11-15 20:25:32,176725.0536903929,48165.858824920404,625380.2526372091
2021-11-15 20:25:52,176722.84525194095,49826.790653233824,648058.3078261558
2021-11-15 20:27:21,176713.52008400878,47623.27960342163,594779.8287710712
2021-11-15 20:29:58,176699.0838727764,47590.48932858012,678831.2225932413
2021-11-15 20:32:51,176686.1825019278,45334.68455861558,674811.7039636197
2021-11-15 20:33:32,176683.59055504738,45593.74827708838,671137.6678688269
2021-11-15 20:45:33,176667.59217342758,48208.895924143,682812.4169138907
2021-11-15 20:47:36,176670.503770968,48397.117971204185,670253.9003801746
2021-11-15 20:51:10,176679.5086673156,46762.524220960666,718629.4233032598
2021-11-15 20:53:09,176686.67975154967,48339.3034798069,693980.9007680721
2021-11-15 21:18:36,176913.2499208582,45610.437205355185,634392.768690877
2021-11-15 22:11:59,178062.7685419255,48716.76994499745,598388.5700748473
2021-11-15 22:12:50,178086.101674942,47791.7346086633,669819.6148329844
2021-11-15 22:13:23,178101.24841851305,48438.85392796949,630633.942659857
2021-11-15 22:20:01,178286.5910154468,41286.005759163134,638719.1968992206
2021-11-15 22:48:14,179096.5097147714,44941.14297827906,658843.0936088106
2021-11-15 23:01:52,179473.6106105157,49725.52398299432,699408.0269224145
2021-11-15 23:43:30,180400.2942964198,48439.686222227465,688418.4200007126
2021-11-15 23:48:08,180473.71952145043,45079.20822553203,673740.7017210408
2021-11-15 23:55:26,180575.14556542286,46484.36205973791,654170.9687599629
2021-11-16 00:00:00,180629.5012590624,45123.2466195801,693424.6921188532
2021-11-16 00:05:15,180683.20087597458,50384.35441302634,673931.5723661078
2021-11-16 00:59:57,180714.2010970498,45425.4545577265,725797.9804281156
2021-11-16 01:03:35,180687.86900607022,46025.16333624487,667698.7319161746
2021-11-16 01:18:58,180552.7838372146,46653.712862688655,684239.2620453394
2021-11-16 01:42:37,180310.1457935127,44646.54984702641,651787.6511836194
2021-11-16 02:17:04,180043.61395834672,47126.05934863487,673049.0510369973
2021-11-16 02:48:04,180089.99768699543,45276.893565246726,791428.5253609454
2021-11-16 03:00:57,180230.28594378557,49086.10914688155,678712.317041315
2021-11-16 03:44:43,181356.0340613764,48749.22094019743,697072.3272022096
2021-11-16 04:18:11,182902.06687177374,50867.78142467558,803854.376084742
2021-11-16 04:34:16,183823.6438737214,53243.72462759953,774661.0296439857
2021-11-16 04:56:15,185215.85954250972,49563.53124081462,632571.8498596934
2021-11-16 04:58:18,185351.18025805303,50692.641222499726,640008.4072582112
2021-11-16 05:19:24,186769.31832362324,49488.61958682833,704220.2662783335
2021-11-16 05:31:58,187614.50850784674,49417.94548427374,685872.1201239687
2021-11-16 05:35:33,187852.47892804065,47719.84963333622,763416.5325676857
2021-11-16 05:45:34,188505.39417788963,53195.90772655326,705871.745186328
2021-11-16 05:55:47,189145.69897521887,40400.08985944163,718240.0100868101
2021-11-16 06:20:41,190544.81441740494,52071.52508884132,720208.6019810825
2021-11-16 06:23:55,190705.4065855492,53339.99250114717,643994.3164800131
2021-11-16 06:40:23,191432.7026377075,51847.88498512694,682748.7791029442
2021-11-16 06:44:16,191580.51169470025,48046.99321800057,779464.2974153305
2021-11-16 06:51:38,191834.3070351321,48272.80402789863,779575.1715809035
2021-11-16 06:58:55,192049.7985734315,53945.39773189189,761680.2947795056
2021-11-16 07:05:55,192222.65799195078,44686.55700706592,720262.0120737725
2021-11-16 07:08:40,192281.21363297824,47406.08823702117,738545.1887656245
2021-11-16 07:18:45,192450.15604675584,50490.22802046299,722341.1619796304
2021-11-16 07:19:30,192459.83278135338,54254.64955350582,718494.0726255702
2021-11-16 07:30:18,192554.73900777174,54789.17589146217,757916.4041930209
2021-11-16 07:37:07,192572.08169712618,51679.95368975495,688646.819769195
2021-11-16 07:41:43,192565.40924724843,49084.33812625707,746029.9851612666
2021-11-16 08:08:37,192243.11733160468,50556.72061988306,692592.3946968107
2021-11-16 09:00:55,190476.73683805484,51641.770392659484,756797.1141503662
2021-11-16 09:30:06,189078.7998277482,48675.75540297253,707499.1946923626
2021-11-16 09:36:02,188777.2317942867,45891.13822043595,691469.7000341907
2021-11-16 09:50:31,188030.94112859963,49722.0510276399,749790.7327294401
2021-11-16 10:01:29,187464.21989194595,45474.24195222725,727034.5869757584
2021-11-16 10:19:57,186526.41496190205,46993.15171265753,754849.9601479161
2021-11-16 11:34:49,183371.30248848433,51701.18792677702,751416.1567172831
2021-11-16 12:18:49,182235.84054422032,51904.121887232184,670847.6874160283
2021-11-16 12:23:29,182149.81205981396,47557.58615591201,717792.5925248709
2021-11-16 12:49:37,181787.10515226956,46378.46662128458,692616.862311781
2021-11-16 13:14:34,181620.71599162158,54478.079394060274,668539.4565736544
2021-11-16 13:35:01,181604.00300283998,46336.68158608426,684552.5078390891
2021-11-16 13:39:13,181612.7760134063,47199.74270285203,654053.3076673769
2021-11-16 13:48:33,181646.03097449773,47229.947533373415,690209.0130059447
2021-11-16 13:58:51,181703.32408371457,46855.01415239972,746693.5103529021
2021-11-16 14:11:45,181802.36750210487,48250.089348487905,635846.9382507425
2021-11-16 14:13:14,181815.51394619702,48959.39852953446,703962.8831082933
2021-11-16 14:22:05,181900.66544389707,43560.845391463954,795371.2506992224
2021-11-16 14:25:07,181932.30169669463,45597.331001545,716059.4958482912
2021-11-16 14:56:43,182315.03677944624,49591.32551120051,654997.2094674832
2021-11-16 15:04:30,182417.85519449008,51430.75983229769,695672.6041812707
2021-11-16 15:09:20,182481.99672893016,45966.2559582366,680389.5859702819
2021-11-16 15:09:36,182485.53246979153,53696.50417519022,652849.100419211
2021-11-16 15:19:02,182609.65535050954,52693.83127691062,791048.7638509322
2021-11-16 15:30:47,182758.6245329114,45001.74176707146,637220.8908292372
2021-11-16 15:36:32,182827.6855943208,50332.44710690265,692841.4890535333
2021-11-16 15:51:49,182992.90477561325,51749.352769271805,678712.099195866
2021-11-16 15:57:10,183042.78471538593,49333.653606333326,714523.6139545192
2021-11-16 16:24:48,183211.0866341751,53704.58655982588,678975.9143022811
2021-11-16 16:35:35,183227.45473831505,45526.38007509903,691125.0642411512
2021-11-16 16:59:59,183141.85798317724,50059.946490841096,656607.5080346675
2021-11-16 17:26:02,182846.55820190415,48374.8925873593,705857.9985298059
2021-11-16 17:46:18,182471.22991891642,48653.96274318112,646405.8569128594
2021-11-16 18:07:50,181948.08272680297,49183.565664463764,673769.5936565874
2021-11-16 18:08:44,181923.8024546174,49177.710806449504,759495.2003777395
2021-11-16 18:18:50,181640.08178274025,45474.18420960137,721648.489902249
2021-11-16 18:50:47,180647.04208245617,47650.1731452844,700894.8183412427
2021-11-16 18:59:19,180370.9215086613,50826.46665481684,656772.0124069168
2021-11-16 19:02:08,180279.93976330868,49775.233517233195,726130.0830033813
2021-11-16 19:07:17,180114.38556458196,43303.30078586393,698845.3003044709
2021-11-16 19:18:52,179749.11130353753,40792.78191855158,719065.8570158962
2021-11-16 19:23:42,179601.08751689224,45404.87288255447,654607.030205973
2021-11-16 19:34:27,179285.0164990647,40794.53465716223,676187.5736100146
2021-11-16 19:45:32,178983.40318230938,44747.71183854142,708990.8268282166
2021-11-16 19:59:07,178656.30989598818,50430.657533852864,596858.2146805075
2021-11-16 20:07:37,178479.65115462718,49231.57637519784,670093.1861610978
2021-11-16 20:31:41,178115.79815390805,44983.14205246187,620542.4319693337
2021-11-16 20:34:42,178085.55224767962,48982.438386027825,692496.4915073067
2021-11-16 20:44:43,178010.8948454474,45596.50736085554,732067.1546430155
2021-11-16 20:45:54,178004.71527923807,42970.81253773804,628012.1147862496
2021-11-16 21:04:48,177981.77021506283,47026.33084651009,703541.8099909762
2021-11-16 21:21:52,178080.0917085638,49118.45615463706,678370.5262575358
2021-11-16 21:43:22,178348.03873798877,50935.92853538364,691780.1208074829
2021-11-16 22:08:21,178816.55875975874,50961.72329927259,739138.0830053115
2021-11-16 22:58:47,179964.00182394276,47619.182669959126,735856.2787909731
2021-11-16 23:33:00,180600.44562291712,49564.97875814487,656261.6132050249
2021-11-16 23:48:45,180792.36483714028,45405.70420657462,692649.0359775142
2021-11-16 23:50:26,180808.31173853265,49592.44942604076,836802.01207431
2021-11-16 23:56:57,180861.3307153898,46157.16213943029,718732.9644110732
2021-11-16 23:59:01,180875.2132158311,52227.78085416876,740376.1229113712
2021-11-16 23:59:54,180880.71215370155,46243.12407742398,659340.5490970827
2021-11-17 00:05:27,180909.27511402138,47785.73871780133,731696.4842390667
2021-11-17 00:19:53,180935.17782338246,45509.9903247179,650185.8881155719
2021-11-17 00:30:00,180912.65400241595,46157.55490895645,673119.4242904171
2021-11-17 00:36:45,180880.00651133756,50259.08276348586,684334.5443000231
2021-11-17 00:43:51,180831.50506246893,42137.49533356336,698547.9382992813
2021-11-17 00:45:19,180819.78245712904,45691.9130923418,660668.1587747197
2021-11-17 00:51:33,180763.9028675602,50460.88811822577,647566.8694739237
2021-11-17 01:04:27,180620.81698966317,50358.34398322155,678131.83111887
2021-11-17 01:19:39,180417.10076043362,47106.779951758166,720174.3821121996
2021-11-17 01:29:17,180277.0013978064,45224.081988221435,660704.13741828
2021-11-17 01:31:41,180241.5953129771,47914.599894850355,705529.9077901872
2021-11-17 01:45:20,180042.64886120008,45265.98900543185,641979.1119403264
2021-11-17 02:10:48,179729.6048019737,47364.7123777742,665815.2691910192
2021-11-17 02:26:35,179613.6467030701,47699.55487316967,675929.9180981052
2021-11-17 02:37:18,179584.33376500075,46327.654225903185,707286.3925172811
2021-11-17 02:44:48,179591.85133741624,47734.40611651342,668935.8630361855
2021-11-17 03:13:19,179866.0001089502,45835.48245984604,670526.7645684357
2021-11-17 03:19:34,179982.93111082193,44182.51296538682,642828.2042018815
2021-11-17 03:24:32,180091.18353843875,46343.98724309353,703476.9158933025
2021-11-17 04:21:57,182306.6939353911,44705.94271772288,659481.1174480624
2021-11-17 04:22:46,182349.80287529112,47117.63069706415,653992.1483544972
2021-11-17 04:58:14,184437.86134528252,42216.40145426676,731142.2802693619
2021-11-17 06:30:09,189869.52962781413,50781.6366194935,706352.518155081
2021-11-17 06:49:15,190592.56300877727,56736.309790372456,738477.1877157724
2021-11-17 07:27:23,191320.8960790546,46571.819929624384,739965.6660685696
2021-11-17 07:27:56,191324.0362446334,52069.75337576311,705306.7042152111
2021-11-17 08:27:30,190496.36376432443,50002.53004706844,786789.9772359631
2021-11-17 08:51:49,189606.0709081027,45552.47470686369,745929.1268668502
2021-11-17 12:05:28,181410.4680720032,49241.36102693847,674561.3600905173
2021-11-17 13:06:18,180637.18022247075,51186.11074271536,646899.6170884314
2021-11-17 14:09:32,180867.61361226806,48071.81397459843,672135.3429339961
2021-11-17 15:07:07,181642.4810160981,51015.87949564222,646014.7164323477
2021-11-17 15:08:55,181669.82301411655,48509.475199986206,693123.3909052509
2021-11-17 16:00:44,182369.82891716514,50283.55841079271,691423.1507643551
2021-11-17 18:00:25,181692.4203510193,45961.38385321522,654191.8581977367
2021-11-17 18:18:25,181241.35671874208,48464.77392482041,689228.6572773501
2021-11-17 20:20:28,178077.89546218887,44928.09995147949,706881.9642776891
2021-11-17 20:36:01,177916.72079872142,44066.07159537238,622767.2823445707
2021-11-17 20:40:42,177886.35727617095,41006.6648918566,621679.4924206372
2021-11-17 21:11:31,177901.08729345203,47873.70678106134,741346.3697762764
2021-11-17 21:35:40,178158.98586856297,47167.189534401026,663203.7590416657
2021-11-17 21:54:50,178490.7917822932,48154.307420064375,714662.2723741267
2021-11-17 22:06:59,178744.78304886824,47590.56772161093,657641.7875656196
2021-11-17 22:17:26,178982.0135423036,47514.440390757634,698507.315206874
2021-11-17 22:20:12,179046.87676673118,41246.989782827586,680193.3940531227
2021-11-17 22:26:02,179185.54560956193,46213.88925609723,695954.2510008614
2021-11-17 22:36:36,179440.0958647921,47984.395598563446,683646.2419052366
2021-11-17 22:59:06,179968.34672465042,54105.674479643065,686553.7300716598
2021-11-17 23:22:59,180450.22686108193,51170.46946426127,676231.8934238297
2021-11-17 23:38:14,180686.07887142728,50265.16784081642,653861.8304880765
2021-11-17 23:47:13,180792.4234185067,49288.994316079596,728265.8246743883
2021-11-17 23:47:20,180793.63403657792,46972.801268012765,764993.0767501586
2021-11-18 00:00:38,180901.78413702617,46703.43485802356,637479.9286655245
2021-11-18 00:21:28,180949.2044814256,42692.88995059449,700407.8888640318
2021-11-18 01:25:11,180321.57442807202,45612.04947341636,764689.2144325523
2021-11-18 01:57:48,179827.09122173736,48996.807949320064,674858.582587995
2021-11-18 02:45:38,179477.0088189128,45955.73300225084,690043.2730494606
2021-11-18 03:38:46,180250.3053568043,50859.86231891237,692984.2419920077
2021-11-18 04:21:06,181919.5251925579,52247.42975252962,726894.6714518167
2021-11-18 04:31:51,182470.66237813563,42750.790483875244,695809.3761440946
2021-11-18 04:52:05,183607.1720550746,45163.43054583851,637566.2956325677
2021-11-18 04:58:15,183972.3079639347,45342.23161345344,705166.8765288837
2021-11-18 04:59:37,184054.05527544042,46426.96583818467,740110.3928184734
2021-11-18 05:00:34,184111.03128100297,47055.66964327148,674917.2096245637
2021-11-18 05:49:41,187049.21786873977,48976.68493614141,745038.3644982824
2021-11-18 05:53:57,187286.13694048423,43475.13859011858,783875.3823783512
2021-11-18 06:11:49,188207.56691170228,46193.24038935325,715340.1878740004
2021-11-18 06:37:57,189283.76586438713,45695.22355180466,707589.6360173055
2021-11-18 09:31:26,185803.8620398042,53802.114956996695,769301.8848975127
2021-11-18 10:33:36,182257.84845307376,44495.09614579495,636011.2538838089
2021-11-18 10:41:49,181819.2187187704,47582.24471408184,693072.2029364475
2021-11-18 10:55:45,181106.7817647419,53055.656248507585,743920.2702664466
2021-11-18 11:20:26,179958.49398531136,42938.107854954884,732211.6534293715
2021-11-18 11:23:57,179807.9521474965,45942.75827836143,769596.9241400014
2021-11-18 11:44:29,178998.57858271754,47278.82545154028,615996.6200676695
2021-11-18 12:26:01,177737.4468514055,46783.859874373826,685987.6259609147
2021-11-18 14:00:44,176606.20357237515,44580.71843634935,683208.0597052713
2021-11-18 14:12:32,176600.40705657558,45787.098875798125,700303.9580889513
2021-11-18 14:48:19,176689.01976333396,39554.05053270093,675738.8066135693
2021-11-18 14:55:28,176718.56003106426,44837.6434073623,663702.3029137092
2021-11-18 15:39:12,176887.93498346477,44044.39575851373,669379.0306998211
2021-11-18 18:08:14,174671.54667626947,42847.066207242715,663282.0954600155
2021-11-18 18:32:48,173756.74222456457,41318.521299362685,680169.6094526985
2021-11-18 18:48:29,173134.60312626435,51060.23324016097,628781.249140812
2021-11-18 18:48:53,173118.54517318754,44083.62664585334,657452.7713381157
2021-11-18 19:04:04,172508.0459651893,48523.27281494152,702802.15529504
2021-11-18 19:09:12,172303.02138849205,46477.936046058836,707623.9129063885
2021-11-18 19:39:51,171139.83431559932,49322.805851703706,626149.6378435511
2021-11-18 19:53:27,170680.5676452619,45276.67585194714,674011.6757619153
2021-11-18 20:30:18,169710.37455255326,43820.41388354979,641015.839003217
2021-11-18 21:07:34,169225.40595063346,43687.15636439639,655498.4168003827
2021-11-18 21:28:27,169175.67571315193,46001.94973877626,649657.9722973318
2021-11-18 22:24:46,169618.99938119188,41495.27776923252,671067.6059101969
2021-11-18 23:03:29,170079.35356333296,48280.682256835054,610082.311747178
2021-11-18 23:31:32,170291.4044703844,40988.58345869001,637200.6166395507
2021-11-18 23:36:43,170310.2678472899,43083.20895564567,646911.0126976444
2021-11-18 23:44:53,170324.7091405257,46748.54067981015,683491.5660201594
2021-11-19 02:55:22,167449.7050348408,36325.568712092376,672147.1969537586
2021-11-19 06:20:38,174606.94549206283,45766.65353443377,720436.1801906872
2021-11-19 06:23:14,174698.1164399775,48895.34655498176,685632.8876580386
2021-11-19 06:50:12,175438.57407360483,41319.26538557704,641399.4084086693
2021-11-19 10:53:49,167246.85553266437,43055.794572756415,594279.6897746694
2021-11-19 12:46:23,163885.3096809253,42549.16377970701,662497.1530994395
2021-11-19 14:27:17,163695.30166158962,40934.744558083265,665986.4980358036
2021-11-19 15:30:38,164303.60739065765,43891.11737237353,646678.6125984647
2021-11-19 15:43:19,164421.62539630962,44195.59174408819,654299.2351018966
2021-11-19 16:23:29,164662.11800506987,47784.60136167848,586718.3161116131
2021-11-19 16:35:14,164675.93108678045,44188.060055311194,634547.8189623142
2021-11-19 16:42:43,164668.06637264596,44415.46961738299,632929.8096525298
2021-11-19 17:01:26,164586.60528946595,42699.97154392241,644684.8442778933
2021-11-19 17:06:01,164552.5830246257,48534.060098195914,583040.550312109
2021-11-19 19:59:27,160786.8256664554,42966.95958648378,622428.813816378
2021-11-19 21:16:32,160455.02156957108,43932.37551595247,607144.6341220612
2021-11-19 21:19:51,160488.5110908416,43040.03009062461,592501.6112587337
2021-11-19 22:29:11,161842.77385795867,41279.26364683451,625821.893235413
2021-11-20 02:11:33,163317.58258051667,39715.319805119405,656254.5126292035
2021-11-20 03:12:36,163784.5828913509,42121.558669759856,672101.0872820435
2021-11-20 03:23:23,164039.65942863253,41988.228379759785,606637.6828865472
2021-11-20 03:24:04,164057.80973424154,44333.64878778684,669861.7223561553
2021-11-20 04:02:11,165444.87829108394,50346.56258506773,618463.3692841622
2021-11-20 04:09:38,165798.21005441403,41026.920601671125,616843.410688796
2021-11-20 05:53:55,172198.17066454244,44497.84942064501,653374.0479797352
2021-11-20 09:35:49,173198.8013994819,46514.693820371984,689826.3717418251
2021-11-20 12:35:10,168066.0623014468,42721.40748661998,739643.4368954259
2021-11-20 13:50:37,168268.98120582788,43898.10780726764,628597.8599662065
2021-11-20 22:24:24,168606.17051282944,49371.50800057309,628413.7064312623
2021-11-20 22:50:50,169264.1415764488,43903.73177582419,600266.6150591394
2021-11-20 22:54:51,169360.9411287229,45355.45134775293,762426.8202979238
2021-11-21 03:32:58,170170.88963045867,50000.71406923604,710100.138773871
2021-11-21 04:01:17,171118.71033401106,42717.87644081005,664788.173495805
2021-11-21 05:13:17,174933.66774428435,42130.86171287784,679858.8488413382
2021-11-21 05:31:14,176011.4835466571,48027.10102586623,642637.35420954
2021-11-21 06:49:55,179706.17082361627,45641.971670224906,692023.2197159774
2021-11-21 06:58:46,179927.88379772354,49128.974640696804,718930.8075315527
2021-11-21 08:42:16,178850.8836601196,44846.8604820518,663361.903765198
2021-11-21 10:04:02,174952.83331815252,45766.303851434226,617597.0467748507
2021-11-21 10:56:31,172463.8175488642,44487.27682465519,638941.0338398659
2021-11-21 15:33:13,169994.75201287973,43928.34504349341,647785.3149209092
2021-11-21 16:48:31,170283.34747248184,46854.67553961522,684273.4858013232
2021-11-21 18:36:02,168253.5446374124,43077.00717560093,662386.6247933494
2021-11-21 18:39:56,168136.89422493032,44927.440599213245,624273.5613357504
2021-11-21 19:09:09,167249.18443683596,42184.41004870029,613776.0168691875
2021-11-21 19:10:09,167219.1929349915,46562.448891686516,644583.4759810725
2021-11-21 22:16:22,166271.5737743117,42903.343560023066,652068.1589523213
2021-11-22 03:09:20,167368.41742945637,40689.774980547474,622867.1174844066
2021-11-22 09:39:34,175367.6331327,51952.20012857351,650734.1798191016
2021-11-22 13:07:27,169730.0143503692,46507.80562399453,637046.2862193456
2021-11-22 14:09:30,170157.09847947815,40868.91582506185,669715.4633512469
2021-11-22 16:06:44,172034.08998973758,45245.60988568052,680640.2322605076
2021-11-22 18:42:52,170821.88227798484,39578.44780513317,613233.9184173356
2021-11-22 20:46:27,168753.51867094933,46166.40788886652,664405.0550350687
2021-11-22 22:49:41,171048.04058522085,46270.36078586382,643089.1022192149
2021-11-22 22:54:17,171168.98010659713,44814.03312644835,670866.6290972645
2021-11-22 22:58:03,171266.3561547941,43483.88492805672,681466.9949449513
2021-11-23 01:08:01,172436.01395027334,42914.31395473463,684774.830927495
2021-11-23 05:01:02,177030.83321549091,50367.011557567785,683523.3507612891
2021-11-23 12:52:13,173477.16122395,47128.853930490666,643861.2486486539
2021-11-23 12:54:26,173458.81754307164,43235.3761924647,641762.4103261924
2021-11-23 17:21:56,174716.75029411327,44763.03501776333,617988.8191447022
2021-11-23 20:07:44,170621.01558597584,40955.20522252105,692833.6366716622
2021-11-24 00:46:47,173170.3512104726,46165.879991447786,627617.6731361381
2021-11-24 06:53:05,183295.52997190485,50709.83594868337,779858.4184394223
2021-11-24 14:19:15,174984.96767234913,45539.64222259263,708105.8556063791
2021-11-24 15:34:49,176240.99469525844,40448.167100737635,701175.4662467821
2021-11-24 16:16:01,176800.39289892974,45970.58423719023,658458.8881439647
2021-11-24 18:32:21,175619.6462536378,43390.04265360657,624546.0558281541
2021-11-24 19:47:28,173770.7972398568,48252.77968040141,619906.5393392255
2021-11-25 14:32:32,176635.02276676058,52950.46043956365,628790.388969719
2021-11-25 17:16:56,177046.37157738674,44482.12989671818,651866.0897023891
2021-11-25 19:26:56,173236.85117654147,46672.53282094286,613725.568907583
2021-11-25 19:38:53,172862.84242567612,42688.63080454995,692351.4329316083
2021-11-25 19:49:45,172548.88555669508,47219.9884097019,720976.4544852029
2021-11-25 20:05:04,172159.31197673237,45014.80389892387,634182.0149310192
2021-11-26 00:51:38,173239.7062651612,45950.231877729566,668616.1695519497
2021-11-26 01:08:50,172987.7487497052,40623.66389907819,676288.1577074218
2021-11-26 02:48:24,171723.04654863424,42547.377348754635,636458.622065062
2021-11-26 03:23:56,172060.02738617995,44295.891384365415,718660.335870567
2021-11-26 04:49:49,175462.17503552875,45600.16981283987,692788.4876395266
2021-11-26 04:55:51,175804.06495805044,47772.901512380595,656639.703160162
2021-11-26 08:18:37,181534.30025712083,47371.08977301603,662787.2161333029
2021-11-26 08:19:02,181523.13740467923,49268.22346553638,762804.0401120343
2021-11-26 12:29:09,172246.7187217357,43284.21836993973,608053.4416858025
2021-11-26 18:14:10,174013.358869614,44051.163388503286,654888.4256642604
2021-11-26 18:47:50,173330.57599115334,40166.871756541485,664387.3168004797
2021-11-26 20:35:50,171847.96957747394,45195.12451831784,649809.3622229487
2021-11-26 22:09:32,173652.49139508483,50564.99978547376,697372.2805124868
2021-11-26 22:58:04,175323.68554161958,40956.83742069556,624072.6766909101
2021-11-27 04:40:20,183521.1336854488,51121.85393019372,698115.5460355114
2021-11-27 06:57:55,193267.0442941749,56711.623950730995,714451.3085092565
2021-11-27 07:26:03,194201.91454773274,54193.77515984762,742957.4732306106
2021-11-27 08:57:36,193708.22260268225,51640.44199834672,767053.7201524674
2021-11-27 17:41:55,193980.1931690061,54393.05368713485,727819.4332529341
2021-11-27 23:45:50,197212.76650990496,49017.24717079848,797437.9281237164
2021-11-28 03:52:01,200079.9747872607,55908.67792678884,716738.8724034831
2021-11-28 03:52:31,200105.91924939587,57702.787629483646,793281.3560202472
2021-11-28 07:44:54,213560.46501447895,52447.921230068656,875113.0811773528
2021-11-28 07:46:11,213560.54208833675,53207.094094659005,805531.1282595685
2021-11-28 18:26:11,205694.32718311483,54623.72855461887,851533.4900390655
2021-11-28 19:15:41,204330.1000930103,54488.071253140995,825752.3289418141
2021-11-28 19:20:33,204200.53894096476,48317.540213093125,719162.3439119861
2021-11-28 19:47:23,203568.2071570838,54272.294628460695,776336.0570714452
2021-11-28 20:43:37,203020.52897912727,57913.2426522889,835798.7950099729
2021-11-28 21:02:33,203146.02613504004,51398.79566628796,768214.3942744507
2021-11-28 21:38:50,203825.02796378353,56141.087270866214,878058.9778917369
2021-11-28 22:16:44,205005.43960180256,53160.47876952619,784518.5187837939
2021-11-28 22:25:50,205329.68748296244,54528.18864193682,763510.460488178
2021-11-28 22:42:25,205932.3822711063,53615.35199027038,763627.6773782391
2021-11-28 22:50:06,206209.85086625017,50736.40544755581,794201.5778425136
2021-11-28 22:56:47,206447.02700984752,57678.81685803104,761115.4588108745
2021-11-28 23:17:24,207133.7932053596,58362.77579120598,735377.9573590456
2021-11-29 00:24:50,208487.52659163892,51547.19049615031,754290.8653721646
2021-11-29 00:36:31,208553.48967938864,48827.43887374307,755103.8465911939
2021-11-29 01:19:32,208465.9744340134,54305.10756065883,800971.076113446
2021-11-29 01:20:56,208457.4929151135,52186.004729898326,844219.3739689485
2021-11-29 01:34:16,208371.5870551778,58588.56376632462,809582.4606432479
2021-11-29 03:53:38,210802.50329052034,53766.58144648072,799754.954050674
2021-11-29 04:50:28,214886.40496329387,50947.474910703204,850249.6909118281
2021-11-29 06:12:02,221750.87891339438,58740.48029117581,817678.6125388258
2021-11-29 06:19:39,222296.92578274102,52115.35865334684,799746.5039907309
2021-11-29 07:49:58,225633.16998796802,60644.533647964876,791295.518126492
2021-11-29 08:17:36,225387.93048726715,60575.08344627051,876857.2074654788
2021-11-29 08:18:38,225368.55964172955,64866.47791155821,893927.7072900324
2021-11-29 08:38:49,224862.51080302725,63582.66682695531,893634.9131985845
2021-11-29 09:09:02,223738.90747797495,60586.253866858184,843100.1522302236
2021-11-29 10:09:42,220886.19007498428,61628.80589336757,860602.2322436336
2021-11-29 12:49:31,216780.64037363982,62015.23123654039,903869.3082220958
2021-11-29 13:11:23,216898.4063341083,58535.52520175644,827398.1056552771
2021-11-29 14:30:58,218462.39171312246,52535.79327689254,900588.412063488
2021-11-29 17:02:12,222043.40583595543,53628.54438883182,876337.3137441251
2021-11-29 19:34:15,219591.9332677171,64703.62982001164,825279.1770728021
2021-11-29 20:32:57,218961.27727899628,60809.83176642131,837494.3915340952
2021-11-29 20:49:16,219049.00025124114,60127.28482196716,743505.4008115089
2021-11-29 21:37:49,220051.23226860128,57434.29056593268,905189.8562469743
2021-11-29 21:39:24,220100.74312143022,58554.45765902186,803795.6532755787
2021-11-30 02:45:32,225453.22612235654,56483.767892626536,867032.8650292549
2021-11-30 05:30:33,235781.5872793873,58211.99604152473,936314.7318116734
2021-11-30 07:00:03,242058.46121710172,61984.418361406984,936217.7859880544
2021-11-30 12:27:47,231260.6463976896,56833.344272303424,838999.1322097458
2021-11-30 12:45:13,231046.10867653275,63234.352669537206,909474.9057417703
2021-11-30 15:45:44,233388.7659962015,62135.083124725556,899379.5484936755
2021-11-30 16:04:03,233698.73063364747,60352.14377143642,942144.7655055361
2021-11-30 22:03:01,229838.97090263735,55611.96812549398,865015.3698613805
2021-11-30 22:14:15,230199.06767479272,65908.02182616037,921547.4071105362
2021-12-01 01:28:38,232833.8773943615,60473.85080274451,780823.7243011917
2021-12-01 02:33:54,232230.0114559233,61348.321833149705,899331.9287684859
2021-12-01 03:59:32,234754.14161609553,56397.74236948359,915648.5146342714
2021-12-01 04:52:13,238647.4284493411,65221.48370441633,857791.9496268855
2021-12-01 06:14:22,245586.74429479468,62196.44832673663,916664.2248932769
2021-12-01 14:12:26,236956.9844761628,59093.536387520304,892654.4117362429
2021-12-01 16:04:44,239404.77618818654,54690.39424408052,945833.3836110637
2021-12-01 17:41:21,239375.45297419623,58741.58277406551,990543.3546204375
2021-12-01 18:10:43,238651.2927899714,57152.79832057458,889127.8647768144
2021-12-01 18:50:33,237321.85059576452,63494.13814531104,879514.7587057106
2021-12-01 19:33:31,235834.69919264704,59778.726877121095,982297.6390221996
2021-12-01 19:37:42,235706.14900230107,66415.0775027679,963602.9010910597
2021-12-01 20:48:30,234556.92705938464,68877.56540010893,889557.9588056792
2021-12-02 00:32:48,239480.7014984996,60367.0445014477,915630.6192555053
2021-12-02 02:02:05,238315.18433072558,60203.75668362717,1021128.0212816012
2021-12-02 02:38:54,238071.0250848142,61041.56477621731,868349.5420777475
2021-12-02 03:02:16,238274.36511209168,58336.21844986937,904419.4878512906
2021-12-02 04:09:52,240966.94850462832,60745.59341957156,945430.3399982672
2021-12-02 05:26:36,246985.25913338162,70377.10249945478,961482.9668157654
2021-12-02 06:26:58,251463.4896610755,62528.912779022336,975732.9583098015
2021-12-02 07:57:04,253115.89706965504,66651.54696689511,959983.8270314294
2021-12-02 14:21:43,236913.23814567897,61877.07169868659,908217.9117429842
2021-12-02 16:40:59,237552.24134167374,66383.17469646502,860777.117254095
2021-12-02 18:10:22,235055.72665987824,59418.43358574583,891200.9519394345
2021-12-02 18:17:32,234732.99630259798,62264.084123121116,812864.1007542172
2021-12-02 19:35:00,230942.97346262683,61964.121857155624,835198.2059654309
2021-12-02 19:53:52,230139.39297720304,57363.60158424099,910418.9392987234
2021-12-02 22:35:14,229479.64218077075,59839.92267706821,885663.1111077629
2021-12-02 23:37:41,230467.79334807623,59458.48076053738,876906.6504555447
2021-12-03 00:28:02,230308.07860346415,59334.092860098586,844845.097380912
2021-12-03 00:32:35,230241.69553765602,69964.33169598656,953924.8349080496
2021-12-03 00:48:55,229940.96701089453,69130.17175145821,942599.0725428963
2021-12-03 02:10:07,227832.14108679513,62329.309049474185,848014.7474393178
2021-12-03 03:00:21,227304.49114292444,59223.1206593365,1017581.8355255517
2021-12-03 03:43:12,228085.46470694855,57739.35547752384,812445.3582456646
2021-12-03 04:02:55,228871.06281678771,60231.66621508074,858029.5442699173
2021-12-03 04:06:24,229036.10270076484,64790.66771300833,886962.7127087237
2021-12-03 05:26:58,234297.12306843913,67529.71785387919,1040242.1705396087
2021-12-03 05:35:33,234913.94934520347,63168.58915907357,938921.6175080049
2021-12-03 06:45:35,238862.6669404778,61363.41061697296,896896.4789747851
2021-12-03 07:20:01,239563.52482449543,68927.53395122068,932326.5411294289
2021-12-03 09:16:28,235236.21062622036,55947.6430851215,851350.6768268258
2021-12-03 09:30:50,234257.90028648972,56836.6099821441,846799.2828967985
2021-12-03 11:38:22,226471.72537511933,51553.1963578682,879592.492781769
2021-12-03 12:44:25,224549.36787238877,59020.390491260325,849720.422124314
2021-12-03 14:21:05,224528.3967335776,54842.792401350336,851387.1513495021
2021-12-03 14:33:06,224693.8228487132,63344.49223079594,923534.7245334157
2021-12-03 15:03:30,225193.22773175375,55198.61140170785,833457.0358783453
2021-12-03 15:20:10,225487.09941858522,57149.32929414575,843391.4825051733
2021-12-03 16:43:33,226422.57268954132,60285.32736394647,758095.8799326132
2021-12-03 17:42:00,225834.52007900339,62546.12988216803,849017.3625222063
2021-12-03 19:36:33,222326.09574860256,60618.01166442978,778263.8948288016
2021-12-03 19:45:05,222095.02062919637,61283.307894235506,869921.0861837215
2021-12-03 22:40:37,224170.35269765754,54839.928387133885,893964.1102995909
2021-12-03 23:06:37,225135.15033614368,58790.63931845414,907664.9450523589
2021-12-03 23:41:32,226202.6126048478,58893.84218055085,906514.241035993
2021-12-03 23:54:27,226492.5791656561,58126.55912460108,895407.77992216
2021-12-04 01:26:37,226796.5923276088,57576.219646999496,799324.8889042631
2021-12-04 01:44:39,226661.59950314192,55675.66671351549,914724.337288255
2021-12-04 02:20:55,226552.61237127433,58893.90795484926,935145.6000180508
2021-12-04 02:29:19,226591.25468091574,59347.025271825754,863794.4398320017
2021-12-04 03:00:25,227057.05586674385,61858.28709918017,918761.9393657752
2021-12-04 03:39:20,228524.78551706386,62206.26893499546,872793.4586581505
2021-12-04 03:50:52,229164.8863005215,57275.52410925513,948979.2831480202
2021-12-04 06:47:19,243601.87457874767,63808.230968819575,930110.9323531558
2021-12-04 07:55:06,245350.71173022714,70699.25199137267,820128.8041569111
2021-12-04 08:37:03,244536.5670658379,64130.75112196747,888301.2447736051
2021-12-04 09:27:49,242282.87607467893,60581.55203080715,871092.0246263265
2021-12-04 10:44:52,238282.74397792574,55867.56026541941,906743.1337040227
2021-12-04 13:03:57,235292.28995278763,58103.29539166191,897753.796897083
2021-12-04 15:41:23,238809.65134912002,61547.185926426886,798807.6925281286
2021-12-04 15:59:23,239259.6441004008,61069.68503499896,1106887.9452432757
2021-12-04 16:45:11,240002.00726469175,64749.8696970915,894734.113520118
2021-12-04 16:50:52,240041.90528463628,61374.989399225975,1029130.9147217355
2021-12-04 17:16:28,240055.70322009307,66443.21295545789,915831.8694045978
2021-12-04 17:44:40,239751.98403348908,63201.567874423716,957705.4761063212
2021-12-04 18:01:39,239419.6782057241,62354.631296532534,826264.5907258571
2021-12-04 18:32:31,238593.01064743195,63752.50246108285,857660.5613041258
2021-12-04 19:44:44,236395.7562864458,61459.21495034588,886208.8575695332
2021-12-04 20:09:55,235885.4534896905,61289.59538183161,892323.4677880661
2021-12-04 20:37:07,235643.9568359898,66247.64382587126,992054.8047274064
2021-12-04 20:39:17,235640.40267476926,65822.32463015706,912769.1568423394
2021-12-04 22:37:16,238506.60886781887,62539.84196004616,913073.4890626138
2021-12-04 22:52:00,239067.18684831378,63563.0042487457,902339.3854795728
2021-12-05 01:21:38,240753.6759929556,57766.84330774876,938543.5978886161
2021-12-05 02:23:42,240019.06620548767,64172.80372573989,945110.193244909
2021-12-05 04:00:25,242542.27912311596,62252.22064848876,937821.4867759472
2021-12-05 04:13:31,243378.69302461765,62318.2096188538,955054.3669490155
2021-12-05 04:52:28,246402.07634452198,71315.84013578585,991812.2801204871
2021-12-05 07:08:57,255922.81277467555,72653.2659652349,1128795.2576571035
2021-12-05 07:13:08,256019.59945403843,66880.88358767584,964078.3209572084
2021-12-05 08:30:43,254944.4967796634,61969.01563761125,971337.0911039411
2021-12-05 12:13:06,242297.23234844935,61374.97028904568,991963.7872983257
2021-12-05 16:19:39,243347.01152914128,71569.82338043203,857776.8966394279
2021-12-06 04:17:03,243508.85257291744,58017.83271878145,882662.7773473249
2021-12-06 17:03:46,247728.13771323062,69336.91197164485,910476.812164178
2021-12-06 18:25:09,246097.37167449904,64814.93938749166,941463.5594128264
2021-12-06 18:51:03,245183.34868128257,63267.43901240683,951631.8475870923
2021-12-06 19:23:54,244004.65038154056,67034.11205696495,931006.8621059232
2021-12-06 19:50:29,243191.53206794546,61218.51944064089,1019845.586767033
2021-12-06 22:23:40,244592.26870392493,65953.8947651766,928140.8669927022
2021-12-07 01:58:12,246581.80768613933,63725.530599456586,925965.1187371002
2021-12-07 03:58:55,248740.6316088606,59202.597912256126,919663.5547540465
2021-12-07 08:47:33,260403.5715481897,66393.85492300714,1050813.0031749518
2021-12-07 11:03:44,251123.45100952158,68504.92367497517,1010643.4776784768
2021-12-07 13:01:07,246930.81760299543,67654.62119565153,989139.20894323
2021-12-07 14:23:44,246989.40280869885,68989.42455913295,1011121.381329981
2021-12-07 15:58:57,248237.4364881805,67377.31584077554,988039.1608635733
2021-12-07 16:41:15,248324.53013061552,64764.91505884476,911086.7966426592
2021-12-07 18:52:56,244308.77877036153,63484.35263926189,951922.095807624
2021-12-07 20:38:37,240539.78174310047,60938.08484742851,918412.2758817427
2021-12-07 21:02:08,240358.65654079072,62503.876941121125,1056429.991158296
2021-12-07 21:30:19,240520.81116698933,59552.62235652057,945476.3643426615
2021-12-07 21:34:36,240578.29451019276,60961.918547152076,943360.3275526915
2021-12-07 23:25:21,243239.9885416711,62539.15552899639,923813.1032917866
2021-12-08 03:33:10,242105.17178171928,57122.322057541474,899420.078877574
2021-12-08 15:52:53,241760.16370898572,63623.81825022703,917900.6130293644
2021-12-08 17:47:57,240837.08008427307,60773.42715084142,1008595.5452760964
2021-12-08 21:47:28,235033.9280056588,70187.86266119579,802438.135313859
2021-12-08 22:28:47,236038.65334787336,59911.79372617647,886824.0812084869
2021-12-08 22:46:07,236511.0750513407,62157.82571422365,989917.4367498897
2021-12-09 05:03:50,240884.79207549634,59027.5675337232,826303.2979720741
2021-12-09 05:51:56,244403.96708734482,62204.395882054,868213.174511563
2021-12-09 06:09:35,245527.0842577913,68281.02651691705,901206.6928718429
2021-12-09 06:10:09,245560.44061705554,66067.44726597563,889288.8634673826
2021-12-09 06:11:40,245648.79143019274,63918.876128120384,964397.9792483286
2021-12-09 06:28:37,246535.7519802708,67844.03806545383,969843.7378083474
2021-12-09 10:04:19,238944.78639658162,59447.796617331085,855847.5527339819
2021-12-09 10:51:17,235382.58872653593,61452.42522869336,956790.3561126629
2021-12-09 11:40:59,232293.13231262978,55948.84335597413,966451.7473783158
2021-12-09 15:44:40,228279.87696325537,61750.18890553101,886205.98214152
2021-12-09 17:24:55,226600.43786981946,60132.708049861336,842803.279920469
2021-12-09 19:52:27,219182.8181543028,56067.03938356381,862782.4536452305
2021-12-09 19:56:46,218987.5043324204,55002.36099801313,836029.2358147735
2021-12-09 20:20:56,218028.9504923685,56875.307589941156,875020.7021215052
2021-12-09 21:32:49,216769.80772737553,56404.31557375725,777842.1614169172
2021-12-09 22:07:58,216923.3376849024,58341.73639630171,828727.6288833979
2021-12-09 22:53:58,217418.75638222287,63731.90251721339,785614.3753345289
2021-12-10 00:00:22,217529.4240619002,59026.84646084912,834269.3061100342
2021-12-10 01:35:33,215082.05337103008,59749.69733965177,928795.8857293671
2021-12-10 01:45:52,214730.63230678695,57255.24370129291,838887.4936480792
2021-12-10 02:02:54,214181.81887358602,58037.950250233625,827676.6336939634
2021-12-10 02:42:50,213249.12169785006,52649.54090880753,832026.934455556
2021-12-10 03:46:42,213564.02547024388,55994.9107071954,799819.5838153542
2021-12-10 04:17:21,214629.6401404615,57195.46681096013,823152.3336616099
2021-12-10 04:57:29,216706.62816958758,60816.606470806466,736277.664782122
2021-12-10 05:53:08,219954.1440823719,58436.13623823252,858071.213282905
2021-12-10 06:12:16,220903.81073874814,55059.29784489822,844221.6826799758
2021-12-10 08:34:55,220128.40737765102,57232.63363399511,868220.5614815407
2021-12-10 08:41:19,219766.1389618792,58468.78896965389,845327.0707042831
2021-12-10 09:57:29,214542.15973926694,58998.098971602136,882367.5012780796
2021-12-10 11:02:10,210210.59761489276,52404.66886182976,780080.9484664085
2021-12-10 12:56:57,205773.12571845076,52913.905823173045,774561.1826685435
2021-12-10 14:19:42,205269.68718231271,53036.023617638086,697675.8812464251
2021-12-10 16:02:26,205978.9018523615,49968.784976833944,807815.1032500202
2021-12-10 20:24:45,199697.6624817694,52044.6702478851,793912.1088003498
2021-12-10 20:44:36,199472.4294692793,53408.393338140326,772463.2282429889
2021-12-11 01:13:17,202511.47579904465,54899.39829050654,744235.098319741
2021-12-11 02:29:21,201681.37155232285,49829.02210948933,794053.5119576935
2021-12-11 02:29:37,201680.97013614886,56488.878246654895,805014.8705760619
2021-12-11 02:33:02,201678.55504130683,51047.00294079119,776657.6849231734
2021-12-11 04:52:42,207154.35584914376,51842.10621648952,830828.0663623518
2021-12-11 04:55:12,207338.50483253016,50026.26047134921,829692.9399270798
2021-12-11 06:59:03,215221.54944204201,51378.61133173836,780494.5334196334
2021-12-11 08:37:25,214748.45063401049,55699.397288455024,761901.1575532731
2021-12-11 09:03:06,213649.4295215336,58675.179739730316,811722.4459738638
2021-12-11 12:20:28,205122.239159369,55115.23040023441,814239.9826411542
2021-12-11 14:30:10,205334.4671486355,55503.87310351277,784678.0796989093
2021-12-11 15:11:56,206071.97849221964,51606.213420280576,810359.3337857182
2021-12-11 22:55:16,203834.77634529053,53705.96117121242,736270.9657708127
2021-12-11 23:55:29,204861.29317907325,53958.407374674134,756704.8697430558
2021-12-12 05:48:38,211251.48477441937,56476.316898584686,702677.1309906465
2021-12-12 07:57:56,214363.3605572654,52748.743163876774,818472.3055265003
2021-12-12 09:02:41,211591.53378303943,57732.74894057328,798804.1678373972
2021-12-12 12:21:38,201052.76144605866,47914.594690694394,798672.0553702464
2021-12-12 12:43:48,200539.88255538995,54819.497284765006,782485.7458327161
2021-12-12 22:19:27,194723.14592009253,51081.64975596017,695455.9575391285
2021-12-12 22:38:32,195147.7024026283,50015.278764069415,762313.9756766229
2021-12-12 23:25:31,196084.6877648071,46814.776271041315,698376.3365198935
2021-12-13 03:40:28,195644.22080710105,47994.724619955334,860749.7687636099
2021-12-13 07:53:23,207052.63201057803,48910.70037583778,864263.7339995764
2021-12-13 08:08:02,206790.96672785789,54954.719661114905,766994.6083806324
2021-12-13 10:28:31,200167.6610774398,55541.41141027874,895288.3723071617
2021-12-13 14:33:52,196243.52275821357,51599.42778210986,834664.0810094273
2021-12-13 15:02:34,196716.2210822394,53577.800472421106,749298.4706020232
2021-12-13 15:07:15,196796.984861119,53229.3818430851,709003.8639093778
2021-12-13 21:02:28,193103.16020632745,53062.10374047945,730117.9082655027
2021-12-13 21:06:07,193123.43503602524,53704.69514222369,750991.4842972321
2021-12-13 21:42:41,193613.65731802976,52010.550351777645,702335.9160039577
2021-12-13 22:28:33,194754.4019216882,51355.81245398368,785450.21468969
2021-12-13 23:04:19,195730.73723847023,56201.16947315366,669764.067923123
2021-12-13 23:25:22,196216.11701502127,49296.62118067892,740761.6333206217
2021-12-14 00:33:59,196814.84777493784,50344.85221129207,765460.6910868073
2021-12-14 01:01:48,196602.60773682274,52263.47994002043,786748.5214605667
2021-12-14 01:04:51,196567.60771768625,48132.27112370316,759210.1552797164
2021-12-14 04:11:27,198014.479596096,52657.385134602395,870840.4285616183
2021-12-14 04:55:58,200755.47347063717,53379.58340282116,755060.4708248574
2021-12-14 07:04:19,207954.33029926775,55960.65434664948,781666.0005449269
2021-12-14 08:42:55,206644.04251974772,51218.7419898455,795825.6891338547
2021-12-14 09:31:05,204153.1654500823,56496.08225888119,886859.6470671126
2021-12-14 12:05:25,196777.44671087342,49619.85808885232,802732.6100158464
2021-12-14 12:50:54,195882.0614644057,50186.44928692791,751087.485784914
2021-12-14 17:19:55,196675.1007121003,56017.67158906115,749962.8470465575
2021-12-14 17:28:46,196520.82221504214,47808.36320198546,779204.648475346
2021-12-14 17:32:43,196443.59415061917,53409.785732559525,759931.7627666381
2021-12-14 18:16:16,195287.05649346675,55406.70623516082,752690.6809132923
2021-12-14 22:26:57,192377.40878095452,48288.81422895271,763614.9519833694
2021-12-15 00:37:25,194072.33175319448,51544.11329783247,753309.9795041393
2021-12-15 01:28:42,193422.95838034805,50967.18061762263,697687.5145920157
2021-12-15 03:08:36,192880.8498030514,52566.190222458055,761025.5957338318
2021-12-15 03:30:37,193364.90087829833,45825.58718575611,656670.5022898981
2021-12-15 04:18:09,195373.63278713005,48684.98050967538,849216.2146540579
2021-12-15 12:04:54,194998.8290865265,50524.76918470027,744381.5212209622
2021-12-15 14:14:46,194663.8134068707,47315.78048226085,733066.4144519847
2021-12-15 15:15:46,195690.30589568047,53299.383651603996,776391.644480057
2021-12-15 16:15:18,196589.8954092766,48787.36210430492,790245.5842861971
2021-12-15 18:08:53,195754.22563636475,51160.182702945975,757160.0037607283
2021-12-15 21:12:55,192369.0146984489,47609.451464024576,730504.8722582135
2021-12-15 21:50:07,193006.17194558494,49313.150471493485,749278.1700717472
2021-12-16 02:57:26,195260.39703499788,54729.42390073136,787252.5780849489
2021-12-16 07:22:08,207967.05161414985,51993.329212038414,862524.6493387945
2021-12-16 07:38:21,208012.60345361737,51166.02507699923,793105.911689507
2021-12-16 07:41:48,207996.47179137374,51732.27675823535,826988.2729992275
2021-12-16 07:42:05,207994.75065658585,55983.51146909544,812222.69274125
2021-12-16 07:44:33,207977.24196645973,54436.53355905453,803292.0821350502
2021-12-16 07:46:39,207958.78685557743,52381.703891972524,791209.5660874986
2021-12-16 07:47:26,207951.05024241412,52033.475153256426,910438.2446704187
2021-12-16 07:47:57,207945.70155985028,52430.10607779293,800635.732293357
2021-12-16 08:24:35,207101.41296768162,58859.54842869162,825426.1135160974
2021-12-16 12:43:44,195559.62913691805,51017.2956575469,777359.2976150077
2021-12-16 13:46:26,195118.12024729635,51748.71585845259,716924.5016274261
2021-12-16 14:53:55,195566.93048172715,52237.57531825613,748341.481979236
2021-12-16 16:09:03,196202.216528761,51678.96387456542,811674.9276419919
2021-12-16 17:10:03,195873.29684967973,55791.030758425826,765375.2258548947
2021-12-16 18:21:58,193970.16551652487,48068.86589196061,694599.7219799276
2021-12-16 18:23:00,193933.1473291746,49690.73554470949,692799.3802370805
2021-12-16 21:25:13,189531.75170907768,52951.180838481916,669906.9650564896
2021-12-16 23:55:24,191801.22625110755,54382.24113341761,732928.0011790467
2021-12-17 01:14:03,191101.29255237733,57611.19740540645,797613.3800583346
2021-12-17 01:23:30,190921.83597376975,44821.187876144955,736345.1445005148
2021-12-17 05:23:43,196118.1622627272,53022.32862079489,696540.7082039757
2021-12-17 12:10:18,190744.15504291354,49564.499494826465,734677.2515024142
2021-12-17 12:12:34,190700.12084890404,48269.41885953394,777143.9337266625
2021-12-17 12:21:39,190541.0105304623,52960.330965571164,758753.3889564605
2021-12-17 13:22:15,190160.9479140942,52074.93726269602,661537.8473074675
2021-12-17 14:34:16,190981.4980579309,52498.488535987,716217.7737024883
2021-12-17 20:57:06,190259.71277012507,46899.87061853752,739299.7270140178
2021-12-18 00:50:12,196558.5195589888,52559.85158154053,771232.2823183336
2021-12-18 00:57:47,196591.69847331822,47200.42372714971,741153.1657267618
2021-12-18 03:02:08,197506.00398563436,51361.15592138952,771359.4406899988
2021-12-18 05:56:08,209819.72513425583,52193.64458182562,909586.7424469196
2021-12-18 09:10:14,214117.39588423027,55702.84880824175,756552.3561135242
2021-12-18 11:55:31,208868.71694077307,58011.818821825356,843274.0004144526
2021-12-18 17:04:31,214935.02173441628,59127.39819859921,838191.5910286627
2021-12-18 21:36:37,213689.2792111768,58911.773449228174,780021.6297891571
2021-12-19 00:39:26,219406.44363514174,60419.01437674062,860318.0851397682
2021-12-19 00:44:23,219426.53371854508,60860.00000775682,876477.9185954233
2021-12-19 07:16:57,236263.3253586787,62927.60449919275,850493.1086751925
2021-12-19 13:31:42,225433.46771204047,59526.542034945196,901219.4901774379
2021-12-19 15:43:11,228024.05803694302,55148.027454732546,859454.0667421336
2021-12-19 17:17:37,228846.8308671304,60099.267351530965,933405.3206953654
2021-12-19 17:44:46,228490.77935325744,56296.55558555328,905052.3695153033
2021-12-19 22:32:32,227071.9467072279,58254.73789832983,893470.455506875
2021-12-19 23:26:51,229038.08206900783,61647.12502971077,792310.8991501618
2021-12-19 23:27:26,229055.64678183442,64780.30968520827,887740.7848124275
2021-12-20 01:35:41,229900.73139718245,62744.47107275317,856120.2087588515
2021-12-20 05:52:17,242517.1525728292,60882.42693545331,919291.8223222998
2021-12-20 18:21:46,241826.82366555376,60195.79724449012,849774.300738286
2021-12-20 19:48:40,239378.5825891485,61812.20149608426,927009.6908291031
2021-12-20 21:45:22,240044.94717979964,68577.50681505326,959781.4383140637
2021-12-20 22:48:11,242544.51365365682,62093.263639186385,952641.4752154801
2021-12-21 01:19:05,244950.61274542817,59487.030030132424,990376.6361003104
2021-12-21 02:01:13,244498.33834402054,64673.5012925416,986141.031051764
2021-12-21 03:59:58,247285.39398916837,63705.972956603546,899706.4777271746
2021-12-21 08:15:21,261459.59313804354,70149.80298959806,969189.1999105157
2021-12-21 08:15:23,261458.52816935,73110.70158554112,1009504.3154135789
2021-12-21 08:19:51,261308.13676804412,66596.85673036201,977864.626637075
2021-12-21 12:27:39,248039.9830982341,66066.9837973599,1013594.2570445482
2021-12-21 15:09:01,248609.52372229076,57991.381020544184,1002560.0440444376
2021-12-21 15:11:41,248657.3762255141,64401.93691309414,1004156.6766775345
2021-12-21 16:29:36,249605.2579965175,67862.68825978495,1080678.8637964008
2021-12-21 19:16:49,244859.0358158165,63848.17976162405,854620.7492306655
2021-12-22 08:22:20,257960.74379214484,74324.25899452547,985687.7159768866
2021-12-22 11:11:32,247088.8654087689,65930.99355287441,888775.718819024
2021-12-22 13:19:57,243351.40322446963,61571.93739144856,814013.2807293397
2021-12-22 13:39:56,243330.32363675977,60409.01686896811,915422.9127199198
2021-12-22 14:57:02,244160.54999951128,65720.33586131148,943458.0703078342
2021-12-22 16:43:51,245216.52368275326,63410.42602495297,983712.0623426681
2021-12-22 17:45:28,244148.43241626382,57536.57227345026,936545.3725052924
2021-12-22 18:27:41,242589.91846357434,63626.09381368816,949727.1544225598
2021-12-22 19:16:09,240435.02000069767,61333.75703208316,1034874.546770482
2021-12-22 19:56:17,238860.36588037584,56487.52770464643,897334.8331772295
2021-12-22 20:33:39,237934.97573109332,62682.486939630384,923150.4885730474
2021-12-22 21:41:32,238037.32331441113,65884.10340351505,847008.9293276236
2021-12-23 04:18:07,240684.68059164807,56236.73780680733,953290.1701085378
2021-12-23 08:28:22,248673.24123060078,71457.68965025975,970682.6550087708
2021-12-23 09:32:13,244122.23472437426,65258.13324638223,1043507.2542658981
2021-12-23 13:45:58,230651.12953434017,70070.01286109671,860891.8610390993
2021-12-23 15:26:27,230304.09885150203,58002.48834216276,920915.0357785984
2021-12-23 17:29:56,228226.98423342736,69587.76361800233,820352.83406855
2021-12-23 18:26:32,225497.28195850982,56109.71566419804,753636.8491537413
2021-12-23 19:16:04,222646.22791758244,61786.470405197884,808530.8786682347
2021-12-23 19:23:05,222251.20656129322,61533.285371252525,833324.1272977059
2021-12-23 19:27:06,222028.9432686005,52334.25076591615,771515.8835006114
2021-12-23 20:13:13,219805.972174341,57907.575722824666,867433.7931270789
2021-12-23 21:59:32,218177.9665917306,57381.95181072775,830272.7561768821
2021-12-23 22:00:31,218183.57412369782,58557.157053207375,774778.1688384549
2021-12-23 22:41:49,218545.80221288404,54942.318305099965,741596.6328044521
2021-12-23 23:36:52,218825.18197171116,55980.14901642861,799890.4040457829
2021-12-23 23:38:29,218820.74416968657,58441.35474123886,858234.7131557658
2021-12-24 02:52:25,213969.37260040213,55115.937576392855,783114.972934615
2021-12-24 05:14:42,218339.12017357667,57310.853121165565,807026.1287190767
2021-12-24 05:29:58,219227.9789605298,60476.2143849735,769383.7052926652
2021-12-24 05:31:43,219328.64377027898,60302.64835063777,829849.2556149985
2021-12-24 05:54:46,220592.69695696133,49873.13441938339,789036.9788802029
2021-12-24 08:34:30,220430.27360831693,56414.635261449825,836453.2160882707
2021-12-24 11:28:47,208743.40334685662,55939.253727711635,778188.3452622863
2021-12-24 14:40:48,205068.37686204346,55019.78734169906,793235.7203227718
2021-12-24 14:57:25,205168.6324908768,55949.07646756497,764594.0385445036
2021-12-24 16:00:20,205532.1656860521,55136.287405619114,717574.9460151754
2021-12-24 17:37:39,204472.92103280776,56971.32640075174,820898.6357392384
2021-12-24 18:10:43,203445.2807059044,52127.85080431628,763163.7519615691
2021-12-24 18:45:18,202130.93808856444,48764.91492103415,709405.3130156787
2021-12-24 19:04:45,201356.71621674116,53926.92745927872,780058.7268550341
2021-12-24 21:27:12,198703.6804959219,46793.84788369187,741111.2540616473
2021-12-25 00:44:24,201648.03324227044,55138.115412742074,751042.5282851757
2021-12-25 06:10:26,211222.30495911802,59108.03415622609,801119.2785599144
2021-12-25 06:40:35,212834.9951427167,53991.90900769303,809474.5070231633
2021-12-25 07:15:28,213932.8999747048,54116.12738448206,854575.3627466076
2021-12-25 09:09:58,211504.78918482922,56495.32412041391,785510.1803588032
2021-12-25 11:14:41,205136.8782909732,56156.30878336067,785802.0132186922
2021-12-25 11:31:51,204497.74506835346,48696.794004992524,797423.9576542072
2021-12-25 12:03:05,203584.60866166567,52784.32937708911,744670.3734970345
2021-12-25 16:12:46,204916.1189704991,54479.80291071674,763871.6129361381
2021-12-25 16:22:21,204989.65534702118,53177.537767630165,714703.1363109121
2021-12-25 16:38:09,205053.38297397102,53560.45374878772,823467.7520727637
2021-12-25 18:05:38,203869.05031858897,47818.39348013228,777498.6961339647
2021-12-25 18:48:33,202496.94611625987,55669.72411222356,847467.8256599166
2021-12-25 20:57:49,199540.09293034193,55409.17897134974,696361.9747131658
2021-12-25 21:23:03,199677.2637003064,53933.50439764287,806276.476908012
2021-12-25 22:31:02,201047.98758667218,55741.04482717088,818015.469409086
2021-12-25 22:36:20,201183.568916387,50831.09875751466,745634.3393177679
2021-12-26 01:55:54,201341.03052220374,56336.56797364637,831839.6510714267
2021-12-26 02:42:49,200847.6032067684,48687.22230929291,857884.8131956398
2021-12-26 03:22:00,201208.03320167234,51622.57193691019,677602.3013684985
2021-12-26 04:01:34,202494.32849222183,52990.25761861152,798852.4754399051
2021-12-26 05:16:27,206927.65909438446,60026.64330618203,775311.618699426
2021-12-26 05:59:54,209724.71872958614,60004.56006061883,774470.0214299703
2021-12-26 07:49:13,212352.11080131473,57928.61987400974,791468.0011509331
2021-12-26 08:55:56,209848.52935691483,49315.77320549406,888435.8200284424
2021-12-26 11:44:07,200385.5725211501,54535.227927881526,805001.4811098067
2021-12-26 16:31:46,199076.08977310284,55201.72470549435,750340.1840792871
2021-12-26 16:34:51,199065.80124212918,52082.62589604209,782880.5681071249
2021-12-26 16:50:03,198973.18956396542,50996.02665041184,786681.3343763279
2021-12-26 16:55:22,198923.5780795116,56093.05048414303,829488.7370665589
2021-12-26 16:56:22,198913.2166382131,50930.21850399238,740767.3268289494
2021-12-26 17:08:38,198759.09898447912,49199.79527787769,731009.6373112617
2021-12-26 17:21:46,198538.08050617512,50815.24681774798,762874.9035238359
2021-12-26 17:30:49,198352.2743017804,51346.0269691144,814565.9212415825
2021-12-26 17:48:23,197916.97969738801,51865.25786423025,813639.189017417
2021-12-26 17:55:54,197702.7092309969,50165.96155859441,689646.6544716884
2021-12-26 19:59:10,193439.8619873705,50154.85834313115,728478.0064790421
2021-12-26 20:22:33,192922.5180523909,51631.233963971106,738265.5212113871
2021-12-26 21:27:14,192685.7451096922,50135.31963800678,685844.9588891515
2021-12-26 21:40:09,192842.31700038599,54368.582682518834,750126.946791467
2021-12-26 23:22:54,195016.34168782976,50664.93594260655,804560.4162455073
2021-12-27 01:56:02,194354.6761794454,51549.40339567563,790286.3810042143
2021-12-27 03:20:59,194502.06413544633,47787.155897156874,774288.126622636
2021-12-27 03:27:08,194657.67719242888,48419.3016877977,758195.4478079497
2021-12-27 05:13:31,200444.08670779454,50893.2066503167,693013.4004489636
2021-12-27 07:16:18,206898.0003822524,56359.915772202774,732233.9382177521
2021-12-27 07:51:15,207025.0023037779,61401.187902760495,794591.3193110968
2021-12-27 08:05:48,206820.72244430115,49671.96984975884,807226.9477209598
2021-12-27 08:20:27,206478.06181035953,48773.115602758786,717038.3442935519
2021-12-27 08:26:35,206297.49282834036,58623.819395925435,773236.6997219741
2021-12-27 09:41:03,202948.54205375066,49296.77021236101,743876.6264940314
2021-12-27 10:38:55,199988.1018829588,53013.67315894412,735611.0693467506
2021-12-27 12:11:59,196856.71699791687,48196.86669320311,812800.2248312498
2021-12-27 12:57:44,196351.10732562788,52885.41983810805,690667.8015660415
2021-12-27 13:41:01,196458.6222923257,54109.708985346675,778789.9187078057
2021-12-27 13:54:50,196595.27275471718,44337.74820781075,758020.5533865462
2021-12-27 16:59:46,199252.36494707005,57649.71862677001,770314.059817971
2021-12-27 18:14:58,198209.61451150145,53230.811194594615,699580.4433844775
2021-12-27 18:33:40,197718.97272047275,50070.55768865231,815805.6015860402
2021-12-27 18:50:49,197231.4493848505,51247.35295886769,857250.6395933669
2021-12-27 19:28:52,196162.0032093339,51512.11196924464,757548.3206951778
2021-12-27 20:56:28,195096.3487962198,50658.1018983963,676887.123722125
2021-12-28 01:03:55,199425.84703230046,49942.03447781298,725857.9212050333
2021-12-28 02:46:45,198772.85146628867,52148.93239936243,664709.9598631901
2021-12-28 03:31:59,199715.78161986844,50292.92114806664,741053.4124851747
2021-12-28 06:44:33,211622.66489827304,57547.127680585116,802442.4391010688
2021-12-28 06:54:52,212011.76371883645,55947.218014168306,783127.4504343038
2021-12-28 10:43:13,205085.1193956756,54688.3723355668,734607.3367561011
2021-12-28 12:00:31,202142.37766222513,53061.35077361014,742908.5741950067
2021-12-28 13:15:09,201150.61849845632,56479.03503197432,745991.0678004392
2021-12-28 14:01:40,201357.18220146003,51607.6556847448,846887.8024279764
2021-12-28 15:03:12,202239.39089024486,56474.25504950753,729930.7584443663
2021-12-28 15:28:46,202666.21360849784,53231.07021687127,762852.027617472
2021-12-28 16:24:45,203327.96640137618,55303.74391151048,802004.4524319698
2021-12-28 18:15:50,201966.5155810017,52594.52872872935,762541.8043504826
2021-12-28 18:29:16,201560.9473951989,53436.49913962931,736889.2951966947
2021-12-28 20:04:24,198736.31556759516,50349.04858314585,718336.4180968244
2021-12-28 21:02:43,198283.32747586392,54980.995567223006,785720.7549813594
2021-12-28 21:09:16,198325.60781768884,55217.227705196754,703746.4510656616
2021-12-28 21:36:33,198691.4535336274,50928.974962173466,773785.3357244971
2021-12-28 22:17:44,199690.3974404818,54935.89279953218,808448.226973003
2021-12-28 22:19:01,199726.9350182883,50615.116048694596,728776.3969875732
2021-12-28 22:27:40,199977.28263116287,51856.34609097283,834018.5954828163
2021-12-28 22:32:28,200118.2386283438,56629.819976459105,798931.8998681848
2021-12-28 22:33:16,200141.80312463787,53063.953141349375,800996.4510964011
2021-12-28 22:55:31,200789.93064852597,59910.164769899246,804192.0750398429
2021-12-28 23:03:22,201007.51720104853,58845.628908526276,766706.9811272143
2021-12-29 00:42:46,202237.32432992742,53867.06837860801,760085.4972345636
2021-12-29 02:19:36,201289.28899418,53909.30625668215,753634.4541020138
2021-12-29 02:38:43,201286.627302477,48958.940502894584,692485.1459222336
2021-12-29 03:17:54,201858.6358415498,49342.91613836137,790231.2491273114
2021-12-29 03:29:47,202212.51367121874,54327.152576060485,787469.3150842506
2021-12-29 04:03:02,203668.51338739024,49569.39820201838,843732.7446079917
2021-12-29 04:29:49,205293.96422033155,54965.83890358339,792000.7574390583
2021-12-29 07:28:00,215823.8737998704,55944.14860698505,849883.2636563833
2021-12-29 09:12:56,213375.40004299572,57852.68130223282,859956.2597310545
2021-12-29 12:05:29,206110.5289434286,53689.744337366355,754195.2431006294
2021-12-29 13:39:21,205785.19371144526,55117.6393561049,841616.5069364271
2021-12-29 14:00:30,206066.92055066733,53206.7435833328,768932.6511087015
2021-12-29 14:03:52,206121.10480050638,54947.93368888567,836034.7793386832
2021-12-29 17:33:28,209044.1129621345,58343.3355573081,737261.1352656968
2021-12-29 18:26:50,208012.15356786057,52097.047721567964,831997.2887341246
2021-12-29 20:26:48,205362.9710964024,46436.1496055849,786427.767529134
2021-12-29 23:25:43,209532.66919931874,55367.8552819902,877940.741106877
2021-12-29 23:56:54,210207.70213677268,58456.80411925707,850474.2556251697
2021-12-30 00:26:10,210501.35029004386,58273.085981929726,809654.9155663042
2021-12-30 02:09:35,209829.1374821728,60653.776164892966,927304.6730810275
2021-12-30 02:42:49,209851.5578301646,60083.95353401925,815409.909368893
2021-12-30 03:37:14,211141.3748369159,55651.823118085485,858472.8218677336
2021-12-30 03:53:00,211860.76700025328,48746.67509563342,818536.3360900604
2021-12-30 05:20:57,218038.09544839174,54257.347825490426,858523.7226355043
2021-12-30 05:55:35,220720.55179370372,63212.77338012569,970256.6900970786
2021-12-30 06:10:31,221757.8627119145,55314.936972414296,921249.5779481848
2021-12-30 06:30:58,222985.3541829167,59592.82307463355,823933.0273556722
2021-12-30 07:25:24,224781.88747726605,58656.22280559201,907127.0065985838
2021-12-30 07:33:52,224844.3186586205,63424.5915493717,870847.6920444128
2021-12-30 07:39:41,224852.8955466518,61417.62443314772,860910.5149899642
2021-12-30 08:32:45,223751.4536921456,55286.79260816637,907201.5112344909
2021-12-30 08:59:52,222531.6156770017,60226.7325326091,791283.9010681929
2021-12-30 10:07:04,218662.42671516543,56535.21126074206,815737.4955814905
2021-12-30 11:45:57,213838.50174476512,53920.219921242395,835556.218870022
2021-12-30 13:32:35,212148.46771594218,56146.96818356868,832363.6172359893
2021-12-30 13:38:02,212156.7260942133,59417.72668942535,767483.8736870288
2021-12-30 14:16:12,212408.08232263348,53274.74565743227,822039.4582066155
2021-12-30 15:20:45,213280.18655290955,53105.509202281224,804443.4683954167
2021-12-30 16:09:22,213821.0181882967,57649.90635160738,706108.1969493359
2021-12-30 16:15:33,213856.32953336497,59977.259571826915,798198.1055269613
2021-12-30 17:02:08,213742.95919271527,61437.73222597295,753104.507885512
2021-12-30 20:40:37,207441.82418166357,49908.36423354474,847190.9172970349
2021-12-30 20:54:42,207343.8445589861,57964.0319120264,801243.8766222498
2021-12-30 22:02:54,208050.94493787712,54411.09001915124,821044.0685732836
2021-12-30 23:13:48,209727.22795134733,51355.6558122089,776990.9448928881
2021-12-31 02:21:07,208604.14465915738,57421.72261981954,888719.036622511
2021-12-31 02:34:46,208511.12095836538,56384.65532867476,914153.1753574546
2021-12-31 03:06:40,208658.76164177575,52186.769246377444,865702.5529436729
2021-12-31 03:53:30,210006.55677547376,54565.7960720863,840411.0821637607
2021-12-31 04:07:07,210657.60335957404,55738.029387255905,831158.2261344672
2021-12-31 06:12:44,219155.04721369757,64575.66942870429,826506.2625047318
2021-12-31 07:00:49,221310.18916822333,60352.8722182913,838569.8177525152
2021-12-31 07:21:15,221712.52204530025,61008.864221522475,854934.2536084887
2021-12-31 07:50:53,221707.33351939367,57821.02140665027,832690.1605131462
2021-12-31 08:32:26,220634.7763019992,64042.22416599886,808333.4232157588
2021-12-31 09:13:07,218713.08703505146,55935.20549353682,895058.5479416485
2021-12-31 11:16:51,212159.9949102732,56653.32524821993,825269.367844694
2021-12-31 11:45:24,211163.04552369082,54130.969235111,834608.8754054543
2021-12-31 12:29:11,210213.92915436317,51514.413688039305,766488.3683530668
2021-12-31 12:56:53,209973.75814807008,59791.075924988094,820694.6129856932
2021-12-31 14:18:33,210658.56803218002,54874.80771689376,767948.9223520665
2021-12-31 15:38:59,212455.27681736957,55520.02526211232,822291.475763689
2021-12-31 18:18:13,212715.60187201234,59667.52223662209,832945.0116671245
2021-12-31 20:21:51,210279.15066301377,50098.28686557657,774800.5882038575
2021-12-31 21:04:46,210575.2804349258,59260.46696988753,862534.1148324962
2021-12-31 21:05:46,210592.76605618309,54784.2446011354,769593.3799819086
2021-12-31 21:19:38,210883.1808016757,56032.60831186326,855122.321336482
2021-12-31 21:29:35,211144.2055198832,51331.6187250168,863525.9175607953
2021-12-31 21:32:12,211219.69512358226,50170.05178472017,806867.7639400482
2021-12-31 21:54:17,211957.01946469577,54228.38681325444,795119.8855222691
2021-12-31 22:05:33,212390.73323549467,55912.571487750756,850740.3137242827
2021-12-31 22:06:48,212440.73143042176,60323.7980289085,747927.3566656043
2021-12-31 22:43:40,214008.1782498672,54073.03353804235,823328.3536387078
2021-12-31 23:00:46,214737.7273636768,60236.63755563093,800716.2735798344
2021-12-31 23:32:36,215954.16406091364,55305.305759108494,779454.8666989339
2022-01-01 00:03:36,216833.89024753563,53187.23250706064,878213.7481882134
2022-01-01 00:13:45,217042.26339212994,57188.93468791363,833873.9017315404
2022-01-01 00:17:58,217116.98676783024,54656.57523544911,788164.917208154
2022-01-01 00:44:39,217437.61368773592,58251.422739317495,805363.3533790839
2022-01-01 00:52:26,217486.89980861504,57518.61232487849,861707.1251684354
2022-01-01 01:03:13,217528.89431398877,58908.44220046466,836087.8674377635
2022-01-01 01:05:44,217534.9688208077,57877.135925653994,810057.5136192411
2022-01-01 01:19:41,217549.79454392477,59749.24104619535,892613.2669296387
2022-01-01 01:30:16,217548.09942414143,58506.23167805349,888044.142291534
2022-01-01 01:48:24,217547.9253348647,60194.856605540714,939105.8498225609
2022-01-01 02:11:36,217620.8270984727,61628.52682187461,887771.8824525839
2022-01-01 02:11:41,217621.34721932458,55521.35699367245,778764.383533125
2022-01-01 02:27:40,217768.54439541837,58376.025336384395,853841.4344538137
2022-01-01 02:52:43,218238.51037217746,59235.37980032607,896203.8731190605
2022-01-01 02:59:16,218419.562081219,57803.08556625015,839196.3554429273
2022-01-01 03:14:12,218933.91806057378,56282.232668300625,831293.0063139092
2022-01-01 03:18:10,219095.29259271384,58721.28520178091,841889.7087451908
2022-01-01 04:19:13,222911.86626566216,57730.38912900021,814122.727947274
2022-01-01 04:22:21,223170.0005603045,56414.639769238885,827794.7259450469
2022-01-01 04:27:40,223619.4742358945,65145.402335995255,820064.4011847841
2022-01-01 04:50:59,225734.96310766955,57982.66798838059,876742.0569724279
2022-01-01 04:55:02,226121.37613230525,59344.62967452173,922166.4565152985
2022-01-01 05:16:54,228261.14868135733,66395.69137517731,947843.3996605001
2022-01-01 05:28:44,229431.07215631858,59891.81282825374,971132.3951240889
2022-01-01 05:53:15,231790.05754626438,61388.43044600089,830620.2850475351
2022-01-01 06:01:17,232523.63772603395,61444.33364494098,870318.9375331862
2022-01-01 06:02:39,232645.76652015417,62144.15631655248,916621.7775047229
2022-01-01 06:08:36,233167.35281287163,59295.93846476121,865501.40908669
2022-01-01 06:18:25,233987.8776073699,58601.939259284096,933070.238578365
2022-01-01 06:31:56,235023.08534562774,65451.57802848657,913699.9691964855
2022-01-01 06:40:03,235585.12758969166,63923.24949383264,922831.8517470708
2022-01-01 06:45:36,235941.46327764346,62671.15591943923,930053.2319316689
2022-01-01 06:58:06,236655.6081111277,55669.35140114013,938252.5957353255
2022-01-01 07:03:26,236921.46660142115,56276.09623503457,875770.1400928206
2022-01-01 07:21:56,237656.07908828114,61038.75579231679,1044489.5795912803
2022-01-01 07:27:52,237829.03722026412,61049.422829863135,843015.5914377277
2022-01-01 07:31:02,237908.86525357625,64041.17383512404,917196.1907216394
2022-01-01 07:50:36,238212.34912253421,63378.086735720026,894170.1882484534
2022-01-01 08:27:16,237968.8530591336,56956.06184647723,918040.6939611456
2022-01-01 08:34:53,237803.3645770699,60183.29303496814,828696.6180820647
2022-01-01 09:46:07,235101.62905452139,62438.94891531871,819173.7300985428
2022-01-01 09:53:08,234781.75897588202,64896.5138425062,812895.3093823434
2022-01-01 11:47:20,230795.51801449733,64545.520593303765,863682.5998918924
2022-01-01 12:45:12,230431.24288092455,56029.6088385681,869454.3547692053
2022-01-01 13:08:23,230629.84276691912,56602.4781454708,885435.582431813
2022-01-01 13:13:15,230694.80808174371,63380.55878186738,805267.8002689724
2022-01-01 13:35:04,231078.26742107043,64852.211320204224,884863.5161755945
2022-01-01 13:46:11,231327.55711234824,58001.99286523985,909401.0544251989
2022-01-01 13:47:14,231352.83910952197,58184.346848486806,877434.6579618052
2022-01-01 14:27:14,232503.90194360522,64014.55968643497,925974.5080555353
2022-01-01 15:11:01,234022.47089498737,64628.7958692035,911831.7056413925
2022-01-01 15:17:07,234238.62902400247,65095.42753214028,902561.797555989
2022-01-01 16:00:24,235660.79737582873,58606.069982119196,883845.5454096257
2022-01-01 16:10:59,235953.44499524587,63442.718919425264,1007820.4260733526
2022-01-01 16:19:44,236171.5980433665,68138.56741445143,931694.4578847339
2022-01-01 17:01:06,236840.96047499508,67649.58811420624,937080.2174707813
2022-01-01 17:21:04,236918.53115392,60566.48305290788,997825.0698548667
2022-01-01 17:24:19,236915.27051414535,52962.55896051259,947718.5682457415
2022-01-01 17:34:41,236875.59403991362,60912.722244766446,980422.9669134712
2022-01-01 17:36:13,236866.0018913898,62374.60024443095,889487.3776875612
2022-01-01 17:38:25,236850.5958309967,60523.317691783355,958945.2570049468
2022-01-01 18:35:02,235894.09209094162,63811.41962463428,903823.4423293775
2022-01-01 18:36:35,235856.69765260804,63033.22345426914,884401.4292649964
2022-01-01 19:37:32,234366.6574969255,61696.05325319826,863038.6989356405
2022-01-01 19:38:17,234351.3667423222,55056.0919174414,963476.1138859416
2022-01-01 19:50:46,234120.94256982143,62663.54013382231,857427.5319682619
2022-01-01 20:12:42,233850.24323658136,58247.29667307266,930281.0006531593
2022-01-01 20:33:57,233788.6385068823,57927.85056527002,902430.6941102863
2022-01-01 20:59:57,234018.37744550762,61766.67019743306,992658.5860349648
2022-01-01 21:33:55,234821.14818306666,63461.09320021199,1007700.8919290167
2022-01-01 21:46:56,235259.95453994314,68749.24948734768,915102.362346143
2022-01-01 22:05:26,235977.4456776478,60185.46744815041,786905.2491185548
2022-01-01 22:35:10,237263.6379744075,58509.18664974924,931133.494116674
2022-01-01 22:36:24,237318.1998234953,57814.30536629012,875918.9899695403
2022-01-01 22:44:18,237666.36978111463,66917.61324256807,940133.3151610356
2022-01-01 22:53:41,238073.10344159056,59593.07871762528,870747.6616519635
2022-01-01 22:56:35,238196.4080334121,67391.93879551017,900508.4473169061
2022-01-01 23:12:18,238835.1261845089,60422.76810506094,946691.098497632
2022-01-01 23:23:32,239251.09967799066,62017.18235258097,945547.9817325947
2022-01-02 01:17:07,240580.12137807766,60533.458807895615,824789.5402299173
2022-01-02 01:31:15,240456.3710128098,55902.02922625151,957174.7097918061
2022-01-02 01:48:10,240303.51258050167,64915.62231306201,871895.7632255446
2022-01-02 03:09:47,240815.15004023755,60834.64588618321,843895.0634413733
2022-01-02 03:14:30,240959.58915506137,62298.190654822254,909161.86012658
2022-01-02 03:18:20,241088.65504602616,64083.007537471414,899548.3843096324
2022-01-02 03:54:16,242817.2631151422,62353.1983790961,991760.6139598531
2022-01-02 04:07:51,243707.65022501603,69299.09108340366,930329.8839783794
2022-01-02 04:11:44,243984.10687976424,63170.25082758947,974765.5400648484
2022-01-02 04:28:49,245304.03861247844,62362.23132746666,960119.9929485557
2022-01-02 05:02:02,248236.06308480253,67167.14788587255,956302.4635750765
2022-01-02 05:18:56,249821.97692828724,70997.5630364116,994166.5419596893
2022-01-02 05:24:35,250353.40115942014,62971.64561717912,905064.473787147
2022-01-02 05:57:56,253362.45756713895,74536.94060336583,1036556.0223193141
2022-01-02 06:12:21,254526.52231175554,69480.69976987096,1010851.7231430047
2022-01-02 06:58:31,257279.92340931974,73540.03280967969,1081698.2372006488
2022-01-02 08:13:10,257681.79872312763,69430.12239530004,964617.0678705848
2022-01-02 08:54:17,255972.7193711157,64283.0310243446,924192.4123708458
2022-01-02 09:21:00,254410.3797659813,65589.54620297936,985619.4302076369
2022-01-02 09:42:25,253028.43918011457,60795.95954512836,952374.7189374125
2022-01-02 10:04:02,251601.87130251637,66081.95444682402,978020.9394806691
2022-01-02 12:21:46,245140.77261611656,60262.38870314755,876134.681742128
2022-01-02 12:35:15,244892.5547737952,65207.294249585524,979727.2859094283
2022-01-02 12:42:24,244790.2793212229,60954.09210304115,1025668.8433301689
2022-01-02 13:04:03,244600.50410848975,65745.56788859915,945465.5433914802
2022-01-02 13:28:04,244588.43049765847,57698.05620137138,896052.1531131247
2022-01-02 14:12:55,245039.50294414483,58536.84137804381,999546.5722236953
2022-01-02 14:49:50,245734.11726504372,66995.41099855542,941401.7145335339
2022-01-02 14:51:35,245771.13396438642,61955.09965456622,851611.8697135348
2022-01-02 15:01:19,245980.1818435089,61972.35137861499,915999.4194365047
2022-01-02 15:08:22,246133.3747486136,63364.48072875409,890037.3845915403
2022-01-02 15:13:36,246247.015241326,62601.65005764288,938441.3748385591
2022-01-02 16:35:16,247504.1584337176,65067.71828925222,861786.3958808356
2022-01-02 16:36:30,247509.2352636855,62998.655873348456,952717.5110167542
2022-01-02 16:42:01,247524.8925336991,59370.378873891605,942349.7546400301
2022-01-02 17:15:00,247361.3309213441,62060.07128231951,977962.7396546971
2022-01-02 17:38:52,246957.56830683278,57932.20685881412,940893.3479701572
2022-01-02 17:44:34,246826.89575896354,61977.517642043786,904231.6864378037
2022-01-02 17:45:44,246798.6082846784,64766.667046919865,913331.9301216044
2022-01-02 17:49:48,246696.02219588097,62380.16561824417,1048147.0030633542
2022-01-02 18:10:33,246084.10557069792,65068.239847276665,858319.084384972
2022-01-02 18:16:30,245884.77058948256,62879.62322551982,910632.1939388124
2022-01-02 18:39:13,245053.7036749599,60126.34446530913,851538.4541254184
2022-01-02 18:51:35,244572.8033962308,61393.03741587026,967096.0548492458
2022-01-02 19:27:43,243194.54517254417,63096.47050494043,899879.9912527673
2022-01-02 19:29:41,243125.12813863327,59782.85923019136,955626.5515286063
2022-01-02 19:56:36,242289.7644931912,56871.17315615909,971827.9590711173
2022-01-02 20:03:46,242112.09911589127,57543.57066808533,900022.9413049488
2022-01-02 20:09:13,241991.9708491762,58354.41663740365,972412.2454655648
2022-01-02 20:14:54,241881.32987191714,72344.98368250453,921721.1344278152
2022-01-02 20:15:18,241874.12403302893,66433.54622576633,836870.5152879112
2022-01-02 20:19:10,241808.50702452665,62682.36475900876,943432.3138863455
2022-01-02 21:17:34,241777.99767094103,67020.83328100404,919589.4935245685
2022-01-02 21:35:45,242129.27144420458,64087.74232128572,1037263.5991802167
2022-01-02 21:53:05,242594.18309944562,61429.4915419485,942627.9982425519
2022-01-02 22:24:34,243660.04652142944,69037.56045864246,928136.2317862993
2022-01-02 22:36:50,244112.983064208,71554.03197738506,904584.9470330494
2022-01-02 23:10:37,245312.30548463255,61419.996108456035,906321.576920945
2022-01-02 23:42:14,246180.55332638387,63757.40911931216,933870.781509597
2022-01-03 00:16:43,246663.3453602336,56978.71551300865,939372.3328041146
2022-01-03 00:33:02,246706.61890402302,59109.534414374015,887187.9868407958
2022-01-03 01:00:57,246542.50258082675,62484.03751042715,920158.841721428
2022-01-03 01:07:08,246474.53703811736,59954.45366102413,976391.6093493607
2022-01-03 01:29:56,246169.24665538262,62718.09674535017,987408.2754055605
2022-01-03 01:54:44,245830.62531064605,60492.82931293593,1068518.2982436633
2022-01-03 02:05:56,245711.85240569245,63236.755989773665,1050771.1126663606
2022-01-03 02:27:34,245605.26668033094,66953.1869030912,914788.7192256885
2022-01-03 02:33:55,245614.64382525475,65742.45164901394,1080866.1141121688
2022-01-03 03:47:30,247669.5220051676,63481.93388189083,906017.0122681821
2022-01-03 05:00:44,253366.18362034374,64465.2620365613,1009049.6474046562
2022-01-03 05:38:46,256970.82116352773,68755.49126382607,1037024.3165545103
2022-01-03 05:47:17,257752.96947752053,65448.60323272476,944419.1874595511
2022-01-03 06:11:18,259802.66679852645,72312.058126865,1075188.8148020918
2022-01-03 06:31:26,261262.10288153365,72025.81431651714,965586.0725845185
2022-01-03 06:51:18,262397.22352034826,68762.457423969,980743.3892615107
2022-01-03 06:54:26,262545.1628779868,67434.46282834161,1008562.3169961235
2022-01-03 07:11:49,263201.3454462027,69065.09539119652,980532.778462702
2022-01-03 07:29:19,263571.53494098433,63809.33191929342,936876.526313903
2022-01-03 07:30:08,263581.62701358274,70763.42979986359,1041123.1696572866
2022-01-03 09:15:31,260401.89356474843,66879.83588548179,988526.0841887401
2022-01-03 09:47:48,258372.6744976705,68856.06673427144,960697.9196461724
2022-01-03 10:35:58,255364.7933493462,66657.5180971379,964529.7158844449
2022-01-03 10:38:59,255190.6703549016,62782.14226630988,962140.1554077613
2022-01-03 11:14:39,253347.34851652125,75497.2626516633,1052425.2654540131
2022-01-03 15:15:09,253109.50921683406,67933.28611080976,969181.3043707553
2022-01-03 15:24:52,253363.02922108705,63322.99865144504,901545.0800278238
2022-01-03 15:41:15,253769.92923033485,69426.78169699667,958941.9116885436
2022-01-03 15:49:31,253959.78704602493,74621.20782374562,961047.9590921208
2022-01-03 16:28:49,254628.0924819264,65278.573964758914,962828.3064131044
2022-01-03 17:13:45,254701.50087342854,70122.2574287417,955597.6360838527
2022-01-03 17:28:02,254540.64341138606,67224.30387614234,1125880.5360576832
2022-01-03 17:51:51,254078.14308163046,62050.48213257463,1063386.2516447655
2022-01-03 17:53:35,254035.64289586616,77935.62238630623,963972.1612816562
2022-01-03 17:55:16,253993.302346003,63328.62484245604,1035271.9702154266
2022-01-03 17:56:05,253972.38776655393,72372.50462158538,1011462.8140170373
2022-01-03 18:24:30,253111.793756212,67135.70620256921,1087680.228991641
2022-01-03 19:34:09,250585.43655783133,57861.711190970076,887890.1155395383
2022-01-03 19:59:21,249864.61038663285,61113.9725176218,977080.4574113032
2022-01-03 21:09:48,249418.0017064391,67835.53856995916,946896.6071970649
2022-01-03 22:26:28,251584.64339402862,66764.0011677542,1007566.1491887397
2022-01-03 22:28:31,251662.62631465826,69268.84075853098,951281.9477786956
2022-01-03 23:45:41,254146.04445573498,60897.185800932006,913727.8971303224
2022-01-03 23:48:45,254204.02232040258,60866.81916467043,910594.9147105244
2022-01-04 01:36:26,253731.31148403764,71127.29859885217,988123.7891214276
2022-01-04 01:53:31,253439.09801082066,70509.8498940603,1028648.6488696743
2022-01-04 04:09:44,256141.72741464796,61275.3088860055,1028804.3345237405
2022-01-04 04:44:43,258831.10801780928,72820.33735105283,986121.7451989378
2022-01-04 04:46:15,258961.9405198355,75062.8798730634,1031068.4707334585
2022-01-04 04:47:21,259056.29830900495,72658.07204797002,940361.3719966882
2022-01-04 08:09:24,268835.7947324436,65341.33088781882,1113982.4589297741
2022-01-04 11:39:09,255278.33653360762,59747.82769211779,1021413.8800385335
2022-01-04 12:44:50,253007.3533864655,58895.174841226726,1067750.881371254
2022-01-04 14:20:00,252571.34173377513,64072.03096023436,977480.0706467733
2022-01-04 15:06:58,253112.50225821038,69354.01861490411,999474.7647220487
2022-01-04 16:04:50,253703.1343086618,72207.56686529209,993614.8173819069
2022-01-04 17:07:10,253320.04508379538,65523.282788896846,1032557.588499466
2022-01-04 18:15:56,251047.85584883907,68492.42842503317,965861.17276639
2022-01-04 19:40:00,246980.26917436562,68901.29065462068,946557.3230921816
2022-01-04 19:44:03,246807.12738898525,66373.20275784977,909178.6957412548
2022-01-04 20:22:09,245497.9366153814,68304.47634927595,897603.0282109616
2022-01-04 22:10:10,245704.8385323326,67068.081061744,1010805.6013922543
2022-01-04 22:51:41,246755.40381657408,67298.69789889436,954959.2706398219
2022-01-04 23:14:48,247279.81798922748,62415.57947547232,981511.3625370924
2022-01-04 23:42:45,247701.44456147274,65418.30622007432,927402.2732497174
2022-01-05 04:35:52,248995.70010935768,67885.65171413693,846670.7820558392
2022-01-05 05:43:44,254350.30495532422,73876.65232522185,969640.3270035335
2022-01-05 07:00:10,258616.33305303223,66248.27139212977,948239.2995959352
2022-01-05 11:31:31,245122.57265064662,59070.62535685807,959852.1896904181
2022-01-05 13:19:51,242054.92724072744,59562.412693965285,929681.5324770672
2022-01-05 13:43:47,241967.33831067398,61645.00568519907,874391.7386403825
2022-01-05 13:44:53,241967.52386453247,65300.79115006022,913187.9926533543
2022-01-05 15:02:36,242628.73916666274,63441.68333401741,981749.5149741098
2022-01-05 16:27:08,243360.52648866156,66763.7184744293,897572.2225735468
2022-01-05 18:28:16,240379.27614453342,65103.6738829906,948899.2489583887
2022-01-05 18:32:13,240201.12742099652,58477.46647073762,936442.3149940118
2022-01-05 20:08:29,236094.67769201647,64555.05057077374,899798.3720083161
2022-01-05 20:15:30,235895.45007858812,62447.41445970695,931549.0967521231
2022-01-05 21:00:45,235195.96312168354,60520.3046909885,845772.6942937408
2022-01-05 22:02:01,235812.29143679934,66708.54939760007,805658.6675009731
2022-01-05 23:15:03,237507.8306628533,66167.89923221368,945311.3510710129
2022-01-05 23:37:05,237840.09087714396,61731.76850300184,907760.912377953
2022-01-05 23:50:38,237951.45205077395,57664.01411613795,950595.1245863064
2022-01-06 00:18:24,237925.8938287238,67924.96176786463,868785.5454919108
2022-01-06 00:41:03,237653.7097926235,66920.96325454612,924347.5355868755
2022-01-06 03:10:28,235059.84812367402,65765.64751839242,850987.5458579112
2022-01-06 03:38:58,235654.26306588674,65710.92468056812,940949.3291205524
2022-01-06 04:41:25,238811.48732722312,65651.56209843156,812100.996441948
2022-01-06 04:50:35,239435.04517796505,60922.29370258012,888204.8724842379
2022-01-06 05:16:13,241272.45420024326,61969.09127818535,893660.6160131446
2022-01-06 07:06:34,246932.35732434585,61726.87719817336,918007.9374052511
2022-01-06 09:05:30,242552.5704872335,58333.167829571365,989601.3351589344
2022-01-06 09:37:19,240064.4484168862,62434.575826525564,820130.0525110456
2022-01-06 11:59:15,230161.60015411364,60244.119322750405,869873.4212862476
2022-01-06 14:59:39,226836.5962687204,54089.89696258897,890011.4834806327
2022-01-06 15:50:26,226765.41883309034,54126.73720403987,880504.5097798456
2022-01-06 15:52:25,226756.1867678727,66006.04274404858,887532.2852337647
2022-01-06 17:00:23,225778.4433361635,55268.531238591924,876465.9376206552
2022-01-06 18:18:08,222633.35991329688,52765.19344752808,825576.1997661826
2022-01-06 18:22:34,222398.40433728715,55271.34595968958,873599.6623078341
2022-01-06 18:25:51,222221.9442451349,58921.42062560148,813902.1524228499
2022-01-06 19:03:38,220108.50897051365,51270.62505355659,824129.3677367863
2022-01-06 19:40:20,218129.97439929005,56510.53954002422,820632.8684526631
2022-01-06 20:06:22,216937.03736571805,56300.00822136926,861005.1935438586
2022-01-07 00:19:54,215542.65723716593,55756.44900063033,784044.742555248
2022-01-07 00:27:58,215387.7052588417,54600.093772811444,779877.0673363887
2022-01-07 01:14:05,214106.9555602782,55898.7602789466,822801.5626798809
2022-01-07 01:16:45,214018.57437637835,57358.91798558072,714377.7778222834
2022-01-07 01:24:48,213747.5708193826,55525.405751022845,819519.1043308927
2022-01-07 01:58:30,212625.31591523066,56127.44760571814,840137.6341776951
2022-01-07 03:44:09,211837.49549006994,56590.73304123725,766934.8658478537
2022-01-07 04:02:52,212396.08987590627,58947.48669283336,965691.5191965332
2022-01-07 04:57:54,215072.13909511006,64115.52157513947,806301.2574066595
2022-01-07 08:56:25,217346.8495650825,54942.13864703442,836999.944451406
2022-01-07 10:02:14,212808.68800241433,64370.760166415006,865175.8220028458
2022-01-07 10:04:07,212676.36178069268,57330.352610450616,824505.9531155608
2022-01-07 10:36:45,210468.02966610252,56163.63837855113,802147.9795703209
2022-01-07 10:49:30,209667.80940309615,53883.84790763391,791279.0891142795
2022-01-07 13:02:49,204574.73207086037,58415.71233663648,690102.983765223
2022-01-07 16:01:57,205188.66493389575,50041.74201678004,820648.5705414047
2022-01-07 16:53:47,205148.30576540265,54552.85880723213,767597.1823663845
2022-01-07 18:00:21,203875.78048416972,49927.433475707425,794305.4317783833
2022-01-07 18:13:47,203462.87318247234,49133.4254450221,823817.915665703
2022-01-07 18:25:08,203085.72531819114,57497.95160759528,805474.315474136
2022-01-07 19:56:03,200060.6902099942,52453.0124280258,767574.8054545883
2022-01-07 20:08:32,199780.82372478777,58767.152096193735,735708.6141145304
2022-01-07 22:29:33,201054.92211087028,54138.09525668576,822535.1457731412
2022-01-07 23:25:30,202607.1827909642,51947.99391380427,843418.8438462715
2022-01-08 02:00:42,202674.1126284409,48396.925899586735,836812.0338646804
2022-01-08 04:46:16,208112.08431903372,53419.99704881422,809379.3996249633
2022-01-08 04:49:45,208378.70240119685,54649.52643413143,884456.868773437
2022-01-08 07:54:13,218109.85051988545,58280.19841964121,811514.2336972384
2022-01-08 09:02:18,216275.16008269438,53353.946481373205,873799.6726042945
2022-01-08 09:03:03,216242.64538382314,53191.05994784314,788251.3682771813
2022-01-08 12:13:28,208650.53697691602,54728.47066117987,857506.3148808997
2022-01-08 12:49:14,208329.34784323006,51122.667693644275,737803.1606285602
2022-01-08 15:08:17,210338.28607385405,55649.357333598186,773001.3176369361
2022-01-08 15:26:56,210783.90538477027,60493.79729520231,761170.1106300357
2022-01-08 19:06:09,209671.36985731986,48954.79553497781,802748.7712989411
2022-01-08 20:16:03,208076.94485241323,54651.41498958573,826123.1639657828
2022-01-08 23:09:25,211392.23664464598,55632.88155501962,753634.424886542
2022-01-08 23:29:08,211921.06225034627,53396.11100754712,849346.657426586
2022-01-08 23:32:50,212007.28528205428,59415.6130578857,776364.269450038
2022-01-08 23:41:46,212195.95602718653,63832.374787742665,798788.8010384497
2022-01-09 00:07:19,212567.90862412023,54763.12750035654,801364.9344065156
2022-01-09 00:09:05,212583.9702883386,51470.29808933251,825192.1223126107
2022-01-09 00:10:32,212596.20802937268,60630.878890515225,807881.657426527
2022-01-09 00:15:23,212630.9712197983,56599.21040470976,900860.4518754806
2022-01-09 00:18:16,212647.16378823767,49676.77172600706,793600.9915728178
2022-01-09 00:21:47,212662.4483940685,55068.21256898409,812076.0553384727
2022-01-09 00:22:15,212664.11127938615,56445.53087803152,798313.782818925
2022-01-09 00:31:32,212679.81116389506,59501.58322866751,749980.3042839562
2022-01-09 01:11:55,212423.1175684213,53703.636740321876,799582.3908961016
2022-01-09 01:35:50,212124.02004814203,56033.034138083516,726277.5302146109
2022-01-09 01:46:49,211983.73935277679,55758.322665143016,786155.3322209123
2022-01-09 02:05:26,211780.99872369412,53956.94143321859,722431.8088944871
2022-01-09 02:11:27,211731.97552020333,57656.98289645252,843135.8651358479
2022-01-09 02:42:05,211685.4290447023,52337.59488948453,830347.3895954265
2022-01-09 03:40:26,212991.15960802577,56013.049123713754,861780.8208420574
2022-01-09 04:32:56,215943.9469614633,54721.30726223871,810412.5850385894
2022-01-09 04:52:18,217357.52524900163,55772.044124414926,908203.3931384693
2022-01-09 05:20:00,219517.81734813846,58479.13181735589,878573.7888094268
2022-01-09 05:46:54,221595.60150095882,56019.310353565495,781718.4949062108
2022-01-09 06:47:27,225217.1928291573,60169.23496950504,869282.4725303857
2022-01-09 07:21:23,226134.28076930362,60772.48090315753,914533.9972560306
2022-01-09 08:23:57,225401.82073931058,56062.2713418592,929570.5253534145
2022-01-09 09:55:03,220657.15239619862,55457.76788901283,790281.9864666146
2022-01-09 10:14:30,219498.68085773324,53565.21195035632,821281.7757639355
2022-01-09 11:54:21,214892.32293409182,52804.44891972184,844367.4162478563
2022-01-09 12:29:09,214071.5803203028,55794.739224668214,812712.433807322
2022-01-09 14:34:08,214298.84218318237,49463.09433308654,818735.654292218
2022-01-09 14:36:26,214336.38578427577,67192.7886646523,816380.5775909391
2022-01-09 15:20:18,215121.51181254504,55544.072900383806,848870.1647972008
2022-01-09 16:08:07,215861.08723390847,59834.03452908624,721551.7588423481
2022-01-09 16:53:27,216081.4476655225,60038.512644767696,788225.6373243754
2022-01-09 17:10:11,215989.907126055,57389.99373494246,936746.7358802033
2022-01-09 18:41:25,213885.7973908897,64229.26160716245,865637.9907461278
2022-01-09 19:05:11,213089.88261140903,52924.34676608263,842834.4214395729
2022-01-09 19:17:33,212685.46052527605,58482.69043381359,790083.1373316825
2022-01-09 19:26:05,212418.4988778533,50126.044020051566,785561.0540825775
2022-01-09 19:41:10,211983.64575946238,53411.68515976466,798670.0475627949
2022-01-09 19:42:12,211955.9793878674,53698.81614390084,833441.2787503239
2022-01-09 19:50:13,211752.1818223237,61596.51203734242,808862.4354779968
2022-01-09 20:32:57,211073.26351971691,52016.251073516,793694.824235849
2022-01-09 21:09:20,211150.48058171276,56191.01112426697,795328.954020095
2022-01-09 21:30:16,211473.4669963157,54651.40484317101,783954.2999447891
2022-01-09 22:36:25,213410.8900725903,53394.20332394425,809815.345218643
2022-01-10 00:35:27,215951.74087338182,59442.00111353907,861903.9593985399
2022-01-10 01:08:38,215822.76689263308,57977.07353261846,833204.1363776003
2022-01-10 03:25:36,216409.24423031523,55472.77064613199,818273.5905856616
2022-01-10 03:31:20,216634.04290299633,61655.95533237416,819912.4763238567
2022-01-10 03:33:20,216717.70966776198,57721.3600423408,885501.0600448294
2022-01-10 04:48:02,221593.32765510364,56629.90798494363,849899.4576592541
2022-01-10 05:25:56,224884.03072857228,58211.92294418001,1003199.2304077919
2022-01-10 05:54:02,227288.95151871047,66085.30151515389,883352.5799515276
2022-01-10 06:35:07,230244.2374887059,54129.33854690541,940287.7019117037
2022-01-10 06:48:23,230972.66383332966,64947.410790980306,839637.4038191629
2022-01-10 06:51:25,231120.69091198384,58967.94996859608,872495.9645413402
2022-01-10 12:59:44,223037.41910419546,55575.18809398969,818499.9783863942
2022-01-10 15:00:27,225564.55203728998,59603.25506177175,806873.5795158553
2022-01-10 15:05:36,225724.61953935932,57394.67660575382,856956.3894024885
2022-01-10 15:52:22,227121.8473355384,57601.85235606775,916311.002565337
2022-01-10 16:00:25,227333.15592070654,60280.23805750059,883151.3577038768
2022-01-10 16:07:47,227514.03521936445,63190.65773450047,907256.2949000831
2022-01-10 16:44:22,228183.95681684744,58199.55036221868,854393.9686018527
2022-01-10 17:06:28,228363.2584492089,54362.41885311912,885109.0986143192
2022-01-10 17:54:31,228102.0781823746,60278.65414379058,836746.6659337482
2022-01-10 18:26:16,227508.46033074343,55556.79260654854,889197.789322844
2022-01-10 18:46:22,227027.9111914459,63009.17820117344,857078.4332990636
2022-01-10 20:14:32,225309.91748705824,60105.87693810241,851273.88646025
2022-01-10 20:16:43,225297.1575827031,53018.69874957921,900797.9858417659
2022-01-10 20:18:31,225288.2503392615,56256.05563925807,941016.2470249105
2022-01-10 20:39:24,225296.75137453215,60506.772173383615,959227.1998030503
2022-01-10 20:54:53,225442.16834283067,59556.506226280384,972028.6437222944
2022-01-10 21:13:53,225784.008234546,56570.005663866614,837268.115099167
2022-01-11 00:10:20,232086.9901164576,62025.521898768966,908922.7070500371
2022-01-11 01:42:57,232284.94049021407,60397.84971850083,800098.1360773853
2022-01-11 02:08:38,232208.8903365576,52379.818444054836,888662.3212373529
2022-01-11 02:39:12,232393.9970401334,61591.45684265241,814131.8117264583
2022-01-11 03:11:58,233150.93126928786,62946.55377569486,920820.5257705653
2022-01-11 04:29:09,237814.21561783904,61025.69401835863,1017058.048661936
2022-01-11 04:45:48,239277.60865244814,56474.54454238757,932805.880445148
2022-01-11 05:27:17,243223.81628472832,63087.82980983477,1015884.560891365
2022-01-11 06:59:55,250273.4038245902,63366.228979172214,996520.4413979998
2022-01-11 09:53:25,246408.58994683213,68681.6751126014,936491.7082071513
2022-01-11 13:23:24,240126.9656394408,64197.08770078925,920165.9799177152
2022-01-11 16:31:37,244115.97028665253,57919.98324943784,892670.5973416978
2022-01-11 20:10:39,239887.64059568403,59104.5067870817,922961.2063455628
2022-01-11 20:10:52,239884.48944087687,68505.52217408939,966548.0011332438
2022-01-11 20:37:45,239672.67811250634,61032.64023486702,965583.8485966548
2022-01-11 23:41:07,245156.97207815986,65623.48185366213,930678.330075257
2022-01-12 01:58:38,245481.74015988086,65041.91190125486,859288.8495122913
2022-01-12 03:37:58,247369.42353727823,61513.21779603723,1079197.5069868783
2022-01-12 04:03:53,248994.11777129906,61634.387992306605,964334.3324119069
2022-01-12 04:10:54,249516.05589987253,60159.61582826227,916451.6032144967
2022-01-12 05:26:28,256574.2711239292,68371.75220088717,1003320.2763047335
2022-01-12 07:41:20,265180.19946518965,70146.77029512331,1002063.0928678666
2022-01-12 08:28:22,264546.5419904674,72553.24341963083,957012.9680178122
2022-01-12 09:30:06,261614.5844831943,74833.7627161068,963997.7702841213
2022-01-12 12:03:39,254538.3300799357,63495.464185361874,1182760.2016327735
2022-01-12 17:40:44,259528.03063127506,65236.55513180569,1078952.038036415
2022-01-12 17:57:56,259245.9627686211,65324.615223884924,1004989.311391603
2022-01-12 18:17:15,258804.31834984352,72733.53678958621,1081417.5945175164
2022-01-12 20:50:44,255786.67935200917,69719.3496944585,996235.8983346713
2022-01-12 22:05:11,257936.17948050855,61911.56308298112,1085933.4908374178
2022-01-13 00:53:51,263008.2198200635,64542.38645118417,963607.2380875035
2022-01-13 02:57:39,262799.58507389395,62544.373851367105,945164.6143217318
2022-01-13 04:40:29,269135.23653258814,74423.24809314853,1041996.227221527
2022-01-13 05:07:33,271831.6523043496,69670.2266260644,1125399.6546297804
2022-01-13 05:23:27,273469.5417001242,74169.85076823129,1060861.10673419
2022-01-13 06:37:17,280009.5022259672,78170.49377088065,1038061.3839904281
2022-01-13 10:02:07,274979.14930786757,76462.54205118922,1114280.3867049993
2022-01-13 18:07:21,267181.31234543276,73407.20516667818,922294.2596410605
2022-01-13 19:22:37,263645.29656049743,71045.50184239296,992462.6682513359
2022-01-13 22:42:36,263127.9695639077,56003.378132262114,1093560.787102185
2022-01-14 00:08:05,264820.26423238456,65327.12232002056,1044555.2760486221
2022-01-14 01:09:21,264110.52262551227,65902.92884146515,1001282.6778347992
2022-01-14 01:14:18,263998.55631436774,62485.70752883927,1129425.23254533
2022-01-14 04:08:50,265192.7839306561,73754.7574543589,950460.4528044494
2022-01-14 08:16:23,278065.0950138728,80823.04385130756,1149536.7992676694
2022-01-14 12:26:31,263959.58799845475,64595.27084145396,901770.0733842201
2022-01-14 14:57:28,265233.9328005656,71477.34373048927,973887.1246240155
2022-01-14 17:29:46,267411.4153452428,67937.81757793458,1044246.276715438
2022-01-14 18:39:14,265671.46448096324,68753.70034190908,1085926.6156708219
2022-01-14 19:54:26,263377.3962282117,69077.23906597363,1025647.7838381301
2022-01-14 20:13:04,263078.114046846,62597.94182496062,1027282.3362855889
2022-01-14 20:54:53,263103.22398456093,66451.90393021115,1060974.0372651299
2022-01-14 22:05:05,265351.91583751823,71955.95822409441,892101.1427271323
2022-01-14 22:58:24,268039.6616379871,73992.11503873559,1067247.5543876572
2022-01-14 23:17:46,268960.0577846463,66096.34170225348,1000832.3524754037
2022-01-14 23:24:57,269273.7686820072,66642.48527466218,934741.6521637064
2022-01-15 00:02:58,270581.3589223499,74656.7406246917,911002.9661088107
2022-01-15 01:52:14,271174.3213084162,67787.2524394751,920438.6345622725
2022-01-15 02:05:10,271179.09612579003,68650.99960612552,1046801.8986535028
2022-01-15 02:09:48,271193.648269533,67225.9184382647,1110870.1672526095
2022-01-15 02:24:49,271303.2616626351,71686.94059622077,986543.5676782014
2022-01-15 02:32:15,271399.88612973917,70391.85583712028,1024336.0801747093
2022-01-15 02:42:56,271597.0992711424,72102.99348995145,954703.2037421775
2022-01-15 02:50:13,271775.22513910773,77897.92588587257,930430.5420779296
2022-01-15 02:54:21,271893.2451164651,72090.1784265031,1114011.4403632132
2022-01-15 03:02:54,272178.3941272998,73440.08512146579,1101220.914238672
2022-01-15 03:06:26,272312.9647200206,71701.08437245351,1032228.3775527175
2022-01-15 03:07:02,272336.8115046465,66894.10353769791,1135427.6783912773
2022-01-15 03:07:27,272353.5430326408,69712.59039801873,957789.3660896913
2022-01-15 03:07:48,272367.7062315781,69168.75951642565,1091097.5116741413
2022-01-15 03:09:51,272452.66389377037,72104.31151578875,1130071.9764748858
2022-01-15 03:10:09,272465.38468567363,67870.2723356657,947281.0124168809
2022-01-15 03:31:11,273545.1068492288,70066.91438325951,944877.4324607212
2022-01-15 03:36:04,273849.5937333085,68782.99426202245,1094174.7674170951
2022-01-15 04:32:13,278718.4167546614,73309.32258573589,1021765.8276939866
2022-01-15 05:41:50,286808.1381490165,78567.11111165445,1039608.6893591845
2022-01-15 06:27:35,291610.19986126805,74094.50786610514,1174050.5159255571
2022-01-15 07:03:28,294238.0552380073,84269.45141803494,1079208.0330740549
2022-01-15 07:06:24,294396.15176091564,75326.8711338988,1158017.6209002158
2022-01-15 07:22:40,295106.3098317004,79467.09551279822,1132802.6088688325
2022-01-15 07:23:48,295145.1766325564,83257.33192117214,1131396.2510897687
2022-01-15 07:39:52,295547.66923600144,79174.55561238002,1088533.738020982
2022-01-15 07:44:32,295613.1842489781,78517.95191148274,1071896.7472458642
2022-01-15 08:06:00,295629.8945034998,76212.32503664879,1120838.1830088396
2022-01-15 15:45:41,290086.09390170494,71243.7701153821,1090046.7028773106
2022-01-15 16:33:39,291439.7042441463,80880.70665298507,1080029.2444329744
2022-01-15 17:16:10,291814.52032631036,68615.30382166758,1035356.7197235428
2022-01-15 20:09:30,287353.502710501,76322.9289043497,1126140.2579809893
2022-01-15 22:15:45,289930.0047426181,75577.81836046067,1011126.3926892121
2022-01-16 00:06:53,294335.2566878707,80615.28306463141,1108359.5988332238
2022-01-16 00:24:42,294536.3346490402,73381.51606523624,1116158.7735450286
2022-01-16 01:04:35,294408.19240969163,76545.15870691257,1040339.9428873131
2022-01-16 01:12:03,294317.25959499634,72716.35333968651,1044402.421479656
2022-01-16 03:09:13,294022.0936321488,70998.26171912864,1140905.2042551537
2022-01-16 04:38:14,300087.73427402397,88320.09185555497,1124600.5721758213
2022-01-16 06:14:41,310136.20849817304,80010.21555384157,1266500.721408896
2022-01-16 07:57:48,313678.1872648147,81678.46060251676,1090071.0833490815
2022-01-16 13:05:43,296007.634044452,75388.37725590562,1112897.3773731196
2022-01-16 13:49:57,295993.13116564334,71016.2406530565,1167706.8348082614
2022-01-16 15:28:52,297778.60936715204,69769.18274724517,1147221.735520668
2022-01-16 16:47:57,298593.2137641476,84668.8845860936,1126376.5981065433
2022-01-16 17:42:01,297588.8503246587,78086.56957708647,1077716.629289071
2022-01-16 18:49:33,294612.98789181723,80076.25821235524,1124881.4145610502
2022-01-16 20:10:04,291058.89342953305,73954.71478654756,1155916.2686167306
2022-01-16 20:11:13,291026.3667234127,71505.99863749428,1139838.9537488257
2022-01-16 20:12:52,290981.0099883347,79370.37987822562,1019994.9367896175
2022-01-16 20:13:44,290957.8118200181,86514.78808336824,1187972.879847605
2022-01-16 20:17:45,290856.0171764453,85107.73120062285,1136924.4458804047
2022-01-16 21:04:22,290419.33335930714,82828.72546944676,1100455.1550996487
2022-01-16 21:57:01,291517.6090979056,74733.23233872786,1167100.3621760607
2022-01-16 22:25:44,292590.0514659367,81676.59024291724,1032819.9758156735
2022-01-16 23:02:35,294052.72603293334,82996.49982446372,1202290.3130191157
2022-01-16 23:06:56,294212.2991749391,83814.62187008918,1168179.4974391197
2022-01-17 02:07:21,294118.29965630005,72250.81851601118,1068679.1811941536
2022-01-17 02:11:36,294062.14957330935,77519.41884969301,1152124.8563127702
2022-01-17 05:04:30,303037.1685959607,76021.06022766427,1166894.7510271221
2022-01-17 07:35:43,314299.12096572574,76496.29588131109,1141642.4451316895
2022-01-17 13:51:13,298211.2403362201,85934.66818634579,1049942.0000086764
2022-01-17 13:56:47,298297.7827984844,81425.94473077107,1188962.4403327168
2022-01-17 20:32:03,294880.72397640423,74888.70204468652,1127222.374794138
2022-01-18 00:47:41,300325.65392464533,80414.567906525,1127721.2562478357
2022-01-18 01:56:44,298918.3800868453,76479.10327441384,1134082.9161784742
2022-01-18 02:37:19,298437.89466231735,86288.02177737097,1129286.2826876102
2022-01-18 10:45:25,303950.3749835576,87694.53227586446,1224333.0870972695
2022-01-18 12:12:15,298516.79078290693,81906.26431674627,1047980.6227905852
2022-01-18 12:15:22,298389.4067994323,79554.93299582797,1271949.4387031295
2022-01-18 15:12:09,297471.43003973766,85756.02285623888,1135557.54932822
2022-01-18 15:29:13,297705.25400534866,84384.80914356645,1127307.3548515548
2022-01-18 17:04:33,297598.40574148315,75004.62621649643,1140708.5223200065
2022-01-18 17:08:25,297511.4561713333,73718.84953838502,1334131.288621109
2022-01-18 19:52:05,289405.49472969124,71048.50835538554,1026994.9655903074
2022-01-18 21:45:53,287866.6070931847,77973.28689504355,948405.9846477638
2022-01-19 00:09:42,290870.1800152732,69432.45839334505,1065716.1904420794
2022-01-19 02:17:47,287884.0608555369,72771.68133459304,1094745.3210459028
2022-01-19 04:02:02,289775.9170076435,68860.60224045746,1093395.191375317
2022-01-19 05:43:42,298575.8324117714,73664.12856152905,1109309.8688026613
2022-01-19 15:30:22,285576.92085505853,73441.09020776325,1091688.547989574
2022-01-19 16:38:46,286032.42173927487,70254.36132715561,994215.248586369
2022-01-19 21:18:55,276775.0238844874,69393.33174399573,1129120.4138152397
2022-01-19 21:25:06,276830.14046137314,76508.85278374764,1042801.2433885526
2022-01-20 03:04:18,276946.3057642654,77388.75189211113,1046755.4627756391
2022-01-20 03:48:19,278144.15785083786,60073.023250931736,1152271.958122517
2022-01-20 04:34:54,281048.79270340764,66823.97149976382,981934.170884507
2022-01-20 09:17:11,285307.5514789592,77378.84981354543,1104347.0948987026
2022-01-20 09:59:06,281381.6746202718,73193.262390247,1048729.764787875
2022-01-20 16:25:41,267928.6399716599,69320.42642334451,924617.1112606605
2022-01-20 17:19:37,266512.8529313848,62477.01131810201,965863.1535626883
2022-01-20 17:26:18,266245.4130367475,65557.4717092435,968862.9608622526
2022-01-20 18:01:21,264527.19021758216,70002.23001149115,1010452.988635119
2022-01-20 18:12:37,263877.07389486546,73480.809792953,970574.0544309323
2022-01-20 18:18:30,263522.65171467094,70561.55834705995,899405.5069756495
2022-01-20 18:26:37,263019.60786067904,61064.78235569479,1027971.2233058226
2022-01-20 18:37:28,262327.05077813775,71555.28430340241,1124464.6693333138
2022-01-20 19:07:42,260347.1419101246,67651.2821747111,971943.2137689587
2022-01-20 19:12:30,260035.55686228495,64607.96481490656,1050202.1022914485
2022-01-20 20:30:41,255931.65235104784,64346.87690808178,944319.4434781901
2022-01-20 21:36:53,254858.9858320232,62506.653878229394,981787.2990358594
2022-01-20 22:07:24,255057.72011101074,67399.24394377858,944912.5790196026
2022-01-20 22:21:53,255237.9504244069,65463.32164923647,840967.2991880694
2022-01-20 22:34:09,255409.42207976978,65966.13797018424,924231.2109320353
2022-01-20 22:51:15,255646.8816006361,64964.85344260022,989252.6505047679
2022-01-20 23:03:35,255796.46659651544,70309.52864588943,1024970.9627629733
2022-01-20 23:12:18,255882.27810070943,66141.69173935762,910140.8517291346
2022-01-21 00:18:14,255603.79264059846,66395.40033595134,910120.5063090429
2022-01-21 00:18:46,255593.53532260444,67040.92259936509,942428.2517528842
2022-01-21 00:29:29,255360.10786518,69492.58415940072,1042342.4651555169
2022-01-21 01:15:32,253870.79661510687,71118.95112808558,936236.2085596079
2022-01-21 01:56:40,252280.51179912672,67965.51725255806,930006.4677840627
2022-01-21 03:38:02,251216.43281663733,64093.07005437243,972201.6531504149
2022-01-21 03:41:57,251319.13273143905,66492.868205789,1014249.6273699291
2022-01-21 05:43:52,258554.2248900152,73377.9364003331,1015181.3661715272
2022-01-21 10:02:49,252782.85043145227,68901.07520336991,883243.9586352829
2022-01-21 12:55:33,243272.95397256824,66055.5349748236,877140.2883855316
2022-01-21 13:00:29,243179.89446792623,68679.20507330203,961504.9235201518
2022-01-21 13:20:40,242896.45288176753,69140.9396768443,925231.7368207029
2022-01-21 13:24:15,242861.8147730877,65991.86618573518,1054590.752986585
2022-01-21 13:56:48,242742.2117840064,57026.405677019575,1029939.7606649512
2022-01-21 14:39:27,243009.80657378052,61676.05175171578,944504.8609998607
2022-01-21 15:19:34,243487.90261750558,61232.4802773138,1113192.2401021414
2022-01-21 17:38:37,243053.36737500908,62499.22462602367,1044735.8482266229
2022-01-21 23:44:46,241263.60036874586,62101.85777079093,926843.5778567679
2022-01-22 01:55:28,240868.5914449094,62075.6320297367,923689.1539616084
2022-01-22 02:30:54,240683.39134090373,65607.36327404213,839122.399696974
2022-01-22 02:53:05,240875.4849207887,58471.58041143334,901583.482766456
2022-01-22 02:59:27,240987.7525828264,66950.90797171275,940368.9127937962
2022-01-22 03:26:00,241766.59386534602,67770.89316198576,928456.3023557368
2022-01-22 05:24:14,250695.186003115,73574.25528999708,896066.0602142938
2022-01-22 05:32:01,251432.0564628018,71694.69572222419,947661.1769233784
2022-01-22 08:53:28,256978.5348048668,71628.4448217386,964154.5906392344
2022-01-22 12:34:14,246862.16624948982,69821.56356177379,898022.7635530223
2022-01-22 14:18:39,247601.53309313103,70352.84345826726,1015102.5595643152
2022-01-22 16:19:38,250418.42423693347,63248.24634632684,889067.0068212403
2022-01-22 16:20:45,250433.6779598936,60411.17336242225,929399.4338646473
2022-01-22 16:21:33,250444.34722208633,62419.98439718947,948797.2537842754
2022-01-22 16:23:39,250471.31139666666,58613.87279864943,958120.9410994373
2022-01-22 16:56:49,250674.91298371312,66404.20781145133,927464.375570044
2022-01-22 17:04:02,250658.78721057257,67868.28259264457,943571.4308166262
2022-01-22 17:49:23,250037.10784251403,58216.81415494749,957387.4134763273
2022-01-22 17:59:15,249790.30396114968,64623.50495382378,990042.9102879877
2022-01-22 18:11:16,249444.618473616,61948.13472527741,910319.965587501
2022-01-22 21:04:40,245209.67522113354,67847.45912940371,998962.2729969686
2022-01-22 23:41:42,249650.54748859347,62333.843852262085,1005874.8013569965
2022-01-23 00:46:43,249955.69195508817,66548.76252523824,983461.0279802213
2022-01-23 02:09:04,248623.74989787367,66058.84716447083,891936.3609064621
2022-01-23 02:12:17,248583.8352983151,59583.9815786826,917482.9729013861
2022-01-23 03:44:21,249919.96690324735,61130.06737377602,948115.320799699
2022-01-23 04:23:55,252318.7316613424,62504.762576028355,830140.2934483245
2022-01-23 04:25:44,252452.24100901248,63098.3965617823,876127.7311764802
2022-01-23 07:46:26,264163.11090899236,72305.0906475621,866857.9199110123
2022-01-23 13:38:51,247844.58339651482,58968.32491157134,898467.7516931182
2022-01-23 14:25:03,248157.76806056406,59177.000369688285,1023997.9517878981
2022-01-23 14:38:16,248329.73847368613,69496.37351249986,913924.065796074
2022-01-23 15:01:59,248687.04844777245,66626.68196333337,959725.9131837975
2022-01-23 16:13:36,249603.26324807544,62434.05796461025,937302.3797352058
2022-01-23 16:50:17,249589.91130266755,69480.24614646223,958783.2187841912
2022-01-23 18:22:00,247235.90501172576,59074.21927175428,873445.7724891074
2022-01-23 18:22:38,247209.83696694512,57658.22315247359,931571.3180185405
2022-01-23 18:25:11,247104.04652059777,61383.396811364095,905394.633020701
2022-01-23 20:50:26,242347.50609097557,63391.96908034641,988643.3762698364
2022-01-24 03:17:14,245611.98899900075,63057.58252507873,829177.790769479
2022-01-24 05:54:56,257184.80379678868,70292.64903975012,868704.3248979205
2022-01-24 06:23:45,259400.4551817646,68244.22216259441,1016779.6760323377
2022-01-24 07:03:06,261457.84668152654,62625.14276190157,914605.9939711491
2022-01-24 07:16:34,261845.7578594453,59230.95636694264,1014039.9805204596
2022-01-24 07:19:56,261915.89711456606,67400.09384681085,1000544.3390594816
2022-01-24 07:25:03,262001.81748783836,71652.32036672694,989472.6488259005
2022-01-24 07:35:58,262102.02367539227,71761.83089521092,965987.8814256826
2022-01-24 07:38:43,262109.57262398404,74664.43463138126,1113903.4839428428
2022-01-24 08:00:27,261927.19854233015,69928.73986124905,1029630.275400467
2022-01-24 12:34:54,249067.89410551067,65369.13971897523,910937.5799327386
2022-01-24 13:56:51,249246.12261638857,62220.85251679789,971241.0254221773
2022-01-24 14:43:07,250200.15898252156,67962.1249413061,994927.5791023436
2022-01-24 15:43:47,251716.88791200676,67139.29991648949,909548.1137621421
2022-01-24 15:51:39,251889.8531095096,69677.13024667623,974901.5690912184
2022-01-24 16:04:35,252145.09914105895,68168.67305527994,948821.1491250048
2022-01-24 16:40:38,252594.03945708877,70472.68826049435,931235.0145864997
2022-01-24 19:01:52,249647.1106512335,58725.89531717011,881987.8157497642
2022-01-24 19:37:54,248397.84484751069,63463.77335307317,936655.1796539808
2022-01-24 19:42:18,248265.0838853921,69683.32183852591,910883.6363965921
2022-01-24 21:03:23,247346.8920758175,61067.161940599064,973220.7714924183
2022-01-24 21:24:54,247679.24667568755,64331.584225451305,913262.2351169942
2022-01-24 22:07:51,248943.29414023156,73552.4485164113,902000.8748507611
2022-01-24 22:38:51,250128.48839233443,69178.8272544499,986161.8253353748
2022-01-24 23:10:18,251297.29944180686,67744.24050855053,997085.4080676986
2022-01-24 23:25:09,251769.44398965524,64313.95274557359,963858.0926930578
2022-01-24 23:48:17,252340.47099063516,69345.68870983775,940028.5001796713
2022-01-25 00:14:14,252693.24447037495,60260.10139047755,917271.6374785218
2022-01-25 01:20:52,252298.45961072895,72630.41278360103,1027538.3244837048
2022-01-25 02:25:49,251495.88082067258,64795.98633469416,941317.479222912
2022-01-25 03:12:01,251990.01945887768,68584.2162249846,1007157.104002808
2022-01-25 03:21:31,252274.4321980194,59516.92166876856,946774.7587587112
2022-01-25 05:14:30,260237.85000031115,65676.16975039808,991688.8294138452
2022-01-25 05:22:27,260977.8382680252,70099.01652241222,1022688.6780848542
2022-01-25 05:33:09,261965.94835207472,71145.08541229676,995381.1478873491
2022-01-25 05:35:33,262185.00044934027,72393.9089981269,1031236.3985584243
2022-01-25 05:43:33,262904.8086154967,69967.51632084147,963923.3166726545
2022-01-25 05:47:07,263219.4333936422,68032.6706469477,969761.0525190318
2022-01-25 06:43:14,267245.9041851664,70810.30529769823,974681.071574941
2022-01-25 06:54:25,267759.87705468107,68367.21667642948,1000563.9182231026
2022-01-25 07:02:06,268045.3346048555,70791.41861881563,1165324.6062728125
2022-01-25 07:09:07,268256.2270304036,75411.73908630668,1177206.0760133434
2022-01-25 07:14:45,268390.54001196334,71059.89435337867,980889.8686758674
2022-01-25 07:22:59,268530.23123958305,75351.354632017,981678.244979969
2022-01-25 07:43:05,268589.66265687806,68411.33202896219,1002390.8075214644
2022-01-25 10:18:09,260111.7220140378,68674.83356462141,1001330.7995978629
2022-01-25 10:42:15,258464.48595545645,68227.52973373086,987597.085334604
2022-01-25 12:32:12,253538.69723654896,67727.605552328,977994.6562152505
2022-01-25 14:15:44,253197.2167385354,68247.02650621011,963059.925226799
2022-01-25 14:57:40,253836.5098664344,70517.05399356782,914490.8320374299
2022-01-25 15:43:41,254601.02697807073,65190.35503306096,1005638.3835382496
2022-01-25 16:39:26,254989.78499635693,68668.35063735535,1038037.441281579
2022-01-25 16:48:24,254952.48250815275,71886.09597073268,922346.8850935639
2022-01-25 20:10:35,248133.48173281504,71942.34139521106,893602.7077016083
2022-01-25 21:09:10,247497.36854420524,65109.81588137122,982516.9395367352
2022-01-25 21:29:43,247711.45026726543,67014.77140573155,860424.3276088986
2022-01-25 22:23:06,249043.10762507588,62638.146471487,1013642.1807014561
2022-01-26 02:12:04,249716.4714522477,64976.01107870913,934185.0937528076
2022-01-26 02:13:11,249701.72808881593,60621.9881331148,889852.3019668432
2022-01-26 02:25:22,249574.75830596255,66506.39414867795,856109.5789002918
2022-01-26 02:46:13,249533.24767021372,66659.7886585756,968406.8013199449
2022-01-26 03:31:45,250456.12087460698,65027.753466956616,937789.4884420239
2022-01-26 03:47:03,251118.6882071449,64413.81456495106,959135.9890285078
2022-01-26 03:47:21,251133.46470244453,66794.83582409943,884664.3518001945
2022-01-26 04:06:35,252218.0621937448,67233.23602153813,925225.8382651637
2022-01-26 04:11:57,252566.59381623034,70388.58743279055,1003191.6060117283
2022-01-26 09:31:14,260804.2237841205,67693.60144704003,1107207.3232985565
2022-01-26 09:52:24,259308.73992343128,72817.72547502258,1001546.005105503
2022-01-26 11:14:01,254102.70339094318,73563.26908834703,991754.0040662288
2022-01-26 11:15:20,254035.11493645003,70417.5552668614,988317.8083823797
2022-01-26 13:01:25,250961.3662172819,66255.99103606054,1001020.3100905347
2022-01-26 15:02:05,252263.0180320288,68227.34742602392,957404.7133656826
2022-01-26 15:21:17,252674.5483913282,65354.22562774698,1004120.5297075098
2022-01-26 15:25:51,252770.17058416057,64270.82880096165,952689.4622692515
2022-01-26 17:07:44,253645.70510130704,71157.68165434926,1091434.155212125
2022-01-26 17:13:12,253585.37188365404,68492.63220681106,942171.8372173995
2022-01-26 18:38:30,251144.0316775478,74284.48115283439,956718.1083251352
2022-01-26 18:38:36,251139.99010393673,64871.317224572944,941031.0234280109
2022-01-26 19:16:08,249598.6309711876,66654.35009718433,944599.7037020973
2022-01-26 19:36:27,248825.4662860796,61538.2815129172,952436.209350914
2022-01-26 19:38:01,248770.03476861268,71545.32263421375,1035104.3000355317
2022-01-26 19:48:27,248420.62091484503,71427.3890438874,971664.7940614863
2022-01-26 21:08:43,247392.70739551279,61837.679953434796,1015331.9131752154
2022-01-26 22:53:14,250210.58758502183,69623.55674331282,905789.8761415754
2022-01-27 00:08:57,251833.21441755563,73983.95178612699,958220.1594483107
2022-01-27 00:22:40,251862.1496087177,64535.15110692604,966728.6308006042
2022-01-27 00:41:33,251762.2914332843,67148.67547154753,967890.4458904595
2022-01-27 00:42:37,251752.20476451088,71701.29691351952,967259.928603371
2022-01-27 00:48:56,251683.6595091606,74988.98499836685,980605.5782151255
2022-01-27 00:55:36,251596.09432717564,67826.9180429314,913506.2494244744
2022-01-27 02:49:34,250023.1181171037,64146.841553018116,967784.5854350147
2022-01-27 03:09:13,250266.09540661142,63337.657982662466,888604.1614891601
2022-01-27 04:12:27,252968.99457012425,67842.67287061363,995463.8029745184
2022-01-27 04:19:01,253409.53179883756,67086.65337281943,1048980.4865091546
2022-01-27 06:03:19,261908.8227170729,70707.31438155522,934671.7804014601
2022-01-27 06:42:52,264295.79257595737,74908.51201143103,1002595.4021769185
2022-01-27 08:14:45,264411.24085547024,74256.85600228795,1040440.5293392297
2022-01-27 09:42:13,258720.8064968757,67673.81060837634,973367.3278153543
2022-01-27 11:12:04,252138.79812261602,68775.69404884134,927912.9766161125
2022-01-27 11:29:46,251111.87173317326,63560.35326636491,1000326.4616110137
2022-01-27 12:08:55,249285.9133640665,62389.459105113405,961863.6264545736
2022-01-27 12:20:54,248853.03118875218,64084.44646581744,927226.3541285112
2022-01-27 13:54:04,247338.69561984754,60482.88717689264,1077864.3272586847
2022-01-27 14:20:27,247389.8546610876,60958.204586176114,918603.329594914
2022-01-27 16:14:40,248076.25066943048,66000.94645561815,1046158.879216453
2022-01-27 16:50:31,247768.5351057743,65126.243270065075,983591.0100576817
2022-01-27 17:13:18,247305.36489677147,68931.1232013873,854079.885156095
2022-01-27 17:44:06,246327.73294873105,64506.19424908019,962913.64227225
2022-01-27 17:47:18,246204.10921632382,64707.2472094067,936963.2249965151
2022-01-27 17:49:01,246136.19938170371,64283.23420814141,895028.293495707
2022-01-27 18:37:04,243871.97728871132,66415.9233489918,955619.2923144145
2022-01-27 18:59:14,242692.14431920124,59301.352189977675,898300.330904962
2022-01-27 20:08:18,239437.56967073816,62291.77232240418,965189.0257110354
2022-01-27 22:03:32,238603.70952586204,60414.34442068777,883652.5606100757
2022-01-27 22:07:43,238677.16468386084,64805.42326199195,944892.273960041
2022-01-27 22:33:08,239182.45540836995,71737.41000346001,854773.2425213788
2022-01-27 22:39:19,239311.79090394767,68814.67571935088,957244.2882675577
2022-01-28 00:35:13,239945.16560822402,60853.623223125156,1022343.2462880877
2022-01-28 01:13:22,239050.81268312372,64442.32294918824,991461.4837952217
2022-01-28 01:19:01,238889.9457123389,62721.59254224317,806415.7018918386
2022-01-28 01:45:36,238112.62337132441,65417.19799831756,940392.4103903119
2022-01-28 01:52:46,237911.3001588715,54699.093063135726,915296.7938009289
2022-01-28 02:55:27,236913.6889322554,63516.52529497507,913368.1646507232
2022-01-28 03:49:14,237968.00466973026,60899.05184267654,830643.7627482874
2022-01-28 04:02:00,238523.91781213952,59995.57188527511,904015.7588197654
2022-01-28 04:17:53,239364.42453375793,62175.42488944654,899611.8253599976
2022-01-28 04:23:55,239722.79904442723,67882.79522492587,828665.6011854465
2022-01-28 04:27:43,239958.4986249905,63516.57227361782,917462.9488729793
2022-01-28 04:33:41,240342.99010786327,61823.08142765115,926344.6554747212
2022-01-28 04:49:38,241444.53972016796,64088.86518521274,896930.4163583105
2022-01-28 05:43:08,245456.2584075266,60403.3903223947,988103.0257563537
2022-01-28 06:18:26,247773.5078054835,64240.23662010131,945585.9250905012
2022-01-28 06:25:10,248138.71610393238,70550.96262822332,868650.0489593828
2022-01-28 06:30:20,248398.02574522447,65745.63554707986,1006888.409463378
2022-01-28 06:31:42,248463.43060773567,67410.20145592258,934808.3170153772
2022-01-28 06:38:39,248774.51552565605,65498.9887970725,1025051.6654298737
2022-01-28 06:42:53,248945.74751881228,69936.24425374297,894854.4145648733
2022-01-28 06:45:29,249043.8261557926,69119.88711635154,917408.3438913781
2022-01-28 07:51:31,249562.75739846405,64245.14229611357,959617.0824052867
2022-01-28 10:00:09,242251.16015094786,64698.16194452307,998258.5939611635
2022-01-28 12:13:10,235118.04391465188,56572.32807408752,925272.6251603531
2022-01-28 14:02:20,234293.93924115004,57908.077763113324,848878.3082399308
2022-01-28 14:28:32,234644.94574317758,62780.12952277448,920551.5140606151
2022-01-28 14:57:03,235158.13643846905,58053.53976731771,850127.8253620359
2022-01-28 15:18:36,235585.14910600198,60328.820360507554,859381.6914383217
2022-01-28 15:23:53,235689.50888896597,65565.83923940633,875123.2362124597
2022-01-28 15:40:55,236012.76182344308,61064.37473917679,872784.6279277446
2022-01-28 15:42:19,236037.97680249388,59119.99275766092,905213.9065577997
2022-01-28 15:51:42,236199.57753458153,64839.964961353835,888459.8438634066
2022-01-28 15:55:33,236261.61172627495,69166.08391037928,865766.610711603
2022-01-28 16:28:37,236653.0992619215,62476.77665074528,874295.8898260884
2022-01-28 16:35:26,236694.95042201685,57641.7478769265,940635.8247202826
2022-01-28 16:35:31,236695.3673363084,57667.82142430588,947473.0765377511
2022-01-28 17:00:22,236709.7626513941,58095.67851026418,856432.2540045773
2022-01-28 17:30:35,236411.7409947683,63716.51442932391,834596.890537352
2022-01-28 18:07:52,235586.50639361813,62457.00158698349,915171.0933428794
2022-01-28 18:41:07,234545.89020323427,62989.39008071915,870971.265591463
2022-01-28 19:43:49,232556.13943024425,62722.352972610366,834817.3133618509
2022-01-28 20:43:55,231798.51480682488,55977.09393572461,937384.9095999165
2022-01-28 20:51:22,231830.69998934618,62083.301742789714,868839.035719087
2022-01-28 21:30:14,232470.43639422304,59383.017814512736,791101.5850781053
2022-01-28 21:44:49,232894.61575400294,56568.848045947336,999243.1242880091
2022-01-28 22:25:05,234417.4753669534,67254.23158008656,821005.4583241248
2022-01-28 22:54:50,235670.1868669676,58636.42885619697,834422.9502393814
2022-01-29 00:27:31,238227.471429093,63801.744600707556,909735.3967044789
2022-01-29 00:30:11,238251.20293797474,61753.69292755985,918462.4084700344
2022-01-29 00:55:51,238347.92868680248,68099.11880230013,886736.5289285528
2022-01-29 01:26:34,238243.61547166057,62622.536583355686,950997.3085508753
2022-01-29 02:01:16,238097.44191306483,61182.69750670339,943525.8010108564
2022-01-29 02:47:52,238472.0457606665,63435.44342606631,873289.3246322687
2022-01-29 02:57:05,238685.42085845038,58397.9343098958,862856.178038542
2022-01-29 03:30:38,239965.245402058,69584.34230772726,882637.4849712442
2022-01-29 03:42:33,240621.06061187803,63210.674634668474,883907.0379529108
2022-01-29 03:58:33,241666.50857517374,63312.43361372867,905784.714922051
2022-01-29 04:47:32,245872.44077795555,64687.035286914615,994461.6505382059
2022-01-29 04:48:17,245945.86724227725,66446.42570395455,998042.2033938825
2022-01-29 05:46:57,251914.62003855847,61887.98261904936,854383.8427163423
2022-01-29 06:36:19,256198.02369247828,68235.4434703349,969368.6987910069
2022-01-29 06:48:01,256970.48101256022,65835.13222195742,1151804.1893295762
2022-01-29 07:13:41,258247.27580362812,66742.30487607747,1063611.9055499535
2022-01-29 08:21:59,258719.6277483799,69608.01279149739,1036411.2794984167
2022-01-29 09:56:00,254649.72350119526,59719.82136387164,916050.0884614463
2022-01-29 10:05:28,254148.90135774112,68600.1478312847,1028913.2023499572
2022-01-29 10:56:00,251726.50096504163,67861.04660537568,985212.0699865218
2022-01-29 11:14:04,251035.12766481974,62516.748584841014,933324.7753484289
2022-01-29 11:37:52,250309.77125364562,64940.60783751236,986061.4509891712
2022-01-29 12:04:44,249765.67241487655,68211.22237408649,960846.7827546466
2022-01-29 12:07:44,249723.4982605905,63176.84815849157,1058190.817161323
2022-01-29 13:06:43,249637.9757973106,66778.43896339776,959478.5156124778
2022-01-29 13:15:57,249746.1270198035,65372.9330896878,963213.1180605053
2022-01-29 13:48:46,250362.82982430022,63795.578910932156,925542.6426469857
2022-01-29 14:11:34,250974.76263832353,63023.34233161165,1040669.4541810605
2022-01-29 14:31:12,251593.3994882086,60785.97667135366,931614.1322228495
2022-01-29 14:51:37,252297.13477617022,66731.23564119764,946253.2024363645
2022-01-29 14:58:39,252547.83427363957,62481.03134324047,967617.4843577328
2022-01-29 15:38:33,253956.1546751235,75869.01144934079,945609.2034495437
2022-01-29 17:14:11,255832.27916679965,60098.54330662965,944349.3580519633
2022-01-29 18:00:49,255394.37927281903,65790.16464542889,867275.9940970578
2022-01-29 18:44:55,254303.19568005242,69501.27871981736,857998.7212702733
2022-01-29 19:34:37,252905.96624059812,64359.583373867164,957407.9376597883
2022-01-29 21:08:11,252501.8899173807,62217.242861826955,1039416.7388197364
2022-01-29 21:15:20,252658.60763036,69942.3694518329,1018301.2913916074
2022-01-29 21:20:58,252800.6706171537,68929.9916287919,1059709.2806938249
2022-01-29 21:40:03,253394.31369829903,64868.09960055925,1016543.2424979556
2022-01-29 22:00:57,254211.1914153999,62826.532466471326,1005007.2645007009
2022-01-29 22:06:01,254429.29184645863,59914.65679991205,931825.265177747
2022-01-29 22:11:09,254656.2916076284,68279.03609859146,962765.555390725
2022-01-29 23:56:48,258894.13778992894,65304.55342782133,1079778.538845417
2022-01-30 01:38:56,259072.6094961922,66568.04233502342,957396.7053461816
2022-01-30 02:07:20,258851.80763640217,75305.26607619223,1002200.4171371897
2022-01-30 02:17:16,258825.78550536427,66549.4585763143,937880.6210136947
2022-01-30 03:12:19,259644.49724400308,68811.56659538495,1019546.8805746816
2022-01-30 03:13:45,259693.50296652043,67164.75852614167,907570.4557795651
2022-01-30 03:18:34,259869.84247483232,65093.036087056425,917111.5072724441
2022-01-30 04:38:50,265371.05829809164,65999.86463208849,933024.0102409375
2022-01-30 04:43:32,265817.160951254,65324.01310726267,1006242.11312173
2022-01-30 04:47:30,266200.4285048716,65003.20344550159,997028.338147069
2022-01-30 05:16:09,269088.82139395294,73670.45509957352,987914.4015806171
2022-01-30 05:50:21,272525.7781636807,72327.52798611418,1095675.2291265903
2022-01-30 06:09:43,274291.60978727485,74706.66963670234,1083318.2102065354
2022-01-30 06:15:32,274779.5861817973,68142.57110192522,1034333.6296113573
2022-01-30 06:31:22,275984.86863087345,68528.97090971461,1125291.5497194007
2022-01-30 06:33:58,276163.8539678208,76264.19094571297,986252.8898500848
2022-01-30 06:37:27,276394.6522869179,75754.79493219308,1084648.1928662625
2022-01-30 06:44:30,276829.0963970074,77410.08734875922,1081630.7298869635
2022-01-30 06:53:06,277297.153372944,69426.21064217229,1045738.120114335
2022-01-30 07:07:47,277930.51065176993,75336.2967413556,1100733.0449494938
2022-01-30 07:09:33,277992.177835557,65908.52112494795,1013622.2580062777
2022-01-30 07:24:36,278388.2224024107,66088.60718175961,991545.0946986015
2022-01-30 07:42:20,278557.7912646923,75204.45592515508,1015387.2861249107
2022-01-30 08:45:50,276817.7665011433,71416.1665288693,972692.2718853706
2022-01-30 09:07:30,275597.1639755905,74418.88037260468,985725.2060106567
2022-01-30 10:00:14,272073.8088827571,76256.78554917523,1045685.7489423229
2022-01-30 10:11:20,271317.1856319463,67932.69844407284,1011229.432359198
2022-01-30 10:21:06,270665.30464984506,68139.76953210452,933684.0051893933
2022-01-30 11:46:16,266199.8159743752,72372.79428497319,970326.1210467746
2022-01-30 11:59:16,265775.08379644935,71095.41218825484,922735.0442574777
2022-01-30 12:11:04,265454.9958142239,68879.94311670821,1043959.8065387901
2022-01-30 12:27:00,265121.39797496225,71836.46400197172,903624.3153047465
2022-01-30 12:44:32,264883.07108461746,70999.71422953405,1008502.0764121093
2022-01-30 12:58:26,264787.0176501099,65209.099322431146,1034181.097334845
2022-01-30 13:15:42,264776.661647504,66633.3161814687,970890.5748690069
2022-01-30 13:57:16,265194.4088447928,77125.51237615194,918278.4470251476
2022-01-30 14:27:10,265804.96016688575,66472.84166632233,1002799.8827142096
2022-01-30 14:27:54,265822.36595722276,70336.01015726302,1043878.6307085868
2022-01-30 15:31:12,267505.5794322626,68674.06840843539,1049768.313520757
2022-01-30 15:33:40,267570.0182700989,76841.29005627285,1105465.3478516096
2022-01-30 15:51:36,268010.534961987,66434.67187347607,978716.0440691155
2022-01-30 16:14:00,268459.8315772112,65957.88683272486,1042516.231092576
2022-01-30 16:58:29,268839.2096919753,75267.47771699166,1035469.917386857
2022-01-30 17:04:36,268826.13111249026,64905.72693810366,897221.7486439504
2022-01-30 17:18:24,268733.8941472325,69305.35248662057,1138071.3011566142
2022-01-30 17:30:12,268586.1216227823,71440.09719947132,1044590.7203513207
2022-01-30 17:48:44,268230.8802039504,66799.40448584592,977102.1637301168
2022-01-30 17:54:16,268097.5876784627,74031.8744653683,1055696.9640742873
2022-01-30 18:18:21,267393.636402459,73082.19611197841,1115413.0980419081
2022-01-30 18:35:25,266801.55860546295,65705.6411101277,954804.5170388381
2022-01-30 19:22:20,265071.3572472879,66600.57239280068,974361.0040213099
2022-01-30 19:23:15,265039.62841605494,68690.87969169088,1043546.2934618319
2022-01-30 20:32:00,263544.9850936983,67390.82968764825,963434.8811451689
2022-01-30 20:36:44,263529.2649867711,70929.85032200985,1042930.2416806195
2022-01-30 20:44:16,263531.6576217802,67428.191992615,1043773.5746119808
2022-01-30 21:43:54,264707.8693267516,70165.76828959928,1093811.5153201176
2022-01-30 22:31:20,266716.6393243456,76542.12601472231,993274.3804524168
2022-01-30 22:50:36,267614.0318172551,71663.13185219321,994202.0051592152
2022-01-30 23:05:01,268260.4010522378,69362.72720317847,1058035.087352019
2022-01-30 23:30:42,269278.78652309417,64680.416044371006,958255.4193781478
2022-01-30 23:43:11,269685.25800426037,69044.47864194398,1098716.0825511331
2022-01-30 23:46:17,269775.57174764905,66437.80319778771,1086701.380100339
2022-01-30 23:55:52,270026.3239029934,72240.62985764001,1035627.2348635506
2022-01-31 00:00:48,270138.1674490708,69475.37040851894,1052332.2638212221
2022-01-31 00:12:12,270350.82388843806,72696.19076357447,1054443.7777230833
2022-01-31 00:27:07,270533.2625594464,70998.61277319358,1032314.2047581169
2022-01-31 00:33:46,270581.02051106375,70290.35859919312,1054708.5851532663
2022-01-31 00:39:05,270605.2418439402,70748.20822623122,1069539.8758740507
2022-01-31 00:59:05,270598.65120911057,69421.65220012763,1069945.999100459
2022-01-31 01:05:02,270571.9078485378,67963.38735204474,1130200.245167534
2022-01-31 01:45:13,270260.3789972858,70172.31835707727,991675.56381508
2022-01-31 01:49:48,270226.88147970533,70451.60671564481,1070413.796839589
2022-01-31 02:00:16,270166.6774622694,68327.16433412222,985723.4804884279
2022-01-31 02:10:13,270139.14839136065,72703.03028145862,1057773.828976346
2022-01-31 02:32:38,270234.2322832224,70837.37753734816,988537.201457747
2022-01-31 02:45:28,270417.2080949186,66397.13857199068,1065398.2842736817
2022-01-31 02:46:33,270437.66568505135,75400.49242455105,1118009.2154841025
2022-01-31 03:08:59,271056.8567549437,75659.5014114971,1071350.173784414
2022-01-31 03:12:32,271191.11558933125,71472.86318701571,1009696.025088135
2022-01-31 03:12:41,271197.0164966483,70481.56668535544,997072.6682972353
2022-01-31 03:15:53,271327.3425763934,71213.79605734692,1001231.3910994724
2022-01-31 03:56:20,273719.48586080596,69699.34366122856,1077071.7017710921
2022-01-31 04:11:40,274975.4319782576,68100.95696538246,1076791.0687080668
2022-01-31 04:24:13,276129.1151746513,75609.67753317655,1110318.0223206966
2022-01-31 04:39:45,277690.01716382126,79330.62982307875,1115515.470461156
2022-01-31 05:00:47,279977.36558200256,76687.12128732514,1148661.0293810836
2022-01-31 05:24:53,282717.6233889566,78979.7378020343,1001588.085727129
2022-01-31 06:32:22,289594.3639723214,79211.45133149362,1241909.6056129066
2022-01-31 06:33:16,289666.76844560605,75861.27226312424,1182211.6384493539
2022-01-31 06:38:18,290058.68224709405,81566.75059746626,1191049.8244455198
2022-01-31 06:59:29,291448.81013347907,76458.61177574922,1150638.3616171621
2022-01-31 06:59:52,291469.894117261,74658.80256792367,1132790.4068288517
2022-01-31 07:07:45,291869.999098614,73389.02206184051,1102081.4041171726
2022-01-31 07:08:28,291903.1763364763,84378.79661417393,1114468.5589348464
2022-01-31 07:28:12,292603.91477293056,74413.46550321222,1267317.3046331236
2022-01-31 07:29:28,292634.8108291512,75108.63737854788,1213311.1099401074
2022-01-31 07:37:58,292798.4570723189,78708.43613461133,1216640.4232599316
2022-01-31 07:58:04,292890.5029774677,74347.21688591734,1090191.24945005
2022-01-31 07:59:08,292884.22703659354,78448.4652218228,1135652.7878931717
2022-01-31 08:03:37,292846.07728635066,79776.0925106847,1188539.1743686912
2022-01-31 08:32:26,292183.066544275,77675.39320103108,1008327.3630146348
2022-01-31 11:54:46,282274.01985547954,72505.60232893292,974365.1956129919
2022-01-31 13:10:03,281963.01250219654,79306.84285761113,1069442.78209165
2022-01-31 15:41:17,287021.5190006881,71409.85316356212,1054714.1489414081
2022-01-31 16:34:15,288700.22589857207,74607.55312341062,1205220.2178367022
2022-01-31 16:39:56,288819.8113161742,72436.95970774117,1145335.7764332083
2022-01-31 16:58:18,289104.8665644674,72070.75218337297,1260069.8344822763
2022-01-31 17:06:42,289180.9055410052,76094.29605827405,1081679.9863155887
2022-01-31 17:15:53,289223.7527225957,76847.62224698631,1118637.8968302186
2022-01-31 17:36:28,289167.22846696596,70610.34535417723,1110491.8176652812
2022-01-31 17:38:29,289150.6100778823,83443.45174013855,1085279.0286589894
2022-01-31 18:30:19,288158.36361299036,66305.50993032455,1090022.9830645816
2022-01-31 19:30:05,286440.5727486658,73242.56795469121,1062005.622216586
2022-01-31 19:57:41,285873.0390230059,66668.48754696781,1250126.4412531406
2022-01-31 19:57:50,285870.8114525925,72544.43436320564,1097212.5389066974
2022-01-31 20:57:46,285992.30995466874,78610.36581378615,991712.7483579804
2022-01-31 22:53:50,291423.7446696283,75430.42025672528,1136556.3696832801
2022-01-31 22:55:09,291498.1668423019,78235.88248281558,1125660.9023429563
2022-01-31 22:55:48,291534.7896486581,83715.22011311492,1244620.1179165007
2022-02-01 00:33:07,295101.8126431881,81050.52185841146,1223680.0120139255
2022-02-01 01:02:27,295253.4649318537,73767.35603833456,1075711.4884026516
2022-02-01 02:58:48,295800.4648667357,83529.99408941444,1138370.4945535162
2022-02-01 05:45:12,311450.694260573,82907.15442836285,1237874.2134665162
2022-02-01 07:00:41,318386.7102695111,87662.94858645492,1203753.8362282529
2022-02-01 08:07:53,319518.369377288,80035.260628261,1259719.120630872
2022-02-01 08:29:04,318873.07935337356,76867.48428282524,1153590.1986442325
2022-02-01 08:52:09,317753.1367404793,88127.14366785582,1142124.199168163
2022-02-01 09:21:05,315916.9533353059,83114.45919263865,1246997.822537648
2022-02-01 11:04:24,308812.8536959411,80682.84139375885,1219121.3825078888
2022-02-01 14:26:27,307093.43884931155,85338.85364956653,1102214.027032282
2022-02-01 16:54:07,311072.46013832325,82148.27978352537,1151210.87881027
2022-02-01 16:59:00,311084.70829930203,90337.46239842939,1203464.6889800283
2022-02-01 17:20:40,310985.18929571006,85630.55547222482,1132107.010488001
2022-02-01 17:21:36,310975.2197963375,85147.14310029647,1179371.5936556356
2022-02-01 17:53:35,310361.5949835497,77359.00488813831,1285513.6805755503
2022-02-01 18:53:31,308156.19127570343,86091.70723409497,1243145.9774976198
2022-02-01 18:57:58,307967.79155399126,74818.31589787178,1335071.8858359565
2022-02-01 19:00:10,307874.7369577187,71988.30356738188,1194145.1480539422
2022-02-01 19:01:54,307801.54693012143,88419.14856965469,1138228.7970128248
2022-02-01 19:04:53,307675.98084470764,77689.28085115281,1182346.9347592767
2022-02-01 19:10:46,307430.6880753616,90033.22682778117,1189771.549195361
2022-02-01 19:27:29,306765.05165573116,80545.78824646803,1139021.1440825881
2022-02-01 21:42:35,306536.41798860964,91575.12636805924,1268733.9431528766
2022-02-01 22:00:13,307304.6637368658,85401.45581924253,1126784.784824199
2022-02-02 01:09:50,313091.06306048133,84480.29244988525,1283986.7963146565
2022-02-02 04:33:27,320009.88939069613,86328.9992373158,1252253.2706388808
2022-02-02 06:49:52,335404.69857426,87046.89024368428,1183607.103249916
2022-02-02 08:04:33,337306.4211761943,92632.47256312473,1264373.4321795146
2022-02-02 08:21:55,336835.6509838,92095.34456283369,1288498.5112668648
2022-02-02 11:52:04,324008.79723406467,85311.43732152144,1187132.626650807
2022-02-02 13:35:05,323500.3564375005,80443.32376083954,1256625.0276866283
2022-02-02 18:10:28,328920.58540657954,85512.17290380427,1070403.3260249065
2022-02-02 23:21:17,331562.8136443574,86855.42570449944,1312670.964816164
2022-02-03 00:21:58,333424.0173548665,94652.33903675895,1220276.3646183298
2022-02-03 01:00:23,333476.1004078401,90786.3557469897,1376195.9828100756
2022-02-03 02:01:20,332722.6313961558,86518.59825630732,1273241.2712671666
2022-02-03 03:39:31,335077.04447319347,88133.45975011331,1203484.1830997434
2022-02-03 03:41:24,335208.31051935145,76873.75130756016,1235498.7464949228
2022-02-03 03:48:05,335702.68081066315,89686.41789442438,1297219.017349548
2022-02-03 03:59:54,336683.2183134975,84577.06105505314,1287885.8112342407
2022-02-03 08:13:58,356334.2509513993,94424.04678536998,1398897.4994476386
2022-02-03 13:32:24,337080.3350565379,90483.28593296073,1384951.1627968033
2022-02-03 14:03:33,337303.6354374691,91165.7145620667,1370368.44845534
2022-02-03 14:57:03,338314.5105754928,87091.51309018141,1236904.932046115
2022-02-03 15:02:21,338435.6009045129,91517.33038539377,1308899.8764853734
2022-02-03 15:45:08,339347.81061044685,89320.3098174911,1150563.7772904756
2022-02-03 18:03:43,337358.0181016056,86089.15924692206,1290694.6631265574
2022-02-03 18:17:04,336634.53482424235,87158.01206290118,1244888.5758747165
2022-02-03 21:46:15,329650.8062447504,91622.92909583473,1231029.9140644772
2022-02-03 23:21:32,332900.42929224035,90427.61467980196,1413640.2863433762
2022-02-04 01:41:12,331567.7922596607,87397.25057790334,1204846.844716813
2022-02-04 02:45:57,330287.18431466277,89353.35135369265,1287871.527809337
2022-02-04 05:22:04,341215.1449837506,87572.8281389743,1333935.7450869929
2022-02-04 05:23:42,341401.8743676849,95444.54050260385,1307144.3488068935
2022-02-04 05:25:40,341626.39553495846,86992.3038620814,1208464.1645374722
2022-02-04 05:53:46,344726.2580832099,91429.03852721202,1156434.4904298503
2022-02-04 06:59:43,349804.95371070824,83190.7743734363,1395171.9736970481
2022-02-04 07:32:44,350509.0959848571,90058.12506055478,1243721.3698619327
2022-02-04 10:08:46,340097.1923474133,81737.6957719098,1208532.856228061
2022-02-04 13:54:42,330952.24109842686,86947.96285009978,1439943.9048441902
2022-02-04 15:01:35,332739.64624690445,89339.10446243617,1226544.6914818615
2022-02-04 17:25:42,335151.63858913456,87123.4788410952,1319819.5039638407
2022-02-04 19:15:36,331189.89343413664,85206.07181826117,1219396.1813743182
2022-02-04 19:32:16,330521.7756186505,80246.86249576978,1251085.1725003237
2022-02-04 19:57:13,329724.1627634227,90355.97083591143,1254111.9331399056
2022-02-04 20:39:52,329221.5585105987,93928.04731127975,1193317.396890674
2022-02-04 20:45:29,329252.67988979025,85254.51078652745,1266578.677303371
2022-02-05 00:11:17,338647.0298325048,85191.01004782373,1289421.0549554967
2022-02-05 13:49:25,356179.43099569925,91157.24549402915,1302774.9743077024
2022-02-05 18:21:44,361735.81446866033,89524.65208004482,1305969.0029809158
2022-02-05 22:28:16,361221.7352130984,91351.4891251407,1420229.0338444281
2022-02-05 23:51:32,365411.6489106438,94850.93380470641,1389587.0439262022
2022-02-06 00:37:27,366033.38199975505,98757.88013448348,1416206.1388197814
2022-02-06 04:53:57,374517.97036260896,102108.69092380878,1438863.0009610045
2022-02-06 06:48:08,387780.47452080244,106033.43236787013,1355680.7723756079
2022-02-06 13:03:12,366740.22898171056,97326.17922675732,1353047.557089865
2022-02-06 13:36:11,366549.3622520776,92587.5126882512,1513917.8499624117
2022-02-06 13:49:29,366619.7493367149,102319.27132414028,1405090.799460586
2022-02-06 21:28:00,359454.35372784367,97556.82608981636,1445817.87344504
2022-02-06 23:24:48,364328.2714096519,90069.88233631346,1322177.97868533
2022-02-07 00:10:53,365333.86877233634,90483.83966382453,1505951.056047049
2022-02-07 05:52:06,380288.5456587029,101800.84956953526,1443726.4563906062
2022-02-07 11:55:52,368818.32430821704,94932.35692544855,1348223.7995470806
2022-02-07 12:57:19,367069.83483180444,96270.89964224583,1464061.7270440517
2022-02-07 14:06:15,367572.90607589384,92586.05514984675,1420833.4012300794
2022-02-07 15:28:06,370071.3392890481,96574.50784269806,1432451.8886334635
2022-02-07 16:15:51,371304.62094206817,103380.13731952221,1359404.1882507298
2022-02-07 18:11:26,369381.5195617662,102514.6148027205,1274201.5468685506
2022-02-07 18:12:19,369337.3996472817,83264.1464355949,1377927.237940189
2022-02-07 22:09:09,364497.59576552716,95656.72479236439,1398530.7072986367
2022-02-07 23:38:28,368531.7693054904,90895.01886311872,1335040.6165663735
2022-02-08 01:52:11,367195.83820048254,95977.16236618084,1402185.4074818578
2022-02-08 03:15:19,367008.5676681081,99435.32155477164,1413271.951017423
2022-02-08 05:52:12,382666.5509654366,100639.76582475187,1445434.355980788
2022-02-08 09:32:15,380552.31736956915,107558.99841068774,1389455.3267240282
2022-02-08 13:09:26,363611.4537595143,103284.87231302391,1432424.919977436
2022-02-08 17:48:45,362248.52506697667,100304.41908293348,1381466.611480924
2022-02-08 18:22:49,360112.0029751459,92372.95947259458,1413900.5330088292
2022-02-09 05:44:54,364276.6390348792,100171.23237723073,1360438.4607427518
2022-02-09 06:33:34,368750.994513889,93941.86798571025,1269269.2184816902
2022-02-09 07:05:11,370341.31090373104,97691.57367316048,1380697.0962420213
2022-02-09 08:12:51,369348.1046270497,94036.95746512405,1281462.0318789722
2022-02-09 09:47:33,360649.6137862502,98656.59226881301,1251490.627000413
2022-02-09 16:20:50,348024.6543728367,90884.75644036624,1368041.3934608097
2022-02-09 17:25:44,346964.59436532506,82074.78838432721,1292362.7048989597
2022-02-09 18:52:11,342164.15252696635,89011.16728308467,1312855.5132386917
2022-02-09 22:14:07,337628.53549510683,87860.128144647,1307972.3487460297
2022-02-09 22:50:04,338899.7619996552,85083.50484609768,1301035.4348043555
2022-02-10 00:47:18,339764.70979558426,86878.26949131911,1365141.13675488
2022-02-10 02:26:16,336442.3294636316,80825.57737148862,1411157.192155677
2022-02-10 06:35:59,352256.48637784255,96688.23188313932,1328800.789679884
2022-02-10 09:23:11,345306.8224750335,89449.81961049455,1264713.9068305166
2022-02-10 21:56:45,308679.1698870956,79974.20730334765,1234432.4898942113
2022-02-10 23:59:59,309742.92453782674,80743.15391436871,1189390.4043058762
2022-02-11 09:00:12,312079.4382044562,88928.52165745413,1170460.4968309496
2022-02-11 09:20:19,310167.2195966103,72879.10437515659,1131595.0557484154
2022-02-11 12:29:15,295193.7120645704,77603.3630672216,1174059.6333542166
2022-02-11 14:48:51,294218.28296825086,77356.09814590524,1008099.3321300523
2022-02-11 17:26:19,294559.8344688648,73532.79004758054,1015857.9070695951
2022-02-11 18:51:59,290892.6792122055,84508.18638878997,1243437.3162220728
2022-02-12 00:08:49,292628.98740736477,81634.53798138224,1198455.2929683905
2022-02-12 01:37:59,292048.5487486539,74036.10408694326,1075536.678910582
2022-02-12 04:31:11,297938.0883050491,77530.5130533673,1201905.3433290292
2022-02-12 04:42:14,299092.2269003789,87138.86263254464,1135707.9464002543
2022-02-12 06:25:42,310318.35096214473,79922.90367728239,1229846.9884648335
2022-02-12 16:06:58,304003.69593142247,84639.39191270215,1170080.9888538679
2022-02-12 20:50:03,298242.1459452659,70502.4477665492,1110933.4710258585
2022-02-12 21:08:28,298400.0417241407,76450.35213014722,1025122.9502618101
2022-02-12 22:17:13,300614.86270655814,70985.81136889216,1267987.396375761
2022-02-12 22:59:10,302507.4660848234,82865.58683113758,1178914.768710676
2022-02-13 01:50:31,303333.30737051356,76954.52620981478,1206572.8169696315
2022-02-13 04:42:22,309550.2700572455,84469.35748372962,1067947.4363577294
2022-02-13 04:56:24,311013.1506756889,80373.80579364517,1250049.267796817
2022-02-13 05:46:56,316466.5455399988,75546.69881325634,1251564.7646068106
2022-02-13 06:22:26,319749.7543193798,78168.71084624794,1163882.624147322
2022-02-13 09:07:56,318359.8238311328,81232.23847941027,1224337.7682303672
2022-02-13 10:17:39,312264.8712714703,79744.91417495467,1203322.2151658682
2022-02-13 14:52:19,304457.8520770966,70322.86762962355,1080325.4737027562
2022-02-13 15:55:45,305727.13560278044,75442.22372378282,1247140.6223367811
2022-02-13 15:57:46,305757.20605344285,80512.79187351209,1071488.0790148617
2022-02-13 16:28:32,306048.47186786454,82261.70411541068,1270642.6590980494
2022-02-13 17:41:35,305005.60085138195,76415.35397793997,1230043.6041596406
2022-02-13 21:08:55,297756.7312449627,78827.4699142309,1094092.2519134611
2022-02-13 23:21:11,302257.2175280586,82269.37507906162,1124081.674491558
2022-02-14 15:50:15,312304.9194769815,84803.71857758735,1149584.004991977
2022-02-14 16:15:11,312942.116762511,80236.287720836,1138405.5865904947
2022-02-14 19:27:37,308977.3411251501,81238.76391769086,1217358.8280792166
2022-02-15 00:20:15,314683.4414764734,73717.05776084297,1284197.686563779
2022-02-15 03:29:54,314959.15286335733,78706.85132730962,1123392.9293098403
2022-02-15 04:30:33,319784.14966440987,88242.97563094179,1238831.6430515011
2022-02-15 07:16:54,335279.19709889864,89073.32966161455,1330758.6716248693
2022-02-15 11:10:17,321203.80924208654,81920.64114465025,1177111.9630130525
2022-02-15 20:08:47,311412.1478479465,80588.44935514785,1160980.6153243552
2022-02-15 22:54:16,313948.9632175128,79177.63166051992,1189287.4984041422
2022-02-16 02:58:39,313722.9951722261,82881.87416710684,1279722.73977346
2022-02-16 06:24:05,331127.44734150276,87680.866665031,1360109.0674950269
2022-02-16 14:34:29,316531.85430241347,88898.86302330378,1215132.9861549903
2022-02-16 15:56:49,318576.31294873403,85733.72211280803,1210208.965301304
2022-02-16 20:18:23,311224.7788897327,76222.64454782347,1186782.3394369197
2022-02-17 07:59:13,331586.4632565409,87933.05958266622,1403094.4976394675
2022-02-17 11:37:21,313120.72149400506,77724.8654021242,1176967.841008237
2022-02-17 13:49:52,308471.3512047952,75622.01191976364,1267939.8942948962
2022-02-18 15:08:28,285419.6959097604,89131.68412640433,1160611.9261864228
2022-02-18 16:06:06,286242.4194236663,75992.96355172587,1052447.7812939442
2022-02-18 19:20:46,280876.272377329,76636.39794052904,1082834.5323999377
2022-02-18 19:41:44,279976.634312436,70695.18090573451,962965.9879383282
2022-02-18 20:54:51,278482.745944307,71224.91765644366,1026788.6387266811
2022-02-19 03:33:27,284849.00640196603,69250.34755652379,1192678.867244892
2022-02-19 16:30:56,294474.8261903983,78534.64810354491,1109219.5025759242
2022-02-20 08:14:53,307593.9057963474,80154.45772471928,1203480.506785058
2022-02-20 09:57:06,299719.28521333233,78412.22030085909,1206941.3034839933
2022-02-20 12:07:24,290449.1520435575,80238.59678511717,1165899.1510582848
2022-02-20 12:32:57,289513.6560674262,76518.61327592714,1265279.1026009494
2022-02-20 19:13:35,284096.65266514954,68664.73565569111,1034420.0522684522
2022-02-21 08:07:51,300749.6041772428,71660.48465758757,1140308.28013237
2022-02-21 14:59:02,286450.2854817592,69460.04502939622,1074528.696030025
2022-02-21 17:04:24,288316.40026181575,68735.27298306968,1137427.3249092314
2022-02-21 17:08:25,288280.14448902884,66232.8881714996,1082465.9486557506
2022-02-21 19:02:46,284476.9076011582,79476.021160872,985216.1379127854
2022-02-21 22:11:41,283235.06242044317,80309.47660639434,1185803.1065595269
2022-02-22 00:49:16,286797.5673603606,70623.23426394854,1126353.605014206
2022-02-22 02:54:53,285220.3596639393,77429.49615158142,1068283.5094190584
2022-02-22 03:25:17,285986.8206655079,73465.80605395848,1141146.763863069
2022-02-22 06:39:39,301951.15806317,82900.34759952711,1127670.7476335315
2022-02-22 08:52:38,300446.8402745294,83172.31787273644,1091930.7777188318
2022-02-22 11:16:20,289117.70925032505,77116.86092522288,1133009.8872341092
2022-02-23 01:18:34,280744.9853278188,69340.26955636132,1043349.5236396658
2022-02-23 07:04:21,296449.1414616915,79737.29771858365,1332745.995586728
2022-02-23 21:01:49,275583.13763944234,71055.28327044811,1084565.0065341052
2022-02-23 21:22:55,275813.6961483434,73149.67504595072,1049740.5734866923
2022-02-23 23:37:59,280077.79043100914,75744.3997301924,1099361.7968825193
2022-02-24 02:51:42,278468.0949879361,74467.89864614402,1070632.8801574279
2022-02-24 05:37:07,289356.29302036145,73064.11871054945,1032140.3215186258
2022-02-24 06:55:09,294878.90746393765,79530.91113189652,1181098.757209282
2022-02-24 08:45:57,292683.0127032178,86023.51193973793,1095538.8395812344
2022-02-24 10:45:43,282778.3725791199,78437.44795183065,1010911.1777225364
2022-02-24 13:20:01,275775.8085807255,74032.85598113581,997949.9968654372
2022-02-24 13:58:52,275559.9084312454,73284.15704554965,1076007.6018362306
2022-02-24 15:08:12,276048.67794698355,70305.52303265598,1017624.6166216407
2022-02-24 16:36:24,276312.97657875565,68584.29406175195,923577.8884047648
2022-02-24 17:37:18,274818.19779303385,69653.2318067818,1032637.5923161786
2022-02-24 17:56:27,273995.5576986733,84507.92921264896,940510.201513656
2022-02-24 18:19:42,272813.21272812627,74821.1543715762,1072575.9965607775
2022-02-24 21:41:39,265734.05418562423,68441.9437973987,1013148.6351594292
2022-02-24 22:41:54,266962.3485875062,71841.00950705017,957248.8981828487
2022-02-24 22:59:04,267355.46202103945,78831.72552924,1075705.2905371294
2022-02-25 01:46:08,265674.47493711143,61583.40767727223,1061576.9623797575
2022-02-25 02:36:50,264498.5951254436,68870.35851103324,1019595.9165409303
2022-02-25 03:04:12,264444.02671848034,71475.8363824157,977496.3328558598
2022-02-25 03:13:58,264559.2197059823,68784.68438555811,1078336.5162156546
2022-02-25 03:53:13,265802.5463996135,66906.78030200704,1185474.4548599978
2022-02-25 04:19:42,267318.94101408956,65629.07460001622,1147353.7758461132
2022-02-25 04:28:21,267915.1431431213,71749.56796637113,983216.4678013514
2022-02-25 04:59:06,270326.19562878605,74115.3549856109,1087218.84649907
2022-02-25 05:07:17,271018.2191650881,64724.90882700174,1006484.515076478
2022-02-25 05:17:21,271881.15972142306,72088.2609748078,976592.3294455552
2022-02-25 05:20:16,272131.93816637306,73296.2815913889,992326.2020846171
2022-02-25 06:06:10,275848.01025684766,75770.2639586252,1104530.0785858005
2022-02-25 10:27:16,268588.87381527526,68414.09717181684,1055717.982934532
2022-02-25 10:34:00,268093.42695530044,75575.18351070174,1062734.911229613
2022-02-25 10:43:02,267449.6282301373,66421.66490459465,997566.215344931
2022-02-25 10:43:10,267440.31920817576,69859.14592401453,992396.7907435943
2022-02-25 10:48:22,267081.9286484568,66005.48012620074,1024885.7004114196
2022-02-25 15:39:20,263926.33713603695,68425.2258502741,975663.8629869148
2022-02-25 16:10:24,264493.26352364593,72838.15367598477,1063368.6035660724
2022-02-25 16:24:33,264669.3857437791,72471.34841446913,900808.0722646007
2022-02-25 16:34:23,264752.45055872225,66828.36952441937,958093.7017014322
2022-02-25 19:36:55,260446.25681419403,64642.835440453666,1034710.4801971581
2022-02-25 23:13:39,264676.0670831444,65462.29813371752,986587.0790890013
2022-02-26 01:06:57,266864.6418240731,72874.6359068875,1104112.9081766987
2022-02-26 04:40:08,274578.4108773442,66546.64871403013,1032560.1094475536
2022-02-26 07:03:17,288761.1549538498,82556.61891193177,1030965.8946357187
2022-02-26 16:55:10,286285.1611392376,70774.39046808008,1103542.549961904
2022-02-26 17:34:48,286274.3811510904,76231.70560151692,1139817.4525941126
2022-02-27 02:44:10,289236.91301919153,80080.66186993955,997711.7567285101
2022-02-27 04:46:31,296959.0663900177,82110.26603158347,1186741.5863579437
2022-02-27 17:30:09,297590.1735067131,78057.07734564735,1155394.348211188
2022-02-27 17:57:43,296848.1962709634,71679.02320097866,1068405.3368300255
2022-02-27 19:30:38,292934.59017599263,83279.61508611997,1113620.6473907158
2022-02-27 21:24:14,291723.54737593955,70975.20411399838,1151671.37958245
2022-02-28 10:07:00,312913.666049036,80092.3674348575,1156318.0587490427
2022-02-28 11:25:24,308119.1704861493,83648.21931827182,1204611.4852210465
2022-02-28 11:36:55,307631.6057090527,72445.08824071001,1299816.782013592
2022-02-28 18:52:34,309698.05387700396,89662.1432837305,1142120.5275193534
2022-02-28 19:45:54,307740.1041484575,81065.59602747337,1168174.5764609235
2022-02-28 20:00:23,307363.66050088673,78123.6707870409,1228587.2743423502
2022-02-28 23:00:29,312299.1608854517,82768.3723334932,1174122.8966161057
2022-03-01 02:06:06,314139.4424461481,80623.81290137667,1095062.2479890236
2022-03-01 05:55:44,330706.6315586968,94226.48005481875,1208524.873582205
2022-03-01 11:53:04,320711.83055765525,75163.72225400916,1290818.7133952163
2022-03-01 18:00:13,320400.85754251975,84733.14339148275,1100911.801981684
2022-03-01 19:16:58,316450.42671798414,75662.36148310822,1221997.4907861694
2022-03-02 01:01:37,318596.56204890274,84454.0177256072,1126272.022854691
2022-03-02 06:40:15,336135.73207846005,90501.87284198229,1240591.9535733995
2022-03-02 13:27:59,319597.3014780465,86575.4453524972,1276260.0595437847
2022-03-02 15:05:21,321487.65370640304,85211.11967878114,1273718.6947900278
2022-03-02 15:46:20,322577.17954573745,77432.3121400425,1201586.1365984955
2022-03-02 21:46:06,316095.03942495125,77363.86778124739,1276356.259142584
2022-03-03 13:14:29,314420.0230340502,86624.14020226567,1182579.741518815
2022-03-03 14:32:06,314046.34499457007,87067.26289237534,1255055.5999552472
2022-03-03 23:04:17,302910.0086328732,88201.18787249236,1063976.4445592035
2022-03-04 04:08:39,300623.3490930046,76622.59806287664,1212173.2689412148
2022-03-04 13:45:30,292186.901832129,71745.86530624937,1103726.6793513515
2022-03-04 15:21:29,293555.9332895337,78893.90395020912,1068471.2652345654
2022-03-04 15:22:49,293581.8277647795,73094.54549935857,1174853.6527691516
2022-03-04 15:29:23,293707.51151699916,75983.04076258186,1065889.0027722563
2022-03-04 15:34:35,293804.11404148856,87275.59411103159,1060608.0157874925
2022-03-04 18:16:25,292250.2532437231,74564.48769027082,1036851.6452941834
2022-03-04 20:36:15,287079.0656333918,79079.95645746472,1078017.4692234
2022-03-04 21:44:03,288019.4501452661,84651.19199638769,1156205.7839748538
2022-03-05 01:16:02,293426.87972375145,75108.03824421996,1121350.1903165812
2022-03-05 04:06:48,297198.1583717021,84157.53055472519,1133365.974876469
2022-03-05 04:45:23,301086.00814633624,76177.43526555685,1137669.304792931
2022-03-05 12:31:22,302310.51200493984,75951.7601357983,1143330.8068715618
2022-03-05 19:13:19,303687.1114057955,80452.03602206658,1154389.619882789
2022-03-06 10:22:12,314769.30660742125,88117.35687457699,1105811.629673638
2022-03-07 05:02:56,311803.5757365136,76386.19604519063,1167602.3533868564
2022-03-07 06:39:03,321458.35209707235,84625.89123858447,1216960.568721073
2022-03-07 07:08:25,323017.0226956926,78536.71216665926,1229918.4393815105
2022-03-07 08:05:43,323210.26171709615,84167.45709973818,1209970.2101960538
2022-03-07 08:51:25,320996.08690944157,87668.17007321179,1300808.5371834624
2022-03-07 11:16:53,310150.6005623081,86435.64269348163,1131187.7749568003
2022-03-07 11:34:40,309209.78926556313,83067.99766757728,1199265.997227423
2022-03-07 13:28:40,306992.33097658854,79660.2795190694,1127569.3042440235
2022-03-07 13:58:55,307397.7712946244,83261.42673386584,1198547.3683189603
2022-03-07 14:42:50,308473.49547269294,80753.35244531406,1171207.6991122887
2022-03-07 14:56:15,308871.0027956684,77116.11621213554,1165093.8954051486
2022-03-07 15:46:39,310351.39765467803,81091.26534279407,1218510.152945266
2022-03-07 15:50:20,310445.81307485915,84183.14846480008,1248860.164555454
2022-03-07 15:51:58,310486.6063626704,80088.62293816512,1232755.886227128
2022-03-07 15:53:21,310520.6127975977,78605.4086555871,1330874.3553508355
2022-03-07 15:55:55,310582.33617370826,88548.69917786184,1107535.7844470246
2022-03-07 15:57:30,310619.4882323118,89986.04456037728,1149582.4191083026
2022-03-07 16:15:08,310978.8593183091,78361.70993407934,1263713.8458747352
2022-03-07 16:16:50,311007.6285322733,75297.0973379967,1196979.3445065182
2022-03-07 20:03:07,304990.8438816455,86928.02220030666,1117936.0887704403
2022-03-07 22:20:11,306819.9027738699,78404.36421723275,1234897.7861315422
2022-03-07 22:31:10,307323.365874007,83399.03632893701,1061272.503076298
2022-03-08 00:00:35,310501.76294552156,79704.42870958296,1221966.5523572173
2022-03-08 00:48:07,310579.03197062854,80537.09551799516,1164958.622982218
2022-03-08 02:33:47,308891.3306265635,75894.6723726708,1074082.440241764
2022-03-08 03:02:52,309186.9575288494,76663.77883550497,1189424.0643881143
2022-03-08 03:48:50,311169.72598157014,93319.7773077744,1123439.3604221349
2022-03-08 04:01:29,312057.0285681319,80843.55633346704,1224882.0783472585
2022-03-08 04:28:13,314360.3157895577,88657.71605015654,1174873.4522618672
2022-03-08 04:50:17,316605.51065692067,83904.26097652604,1181976.8733878864
2022-03-08 05:32:37,321285.9272401853,93133.50292659861,1263111.016186234
2022-03-08 05:58:24,324000.00329876575,80217.83215693342,1136758.5012324643
2022-03-08 06:11:06,325203.5725094907,85293.14168179658,1182895.9201229156
2022-03-08 06:37:32,327284.2674496845,85749.61781304669,1283082.976813681
2022-03-08 07:47:36,329070.84333064366,79769.39162955564,1173888.0578188642
2022-03-08 08:11:53,328347.61517604213,93860.11012852068,1222365.793241361
2022-03-08 14:00:47,309028.64058787114,82482.78367325357,1259946.1331150024
2022-03-08 14:19:15,309214.4488141224,79554.37570430334,1151981.751365466
2022-03-08 15:10:10,310049.5306664492,86242.54377807023,1230199.1266532224
2022-03-08 16:20:34,310935.97132681066,87590.89448453466,1244854.5166751528
2022-03-08 16:40:14,310897.1878562398,72511.38994675502,1172200.4565608941
2022-03-08 17:17:09,310304.2013911862,78221.96271627989,1203854.200541614
2022-03-08 17:48:37,309230.98534672894,83614.66962907609,1161268.7716355212
2022-03-08 21:02:50,300849.1412964984,82901.241923736,1201572.5230079007
2022-03-09 05:06:09,310354.3636378945,82785.79265568103,1189963.1973359927
2022-03-09 05:19:16,311717.7088374421,89862.07888093032,1214110.6017353728
2022-03-09 09:56:48,311495.63872150116,83628.50061909179,1166493.2952836722
2022-03-09 12:14:50,302071.180505945,72731.43622662098,1267964.644503772
2022-03-09 14:26:36,301178.61555131344,77226.81866380016,1150878.3260595042
2022-03-09 16:57:57,302956.19981663954,73037.76983944168,1130977.0550726657
2022-03-09 19:17:56,297165.58777338074,80623.84478818125,1206692.7287172459
2022-03-09 23:19:38,297496.3770752971,72743.43015908242,1049237.505098072
2022-03-09 23:38:41,297902.40514034283,78878.72773127894,1064870.4639438004
2022-03-10 03:03:16,295075.0770613764,70290.2514674755,1110798.6751549286
2022-03-10 23:53:23,274261.65398421016,69971.77529100324,1121993.4403920646
2022-03-11 07:21:02,281021.883704171,69039.51264043013,1005095.3266221442
2022-03-11 08:41:34,277745.5801875053,80827.77232939198,1074646.268901248
2022-03-11 16:13:29,261050.5308402792,61473.14948346386,1011351.3019916232
2022-03-11 16:20:22,261064.2557849077,72050.09882558265,975474.2136198718
2022-03-11 16:21:23,261065.02288643445,70927.0731392092,1134588.6494132855
2022-03-11 16:54:07,260891.08331854705,69549.65726524327,1024930.2948486246
2022-03-11 22:16:07,254720.6494065912,68404.00508143466,942400.9305835841
2022-03-11 22:19:18,254829.63918413376,73592.38249881346,1014410.9590359002
2022-03-11 23:15:50,256770.40564046593,68735.93901443009,967355.5524174265
2022-03-11 23:52:17,257622.34817475712,70286.51443106239,930390.6025307614
2022-03-12 00:05:06,257787.5943154695,63202.41316046243,997203.1275129917
2022-03-12 00:09:24,257825.90154323808,72146.20876344033,1002932.0829077052
2022-03-12 01:39:27,257074.50664611682,61611.36774065349,996010.851265323
2022-03-12 01:57:42,256803.06657461042,72577.67170335489,998702.7505203799
2022-03-12 02:24:59,256574.00600477337,67012.44294101156,906251.0701560905
2022-03-12 04:30:35,261769.64131584813,80388.5229046391,977788.6548645644
2022-03-12 05:31:27,267586.0432444482,66886.51618654664,916105.9615923062
2022-03-12 06:12:28,271334.37137775193,63919.068855994745,945013.4412395604
2022-03-12 07:07:46,274625.61020943406,63243.81083310933,973498.5121751709
2022-03-12 07:12:57,274790.3400474089,81389.01461744997,911155.2010186419
2022-03-12 07:16:37,274890.6625993727,74749.36461750882,985957.9913412057
2022-03-12 07:31:38,275160.6578410611,71888.82893823824,1020168.8458426093
2022-03-12 08:18:35,274607.73842658487,76948.46813184746,1046764.5723640542
2022-03-12 08:35:09,273972.1277551654,76272.09535147587,1113418.218937082
2022-03-12 09:55:15,269106.61756558024,70908.30780903104,1080407.1235308626
2022-03-12 10:13:50,267853.03550989664,76794.14386992856,1036395.9736088711
2022-03-12 12:36:06,261734.52875265837,62843.10331462958,982206.0382385353
2022-03-12 12:37:21,261717.68110813707,63665.08209005063,969761.6155858455
2022-03-12 15:45:05,264323.7752569772,70301.56187312106,1010621.9181642671
2022-03-12 15:52:21,264474.06643118814,72074.16621087171,1012078.0299276557
2022-03-12 16:46:05,265091.83640013053,71635.08265010544,970622.3297942404
2022-03-12 16:48:36,265093.5929197233,66739.23853810478,949066.933034143
2022-03-12 16:56:09,265081.8997835299,66186.61982859323,973745.5481367048
2022-03-12 17:22:23,264836.614442989,70539.6356665837,1050737.5223032068
2022-03-12 17:25:08,264792.2908444607,64385.305428224856,975597.4315570393
2022-03-12 17:46:08,264341.1722419245,69373.50987559439,1036036.0455737876
2022-03-12 17:54:15,264116.33093487966,68000.59753144831,1047872.2634519984
2022-03-12 17:55:11,264088.80291554675,70457.6114801317,1061192.9104455956
2022-03-12 19:17:16,260872.16198340687,71291.50304972997,1055193.4786160502
2022-03-12 23:10:30,262040.46671165444,70038.93656614925,951940.9125014393
2022-03-12 23:41:46,262795.1985224177,68715.03863903473,971092.0634461486
2022-03-13 00:24:39,263101.8711590981,70976.11462479796,994517.7029980666
2022-03-13 01:26:20,262164.1331842003,73068.39036524853,899150.6552508608
2022-03-13 02:08:31,261267.54394002314,70321.20989062938,981205.4279341637
2022-03-13 02:15:56,261152.1624064966,64079.39229282899,900267.2487251231
2022-03-13 03:33:18,261859.64748542698,64781.99007105652,1171579.85785377
2022-03-13 03:56:39,262946.07888819627,66371.2046204137,1003379.9835205246
2022-03-13 04:20:52,264491.7661921108,76900.59319920668,1055859.5022164953
2022-03-13 04:30:42,265223.44568786403,63859.32999326542,987738.66052492
2022-03-13 04:35:03,265563.24223952054,76392.18369424093,1048892.0583295173
2022-03-13 07:58:32,276180.7891785092,71311.59535301727,1091612.4118069583
2022-03-13 08:09:33,275810.0168625862,69865.0048746711,974590.8811100962
2022-03-13 08:25:48,275078.3559564617,71200.8376528581,1093039.406375458
2022-03-13 08:40:15,274265.46487115556,64232.38716205202,1042733.0427001298
2022-03-13 08:44:02,274030.6344426671,74623.09979298906,1009894.5358622533
2022-03-13 08:46:48,273853.67813335435,67892.49441590832,1054948.8641665056
2022-03-13 09:06:10,272507.8569497994,71380.81870941292,1021316.3326332859
2022-03-13 09:06:34,272478.35332621017,67936.84235847503,1080652.5726897877
2022-03-13 09:18:14,271594.13656327355,72812.76675978724,994345.3356657434
2022-03-13 09:19:40,271482.7244320729,75827.13957715099,1034172.4196124371
2022-03-13 09:20:58,271381.22636229126,67616.80427299695,1002321.4172851462
2022-03-13 09:21:53,271309.41089314106,68917.06326257945,1015863.0360834423
2022-03-13 09:23:03,271217.72682273306,73457.89301957152,985041.3021433421
2022-03-13 09:23:45,271162.5697937748,80014.4761939442,1042394.1508365932
2022-03-13 09:24:53,271073.0439304984,71081.93170324806,1068047.4151906532
2022-03-13 10:01:29,268106.81868684775,73450.47181199548,958533.3277153288
2022-03-13 10:13:15,267158.4780561948,69271.62074995755,1001647.0288654853
2022-03-13 10:28:56,265929.4486883407,67474.90382473118,963597.6433388409
2022-03-13 12:35:27,259166.29818645868,64177.47678048224,987242.5509227583
2022-03-13 14:23:36,258445.00057434713,66750.28681027294,943936.1497422127
2022-03-13 15:17:31,259102.7208486139,68118.11036918515,952738.0475719647
2022-03-13 15:38:21,259360.337916964,69310.7349777659,992555.5483465338
2022-03-13 17:34:31,258606.46561673132,63740.302537162235,1038461.7141550569
2022-03-13 20:01:46,252270.08932700893,77660.52816920653,995983.9637862712
2022-03-13 22:43:52,253344.0896028223,62391.41240564653,1003314.0509022966
2022-03-14 08:34:54,268504.0064273686,77903.10705507662,894715.1820857713
2022-03-14 09:53:30,263564.5879240905,64146.929696232226,1004424.3365923894
2022-03-14 12:38:28,255811.08289982323,63640.21535339808,961627.9697736565
2022-03-14 17:40:22,258532.8378632663,61622.39246242024,949809.3842253563
2022-03-14 23:30:38,257813.52762991254,70315.7479626978,1044152.9780416307
2022-03-15 04:58:31,264594.19915755076,69355.56182605571,999907.8996912941
2022-03-15 06:37:18,272921.28025988763,73591.28909216386,980598.5373586626
2022-03-15 07:27:28,274604.70466012496,75400.63490031486,1049883.3376537822
2022-03-15 10:46:29,264023.67946030747,74225.51452348751,896519.1624203371
2022-03-15 10:53:51,263552.7906801652,77617.790658126,1077948.2088149113
2022-03-15 14:14:39,259037.53091285072,64398.392311058094,940247.0708443017
2022-03-15 18:27:24,258461.62453681327,75667.56009739095,1018815.877403716
2022-03-15 18:54:07,257273.09371242483,67082.617345459,966680.5772255991
2022-03-15 20:03:52,254499.6550111552,65926.67099729268,1001114.9191814719
2022-03-15 23:48:08,257963.3811352519,67012.71963359778,956624.6520293282
2022-03-16 00:29:19,258217.2852040887,67042.07437653143,1045790.5125705379
2022-03-16 01:51:24,257007.61026598135,69814.27634406782,896460.5972145577
2022-03-16 04:05:03,259486.21716851307,68447.3657676761,949137.735399644
2022-03-16 04:22:06,260722.72349145677,62951.50022016913,872169.1799902933
2022-03-16 12:43:49,260295.61864470778,76327.29873693985,886394.6689545157
2022-03-16 13:43:05,260371.82982647378,72256.77557076485,998638.3167577458
2022-03-16 15:41:20,263078.98216081504,68931.68640267744,1038989.29957757
2022-03-16 19:06:22,260863.20831812752,61858.09855114819,937148.3484819342
2022-03-16 21:09:24,258789.83363996842,73778.79129666474,1013972.3509181534
2022-03-16 21:24:12,259062.82471005083,64395.11321021003,1032086.8051016879
2022-03-16 21:31:22,259235.21001605,58881.36418853375,972481.7004567367
2022-03-16 21:31:51,259247.7215501971,64165.348123695636,946843.2114105001
2022-03-16 21:35:53,259356.31576075664,64448.514618846195,1000734.5810646301
2022-03-16 21:54:04,259930.0563559602,65201.94402246322,934834.8046353061
2022-03-16 21:54:15,259936.46452358682,66549.51862738159,942949.6644278489
2022-03-16 21:54:29,259944.63635326395,61424.88571793779,873333.2813674887
2022-03-16 21:55:59,259997.590992439,65815.34053952654,968062.7852321431
2022-03-16 21:56:22,260011.23904898812,73067.94002245803,946884.5637318055
2022-03-16 21:59:18,260117.17232884874,67375.96342710411,1033838.2469367975
2022-03-16 22:00:33,260163.08920684463,67576.79966005255,1019675.6148358153
2022-03-16 22:03:57,260290.1765114769,73736.32260305672,971794.920941822
2022-03-16 22:05:18,260341.47846107418,67129.43870162574,991075.3676230732
2022-03-16 22:05:29,260348.48047095028,68611.2561484244,985214.9711771301
2022-03-16 22:05:51,260362.50915899256,72771.34230280259,1026592.8546781963
2022-03-16 22:07:16,260417.0134530445,66576.55052026927,999620.2410853652
2022-03-16 22:09:44,260513.00864678793,66323.06808890999,985888.9392137331
2022-03-16 22:11:50,260595.75295694784,67567.81910015775,1087108.1861763329
2022-03-16 22:12:21,260616.24507483823,69269.82919526465,1013534.4906688473
2022-03-16 22:14:44,260711.41347115493,73178.56939744615,957263.7822444066
2022-03-16 22:15:59,260761.7219276033,67223.21899042548,982975.7188503323
2022-03-16 22:17:49,260835.95676113147,66640.33195897896,1007481.8228258323
2022-03-16 22:21:32,260987.8950797296,69466.88619241804,987693.4365969753
2022-03-16 22:24:42,261118.60912989412,75275.83887024225,1048445.7889430712
2022-03-16 22:28:33,261278.68167780316,66495.85577702645,1049988.0643254505
2022-03-16 22:36:19,261603.54552010223,74503.41612011485,1021867.10979903
2022-03-16 22:39:31,261737.40941080905,64953.89230039608,980597.1423966311
2022-03-16 22:45:49,261999.50648055994,70412.53510905671,1010263.1667844575
2022-03-16 22:47:52,262084.09881886636,72957.53682828357,1074916.9502918893
2022-03-16 22:57:43,262482.8480044616,70258.01182880899,991299.1123214966
2022-03-16 22:59:01,262534.2622344251,66223.8287839193,1166101.196147502
2022-03-16 23:00:52,262606.84063208476,73172.64964070224,991972.3828242102
2022-03-16 23:02:23,262665.79579737625,67633.29550106131,1136931.6263856445
2022-03-16 23:05:48,262796.65885246766,66445.91259522508,1025023.4754853135
2022-03-16 23:07:36,262864.43715726613,63432.45005301116,977901.2476794517
2022-03-16 23:52:58,264192.8811125374,68511.17686235634,953065.3137437276
2022-03-17 00:10:26,264456.93405630183,65930.87171932474,1012041.8974282469
2022-03-17 00:30:24,264573.6117595607,67217.79824709095,986426.7260054504
2022-03-17 00:37:29,264569.93152551184,73342.86064012721,965372.6015019972
2022-03-17 00:52:31,264492.9478438599,70456.28628311494,1066160.2704473117
2022-03-17 01:14:34,264246.1354990633,67132.9463108532,982559.3867666973
2022-03-17 01:15:29,264233.4043350527,67472.75839248089,1046602.072647406
2022-03-17 01:15:49,264228.73933806043,80139.91767296042,1049838.6158167447
2022-03-17 01:19:16,264179.435667539,71327.9760051274,963722.0256911296
2022-03-17 01:20:01,264168.49240700906,64495.376449173134,944513.7588973809
2022-03-17 01:28:01,264048.06773504073,68044.83071829857,929420.7557188405
2022-03-17 01:33:22,263965.3447284373,67150.1670068784,1098214.6262985275
2022-03-17 01:40:44,263851.7016933542,69941.0121042556,986150.9179847676
2022-03-17 01:51:28,263694.2173709724,74668.89915997074,1124916.7786725543
2022-03-17 02:15:32,263434.9795769093,63840.66333585918,1027408.778831149
2022-03-17 02:49:59,263508.71922798175,66675.39213505066,972412.9162294877
2022-03-17 02:54:27,263571.52378311823,66634.71344932445,972332.8038815791
2022-03-17 02:56:52,263611.3507699747,67814.52811188986,1006559.6699708353
2022-03-17 03:11:14,263936.98865811084,63960.735120382706,1041160.3342385584
2022-03-17 03:31:35,264673.2311450626,70081.78887281539,1067213.5223336422
2022-03-17 03:36:15,264888.8502065197,64080.328957648104,1050735.6430957033
2022-03-17 03:59:22,266210.5908030633,70037.88258984144,989377.8031325195
2022-03-17 04:04:43,266574.2207695303,65679.57560069296,968217.3336887581
2022-03-17 04:06:18,266685.7649227841,71783.80317816338,1056786.2836124506
2022-03-17 04:15:42,267383.3027143609,70551.10448118862,1197800.2498234964
2022-03-17 04:43:50,269781.5508553418,75935.97857760082,1002189.9194959529
2022-03-17 05:17:15,273002.81970974704,69776.88510517403,990788.347532802
2022-03-17 05:44:42,275663.07261582767,75264.5497443039,1043140.8183124398
2022-03-17 06:12:13,278064.08768296894,72836.28905174672,1168752.143525888
2022-03-17 06:30:15,279377.88047383743,73680.18406536402,1017851.6486830091
2022-03-17 06:33:13,279569.3272269383,65050.80179453622,1039490.4384538552
2022-03-17 06:34:48,279668.42136903596,71094.29788185355,1074595.1448472836
2022-03-17 06:42:27,280115.9225265444,76942.48913003206,971445.0621506954
2022-03-17 07:22:14,281524.94248571026,71450.12919353807,1134783.925223546
2022-03-17 07:44:51,281598.9449844135,68882.46951391996,1018702.9779691689
2022-03-17 07:46:24,281584.9030788806,74574.03471514779,1019599.5107516345
2022-03-17 08:21:47,280651.18403142097,65666.09392482128,1037185.9579335897
2022-03-17 08:37:40,279895.5750611222,68508.30696786773,1022572.1760836869
2022-03-17 08:51:15,279117.73341003177,71216.76954979128,1133645.4263154143
2022-03-17 09:24:02,276882.170052395,70794.48266442881,1062398.468114127
2022-03-17 09:24:05,276878.4900795498,73011.93866704241,1110108.705154968
2022-03-17 09:25:23,276782.61221892,64915.11318446659,1003974.0952192149
2022-03-17 09:52:32,274724.3598973042,74997.24476023784,977223.3257503489
2022-03-17 09:59:51,274163.71216767957,71094.2940767308,945435.5720844513
2022-03-17 10:01:54,274007.0689280771,68969.02696619587,1063660.5694644114
2022-03-17 10:05:51,273706.1582894738,72263.17221894859,1053455.397974608
2022-03-17 10:29:15,271968.41280745546,74544.40456393833,928529.3123898781
2022-03-17 10:42:25,271042.896863562,69087.45860606412,945316.189279728
2022-03-17 10:46:02,270797.26523680554,70311.97786766318,1075496.393194741
2022-03-17 10:56:09,270132.3667097211,65297.5892261322,1050716.069075754
2022-03-17 10:58:03,270011.3517361597,64518.87940677998,1087981.3913894552
2022-03-17 10:59:42,269907.2936066829,65089.849833921166,1051080.5802360072
2022-03-17 11:00:53,269833.2658670362,78227.16822239899,1073231.5079801304
2022-03-17 11:01:28,269796.9594221573,67301.16601110641,1127757.5828676685
2022-03-17 11:02:12,269751.49256606697,73246.76960651926,1047313.4857968304
2022-03-17 11:03:00,269702.11659041507,73085.7775262891,1039646.8768018789
2022-03-17 11:04:36,269604.0721746078,74443.22912169453,980521.2173260221
2022-03-17 11:22:34,268570.84235965216,71495.94738316727,980184.2549845307
2022-03-17 11:35:51,267891.460535085,73107.54002021594,986229.906092497
2022-03-17 11:40:34,267668.2775446608,67968.3748640327,1082625.3252783723
2022-03-17 11:59:31,266869.3499145434,73546.09835294545,1016652.5966844513
2022-03-17 12:06:44,266606.6550505549,66470.17908711989,980568.0018158504
2022-03-17 12:07:14,266589.30575202365,70381.21740038048,1158358.692236237
2022-03-17 12:11:13,266455.02522307023,74244.56183420094,1000892.8192596633
2022-03-17 12:15:28,266319.45336799306,67309.4608906921,1045005.6712868643
2022-03-17 12:19:26,266200.0668502217,66672.49251585158,1128834.7646154268
2022-03-17 12:36:20,265767.9359969761,72256.5746599935,1009745.5192669586
2022-03-17 12:37:12,265749.0760745035,72230.49215027953,1008847.5278841747
2022-03-17 12:37:53,265734.4299792512,70021.21279141789,1015623.4774550609
2022-03-17 12:39:27,265701.5955776813,67332.23012910977,913552.8562694143
2022-03-17 12:44:42,265599.077198378,74139.88472589188,1079702.443682902
2022-03-17 12:44:52,265596.0110068825,67955.13294737796,1035847.0595879899
2022-03-17 12:47:33,265548.229237339,78453.44071708836,1053690.3680513604
2022-03-17 12:54:59,265431.28247558046,68717.99948921429,1005661.0309541759
2022-03-17 12:56:25,265411.306266884,75755.09274508645,1056484.7771392362
2022-03-17 12:57:58,265390.6297333596,67301.87805889559,1076990.530208426
2022-03-17 13:09:39,265265.1649233239,67750.26506327855,999710.6587453919
2022-03-17 13:10:38,265257.0066918501,76246.46184246289,1057903.5351174315
2022-03-17 13:12:42,265241.0501232005,70548.70406429382,928240.831806022
2022-03-17 13:26:44,265174.1578827758,66330.33742663474,984005.7617038464
2022-03-17 13:29:29,265169.235395564,72401.76411448114,983279.0811941097
2022-03-17 13:31:04,265167.5744837928,65734.60872423368,1066646.0911627258
2022-03-17 13:34:34,265166.8939320417,71743.15645142243,1009668.682137937
2022-03-17 13:44:48,265187.69332352234,72365.90987687136,1072257.3107430865
2022-03-17 13:45:57,265192.0742294172,68453.3747648912,1144823.4275071153
2022-03-17 13:52:10,265222.55824742257,70278.41841165215,1078816.8151238563
2022-03-17 13:54:07,265234.41819589306,67271.53762332817,932337.36911861
2022-03-17 13:55:44,265245.0565269026,69100.00030643717,1055847.3126129876
2022-03-17 14:06:09,265330.257473505,67657.90506695038,962869.7810312752
2022-03-17 14:11:18,265382.3242355486,70357.94353563874,986044.1697037222
2022-03-17 14:12:22,265393.87151086726,64312.41057678443,1028996.2498947153
2022-03-17 14:13:13,265403.25432069274,64302.59465291679,936180.8672402556
2022-03-17 14:15:47,265432.5389521488,71345.39523061976,1030726.4022051916
2022-03-17 14:19:00,265471.18811411195,63029.89281795146,1019555.3081858134
2022-03-17 14:19:32,265477.79826906073,73964.04357579237,960281.908028323
2022-03-17 14:21:45,265505.8655555521,64526.3740898209,976495.4576277516
2022-03-17 14:22:23,265514.05689479277,70559.01954840278,1106052.8766601086
2022-03-17 14:23:11,265524.5106169451,76768.21170924253,1084975.7879854501
2022-03-17 14:25:49,265559.73972304794,62603.91023781814,1001727.8724732674
2022-03-17 14:27:59,265589.6310086121,65840.79431519193,1073689.8206548817
2022-03-17 14:32:36,265655.8588581375,73978.39475348698,1015582.9440844835
2022-03-17 14:36:56,265720.8787852696,67172.28797559161,1039433.1352348671
2022-03-17 14:37:59,265737.0118022544,67898.80552387745,1096503.2173093446
2022-03-17 14:38:29,265744.7429099436,68698.11991907211,997645.9866821815
2022-03-17 14:43:49,265829.0137054781,65448.73391410758,1013713.3163120059
2022-03-17 14:48:58,265912.66968923766,73958.2259014308,959817.726504481
2022-03-17 14:51:27,265953.78073602536,60231.52156560269,1016432.2100997828
2022-03-17 14:54:06,265998.10060888773,69163.62844440762,993496.6041146247
2022-03-17 14:59:05,266082.4087339021,71945.34680701648,970085.4760356256
2022-03-17 15:04:44,266178.89929334,73549.35176373934,1007322.9004436135
2022-03-17 15:07:55,266233.3800374086,70209.80799816914,1043189.0448208369
2022-03-17 15:15:20,266359.60478062835,62630.72710072625,1094431.794740504
2022-03-17 15:21:10,266457.1450398291,68620.54106047493,1023261.292812439
2022-03-17 15:26:13,266539.5150823302,78490.73583271849,1206478.5025693125
2022-03-17 15:28:49,266580.9486010119,69163.10662050836,1066140.2786638362
2022-03-17 15:33:26,266652.54247285915,71710.51783153201,925345.8468808457
2022-03-17 15:38:06,266721.9067321443,72904.80257936275,1065631.7706206539
2022-03-17 15:44:47,266814.9663600085,65646.71809305374,1033621.5197281078
2022-03-17 15:49:11,266871.5543152009,68508.95139356575,987225.7993843481
2022-03-17 15:56:23,266954.88465139567,69366.90917365682,1060868.7059776175
2022-03-17 16:01:08,267002.81340950343,61709.85060845905,1068370.2503718268
2022-03-17 16:05:11,267038.8072129179,63287.04915746531,1095802.5981758733
2022-03-17 16:51:37,267042.1931904921,70285.04070498736,1023545.9883198065
2022-03-17 16:59:10,266958.6149247683,73055.76261488572,1022730.5166100162
2022-03-17 18:50:21,263028.0672719713,60828.259911446214,1031351.6559691858
2022-03-17 20:10:08,259549.82690122127,74891.8392535034,1020511.0919137846
2022-03-17 22:08:00,259743.51358915784,65637.04821571874,935056.1221008773
2022-03-17 22:20:44,260112.83604612018,66925.17083294943,941760.3872804205
2022-03-17 22:22:39,260170.60320836553,68408.56160154528,1037091.164427524
2022-03-17 22:33:42,260509.61489454968,72344.5658049928,1060120.5975900046
2022-03-17 22:42:34,260783.5536610702,64801.43043705284,1035443.7929861434
2022-03-17 23:01:41,261350.7762903856,70422.16590168647,951985.8766643237
2022-03-17 23:04:30,261429.08418965526,62566.53025573306,1047666.2720798594
2022-03-18 00:30:12,262379.61583836796,70062.08156909251,1042803.2918751594
2022-03-18 00:46:41,262184.19174590165,73376.7260705624,985406.9457353327
2022-03-18 01:08:15,261784.9263193735,65562.58124851144,1022111.7995216451
2022-03-18 01:19:47,261526.39716160487,64147.12566313209,1008457.5907076034
2022-03-18 01:45:29,260918.5161254316,73730.7224326555,935613.6689236563
2022-03-18 02:27:36,260194.30409911947,69970.9800727799,1099367.793224446
2022-03-18 02:54:55,260184.1486566091,73962.60334049402,1002671.710725089
2022-03-18 03:22:14,260704.73915020216,71336.60574423766,1043582.8076810513
2022-03-18 03:50:43,261882.46512697474,62419.45418335005,951358.7717173354
2022-03-18 04:30:48,264571.279421437,69221.43960707734,1067607.974642375
2022-03-18 05:22:31,269168.1175308201,71493.57970926033,1048363.6635039104
2022-03-18 05:35:29,270365.4639354334,74885.10741995755,1045551.3823752068
2022-03-18 05:55:36,272143.5855626471,72027.95647566256,1029607.7498081814
2022-03-18 06:13:05,273544.32479516324,65913.88884346563,1036066.7772282296
2022-03-18 06:26:57,274519.1555222989,76232.5498567854,1022973.1719496594
2022-03-18 07:22:08,276775.0382030573,78901.41251378618,1082328.2340630307
2022-03-18 07:28:46,276848.474183204,68478.14288968628,1020701.8286571406
2022-03-18 07:56:17,276694.64165344875,78009.16050344736,979293.3831108252
2022-03-18 08:18:26,276072.87122531736,71705.41351320392,1033664.6298800384
2022-03-18 08:28:59,275640.592652349,71695.26625153264,1059297.644776011
2022-03-18 08:37:24,275240.8654126769,68977.51963077704,942519.1778418359
2022-03-18 08:57:10,274140.8678243275,70712.88181857015,1022496.6364201616
2022-03-18 08:57:58,274092.2859990942,65580.8542994371,884919.1325242621
2022-03-18 09:03:51,273726.85898449266,78148.42385855164,1045783.3124245969
2022-03-18 09:08:57,273399.4770156882,77922.24962898661,1090497.905238997
2022-03-18 10:15:17,268773.5252295963,69220.90274991849,959953.699716016
2022-03-18 10:45:48,266791.7113606457,70926.50619346258,1048976.7571406453
2022-03-18 10:48:21,266638.55895633146,67970.01898900227,1004768.6496340443
2022-03-18 12:05:03,263272.15249063703,68258.87017499984,950610.6854952434
2022-03-18 13:05:09,262494.56087533827,67282.33819191152,936960.7364658825
2022-03-18 13:27:07,262597.54848738166,72986.62618983525,1072089.267496015
2022-03-18 14:27:56,263744.21976501663,65124.66792706525,1019577.9817117412
2022-03-18 14:33:30,263897.182465599,72891.55377578129,940651.9538374975
2022-03-18 15:23:56,265440.0969648013,71195.34048368379,1075740.5159222956
2022-03-18 15:28:28,265581.02451258985,66896.23160245563,970988.6069272484
2022-03-18 15:42:59,266018.9738043158,67231.89104604021,1109078.323002837
2022-03-18 16:00:04,266491.9628669214,78707.80295327851,1003895.6459486719
2022-03-18 17:22:12,267471.3630611424,71953.7208199662,986041.7401505255
2022-03-18 19:04:56,265249.96572268,67800.04173510495,994738.181459915
2022-03-18 22:35:09,268438.3671220485,67169.86468240467,1077197.3433392122
2022-03-18 23:19:52,270916.71804314665,67168.92905269585,1135531.5437973274
2022-03-19 00:29:01,273388.34011064057,81158.80043125986,973774.9949635213
2022-03-19 01:03:04,273818.7145520746,72204.68915632703,1022991.0478625073
2022-03-19 01:35:36,273957.1675148352,74655.94202553916,1066795.813685652
2022-03-19 03:40:46,277803.29931569006,69393.50532468034,996775.3340242936
2022-03-19 04:07:19,280132.747516695,77069.72195065573,1020217.9314201459
2022-03-19 04:24:33,281937.4185695652,72565.02125673051,1065488.3588312506
2022-03-19 04:26:13,282122.6525431735,73514.48919965883,1090138.946230653
2022-03-19 04:47:34,284633.36772395053,75220.29326736376,1149713.7365248722
2022-03-19 05:06:56,287072.7266838798,73276.75900167151,1073685.358817835
2022-03-19 05:17:17,288408.26684103673,73349.03583189636,999655.4080391781
2022-03-19 05:35:07,290709.4592652146,73469.87353586353,1089768.861708134
2022-03-19 05:38:16,291111.2835691111,79083.82179656798,1047117.2747811761
2022-03-19 06:10:52,295049.70857584686,82641.69554916218,1119009.0235384814
2022-03-19 06:13:15,295315.2060689596,83865.80131624031,1277632.7514978198
2022-03-19 07:10:31,300238.96274225303,81264.66747143585,1120374.1336838997
2022-03-19 07:38:34,301424.9347437935,66000.18828397132,1164664.5859415329
2022-03-19 08:16:31,301714.40128602035,76860.1225345463,1140926.4972725082
2022-03-19 08:21:32,301650.87450495246,86356.22687808264,1118215.6142139365
2022-03-19 08:22:27,301636.96802754625,80618.31579877184,1101232.4476475795
2022-03-19 08:24:45,301599.0296806636,82200.75768062143,1100338.2541144935
2022-03-19 08:38:09,301296.2856597579,85635.84540454947,1120283.2901183148
2022-03-19 10:52:41,295096.4047365771,69694.84699924143,1128468.102870965
2022-03-19 10:55:53,294969.6919583627,76153.72378776447,1145019.023780255
2022-03-19 11:01:37,294752.3654319446,77742.31450094322,1120500.1222339785
2022-03-19 12:42:35,293359.5902941279,71980.18991473646,1142114.0745996798
2022-03-19 13:22:17,294118.4846287875,82510.84894473373,1218510.5701148154
2022-03-19 14:38:14,297168.9106619019,84878.46119145941,1061745.0784144553
2022-03-19 15:05:16,298545.44476081437,75781.45324214984,1279054.785237598
2022-03-19 15:58:35,301170.0334518078,80355.29836827473,1058198.3084703886
2022-03-19 16:57:39,303095.2828114652,72756.6132240352,1243063.9850755164
2022-03-19 17:59:27,303255.1947587397,86262.87038640783,1143283.9865542876
2022-03-19 18:05:41,303168.4904276292,84210.27030987813,1136102.5700651573
2022-03-19 18:16:45,302977.9947604445,80692.00596941976,1183928.5054563547
2022-03-19 18:39:30,302472.39488611126,79456.62629381414,1128347.139887133
2022-03-19 18:40:21,302451.36857150326,78288.59309393578,1267161.4860782546
2022-03-19 19:04:19,301833.37774971954,80870.13687099279,1042921.6169585814
2022-03-19 19:16:36,301521.634424917,71350.18818214972,1206438.1352961191
2022-03-19 20:14:27,300637.18385166797,75306.54405147713,1094646.0669147694
2022-03-19 21:57:54,303757.234477384,65667.40427531739,1143145.5268156168
2022-03-20 02:24:55,311670.98883826676,84007.10795362639,1189759.868605043
2022-03-20 02:50:59,312195.5879058261,76928.99449538886,1241286.179343559
2022-03-20 02:58:23,312438.9798457345,76659.38864699747,1171277.8063525916
2022-03-20 03:49:14,315462.0429713464,85915.04029428384,1140024.4978247217
2022-03-20 06:32:01,334406.95763550524,78703.90784858388,1199218.6202046766
2022-03-20 07:49:45,338046.4803530875,86520.12534765844,1352788.5345802573
2022-03-20 08:12:58,337732.9877833701,99677.12165018254,1441930.7424192163
2022-03-20 10:49:14,327634.6656972982,85421.70662588273,1225715.4913601386
2022-03-20 12:42:48,323485.904798756,83166.2442453652,1214156.7397503844
2022-03-20 13:42:17,323946.5899182672,79952.56542844884,1249027.7107081444
2022-03-20 14:07:46,324596.7528429348,86080.11255147663,1350268.0551661479
2022-03-20 15:37:24,327911.12051092676,87826.37930600041,1267142.8744232093
2022-03-20 16:09:24,328964.37831257953,88935.78501464521,1244131.0217517104
2022-03-20 16:30:36,329465.33919892274,91948.64248001116,1296226.126585623
2022-03-20 22:45:09,329581.9603523328,86892.32507667391,1247013.7249212104
2022-03-21 01:32:24,333872.72101250634,91848.76809173233,1289288.2124348215
2022-03-21 08:33:23,361724.4348099197,93585.3239443138,1336368.4641997328
2022-03-21 13:16:05,349304.51448113786,94703.11626378047,1455313.4122462205
2022-03-21 14:30:45,351858.72985996003,93093.67857921631,1314327.4533298807
2022-03-21 14:37:51,352193.9739248508,87388.67456052185,1370498.8306411293
2022-03-21 14:57:08,353144.1902032865,81641.58396718401,1297691.5393022737
2022-03-21 15:21:32,354375.43454056483,88349.73499760628,1368493.551385082
2022-03-21 16:19:28,356896.54343845154,80657.65985910282,1439563.2698585757
2022-03-21 20:10:30,353172.06557906006,87765.78329649463,1358005.6345690656
2022-03-21 20:20:21,353075.2120271849,92778.92452066652,1232671.2329786664
2022-03-22 00:27:11,363717.4837349541,102161.23257211421,1449399.3833619356
2022-03-22 02:15:27,363226.5612584633,97306.76374996176,1453404.9742274636
2022-03-22 02:32:26,363322.7721174384,90961.73137479287,1383649.9464263194
2022-03-22 03:59:49,368076.03825394966,90895.85257579689,1337120.7364214363
2022-03-22 05:33:24,380483.61819634953,99454.33902751746,1479490.235899422
2022-03-22 07:22:33,391114.29419966636,98393.417196528,1358213.3045718353
2022-03-22 07:37:40,391394.75372778095,107642.77713231916,1487473.5042288688
2022-03-22 08:40:31,389331.76620776893,104032.54440730477,1486477.8656045867
2022-03-22 11:11:16,375959.1778910226,103567.9138386164,1408636.3122298038
2022-03-22 16:38:29,375850.65701960085,103779.95464982146,1479368.961064872
2022-03-22 17:04:10,375736.0785728585,103921.2369011513,1393240.1376103603
2022-03-22 17:04:14,375735.23378578364,105717.24009850292,1501604.346995248
2022-03-22 17:06:39,375702.64725037833,93588.04876336714,1543007.5766742406
2022-03-22 18:50:38,371176.4165115751,92132.0970819397,1250381.2348525191
2022-03-22 19:00:41,370550.86696836253,94699.61106114706,1403858.2234041411
2022-03-23 02:12:48,370635.7374496012,93261.49364690945,1366233.5448203958
2022-03-23 05:27:39,384627.71133592067,97355.6121772769,1459878.5599494379
2022-03-23 07:49:28,394961.8265849595,108515.9875287829,1465948.8097396025
2022-03-23 08:18:53,393866.25417652726,101272.86991630799,1493272.5577041768
2022-03-23 10:00:07,384692.58582666167,100856.17022610318,1562285.9379492747
2022-03-23 12:17:21,374054.4417490889,104736.67319188248,1472581.5876021092
2022-03-23 13:43:35,372931.1520809067,95378.71841931337,1475764.3020006071
2022-03-23 17:43:19,375400.49503145675,93481.18971139642,1491327.892494703
2022-03-23 18:49:01,371764.3863568995,94428.65309960683,1359810.9238473172
2022-03-23 19:14:49,370098.89463703026,85356.42300400427,1334504.4874038904
2022-03-23 19:45:13,368317.69747382874,102053.46600713374,1475568.8699687275
2022-03-23 19:48:31,368147.4275973102,102282.86769890337,1455198.1940815684
2022-03-23 20:38:19,366425.6225773132,92661.27369060714,1465887.8262448881
2022-03-23 21:53:55,367384.4331902968,93121.02852648016,1387087.1112542013
2022-03-23 22:31:20,368996.6621048328,93568.11866677146,1259090.4605157154
2022-03-23 22:57:45,370196.70575800235,93469.8325932823,1447922.5998924759
2022-03-24 00:21:24,371985.38957247895,99412.3150546855,1375544.9650185502
2022-03-24 01:34:01,370138.97926248756,105504.17281058647,1611927.377980046
2022-03-24 04:35:38,374480.20176130603,95959.46018460959,1429042.10456224
2022-03-24 07:27:55,388918.7994901844,103933.71893026115,1694211.7361615954
2022-03-24 07:31:02,388893.71312234615,102554.82904802143,1333143.984662194
2022-03-24 10:01:51,375610.76171348395,90692.39034253356,1353957.2736900363
2022-03-24 10:37:52,371290.67588568316,101841.52295661154,1447748.5148391228
2022-03-24 11:13:58,367444.999719985,101910.27975969441,1437795.9094181072
2022-03-24 12:11:28,362786.4046816504,89480.42468209074,1433589.021657259
2022-03-24 15:57:21,358939.5177314863,84453.07919108197,1418520.0246261316
2022-03-24 17:38:13,355663.1177933383,85457.36247789237,1331604.3537333815
2022-03-24 17:47:49,355038.7041375829,99254.60696387626,1361082.5591289094
2022-03-24 18:04:03,353872.1453422274,77571.41644174012,1316283.9775357589
2022-03-24 18:19:05,352686.31387252576,88857.45266257357,1203575.753864629
2022-03-24 19:35:31,346142.4427545853,91555.63372970298,1370887.1804252428
2022-03-24 21:44:21,341104.7143157353,84508.45801966944,1260366.2766309096
2022-03-24 23:36:07,342494.8638844211,91331.73830579141,1366965.8892394933
2022-03-25 00:27:37,341640.40657207667,86324.72540440757,1313984.0800847334
2022-03-25 01:48:58,337721.8764056768,84714.82291813863,1191267.269352332
2022-03-25 05:14:07,342475.78724520735,87940.88509967327,1463487.9136809933
2022-03-25 05:27:57,343770.98093709827,87940.4779637837,1529507.995257888
2022-03-25 06:24:16,348283.81079227413,96263.4336302945,1385904.0877463222
2022-03-25 07:13:50,349892.3436808152,99027.53184234799,1294841.7938054395
2022-03-25 08:04:27,348434.9136194417,85194.35112040376,1435881.5945642206
2022-03-25 08:42:13,345532.4570307511,76206.88996868368,1401976.261375589
2022-03-25 09:34:54,339937.4914644182,84530.54718728396,1262311.6481818534
2022-03-25 10:29:03,333819.96450596885,90345.4509693357,1190715.6952924584
2022-03-25 12:49:14,323646.8997822208,95342.62491387989,1120544.388208229
2022-03-25 17:21:55,322559.6704449723,88794.51566628872,1208353.3429158803
2022-03-25 20:06:48,313958.250848655,75128.51347557688,1275121.7060480013
2022-03-25 20:50:13,312953.30201462534,77644.20663151436,1309362.1815788466
2022-03-25 21:42:42,313488.111172986,83567.38745305057,1198194.2016623872
2022-03-25 21:51:36,313741.76061790716,77895.34992860176,1274287.783633462
2022-03-26 00:02:43,318008.03752772167,80438.31385330929,1301497.3278999578
2022-03-26 02:10:30,316220.048017709,90243.77615191026,1277009.7306280567
2022-03-26 07:12:01,337417.3144913696,95666.89019890896,1224443.9610541286
2022-03-26 08:15:37,337104.2785274917,97561.21673706135,1411188.678609245
2022-03-26 16:02:49,323121.5016643475,82666.36418786108,1293292.5893983045
2022-03-26 19:27:31,317273.3081132259,74204.05243703908,1266087.4361170642
2022-03-26 21:10:19,314698.40054904966,78869.6520473549,1155430.3219941189
2022-03-26 21:20:57,314818.8146368321,78697.2130638643,1093658.1267442964
2022-03-26 22:09:30,316134.79074016144,90331.58823013953,1141647.5480592884
2022-03-27 00:37:17,319340.1784110252,73253.2629148264,1187162.6385356009
2022-03-27 05:37:02,327951.03727001854,85008.47388078655,1132404.807686735
2022-03-27 06:13:57,331367.1051985617,85256.75805150175,1293819.0403457356
2022-03-27 08:09:42,333351.1636519309,85635.21003831008,1293310.2466176336
2022-03-27 09:06:28,329163.49041400716,79829.90668974523,1207379.7724925568
2022-03-27 09:58:23,324021.33695251256,86591.66259872766,1274118.2983557764
2022-03-27 12:57:33,311827.3720075489,87855.74088410835,1083154.6984705436
2022-03-27 13:48:03,311191.82016620046,79339.8910936358,1217205.7424971678
2022-03-27 14:13:37,311241.6235394232,84136.13087218997,1186235.5008389284
2022-03-27 20:04:09,302940.9539199296,75198.3440459004,1135873.6960558593
2022-03-28 00:45:47,305533.4977958246,77704.41601649746,1214460.2943837699
2022-03-28 02:39:43,303169.3796848297,84774.62627172003,1209337.4299910886
2022-03-28 05:16:17,313111.0400329394,81764.38116968164,1277281.1481288655
2022-03-28 07:38:21,322768.3073802188,85195.37906467901,1196430.009691585
2022-03-28 12:54:28,305171.96861565,79413.98488165239,1157515.4384179171
2022-03-28 13:08:25,305073.83023425203,88336.84288165496,1142983.860212839
2022-03-28 17:54:22,307820.97096483293,80933.35008596674,1193273.5806099751
2022-03-28 18:19:23,306863.65566397045,79498.33602888504,1163081.9387641093
2022-03-28 20:15:42,302059.9231121381,80850.97473882449,1193276.7569836148
2022-03-29 04:09:25,309959.3223745527,87641.19440879957,1192103.2667331633
2022-03-29 05:22:33,317460.37398210133,86937.04144962,1217908.3410334599
2022-03-29 06:40:51,324840.3842069594,94380.58211767071,1206351.8790590432
2022-03-29 13:17:24,307475.00230542,70811.35208579725,1115208.5266997365
2022-03-29 19:26:45,303794.6156878856,80836.25703363754,1069687.9302506247
2022-03-29 19:48:16,302794.32106695697,77437.78079618639,1171239.9369560196
2022-03-29 21:20:02,301410.688449431,79416.08175205057,1184290.8738836374
2022-03-30 09:20:59,320271.2184951712,80762.15786095652,1132659.9592078568
2022-03-30 13:55:25,308532.2616335464,79282.82662700716,1154713.7778006396
2022-03-30 16:16:37,312214.8590542551,84190.32219670595,1187033.2864901714
2022-03-30 18:17:44,310703.8543619167,77127.53057437489,1272709.6265539795
2022-03-30 18:27:59,310273.9324545064,89493.35981876025,1083783.3814675405
2022-03-30 18:39:46,309749.8165112692,79369.14638686873,1312773.1173776228
2022-03-30 18:45:30,309486.92775413714,83911.5020594361,1137256.0066883056
2022-03-30 19:22:18,307799.1741811898,80443.89324515928,1255176.3120449379
2022-03-30 19:29:57,307473.5406803745,80885.47871679203,1304264.491933885
2022-03-30 19:31:49,307396.60620767623,80208.7574833408,1186850.8321851157
2022-03-30 23:34:33,311501.7114959781,70767.87239620015,1257426.644908407
2022-03-31 01:48:38,311223.3242891479,76629.14384191194,1332336.6357739898
2022-03-31 03:40:38,312609.5731270272,87354.35048504919,1253618.5840060713
2022-03-31 05:44:51,324779.1654242015,92045.91802478003,1095501.3028569801
2022-03-31 07:08:56,331106.0992651859,83731.07484023774,1217537.8162036112
2022-03-31 07:35:06,331504.4847985313,91585.11716911849,1326830.5034545076
2022-03-31 07:36:50,331501.2418598535,90116.27353016334,1161777.849833223
2022-03-31 14:15:09,311249.52053549816,83377.83685380679,1120053.455240192
2022-03-31 15:31:12,312392.2817191113,89394.58675932689,1120506.2763552824
2022-03-31 17:39:13,311303.9890261838,86878.73174715167,1128093.6250415044
2022-03-31 17:51:59,310752.7549722072,77157.70972061249,1166408.734390472
2022-03-31 21:43:21,302258.0455046489,72087.37824710265,1088991.3860592158
2022-03-31 22:02:44,302706.2033330527,82304.66686651691,1124938.2026800923
2022-03-31 23:29:08,305152.82690777123,91528.45102024359,1052787.3388753438
2022-04-01 00:47:38,304976.2177888585,85477.36074134833,1218106.1030564478
2022-04-01 02:11:46,302515.7913696252,70247.85062112572,1124405.4982327325
2022-04-01 02:47:51,302050.48259083414,79392.58554211074,1135694.7204965411
2022-04-01 05:03:55,309829.596126611,80631.33379221549,1250869.3303729922
2022-04-01 06:33:41,318014.1702797312,87048.98413222049,1188664.2873149137
2022-04-01 16:07:15,304852.2699158786,84742.17382318835,1138212.0737246927
2022-04-01 18:57:14,302257.8482801608,72287.60752216853,1165719.0957716475
2022-04-01 19:32:59,300879.26798636036,79959.43774560156,1304934.3709518744
2022-04-01 20:25:12,299729.0825088591,80998.30419252877,1160541.4967691153
2022-04-01 23:32:21,306941.81408999464,80839.64092101272,1230394.5798005392
2022-04-02 07:01:33,334332.7529425613,85578.65142414831,1363095.2514923944
2022-04-02 09:26:11,332416.2087300603,89251.35197809871,1262207.9074709055
2022-04-02 23:19:02,332529.39416136127,80208.60502425166,1349639.8691523487
2022-04-03 14:54:03,336991.88204464765,84323.1829693776,1312525.858269256
2022-04-03 14:54:56,337013.1309429411,82660.13039363839,1202269.7191694726
2022-04-03 14:55:57,337037.65718799544,98857.9448400044,1254222.9045299292
2022-04-03 14:57:21,337071.542701837,84916.65942073529,1273101.66495498
2022-04-03 17:32:54,337871.99350752257,81272.33309929566,1484458.0223718765
2022-04-03 20:29:54,329545.713030403,87359.71875354939,1244157.5210679406
2022-04-04 11:11:19,340790.56866416667,90288.12182002205,1376746.367210218
2022-04-04 17:30:02,339983.85333327757,93071.89077086686,1327065.5468205644
2022-04-04 17:45:35,339508.533512467,89844.8393830358,1388332.947178344
2022-04-04 19:46:48,333441.6507479934,92009.17448986942,1338138.3719308274
2022-04-04 21:02:07,331868.16315786727,91517.7498971099,1236864.434309518
2022-04-05 00:08:34,337608.46294699126,98650.66941754783,1281792.2450225924
2022-04-05 02:12:48,335162.71347434976,89222.68956956288,1427666.138860744
2022-04-05 16:10:44,330807.6002183283,84663.77265442834,1386910.017272513
2022-04-05 17:52:53,327936.8326185505,89760.76767647063,1284801.1662813989
2022-04-05 22:30:31,318689.7820140729,88802.66612094006,1302292.7183474642
2022-04-06 00:20:37,319985.72015597974,81239.41026285817,1220343.806337166
2022-04-06 02:57:12,315461.4092248205,82694.89577543909,1265948.2748181308
2022-04-06 03:39:38,316317.5620714244,85650.45616088684,1296720.1712005453
2022-04-06 12:18:58,309590.15503039927,79513.73589519515,1207813.4872211206
2022-04-06 20:45:48,296343.95633980416,84701.30846506859,1310104.6315752137
2022-04-06 21:10:46,296024.10392747296,71052.57205012972,1171814.9682381472
2022-04-07 03:39:39,294113.6977666901,76006.7644300093,1101755.6513707787
2022-04-07 04:44:30,297852.347196283,78052.31134260684,1333408.191115563
2022-04-07 12:43:21,281570.38008868974,72018.11816919458,996201.5549627322
2022-04-07 14:25:48,278985.5235549497,78688.36441562968,1106114.3628012429
2022-04-07 16:27:52,277637.103932945,71473.5993880958,1032598.0136486351
2022-04-07 22:18:15,261841.65865492917,68313.08448272357,956611.007523107
2022-04-08 01:24:17,258768.64330024956,54761.76041837646,946759.0992232832
2022-04-08 08:08:46,263473.0453179721,70537.65990772139,1110918.6991985918
2022-04-08 08:29:59,262189.5237264415,73568.54713291055,1016679.9020092266
2022-04-08 17:32:28,241777.67477586027,55343.57635162669,917549.0887163621
2022-04-09 15:55:10,241404.53926404557,65467.979299095416,920352.7803211313
2022-04-09 16:06:20,241568.95798405356,64729.45182595652,974883.657840954
2022-04-10 12:02:03,237738.98864189806,58134.224838781956,822643.8458426073
2022-04-10 12:09:55,237468.66763548992,58773.02850949037,879799.5393795291
2022-04-10 12:22:13,237096.09413676584,62671.81773964762,880780.8984615294
2022-04-10 16:04:47,237574.34789894184,55132.005861678525,876192.8228014119
2022-04-10 20:39:23,230750.75806494436,59092.709231220775,885782.8769641743
2022-04-11 07:56:55,250121.35200473928,63820.87645695864,1029031.4904707404
2022-04-11 10:36:02,242397.66914581438,62538.61192896451,977469.4044724997
2022-04-11 14:15:31,239199.20515508644,60283.21168548767,853600.2943894699
2022-04-11 18:28:01,241261.99374692736,59482.37188962414,964657.0335460426
2022-04-11 21:32:38,239047.6591608367,60247.390686923995,955018.4962747897
2022-04-12 05:49:50,256495.61121318804,65273.11529534349,923017.1776002441
2022-04-12 12:54:55,248856.77243389664,63423.66133957454,973412.1095876347
2022-04-12 16:30:39,252048.26202608482,71330.89419369615,983774.2878874657
2022-04-12 17:59:06,251108.22767590455,62995.03372404305,963280.8906186614
2022-04-12 20:41:34,246347.80635855935,65855.09086538908,927157.4270251933
2022-04-12 23:09:38,250270.29530445935,61378.95310695477,977488.0252806938
2022-04-13 04:58:24,258626.06153958564,66878.91982153866,1080465.1574334882
2022-04-13 07:13:44,269116.08514202706,72069.97492082081,1024774.9739219204
2022-04-13 09:52:56,264030.65811869473,66898.37602849749,1049183.876592049
2022-04-13 12:19:11,257389.24979383565,68152.76467029325,1014740.7049969016
2022-04-13 13:40:15,257359.34836652406,67175.95624243606,963309.917745534
2022-04-13 20:26:10,257057.99691741454,63963.859734713886,1028500.285410503
2022-04-14 00:24:37,263491.24700452684,68597.52580965444,1057937.005396717
2022-04-14 07:30:54,281213.67713325965,71100.56588741134,1048465.4289012202
2022-04-14 22:07:58,259039.22918376018,59666.50099340152,976626.2737067479
2022-04-14 22:37:35,259869.50180943514,67780.02105693662,1009687.7660885637
2022-04-14 22:58:30,260457.7173417801,77320.38041576484,929929.9577080682
2022-04-15 03:40:09,259876.41129699282,71893.72781024642,1037448.7747600175
2022-04-15 06:24:16,272220.94813684694,69295.22049571398,1035989.6500839427
2022-04-15 15:27:26,261064.63310001613,73754.3482993328,1078754.784409887
2022-04-15 17:01:01,262437.22849362536,65627.44754363238,1013133.6459740236
2022-04-15 20:55:26,257732.71327392446,66794.69067349656,1016756.3659296723
2022-04-16 00:19:11,265149.12801239366,69111.5401432696,1107292.7421245414
2022-04-16 04:37:41,273065.6725466876,75784.30883176404,1009033.3020222397
2022-04-16 20:53:36,280102.2648861999,77959.259319574,1129453.8033394068
2022-04-16 23:07:52,285144.09052219853,72490.3651906926,1143245.882025085
2022-04-17 07:43:52,305892.0245339382,83956.29797772519,1100044.4099046956
2022-04-17 09:38:29,299619.23449900944,80391.98068421947,1190840.9155094211
2022-04-18 00:29:21,288225.8321642382,74738.20522600615,1029423.3206505899
2022-04-18 13:19:06,290672.0353923622,73437.4476540446,1042261.1772540193
2022-04-18 14:43:03,292083.6922344801,79429.56101533119,1094831.661449153
2022-04-18 16:13:54,294363.2327537648,81612.23471885498,1120432.2808978653
2022-04-18 18:00:47,293447.961934851,80497.01384011567,1187482.6166746344
2022-04-18 20:14:59,288199.68171001103,77157.33644281578,1059098.0152926466
2022-04-18 21:22:30,288156.8964499481,77108.21066867636,1160752.8907335845
2022-04-18 21:46:40,288792.3794635605,74627.08266256482,1113618.9369763965
2022-04-19 00:52:55,293324.2094927724,77892.47211360147,1091227.9663516204
2022-04-19 02:52:52,291698.90470257745,82503.0701125591,1022193.5666074879
2022-04-19 04:32:11,296934.7366118892,78718.98031550682,1138894.4349898868
2022-04-19 04:50:58,298724.08392606187,74626.92180867653,1109075.5527554865
2022-04-19 05:49:27,304659.414097479,73010.71347646987,1184798.90392841
2022-04-19 06:14:27,306881.76559446164,77647.49274494596,1104950.1579154145
2022-04-19 06:45:59,308988.2615604359,73686.02485854896,1246179.835412386
2022-04-19 08:23:55,308745.1323067656,82167.09404380877,1186113.213617842
2022-04-19 10:04:25,300811.70392322476,74084.72062076308,1172480.2806184944
2022-04-19 10:36:40,298045.95075531444,78116.76606361005,1208496.4313119447
2022-04-19 11:59:15,292651.51913484023,82964.6900646325,1143592.6930313385
2022-04-19 12:51:53,290879.29994147783,67301.10492584616,1136306.6071315317
2022-04-19 13:40:18,290338.98832952435,72909.5975299862,1165311.162208617
2022-04-19 13:42:27,290335.9564369783,74964.82787796047,1057962.2710310635
2022-04-19 14:09:59,290426.9009758162,77116.39526046452,1096526.142513841
2022-04-19 14:48:21,290854.54882783367,71976.40553282136,1127784.0695355837
2022-04-19 15:39:41,291576.00036777696,75499.30468594783,1063896.8256987366
2022-04-19 15:48:13,291669.0093932359,77800.45154985883,1070351.9886265856
2022-04-19 16:28:50,291827.86614886974,73462.00062756876,1150421.6875890438
2022-04-19 16:49:03,291667.37042937195,75277.45188847299,1140160.4949916217
2022-04-19 16:50:40,291646.3403329292,75881.7815608514,1087021.1471185198
2022-04-19 18:56:48,286467.28481948475,70151.50377239476,1087062.4489323988
2022-04-19 19:30:26,284580.85635738116,82739.2714215315,1095820.904098614
2022-04-19 20:38:40,282001.29796367994,68346.14714216966,1108097.594232603
2022-04-19 21:08:45,281717.68790849776,72702.22980643749,1053307.9668014513
2022-04-20 00:55:33,284538.80268588575,77322.48844751535,1037836.2435274929
2022-04-20 04:27:58,286116.10155621404,75954.04201693997,1082424.7134161703
2022-04-20 04:29:05,286205.18172955624,73417.6502168245,1121993.730271942
2022-04-20 07:50:24,298238.9935216391,77094.81367583065,1127095.641747903
2022-04-20 09:47:32,290682.82544054365,79678.14376180836,1065453.3063349598
2022-04-20 10:06:02,289091.53359427006,75214.5300244995,1222220.5476195123
2022-04-20 12:43:53,279978.9185569032,69727.07134392446,1031968.9329954598
2022-04-20 12:46:26,279923.3664750765,69529.43695324702,1046108.1591774178
2022-04-20 13:47:44,279402.4887843894,65822.30104599516,1079446.0358664566
2022-04-20 14:12:33,279567.3744285335,83822.52977974861,1093872.7256346138
2022-04-20 15:01:35,280271.87625095464,77879.71249944245,980442.5858824913
2022-04-20 15:04:18,280318.05472967605,74530.19542983641,1110632.9383738595
2022-04-20 15:05:07,280331.96278401226,73826.88929835241,1109405.909573012
2022-04-20 15:10:20,280420.8551402624,69046.86248747003,1079066.6546164106
2022-04-20 15:21:03,280601.27117865364,74818.3249038777,1076294.1144712546
2022-04-20 15:23:21,280639.12846388476,84553.14166229682,1040884.5481167894
2022-04-20 15:51:41,281048.53132184385,73136.42446494098,1062925.4882603493
2022-04-20 16:22:00,281275.7773261692,71057.8519617197,1066256.7842899298
2022-04-20 17:34:01,280304.33943608677,64179.44709519463,1018997.7124705542
2022-04-20 17:43:48,279983.8832536066,69532.35969144777,1084200.6466558916
2022-04-20 18:05:41,279120.9727553804,68622.49423012018,1027981.2759432407
2022-04-20 20:43:00,272492.09825877036,75756.32229743055,1099612.701270893
2022-04-20 22:49:23,274603.9236472253,76520.33962872259,1093150.4892179659
2022-04-21 00:14:43,275942.33327926643,65836.63378083314,987600.0956942166
2022-04-21 00:55:21,275369.89109003544,70738.32913662634,1068599.5412799334
2022-04-21 02:15:25,273219.6749247728,68883.33555274995,1046786.8099913014
2022-04-21 02:48:05,272829.5019789055,75691.34882092761,1058065.4091241274
2022-04-21 03:01:34,272868.42546618136,70703.75200969212,1030653.1542754169
2022-04-21 09:03:38,282658.72906389047,73660.66262196437,1065850.0758470818
2022-04-21 10:54:46,272792.2109480816,67560.88182575208,1057528.6474776308
2022-04-21 12:03:11,268265.3827043829,68292.21179959364,1048235.1570290981
2022-04-21 15:39:52,265057.3671225901,67796.54625813656,1002212.3438859555
2022-04-21 16:49:38,264321.2057274881,69706.07125399163,987003.3355565337
2022-04-22 12:12:27,242749.35744438146,66133.54173367353,972284.272816634
2022-04-22 16:50:47,242436.3772361988,64249.37602482025,919608.2120512564
2022-04-22 17:13:20,242169.40324774865,60119.640590191666,808694.8146560495
2022-04-22 17:16:57,242107.90174065516,63392.873559283405,1028828.1029703654
2022-04-22 22:05:18,237062.77056645558,59656.230317920556,853769.9064881976
2022-04-23 01:35:51,240206.54439934503,61570.59753948343,938826.1437359253
2022-04-23 01:47:14,240069.65307572144,58284.45204863978,1034865.6509588867
2022-04-23 05:32:14,250772.08587190617,69721.96197268639,899448.4064633556
2022-04-23 07:04:22,257491.337304656,63325.78310551343,879436.3718969052
2022-04-23 10:22:17,251416.14802259463,67682.42352328991,1041293.131016638
2022-04-23 11:11:22,248907.71705426712,58864.823205601075,1048995.7648325888
2022-04-23 11:14:16,248783.6330027891,63801.70063749165,910050.8993638401
2022-04-23 11:15:48,248719.27730005755,73871.79272977589,925178.2696903094
2022-04-23 11:25:58,248315.00979017784,65907.20001939485,956307.8194807225
2022-04-23 12:46:13,246585.22202933402,65146.733321660155,969998.2962025823
2022-04-23 12:53:14,246557.17337368242,62477.9623652214,990081.8883677486
2022-04-23 13:09:52,246564.516379438,59143.96007157563,1072104.6407542252
2022-04-23 18:04:22,249856.8153739058,64232.34652775532,927085.2846809922
2022-04-23 23:22:28,249792.24386517785,60196.47104629151,904055.6114388045
2022-04-24 02:20:36,249315.69651007,72105.8056171782,859616.6261159738
2022-04-24 03:15:59,249779.09730959058,65127.667206314174,912706.5287873042
2022-04-24 05:36:20,259523.59666759687,67158.3084247843,959914.855629241
2022-04-24 06:53:22,264750.57527412253,66451.36420985364,962844.6866624856
2022-04-24 10:16:56,256924.09259543018,62119.823852241236,1013848.2523262004
2022-04-24 10:40:28,255291.9635104239,68288.17912005562,961579.0900815339
2022-04-24 10:53:48,254432.3817197021,70689.96122399427,980220.7090372822
2022-04-24 10:57:25,254208.95875089138,69438.89304897551,946486.8757897407
2022-04-24 12:38:01,250056.35853522827,61332.44622495504,965289.8077415277
2022-04-24 14:05:50,249678.61050096725,64599.48283914985,924607.8594557281
2022-04-24 14:45:48,250207.84097565338,61412.99179828894,880798.0191397812
2022-04-24 14:46:46,250223.54277061427,62286.590889265084,950709.0810591746
2022-04-24 15:31:11,250974.4838165094,65255.63264190004,951932.6932894294
2022-04-24 17:16:24,251231.25554907724,71692.54779450933,937449.5600518316
2022-04-24 17:20:01,251166.79058282712,54478.92049025756,1044206.3397222173
2022-04-24 17:54:13,250291.43073116534,64786.70925119268,960442.4149983013
2022-04-24 18:22:51,249244.44681845687,64726.17137587794,908745.7501669306
2022-04-24 19:38:42,246067.5738488042,60987.9193123854,888720.3392925342
2022-04-24 19:41:09,245978.4655558232,59439.54141471038,1033676.9443935482
2022-04-24 20:17:04,244939.4301909799,58308.345041717,984325.1209327746
2022-04-24 20:57:11,244534.3921435002,62839.300284524485,1037499.3607190457
2022-04-24 20:57:19,244534.52489668125,62283.19808691777,908774.0531268606
2022-04-24 21:02:53,244548.8063160345,63250.25305640232,957710.948984566
2022-04-24 23:23:40,248257.13912503634,65734.3213612636,901844.6995988553
2022-04-24 23:42:07,248675.92904497412,67190.37103985086,1003070.0892678191
2022-04-25 02:28:27,247691.80309049986,63034.3892584413,962379.02037863
2022-04-25 03:39:07,249193.68713858383,64702.73482426129,940891.9316715691
2022-04-25 03:41:54,249328.58876254928,69430.22758674616,953722.5424316371
2022-04-25 06:49:49,264107.56002914684,66659.39000710995,1072883.3543139067
2022-04-25 08:40:13,263957.78790259536,68211.64117825423,1056273.992836706
2022-04-25 09:14:47,262092.82279755015,71825.61643183573,890532.1569858595
2022-04-25 11:24:01,254501.60729224744,67478.29347445625,1019966.6333183902
2022-04-25 14:35:06,253693.6914846032,66440.41100327502,1041158.6620957442
2022-04-25 15:42:52,255497.42398481007,68697.16142880688,1032371.4514445998
2022-04-25 17:21:34,256433.67020273383,68281.95311893255,867312.0312833709
2022-04-25 19:39:18,252417.114793614,71350.00323613435,960147.7576555692
2022-04-25 19:46:08,252222.30781273713,71764.05683895723,1021392.4319620504
2022-04-25 21:28:26,251950.39335451223,69705.13895169734,1002641.3042860273
2022-04-25 22:21:23,253741.70303800685,75449.17050812229,1083610.8190032546
2022-04-26 00:16:57,257212.60456893325,63793.92733202378,987526.1812239985
2022-04-26 05:07:26,264592.7801814949,70536.73082707962,986762.7025183704
2022-04-26 07:41:52,273992.46516638173,72308.72970316438,1048801.5139345862
2022-04-26 09:02:32,270923.0740607863,68096.56315316218,1085814.4454778023
2022-04-26 09:21:05,269678.0843260681,68198.00200034824,1021078.2828452581
2022-04-26 19:50:20,254626.86105445313,66293.1205052356,998979.939976902
2022-04-26 22:24:42,255142.73692766894,70393.81996047594,847502.9953032637
2022-04-26 23:04:03,256437.44431851892,67999.30526185555,1029881.7857539823
2022-04-27 00:54:26,257431.72493971908,69776.32953246277,980492.4719441666
2022-04-27 04:18:37,259554.11433120893,65856.82511126182,1053691.1480301558
2022-04-27 04:20:51,259720.23280517635,73385.13147114412,1058893.698185432
2022-04-27 10:35:11,263367.14257659594,62825.29396397262,917798.5718672483
2022-04-27 10:51:56,262314.3298527925,67882.71099622999,1097185.6195879243
2022-04-27 11:51:23,259416.87759715377,63661.695731719985,938320.092763372
2022-04-27 12:31:36,258313.47581920933,60366.00803230834,1022584.8893413148
2022-04-27 13:19:59,257890.12430447715,66257.52050602337,951904.9817121886
2022-04-27 14:11:11,258348.0609874096,64954.16451209698,889068.45976544
2022-04-27 14:58:55,259314.05556505758,62176.538189926745,1077516.5345023533
2022-04-28 03:29:35,258443.81635333845,69323.81705840077,1048055.7511421554
2022-04-28 04:59:23,264433.9322552099,73426.28290594918,1005616.176970543
2022-04-28 05:09:11,265307.78386941855,74895.20382489731,1062123.4875745864
2022-04-28 09:12:00,269161.10370480706,76579.5975957361,1177791.8823217966
2022-04-28 10:34:55,262621.51061180246,62049.43760882472,970736.8616550562
2022-04-28 14:18:45,255212.06208332285,72878.08896257609,967094.5138362594
2022-04-28 16:05:20,255969.94236411425,65897.8773112487,916885.8415309609
2022-04-28 18:37:03,251662.92512997537,71051.9243851454,939633.4094575534
2022-04-28 18:53:45,250751.05081105733,69813.54518697082,1005642.3920114688
2022-04-28 19:02:58,250244.192300729,56523.63625467425,965052.0578226708
2022-04-28 20:57:44,245916.59523128995,69976.48851037017,955403.949143527
2022-04-28 21:04:37,245856.34900927817,65356.600868895795,889905.7924611967
2022-04-28 23:28:46,247873.03603165876,62107.329668437145,1001488.9761471526
2022-04-29 00:38:18,247602.77597502596,68267.87589571624,933018.6825692956
2022-04-29 04:57:58,249835.5113193234,57403.3337197891,1031839.4740097995
2022-04-29 05:00:01,249992.61030705215,67437.5991272096,1001473.1612716696
2022-04-29 05:01:50,250132.5484472946,65123.30380323653,979072.4763869264
2022-04-29 05:03:22,250251.13748705084,66964.32815883672,921607.8626122696
2022-04-29 05:27:45,252162.56594111436,65322.009668380495,1066133.288294734
2022-04-29 05:40:11,253121.9759142403,63435.16829710501,999881.8590868505
2022-04-29 06:26:44,256192.3457631753,60507.27550150622,980834.9641179335
2022-04-29 06:28:55,256305.1101382456,72169.50399070076,1028793.1749640229
2022-04-29 06:30:57,256406.9728066974,73203.21274442555,865889.7185339661
2022-04-29 06:33:07,256512.09622635777,68234.30384202197,1009669.4738999361
2022-04-29 06:35:24,256618.9857493779,67816.95287172149,901673.4722418807
2022-04-29 07:31:40,257829.91957492108,63550.48202372872,1028288.8565737482
2022-04-29 07:56:53,257438.00700814358,66992.34356026603,877758.3775037822
2022-04-29 08:26:00,256333.9415447013,74278.05305960366,933589.795876804
2022-04-29 09:33:54,251957.46455183852,61511.19697345343,960865.1015159389
2022-04-29 10:41:04,247101.9451703656,64065.10054350162,854627.2888717476
2022-04-29 12:01:49,242972.0318365046,62373.08709920289,942975.4059657708
2022-04-29 12:11:04,242671.1309667649,64498.541350904045,1023232.2075952232
2022-04-29 14:46:20,242393.4196279503,64367.357236901546,930347.8733056216
2022-04-29 15:10:35,242871.36892737594,65741.70383965761,909476.8570036124
2022-04-29 15:49:16,243614.29949683638,60675.80891017802,870245.1739009692
2022-04-29 16:29:24,244114.64716739376,67280.7111726296,951448.7246525339
2022-04-29 18:05:31,243036.40905088358,67938.98900798062,805961.0185445601
2022-04-29 19:02:28,241122.52150804098,64327.95906439528,907011.3527155123
2022-04-29 19:08:17,240918.35577174267,63745.6068393142,930073.6529729525
2022-04-29 19:28:18,240252.0632112481,67393.10774125448,1012136.5085990308
2022-04-29 19:30:07,240195.63766943765,60149.49878833599,930408.014991572
2022-04-29 21:53:54,240398.39518582946,63270.22149332395,961247.3222599706
2022-04-29 22:16:03,241257.4850006876,71986.71822258378,1015414.7757331755
2022-04-29 23:43:37,244674.70361260834,61052.60718010492,921509.4519414756
2022-04-30 02:12:01,245292.4962555741,63082.183613996625,963981.4492999802
2022-04-30 02:28:40,245375.918560611,58592.545127408666,845592.3501135453
2022-04-30 02:48:41,245667.114980158,70489.64768471869,921710.178048522
2022-04-30 02:55:37,245826.05783256431,63045.45127456688,901551.9617421433
2022-04-30 06:21:09,262545.43419104617,57914.969427981465,1096816.5368191884
2022-04-30 07:28:07,266252.2100585434,68046.40791444764,994638.0851456217
2022-04-30 07:49:00,266549.5374316541,71524.83324107889,1027806.4582435082
2022-04-30 08:21:23,266238.98988015344,66243.08693787295,1138570.189959691
2022-04-30 09:06:22,264594.8759504427,68786.56974294547,1051902.6238922772
2022-04-30 09:08:54,264472.9166210663,70552.62127560968,1090938.3871966733
2022-04-30 09:18:27,263994.42497464985,70934.84707486963,1010578.4287156453
2022-04-30 09:21:49,263819.64351955685,72064.4888562074,1037037.6864242669
2022-04-30 09:23:42,263720.6908155699,63905.93037806125,1046190.5955770491
2022-04-30 10:06:10,261385.44442270132,70089.58845736478,1035282.155672112
2022-04-30 10:40:26,259598.53203843473,63006.648388449896,966462.5252590704
2022-04-30 11:25:47,257746.4008695288,71571.5843995204,891539.6199667403
2022-04-30 12:05:27,256785.81223653012,64123.41656962593,966492.4668234872
2022-04-30 12:15:39,256646.76999453106,64346.58818352519,833277.4151239065
2022-04-30 13:48:33,257296.8532818255,77049.94420613888,953226.0305350949
2022-04-30 14:12:52,257944.32858897722,74218.4035887,883550.0614197502
2022-04-30 14:25:26,258332.40353826096,72608.70318762523,901617.4567916775
2022-04-30 14:48:44,259119.04118691437,64724.812453636354,922622.3047505586
2022-04-30 14:55:23,259353.91125946923,70859.4201883993,1008916.6924931892
2022-04-30 15:33:41,260707.8435036365,60956.315726657805,926713.2636880217
2022-04-30 15:43:26,261032.09002241108,64712.02917189287,900490.4378099222
2022-04-30 16:05:08,261684.67667995385,67217.27406764305,1017734.2142934189
2022-04-30 16:37:00,262387.36885717034,65543.61468920961,994912.2435418144
2022-04-30 16:46:14,262518.4914256925,68638.78459678218,911956.7500127162
2022-04-30 17:25:15,262651.9533373961,69870.1917080037,968822.3005652394
2022-04-30 18:47:38,260919.6212023589,65032.38128643917,994630.6486013884
2022-04-30 21:03:39,258889.91250516204,64619.183229629925,992047.4848715377
2022-04-30 21:24:47,259363.7522857494,63772.95033048069,1010621.4830260347
2022-04-30 21:32:10,259582.83521659506,69556.98751809125,954422.7073494026
2022-04-30 22:17:28,261380.87514053038,65313.86260999931,1057805.0542982852
2022-04-30 22:28:09,261874.25017885226,72795.20250818446,1063382.1480398725
2022-04-30 23:10:32,263789.8352288598,83916.99545882366,948162.5590848208
2022-04-30 23:42:42,264932.98023746506,71820.47309872803,994959.2733474601
2022-04-30 23:53:23,265213.69369480264,64182.927416216895,1029583.3437011956
2022-05-01 00:06:14,265476.53291205905,73975.29294472728,931294.1664376972
2022-05-01 00:23:07,265695.0025746347,71419.2895522616,1084942.4243748307
2022-05-01 02:01:35,265095.3257025655,67555.91888925892,918591.4260344611
2022-05-01 02:06:40,265059.5038736618,69047.2641786124,931710.0224297013
2022-05-01 02:40:03,265092.5129759842,65899.59971445364,1051320.5645298997
2022-05-01 03:52:43,267750.54091888503,64504.15941084966,1051594.1212654808
2022-05-01 04:00:46,268300.0881901846,69147.09104903403,1136784.6491069163
2022-05-01 04:05:30,268645.66318494326,70592.11566065879,929314.974689228
2022-05-01 04:32:47,270926.8699611471,74893.80559245865,1047482.8521749239
2022-05-01 04:35:05,271138.79643378925,71050.11822816142,1133575.388527699
2022-05-01 04:38:01,271412.77932917024,74122.53699417054,1054439.057355454
2022-05-01 05:18:17,275451.5893865948,72783.56550438226,930025.0502809547
2022-05-01 05:28:28,276501.0780338385,73520.47299039307,1039364.0293664621
2022-05-01 05:46:05,278273.45995047694,74318.07142505342,1048077.4932916446
2022-05-01 06:01:15,279710.50127022044,70336.85693604803,1053168.040647345
2022-05-01 06:16:30,281028.1374907255,68681.42564835983,1103771.0508178556
2022-05-01 06:27:21,281866.8775562473,70883.04244365438,1014621.6937220338
2022-05-01 06:28:57,281982.7308231289,76277.61240820154,1139068.2608759354
2022-05-01 06:33:39,282310.67694396345,70280.05871276479,1193786.2396312472
2022-05-01 06:39:34,282696.26533804764,75800.08536509391,1115162.3611892601
2022-05-01 06:41:05,282790.047706243,66196.9874042057,1090938.1975540358
2022-05-01 06:44:51,283013.7773344312,70436.64846500626,1127372.2169936248
2022-05-01 06:46:10,283088.8498724962,74506.84658888062,1009127.277793064
2022-05-01 06:51:08,283357.11843821756,79210.14057308571,1079993.1794141876
2022-05-01 07:19:48,284420.7707982094,70982.5832820471,1075719.0901061245
2022-05-01 07:34:16,284632.79313353664,77673.76179704114,988331.2493651743
2022-05-01 07:34:18,284633.0293875968,76836.96103124788,1035426.5777279541
2022-05-01 07:47:57,284634.0968742165,72570.8554496086,1058291.2818820989
2022-05-01 08:03:17,284415.52100324066,71827.27407498226,1134746.3348597926
2022-05-01 08:07:53,284307.06451104564,75752.67504540007,1144854.9737066554
2022-05-01 08:33:20,283386.94181048067,69505.52330022628,1066646.5483956612
2022-05-01 08:38:13,283155.0017482976,69957.3669224693,1112755.4504252656
2022-05-01 09:06:03,281568.783593179,73733.14469043039,996720.2927589609
2022-05-01 09:10:12,281301.2646288396,72045.46739611193,1042594.8252366312
2022-05-01 09:18:49,280727.04395722755,73532.14064190033,1176903.3209620109
2022-05-01 09:44:45,278898.43991066393,73175.15671067718,1088634.4166787618
2022-05-01 09:49:33,278551.88388393243,73077.48499422884,1037275.1008498372
2022-05-01 09:59:48,277811.94696507364,72129.09331076132,1070845.6481116328
2022-05-01 10:33:37,275456.94147924724,75193.78564145145,1022924.8284368825
2022-05-01 10:43:59,274786.47363482,75431.38903125508,1047012.0131214755
2022-05-01 12:12:02,270756.7866657461,73109.38813816872,926446.7237671302
2022-05-01 12:25:54,270434.2322078678,67710.07279662401,1013795.2571506733
2022-05-01 12:40:47,270183.9698201851,70638.85993253268,934508.4421179716
2022-05-01 14:06:09,270459.8411950426,68475.2585227622,1039176.9229314552
2022-05-01 14:10:48,270543.9258668602,66747.2921840894,1036084.6651595297
2022-05-01 14:12:19,270572.5078616106,67788.00154340589,996298.3361466799
2022-05-01 14:46:08,271328.5182473835,75182.40501190444,1046675.0616879177
2022-05-01 15:31:08,272484.39081456553,67920.62263396487,1180751.502736353
2022-05-01 15:40:30,272710.6113449592,65970.09212324678,989646.9920549064
2022-05-01 15:53:41,273003.4743712198,69111.90795576012,1055396.073660671
2022-05-01 16:09:42,273304.009125536,69892.51548964663,974687.0213723814
2022-05-01 17:15:04,273557.422750379,73855.90331723663,1031002.6412408695
2022-05-01 17:47:02,272988.0322383799,68488.42517675164,1093748.9717861684
2022-05-01 18:09:08,272347.2291622309,70548.80027409288,976794.5840420184
2022-05-01 19:06:29,270151.3545495432,64342.02270837867,1000129.5820346581
2022-05-01 19:57:03,268420.1573339447,69025.44151438614,1182589.9391591528
2022-05-02 00:37:00,274459.16862916807,78101.29405581499,1106128.8898687162
2022-05-02 00:55:18,274430.5813581868,73068.3858788364,1095921.7186287905
2022-05-02 03:11:50,274672.40619044827,68258.94924687152,1021996.5139130906
2022-05-02 06:14:46,291304.92776031885,78329.87704517739,1022322.8670197669
2022-05-02 07:28:31,295723.7197101222,70734.78756207394,1105439.689161804
2022-05-02 09:50:10,290770.5801136719,83812.83942193491,1132676.2678448737
2022-05-02 10:39:27,287709.8621475652,74942.57266477028,1047809.3706117236
2022-05-02 11:01:29,286545.2412359596,79178.97111143531,1050394.8252422314
2022-05-02 11:15:34,285899.1065264585,71339.41660216209,1127686.9963037737
2022-05-02 11:28:57,285364.56030734425,77331.2913688417,1091995.723834835
2022-05-02 11:31:41,285265.3551796153,83010.35768651895,1141643.4726551746
2022-05-02 12:27:47,284013.22849139717,73586.33324305236,1094838.9359790147
2022-05-02 12:30:08,283993.65544706886,72586.82458628654,997710.8611196077
2022-05-02 12:52:14,283935.26149050385,79469.61224229872,984833.9288463995
2022-05-02 13:47:24,284701.200801196,72567.8114254911,1052928.3689959482
2022-05-02 14:13:54,285453.5824985341,76068.84981028002,1050971.784714448
2022-05-02 14:59:44,287118.37398693373,77063.49214494239,1137244.2319849702
2022-05-02 15:55:23,289203.9800187516,79467.60788611337,1020854.6241019365
2022-05-02 17:05:24,290630.9595054944,75986.84853708567,1056405.6666785667
2022-05-02 19:23:32,287652.2340810691,73281.73789808324,1234821.2517169777
2022-05-02 19:33:56,287353.35730219533,79304.66080655843,1107411.1593225985
2022-05-02 20:44:31,286572.0600191171,73820.47078127014,973494.2802468973
2022-05-02 23:58:37,294590.5521408954,77609.48142019381,1068987.1171107974
2022-05-03 03:03:07,295565.849807878,82695.77581449396,1099229.9556396473
2022-05-03 03:15:58,296064.4272516218,66797.1290453178,1073240.392573993
2022-05-03 04:23:46,301094.3546452818,81850.03102695486,1138850.777705556
2022-05-03 05:54:53,311570.40533653944,80899.94954265254,1328310.1714043287
2022-05-03 07:38:01,318249.2795631848,87596.39019153953,1251038.480205748
2022-05-03 08:45:01,316495.03673506447,81325.75540731927,1144555.138933019
2022-05-03 10:38:52,308352.90277564916,82103.53324350664,1118381.0112130025
2022-05-03 10:59:04,307037.1030216782,81538.75891213454,1199789.49115862
2022-05-03 11:29:45,305360.9764009421,77395.84459989353,1177590.4709325505
2022-05-03 13:32:44,303218.30571790645,77168.51381683313,1099716.4811657453
2022-05-03 13:57:18,303590.03521420975,73872.6911162317,1116560.168900279
2022-05-03 19:57:37,301741.99373523163,76875.87504100623,1138679.5877670876
2022-05-03 20:22:26,301186.4501256388,79252.24409754695,1137748.5363577146
2022-05-03 20:38:50,301026.98736817593,80177.88519694837,1173947.7825139489
2022-05-03 21:48:24,302291.14088612696,82027.91953025112,1148866.6237072675
2022-05-03 21:53:21,302483.953004852,74171.94054931858,1095082.9390788397
2022-05-04 00:36:55,307971.6388290404,76755.4398653758,1155170.8435621893
2022-05-04 03:23:29,308110.1179116148,77045.29410898169,1167372.1773120577
2022-05-04 05:01:26,316859.5427998668,84478.42120333304,1253480.170566797
2022-05-04 05:48:32,322482.0716432728,84562.37527617771,1269894.6444477967
2022-05-04 05:52:23,322918.7884839432,93146.66651887819,1225287.57476627
2022-05-04 10:20:48,320967.0171488524,80907.09567127161,1284928.1573376642
2022-05-04 10:29:32,320320.53408872744,94966.72113165745,1125279.2275866836
2022-05-04 10:34:47,319942.35891534947,79251.2814796473,1156788.307312796
2022-05-04 10:36:07,319847.6955070002,83559.73273579507,1265844.0337304892
2022-05-04 10:38:20,319691.6190498824,74428.23310314941,1087606.401772522
2022-05-04 10:39:12,319631.04903533164,80822.42906174612,1118440.9309514884
2022-05-04 10:41:07,319498.0221441856,87219.77932985451,1171889.438547355
2022-05-04 10:43:12,319354.908170011,75392.1563223559,1173746.018070886
2022-05-04 10:44:54,319239.2996668091,78765.11694622262,1175845.9143905817
2022-05-04 10:45:31,319197.6286758539,86649.023280098,1220445.644464831
2022-05-04 10:47:38,319055.6905429188,82476.22457087622,1209720.8121181608
2022-05-04 10:48:46,318980.3998614264,73882.34517534963,1184144.6195149808
2022-05-04 10:51:27,318804.1503233969,78506.63384768939,1188842.429714986
2022-05-04 10:52:26,318740.2826919437,82665.97362123009,1311861.8130568005
2022-05-04 10:53:30,318671.4467941356,80975.80310069938,1312146.195071446
2022-05-04 10:54:48,318588.1850277593,79815.93156511371,1190647.8543884472
2022-05-04 10:55:33,318540.46837227355,79809.6311476155,1198148.6832282117
2022-05-04 10:56:18,318492.98715418595,83424.72907020722,1352786.1256452089
2022-05-04 10:56:19,318491.93470241333,81515.23797263064,1291669.123415994
2022-05-04 11:00:05,318257.11687694374,88847.87970746582,1333448.200176554
2022-05-04 11:02:51,318088.5622194499,90948.87175063354,1138665.923422238
2022-05-04 11:04:23,317996.607598303,85125.02133947777,1217019.6622012476
2022-05-04 11:06:06,317894.9131489979,81553.48786868506,1169566.521655989
2022-05-04 11:07:03,317839.2109586323,89755.40204594379,1256715.3310801755
2022-05-04 11:07:12,317830.453585205,82023.59413118285,1173883.4676562166
2022-05-04 11:08:19,317765.58463146066,83249.55569587181,1383881.5043298013
2022-05-04 11:09:15,317711.80726580974,86855.9897647162,1250796.1610779222
2022-05-04 11:11:51,317564.1389043322,94318.05721945204,1101793.594783467
2022-05-04 11:12:23,317534.2403823087,77408.33533082543,1190500.6245178417
2022-05-04 11:15:20,317371.30491210666,83525.10312591144,1192415.1105026123
2022-05-04 11:35:35,316368.5871337128,85109.38863591409,1200690.7417496224
2022-05-04 11:38:36,316237.0622788434,81602.57554805557,1233880.3914241004
2022-05-04 11:42:27,316076.09515656147,81401.51987001694,1252149.2191648618
2022-05-04 11:45:29,315954.7489213375,75385.78643891984,1074494.8590845403
2022-05-04 11:51:27,315730.23339431727,81622.1709378,1161834.9004916104
2022-05-04 11:52:17,315700.378362196,81493.72922463024,1178181.2306297715
2022-05-04 11:54:21,315627.93078535533,78057.59579498453,1078087.0020896457
2022-05-04 12:27:06,314783.42044794944,78955.75862592802,1206673.8563143588
2022-05-04 12:55:23,314504.7023095158,83341.32545986213,1114358.6693067532
2022-05-04 13:12:39,314528.4761579528,78922.47703670722,1176167.760341569
2022-05-04 14:00:06,315256.31585505704,83965.62857809085,1349380.1938662895
2022-05-04 14:39:34,316423.13685113064,83530.20041150546,1160321.1268503568
2022-05-04 15:16:51,317743.5712233999,80014.59961057507,1259509.7463755861
2022-05-04 16:21:28,319667.608431879,84549.77013055571,1183867.6410075962
2022-05-04 16:42:56,319986.73865806573,81686.47716098995,1235872.1270201728
2022-05-04 17:03:44,320073.78554939,84800.42875969956,1158740.0981715154
2022-05-04 17:04:39,320072.2249785739,79425.9142787646,1178615.4712911716
2022-05-04 18:45:45,317372.9962071404,85607.50596931703,1229390.4493492304
2022-05-04 20:24:10,314023.5039248014,79136.88510154477,1191470.1697105346
2022-05-04 21:21:24,314467.6579838673,80275.48321678561,1250796.239074238
2022-05-04 23:52:20,320938.65985485725,85501.02081932397,1241091.8438588637
2022-05-05 00:02:10,321153.67567440384,87600.82453320987,1272212.1634127942
2022-05-05 00:30:24,321444.1995883916,83073.89648033514,1245168.9251207649
2022-05-05 06:11:28,337667.0021363707,80051.71803959552,1268724.7466579173
2022-05-05 06:58:36,341094.932071936,89341.75673355693,1303369.0867423743
2022-05-05 15:46:56,322525.62508040294,82119.94672969531,1186887.6536104325
2022-05-05 18:25:16,318653.3315002429,88516.69444932106,1215312.5742429162
2022-05-05 19:23:56,314886.53458003793,76628.48408606216,1114292.2801600145
2022-05-05 23:00:02,313517.15629397496,77880.9457633365,1173173.681186296
2022-05-06 01:38:39,312147.20348190225,76608.36814280304,1169513.6371232728
2022-05-06 02:39:09,310563.93385062384,76408.18722775496,1119534.995296989
2022-05-06 13:04:34,307552.13761131064,85742.80506716507,1161562.1245610237
2022-05-06 14:04:56,307692.33764607075,82942.25685066798,1203567.852132068
2022-05-06 19:57:16,304433.6567398071,73185.92002841235,1263964.0062105944
2022-05-06 21:35:44,304663.6527465154,70146.52236036757,1074321.1022991796
2022-05-06 21:54:04,305376.89919136063,81404.68529809614,1155030.875060226
2022-05-07 03:13:40,311992.8311910492,78447.04168539988,1174456.768864917
2022-05-07 06:09:43,330372.3429073835,87974.64627134643,1287265.9020081684
2022-05-07 09:16:47,332524.63782427536,83878.51776829863,1285281.4740485745
2022-05-07 11:44:01,322962.8089389717,73954.49122815636,1202159.714908532
2022-05-07 12:17:29,321988.19030412403,86759.40111036139,1270828.3884419566
2022-05-07 15:22:10,325236.5168570365,81999.82663217308,1320700.4747154324
2022-05-07 16:16:07,326870.24982420524,95869.82390389769,1138972.6602145005
2022-05-07 17:28:27,327087.6853149286,82170.79401153771,1197770.4816635489
2022-05-08 01:35:30,325591.8485726254,93033.72911727303,1166893.3331249503
2022-05-08 05:15:42,334917.7890016528,86234.01925143806,1166554.4059068589
2022-05-08 07:44:05,344392.41507437127,81151.53907594523,1357876.5051140771
2022-05-08 08:19:13,343054.02886785485,87492.68500516526,1321120.009560354
2022-05-08 14:05:00,321690.02595348505,92691.89056250117,1128558.5923718777
2022-05-08 16:37:20,323055.0514455563,84873.02198959142,1264717.8964514553
2022-05-08 19:32:04,314940.05595551804,84988.6790905091,1325076.10939072
2022-05-09 00:12:04,315919.57216782385,81799.18264175841,1115329.4668773492
2022-05-09 00:28:35,315802.8960616078,83825.82872024343,1405944.7114058845
2022-05-09 02:42:02,312742.4350231481,80347.74274525317,1229625.8440620136
2022-05-09 03:12:12,313037.00645861705,75188.09762214981,1003652.9254539303
2022-05-09 04:18:32,316658.7551031,89166.49587352139,1223248.3224743167
2022-05-09 09:19:20,325890.8313151591,85964.26443286244,1177519.7777101265
2022-05-09 10:15:58,320647.19895356876,77257.28090912766,1314132.1372456772
2022-05-09 10:59:21,316981.80080961954,81688.37592310208,1231118.8075229435
2022-05-09 16:32:50,313490.6293483781,88755.32923406658,1180401.898233185
2022-05-09 16:44:35,313444.8366477396,86880.3921017952,1135894.3422831325
2022-05-09 17:28:45,312625.8942075834,83095.07046030015,1119694.1975323937
2022-05-09 17:45:59,312023.7560078204,90034.69563352286,1164378.0244574947
2022-05-09 18:32:49,309740.29592417856,78651.80499838636,1143645.1133398646
2022-05-09 19:21:05,306964.2514455961,86527.32755669246,1328675.3422145045
2022-05-09 22:34:04,305674.1741563756,76953.76782181732,1296078.3831919814
2022-05-09 22:45:42,306072.69070384494,86048.64865011768,1181286.6976303374
2022-05-09 22:52:02,306284.01313171216,81772.48590399249,1176802.3317694403
2022-05-09 23:08:08,306783.6994559153,84738.18373189417,1158157.7435727865
2022-05-09 23:13:55,306944.6956349497,74126.32074580944,1159232.9160017706
2022-05-10 00:10:51,307689.2398059308,75412.17973678328,1198163.2021235859
2022-05-10 03:57:35,306083.6319892311,96271.97377106104,1179662.613727813
2022-05-10 04:40:13,309266.76316061604,88777.43588180517,1274626.908583801
2022-05-10 06:20:03,318193.1644846545,85555.8845869599,1203447.5605439364
2022-05-10 11:31:39,301235.3707559675,75667.28906630784,1285895.5288603709
2022-05-10 13:17:22,296397.46356360236,79675.62138787266,1077969.2886122216
2022-05-10 13:36:14,296068.51306737727,76020.09078160231,1152350.032630916
2022-05-10 13:42:22,295990.5051187875,77364.69966323394,1141764.7622109873
2022-05-10 14:19:49,295772.376836394,79804.47254989704,1203176.179222447
2022-05-10 14:42:00,295800.28721498157,82079.22562958898,1053909.74764219
2022-05-10 14:55:22,295849.0420589926,71782.51826769438,1212196.1984395506
2022-05-10 14:55:48,295850.85203730623,84082.78745737937,1090005.2891331287
2022-05-10 14:58:48,295863.6312362437,83423.13183665957,1106243.3679465605
2022-05-10 14:59:48,295867.97216327506,77680.7953989789,1088041.9207383324
2022-05-10 15:22:58,295966.38669601537,70647.84035483126,1222334.3171262452
2022-05-10 15:33:04,295997.4946188237,77032.37591906701,1132882.9423184681
2022-05-10 15:41:19,296011.75597729156,82497.1091703026,1127496.980077076
2022-05-10 15:49:36,296012.6050884273,77719.93462719783,1103301.2445558424
2022-05-10 16:00:45,295986.9839555228,83513.15328655142,1105775.2673555051
2022-05-10 16:16:16,295887.692498129,79309.47005963972,1271034.9610485355
2022-05-10 16:20:51,295841.86643504683,77407.66526609006,1078503.68341611
2022-05-10 16:28:02,295753.212049639,79495.00315808196,1240458.977361335
2022-05-10 16:39:00,295575.3121904641,76554.27760095689,1147238.2820974737
2022-05-10 16:44:49,295458.76586768654,68211.43866956633,1100142.249607097
2022-05-10 17:09:25,294783.26846947346,74092.77515050402,1128939.5263452388
2022-05-10 17:17:15,294504.014872643,82824.12046524876,1111085.8023989825
2022-05-10 17:18:27,294458.4752195935,76310.21962513716,1195124.3506653993
2022-05-10 20:49:27,282918.56041097397,72471.30140523158,1161975.331596186
2022-05-10 22:27:47,283253.8362620757,74345.56575893721,1138199.1252039953
2022-05-11 01:35:03,281536.692777371,72274.78265072971,1111225.4467560926
2022-05-11 03:30:43,279642.74062370055,76309.21366472075,1108121.606253332
2022-05-11 04:13:51,281458.5607110181,69032.29580411043,1105967.0891824092
2022-05-11 12:08:39,272518.57655932684,70403.52891009989,986589.5786622865
2022-05-11 14:22:09,269780.80956960615,63200.01205360618,1094709.1571530646
2022-05-11 14:54:31,269902.7914663434,73407.38012184994,1016067.8922436269
2022-05-11 14:58:01,269922.47207902157,70032.18246063,949058.6415948019
2022-05-11 15:58:08,270163.645925928,76348.42452933535,976897.7773461413
2022-05-11 16:09:31,270137.3321100407,77616.37900695096,1086660.437496582
2022-05-11 20:36:55,259112.25686481394,68084.15325240242,1035158.552158501
2022-05-11 22:30:24,259315.43170282317,69757.53087681002,1105005.6776241753
2022-05-11 23:07:33,259971.0130845412,66630.6842936486,1086613.2734238869
2022-05-11 23:11:07,260020.63137269294,69182.27817882397,948213.8291749286
2022-05-12 01:54:05,256965.9587832608,67197.40543677128,1065741.305553891
2022-05-12 02:10:29,256411.4161171477,65626.37027206183,978953.876624617
2022-05-12 02:50:04,255541.03364508727,72006.81019623567,964504.1299675651
2022-05-12 06:21:33,265208.19080387376,72061.86252646685,1101878.310376119
2022-05-12 06:25:16,265369.71941783413,66925.41804477753,1005841.8056099835
2022-05-12 07:24:28,266305.7722862451,69922.202839082,1150837.8157885897
2022-05-12 11:46:28,246786.6928584923,65058.3988664762,919107.3577140941
2022-05-12 12:56:31,243319.9054373948,59884.85859504928,957237.2483263275
2022-05-12 14:11:57,241549.37915962696,63215.23794406089,1005412.6743351814
2022-05-12 14:38:03,241260.26351887698,66748.10076087668,882810.6767516056
2022-05-12 15:06:28,241027.9126027826,63065.46416626734,996438.0234976588
2022-05-12 15:22:37,240899.75596944094,62468.32780805559,991890.3750434382
2022-05-12 15:34:21,240794.89958241885,64682.99248357974,971726.6015645181
2022-05-12 16:27:03,239999.98378795764,61328.17377536372,844419.7227341402
2022-05-12 16:49:14,239413.21476002136,61484.35427901652,986864.9085588254
2022-05-12 19:30:37,230383.72608957608,60124.0132008585,942843.4249917977
2022-05-12 19:54:22,228977.72917975413,49174.927313967586,844841.0047694187
2022-05-12 21:59:36,225678.55869028022,57580.6421950505,857352.2513346212
2022-05-13 00:10:51,225275.56917056933,56740.77392451093,852813.9398167592
2022-05-13 00:48:02,224191.02451203304,62849.70536379715,820466.8785968348
2022-05-13 01:14:16,223168.3411679905,53114.24019629523,845410.3972029114
2022-05-13 02:31:52,220178.82976472203,59380.20032536385,827457.151252845
2022-05-13 03:18:59,219517.69569058288,54096.182734234266,868933.2700721315
2022-05-13 03:26:16,219541.7037221744,65630.56461998241,906996.6279026073
2022-05-13 03:31:37,219582.2743634423,61213.26569250349,794579.0401060991
2022-05-13 04:17:46,220707.5773117107,60914.31353978356,911573.8742226413
2022-05-13 04:32:07,221305.43703234234,66850.39552671234,830467.7508955225
2022-05-13 05:36:07,224653.9413615579,54624.669181377096,879857.9501306283
2022-05-13 06:08:20,226206.5511852971,55259.45458629029,935576.0015090969
2022-05-13 06:10:51,226309.83357209197,54831.30526154029,821276.2205733744
2022-05-13 06:28:36,226937.06234554193,57896.11564153147,906803.0040549701
2022-05-13 07:15:14,227533.9036165791,60769.78243194046,870260.0990065082
2022-05-13 07:18:28,227511.53811984908,60184.20395384695,847475.860285748
2022-05-13 08:53:55,223379.2112604623,57169.811283170464,898719.4275331873
2022-05-13 10:21:37,216558.74792893318,52693.43849913255,849025.1147468408
2022-05-13 10:30:37,215879.53494526973,56325.864664427005,829124.2565562845
2022-05-13 16:08:14,207747.63746961494,56387.030911974805,742443.3631984352
2022-05-13 17:31:28,206538.14034691366,55885.00479445556,717313.9784143219
2022-05-13 18:02:36,205520.53923553808,52270.016681068686,815236.0507910799
2022-05-13 18:05:41,205405.37107969334,54205.55624922568,710115.9449152894
2022-05-13 18:09:04,205276.46549313664,54556.10092554764,837068.7085667056
2022-05-13 18:30:52,204393.30788994255,52292.76703969849,789202.7308707585
2022-05-13 20:50:05,199836.6699398266,50636.00591445009,785344.6826471337
2022-05-13 21:46:11,200038.40607024127,52961.5496460255,727964.1696289654
2022-05-13 23:48:44,202313.9663719906,56431.223757027205,721312.1088046508
2022-05-14 01:32:23,201468.17162919365,48476.377019239844,726191.8537133005
2022-05-14 04:07:29,202820.21897736858,52242.44458069934,786418.2883121079
2022-05-14 08:08:24,213247.39460221073,57042.68109490642,773367.1764461929
2022-05-14 10:01:36,207883.80514912403,47297.42335223304,736645.7369118594
2022-05-14 11:05:30,204551.7252680587,52634.879440124445,787759.4782669089
2022-05-14 17:09:27,203195.5591041304,54380.417509300816,796829.4783549267
2022-05-14 23:35:59,199969.76738392533,50302.174949260734,796434.9428655864
2022-05-15 04:11:06,199892.33829917986,49981.565086127506,889041.8601546788
2022-05-15 08:38:45,206986.57410482145,53009.43293908756,703258.252791074
2022-05-15 12:09:59,195515.43839752098,49989.19186504518,761034.8362909135
2022-05-15 12:16:13,195326.79634970363,50829.39105283365,657301.8609721273
2022-05-16 06:10:33,197246.60439827867,51972.00303000017,726234.6585017365
2022-05-16 06:42:41,198701.4374648682,54310.36507954047,755017.0999967906
2022-05-16 07:43:16,199597.0861735698,47622.939717237954,739763.1792204048
2022-05-16 07:59:32,199395.31102693273,53780.007227120324,754118.585993397
2022-05-16 08:36:33,198332.6310665433,51471.215719806154,823335.1154382314
2022-05-16 14:40:17,188624.30169762013,51387.11128284787,706734.255513433
2022-05-16 20:39:30,184944.21721447722,50368.16612994164,695950.184859737
2022-05-16 22:53:01,186859.4431448056,54360.28094546898,817257.8471860479
2022-05-16 23:40:59,187758.34785284815,46916.897708955905,663310.7699990927
2022-05-17 01:29:36,187229.59870949583,46276.69726711239,691918.1392854133
2022-05-17 02:10:25,186615.83138696337,54583.74008362079,699833.7725457181
2022-05-17 04:31:02,189493.73033588598,48363.88208392864,671432.4670738969
2022-05-17 10:54:54,188626.7058476266,54984.43989213746,690860.3788531113
2022-05-17 14:36:28,184540.96081222818,49202.45044341015,744109.0937513743
2022-05-17 14:37:27,184547.54331263842,52261.20339252383,689284.5191773442
2022-05-17 15:32:44,184970.88193133313,52183.659953804796,720703.3563988573
2022-05-17 17:55:45,183679.0171194096,41831.48139739321,713556.2674175663
2022-05-17 19:45:49,179805.87705606947,46515.048601647555,702269.8783956898
2022-05-18 00:06:53,180414.6905050566,45344.895336629736,792214.771038215
2022-05-18 05:42:37,185033.9582857596,48044.75487302613,697207.781281102
2022-05-18 07:19:07,188444.51382481382,52924.953580948306,789399.8560613708
2022-05-18 13:47:37,176173.56732616443,50230.25400123136,643037.2204389562
2022-05-18 13:55:11,176188.02452946216,46192.88655582978,653234.4728749404
2022-05-18 14:14:55,176274.63275308828,47007.70251480312,706110.7126731073
2022-05-18 15:16:43,176823.26506057056,42693.657804744675,751812.8077783152
2022-05-18 15:43:00,177062.69937349044,45692.65084257463,719718.7522603382
2022-05-18 18:04:36,175848.2335237571,45458.92928459321,712744.1806226586
2022-05-18 19:02:04,174001.80724834697,41630.49384754225,646988.5664709351
2022-05-18 19:24:57,173244.83730304235,42321.27750892555,681175.5439038683
2022-05-18 20:10:07,172024.4993213456,42848.54179700099,624640.0067691661
2022-05-18 21:47:01,171693.5560990106,44342.78596605239,663994.8084749719
2022-05-18 22:00:13,171880.64427930536,44873.179033962115,659490.6931302034
2022-05-19 05:24:49,176561.71126216403,48058.52403948043,659693.6173055794
2022-05-19 11:17:23,169808.6305971112,41053.145056437585,629459.133172849
2022-05-19 11:47:45,168538.0518045866,44949.9448607312,677384.9836442064
2022-05-19 12:21:41,167419.37515646202,43941.28899464841,682262.6917176612
2022-05-19 14:38:44,165727.11352545166,44321.83029732717,655935.5048741015
2022-05-19 14:41:49,165724.39162246775,39331.04697127192,633610.975556033
2022-05-19 17:12:31,164693.16056969663,44367.1094043596,665084.0381773394
2022-05-19 19:46:23,159120.1986145452,41818.18265693696,606288.5045951508
2022-05-19 21:27:56,157107.2730833972,37650.374035790046,603448.0648401786
2022-05-19 23:02:53,157572.49710322774,42787.787647328674,582096.8088272013
2022-05-20 02:50:30,154294.37907301408,40785.567981866334,620879.5885030256
2022-05-20 08:13:56,159922.83580979562,42316.73256988337,656263.3517299206
2022-05-20 08:46:49,158660.942155841,45650.38569766188,649365.1043398589
2022-05-20 16:52:57,148623.3142750653,37805.88319222671,560006.9411719537
2022-05-20 17:42:40,147943.7337017453,37697.47783526439,560107.6925401742
2022-05-20 18:47:23,146329.6507527161,39871.289672159284,533664.8583663981
2022-05-21 00:43:23,146262.14990573734,37926.057164621816,526616.9809597366
2022-05-21 00:56:07,146180.39665019506,42961.095976091994,529209.2130367276
2022-05-21 01:21:33,145945.52735141217,39320.415052623095,524032.7020215002
2022-05-21 01:43:12,145717.18746065276,42235.05044008863,574417.2316025287
2022-05-21 03:13:20,145687.59374015688,38484.997592678366,549753.5894550346
2022-05-21 07:23:52,155449.45647889125,39967.05114131459,585506.1649695005
2022-05-21 14:38:18,147844.5391981376,34281.821625717996,559474.7307560842
2022-05-21 16:37:44,148996.0614067415,38329.468738797914,546925.3849873606
2022-05-21 17:25:51,148762.09864987514,38681.284294215955,579580.2689415688
2022-05-21 18:11:56,147996.005182292,40744.850994376524,603691.9212792378
2022-05-22 15:45:15,143553.68685028382,37939.3137714415,561244.7946342096
2022-05-22 15:52:24,143577.66406342975,37904.40744164385,515967.9548746793
2022-05-22 20:46:11,138513.57287313984,35693.87174834025,522132.7464518456
2022-05-23 00:26:11,140153.0610141203,38627.39295921184,582111.4923309085
2022-05-23 00:59:32,139883.2468981423,31115.806346464626,487869.4774474616
2022-05-23 15:38:42,139923.4645955925,35992.13263626258,500777.1608292793
2022-05-23 23:24:34,138579.69723814973,35924.54816672153,521960.472572387
2022-05-24 01:08:09,138679.56482339656,34820.66999146073,543461.9535416027
2022-05-24 17:43:37,137006.5048662209,34128.543684173696,501325.0803592546
2022-05-25 00:20:14,134910.8512625679,33066.908783652914,509225.8872828326
2022-05-25 04:35:33,136025.0716346385,37720.84386973966,551012.769079629
2022-05-25 05:54:30,139578.07381077117,35104.46342497465,504162.42485511786
2022-05-25 16:56:16,134879.5470728641,31973.570670544523,521167.85880355636
2022-05-26 02:44:49,132600.57558915665,38052.169898646294,463215.51715831226
2022-05-26 05:17:26,136883.519381426,34821.5100872145,489664.2725613806
2022-05-26 07:56:23,140527.78386844034,35961.42806085796,555806.0057532451
2022-05-26 09:47:05,136990.37727360125,36714.40470595255,511004.1644892041
2022-05-26 12:48:31,131579.67614403352,36038.67169302437,492483.1826871066
2022-05-26 14:28:31,131265.9822646703,35132.84962147817,476375.547554222
2022-05-26 14:29:46,131270.40363335185,32366.11257958233,529821.4563613777
2022-05-26 15:29:46,131548.42053776293,34119.722744474995,486447.5038234573
2022-05-26 17:31:03,130993.09621349377,32650.467925366727,455995.1660784911
2022-05-27 01:23:50,126993.31116478845,33630.29372767684,472824.8665248446
2022-05-27 06:11:53,131820.24079770746,33378.962061698905,577360.1336153294
2022-05-27 06:37:49,132561.59284051973,38172.59076684105,531535.1806241848
2022-05-27 10:53:41,127427.63525134718,30825.16032370585,471476.3184148317
2022-05-27 10:58:52,127269.37713801891,32691.230023295022,468838.0905821975
2022-05-27 16:14:39,126599.98837298003,33256.305447184604,498832.6394377422
2022-05-27 18:35:09,125796.0175304087,34784.82810235792,483168.90206842194
2022-05-28 00:10:58,127919.35989584756,33380.89527481635,563077.7947927911
2022-05-28 07:29:05,139586.48240490563,33471.35106094098,506572.0897750432
2022-05-28 19:52:43,137079.00339274787,42600.52398473356,566732.4433664132
2022-05-28 22:53:04,139478.57622465063,34254.30487353612,534628.5604209353
2022-05-29 00:58:48,141124.5624005752,33859.4241608226,508625.5207585974
2022-05-29 02:55:21,141107.87766900606,37521.42186220024,494946.9489240536
2022-05-29 05:24:59,147125.05845669244,39193.36440918112,658765.5296141997
2022-05-29 07:56:05,151867.20981098906,38079.47110120323,563946.548923495
2022-05-29 08:20:42,151569.02855935178,40561.316419227354,538499.3415946807
2022-05-29 08:41:20,151118.9129327207,37385.094983486604,623568.3104917825
2022-05-29 10:09:39,148119.02223275744,38338.098621167286,549648.686804336
2022-05-29 13:10:33,144586.65279797948,35802.603836487484,525818.1794047321
2022-05-29 15:37:55,146245.09542177865,40798.04203751942,592227.3662272963
2022-05-29 20:22:04,144111.54414756296,37387.50867511362,529836.6238010409
2022-05-30 04:49:30,152358.52006304587,40297.03132262521,622391.9767181462
2022-05-30 13:04:42,153847.83841811065,40636.23193711364,603956.9479547668
2022-05-30 15:39:44,156482.9063259041,43724.65158518744,612330.1726774983
2022-05-30 17:48:11,157495.30879112656,42014.8198498165,612878.1150126624
2022-05-30 19:55:22,155649.92060130017,39244.708384589234,651200.7598033427
2022-05-31 00:14:38,160151.14719204517,40511.4205536549,627176.4241578587
2022-05-31 02:08:27,160107.77492363824,42581.54898777247,588073.9163761328
2022-05-31 03:19:33,160887.09903314622,38816.689651114546,573608.3126454816
2022-05-31 06:49:01,171887.79869178927,44812.75701530911,711520.4853592056
2022-05-31 06:49:38,171909.42069926002,45859.28421758625,671354.1564180168
2022-05-31 08:31:07,172296.1542112425,45738.62768313419,688679.3587779234
2022-05-31 08:34:40,172206.54896708703,50823.4550877914,672960.4302403741
2022-05-31 08:48:35,171806.79371101517,42210.993186628715,677987.4511422447
2022-05-31 09:24:38,170500.72103961353,44089.624986860996,598283.3014979605
2022-05-31 09:24:46,170495.39221872095,42892.63664108778,610847.4827035642
2022-05-31 09:36:06,170034.7067258652,45947.15862935596,629156.7111998197
2022-05-31 11:31:38,165803.23026262337,38841.60260233638,604869.1614207347
2022-05-31 12:57:29,164607.73786772514,43777.80667744652,575316.8418570874
2022-05-31 13:04:52,164595.4556657378,38069.87800269398,650406.735283651
2022-05-31 13:34:21,164673.66730094102,47501.78290559638,611618.8580396175
2022-05-31 13:39:11,164704.5511137394,45641.58391054298,673965.7886025995
2022-05-31 13:41:05,164717.98092435405,46702.237576456726,676925.2584236213
2022-05-31 14:00:41,164896.07131863062,42429.40758803786,593269.0620681527
2022-05-31 14:27:12,165234.01861462294,43972.65861078582,633755.8599257721
2022-05-31 14:38:33,165404.14647393333,47735.1931056465,602083.8194692235
2022-05-31 15:11:07,165934.86734500653,40677.26136666139,686840.327736966
2022-05-31 15:23:37,166140.22116433046,44634.403523982335,622715.7971717749
2022-05-31 16:08:21,166764.33720921073,43800.9385476197,696754.713351509
2022-05-31 16:18:26,166862.10831474158,43495.14223324697,657469.035567164
2022-05-31 17:06:17,166991.07800457362,41112.77329241338,650415.4311378911
2022-05-31 17:09:41,166976.2981319499,42386.956649646505,585840.71356162
2022-05-31 17:25:50,166860.29632349373,44758.401222916174,718838.7518948509
2022-05-31 17:39:10,166708.48355464172,48183.98657979344,700502.0610509418
2022-05-31 17:45:19,166622.1199359187,39434.82573000183,606960.891411849
2022-05-31 18:23:26,165891.38637047968,44689.3994947942,654753.8130015943
2022-05-31 18:33:49,165648.05366751004,44684.77426859475,682214.0237231747
2022-05-31 19:28:36,164305.5575762532,44134.75540343093,658338.4362523513
2022-05-31 20:44:44,163316.07263008188,42233.903667342194,644540.4937313212
2022-05-31 21:55:47,164133.207303492,45382.06313313854,666788.395291913
2022-06-01 00:10:23,166896.24976324663,46579.23731445686,595221.8607806495
2022-06-01 01:56:38,166402.2541489942,45992.540013107035,588348.6084845731
2022-06-01 03:15:00,166746.67612354812,45733.00091705102,664525.9753171311
2022-06-01 03:47:56,167714.6143849477,42433.204121095245,670219.5852712459
2022-06-01 04:35:56,170054.18770923343,41610.39328452957,613006.8934359921
2022-06-01 05:33:56,173713.81326894916,44524.22211261714,649831.0201299225
2022-06-01 05:40:03,174101.87425353253,42885.83975488406,691177.1764188057
2022-06-01 05:46:50,174524.49899747578,43776.72583350406,628918.6814238197
2022-06-01 06:05:59,175653.15943893485,46740.02441870611,678648.4384938172
2022-06-01 06:44:56,177485.88644236492,44698.879774233596,669248.3932715657
2022-06-01 06:54:53,177823.4591540288,46994.0515917074,681531.0223316958
2022-06-01 06:57:33,177903.70733302887,45451.248258977925,778843.494416416
2022-06-01 12:22:50,170207.0301683796,42554.53907416737,699823.094468734
2022-06-01 13:00:19,169980.7451893617,43629.77396827464,642672.724253041
2022-06-01 14:50:40,171141.094218517,46333.134279339996,630937.2018436946
2022-06-01 18:48:31,171191.0173345228,42264.163178219285,731671.0722057752
2022-06-01 18:51:28,171118.8215368004,48854.25084511893,638753.4198295167
2022-06-01 20:07:54,169534.36368621374,39140.92934147005,642504.6935972162
2022-06-01 21:19:49,169547.31598218775,48817.06709998984,658470.4104457927
2022-06-01 22:15:10,170699.2758278006,49020.8446101336,683715.038424738
2022-06-02 14:55:06,172846.00334793914,47749.871248442796,644173.4340644794
2022-06-02 15:14:11,173010.1038709395,49241.03139771441,665188.4525859474
2022-06-02 16:27:05,173343.24147250832,45222.51370285708,652075.4599978185
2022-06-02 17:37:36,172490.87379890648,42228.919177213924,676300.0011527378
2022-06-02 17:42:37,172374.46607987751,40578.12035984773,772922.442414658
2022-06-02 20:16:50,167644.2572308148,41634.41552331234,591246.8071441473
2022-06-03 01:32:57,167771.63952435154,40259.4524748012,741590.3103140899
2022-06-03 15:10:09,166611.02794117853,48252.257408598154,666408.2031042421
2022-06-03 16:44:26,167602.61749566448,44232.063501717355,640782.0211439552
2022-06-03 19:56:37,164537.5378187457,37877.42833644586,636550.7616071324
2022-06-03 22:40:31,166576.42455243543,41329.226102539134,635686.384676999
2022-06-04 09:09:03,182022.02894022717,50037.21510885132,634825.58395481
2022-06-04 13:39:32,176920.09308592338,45974.469137027576,670557.8215981841
2022-06-04 14:19:15,177624.56550366228,49681.445250286895,614904.9169722906
2022-06-04 20:26:27,177809.04945796906,44010.49561842759,683917.4608995002
2022-06-04 22:50:03,180613.01952277755,48720.251533348135,686840.3015273472
2022-06-05 00:38:13,182496.1973872226,40023.478639760884,692829.7001503822
2022-06-06 08:47:08,198050.0269847418,54633.694784088446,839929.5573606568
2022-06-06 08:49:03,197982.48017269128,56387.56988102299,723752.6143493241
2022-06-06 08:50:03,197946.68115507736,54376.42268116219,751525.334628783
2022-06-06 08:51:51,197881.305410858,53797.57172421034,733836.7735256356
2022-06-06 08:54:25,197786.06402526406,48358.81114693057,724198.7766312916
2022-06-06 13:50:59,190518.44639591128,51458.066451999526,738882.8603312469
2022-06-06 14:54:33,191716.95602537645,47367.34183396954,763524.4772387949
2022-06-06 15:08:31,192031.43201336398,49504.02937514449,701277.7535558642
2022-06-06 15:39:14,192706.94159596416,47020.5040007236,755357.6352161716
2022-06-06 16:26:20,193496.9322202367,56774.523880819965,701375.5288745544
2022-06-06 19:49:50,190654.45077067317,53405.41185413085,723252.9129122731
2022-06-06 19:53:50,190584.3730099547,47805.42030263079,704121.778262758
2022-06-07 01:55:20,194400.02161084267,45405.759361462384,776851.7850957029
2022-06-07 03:56:13,196309.55571950224,52759.971447254895,735869.5732519827
2022-06-07 08:26:35,207357.6876723784,55537.36055052815,760787.0727178854
2022-06-07 08:34:09,207100.54270539302,53279.90150684206,775128.8181924957
2022-06-07 09:13:15,205375.36302751987,53934.621679528704,805255.7991681915
2022-06-07 09:19:32,205053.06323026822,50574.257137268745,756930.9513843335
2022-06-07 09:53:00,203242.5662521966,53573.35600915559,795614.2020633975
2022-06-07 12:19:10,197225.2820013812,50259.947534752086,692296.996174931
2022-06-07 13:11:41,196617.27391108056,53147.92268896235,719038.1061875114
2022-06-07 13:37:11,196610.11657765674,45427.46863597908,814589.8435732885
2022-06-07 15:11:40,197653.477153942,53989.696077951274,748657.6968551514
2022-06-07 16:02:58,198311.94148258088,45633.98149494499,710502.4685394932
2022-06-08 11:38:36,197540.81275867677,51339.10911342731,663756.8024190641
2022-06-08 13:07:44,195930.55519169586,52204.43429034029,750116.6933137212
2022-06-08 14:11:48,196203.4415643504,46426.63066111397,762225.1929625903
2022-06-08 15:03:07,196944.54001288713,53210.4221084046,735868.60150513
2022-06-08 16:32:48,198020.4579112626,53565.04191977566,696178.090782678
2022-06-09 00:02:44,196062.33408562513,56143.789188711155,770241.6257664976
2022-06-09 04:02:23,196126.13333245422,50100.70268875481,803236.0774273067
2022-06-09 12:21:14,192342.8927466894,54110.183333000714,683627.7447353142
2022-06-09 12:38:43,191892.75187132228,48945.72814547458,689147.324477142
2022-06-09 15:49:32,191162.59595227565,51545.49342521429,728766.9869896976
2022-06-09 16:43:06,190871.89128939924,48003.134861439474,678774.1368671352
2022-06-09 21:05:48,182623.75955229756,46886.61210514781,713236.563426215
2022-06-10 12:59:41,175737.95567337546,48218.20451213277,734596.3793236449
2022-06-10 15:11:12,175993.3560452722,44539.927902738884,664746.3205331954
2022-06-10 18:24:17,174740.70913839695,46253.469640001196,641989.282824076
2022-06-11 14:33:48,179064.25565548445,42661.75818476521,680732.4256979252
2022-06-11 15:46:07,180312.7715414056,50158.12759320868,680460.7238538441
2022-06-11 15:59:41,180505.30610735444,46853.17653522961,702439.5776114217
2022-06-11 19:16:49,178098.57127346136,49312.84281074746,695863.5724771701
2022-06-12 01:34:58,179024.6321388875,43552.61756365558,718886.0853868383
2022-06-12 03:36:18,179073.72406842152,45093.198534317955,791569.984535899
2022-06-12 07:09:20,188999.92988469187,48405.24466201048,784253.3805176284
2022-06-12 12:52:33,176966.12004067737,51843.75591847431,747919.0671019024
2022-06-12 14:40:13,176856.12736702862,43937.54065677929,710551.0123464351
2022-06-12 15:20:40,177211.1364699887,47537.44377483736,688477.2202487198
2022-06-12 17:07:52,177266.64397328562,48795.129533147265,629059.2468470206
2022-06-12 17:33:17,176848.314128756,48923.596192147575,654262.6261918631
2022-06-12 18:59:29,174317.17327840274,45212.939753887746,646778.1255806307
2022-06-13 02:15:16,172973.9455840002,46315.15582074473,772651.6982588642
2022-06-13 03:17:00,173177.6025024529,43155.25015166818,608333.4026331627
2022-06-13 03:34:26,173571.49596592077,43527.563732438495,643597.8668546161
2022-06-13 03:36:52,173639.4951448649,46542.359820879705,629847.6362220141
2022-06-13 03:59:31,174422.4907536233,42633.70566040385,715756.5970242084
2022-06-13 05:29:56,179463.45876961356,49408.582194934956,647255.8948279998
2022-06-13 05:38:32,179992.21042027161,47365.965011878674,688521.9169674237
2022-06-13 05:51:57,180790.3234505728,48464.03827867,680724.1872791958
2022-06-13 06:24:34,182487.85792887816,50215.216896354956,654587.0423798088
2022-06-13 09:37:40,180488.98736670244,50881.37755049478,748024.7897739386
2022-06-13 10:05:01,179165.79439708657,46056.51692594509,709912.6635142416
2022-06-13 10:27:48,178099.81031993267,45981.834850385574,701230.7252218819
2022-06-13 11:39:22,175427.33503462505,47074.45328465364,707336.7441456115
2022-06-13 12:27:28,174430.11277500296,45973.65690420718,690578.8156586079
2022-06-13 12:59:29,174140.54875951546,46934.34451644705,726232.7990017311
2022-06-13 13:11:34,174104.21324245835,47215.60599602082,653964.788945823
2022-06-13 13:22:27,174103.44184352338,50560.16796556421,668106.1947128511
2022-06-13 13:25:53,174109.2213365631,48519.62861831546,740980.1494060847
2022-06-13 13:29:56,174119.62927784814,48359.770210574825,695753.3925199766
2022-06-13 13:40:36,174164.95022439348,45354.17396001263,674065.4042973518
2022-06-13 14:12:16,174435.15986474068,46760.2272136202,645759.4545644525
2022-06-13 15:56:04,175930.97383480833,45483.13023783814,659702.0013461192
2022-06-13 17:24:16,176071.88944750355,46600.08861215131,667591.8377664882
2022-06-13 18:16:07,175135.2160093172,43351.97413119529,704110.0293084461
2022-06-13 18:23:16,174958.2696022402,43517.824051577816,670229.3593301936
2022-06-13 18:51:30,174198.98266119283,45708.36452675247,664044.9165817735
2022-06-13 18:58:59,173990.31558093018,43164.19613827863,696706.6389518653
2022-06-13 19:44:28,172816.6951279665,46231.34487634251,665560.7654347789
2022-06-13 20:10:57,172327.08232653321,46830.0851638986,656846.0242004471
2022-06-13 20:12:10,172309.6818534167,43716.349309853904,677326.1052026341
2022-06-13 20:23:08,172175.6080495536,46031.216684464875,664272.6877223859
2022-06-13 20:32:01,172098.42399228262,46066.44760766438,675891.7649030911
2022-06-13 20:38:02,172062.787201361,43840.85469872036,667938.9917771398
2022-06-13 20:46:01,172036.70858850304,44792.64323431761,746131.83586122
2022-06-13 20:46:54,172035.32115434177,43241.814113083135,747780.0941219244
2022-06-13 20:51:15,172032.85472543494,45594.473026636624,718809.610039312
2022-06-13 22:07:52,173048.65922832466,47545.75363510941,628126.9103957616
2022-06-13 23:54:19,175280.75703079032,47690.98355905234,689854.4325075292
2022-06-14 02:52:45,174375.1371489485,48500.344744948,626576.8255331183
2022-06-14 04:12:09,176537.79849967532,46997.882618783224,705302.3293214801
2022-06-14 05:40:49,181732.2164770027,45148.514438576436,655314.1141213506
2022-06-14 05:46:26,182067.66557362303,49980.452207258786,691255.58669321
2022-06-14 06:10:47,183413.95945421886,53457.9469129377,744526.4210395984
2022-06-14 06:12:32,183502.11779428803,43257.509380604286,776483.6552954904
2022-06-14 07:03:34,185350.69635139717,51027.72148325445,670956.6281060819
2022-06-14 07:10:23,185474.77000399405,51830.96017511182,728438.2295129782
2022-06-14 08:37:13,184407.16909735408,41865.33901810141,624063.9545284328
2022-06-14 10:33:32,178778.60449244053,48836.33603638992,713963.0974906812
2022-06-14 11:42:20,176009.1584827443,48864.799662431855,709259.0646233241
2022-06-14 14:10:24,174426.13791994136,44103.371243405665,647130.995125889
2022-06-14 14:17:11,174472.5332992846,43261.42910631343,628804.6472218802
2022-06-14 14:20:28,174497.32727613678,46882.02034478475,603200.3091695319
2022-06-14 14:30:40,174582.96981423616,48123.74724443268,667414.284443883
2022-06-14 14:51:20,174787.08066222272,48774.114993448675,648997.341964467
2022-06-14 15:23:42,175136.95861838805,43263.2608541191,687799.7827106192
2022-06-14 15:38:18,175282.50970108918,40751.14484447465,677503.4218699188
2022-06-14 16:09:34,175507.15812047018,48175.269643322514,649662.9455649621
2022-06-14 16:34:13,175550.8013366489,46055.09492519208,692597.333522877
2022-06-14 17:11:00,175314.85686756793,49342.23010035867,741710.1159923378
2022-06-14 17:30:56,175018.99863295667,48311.57968776325,635552.7625491561
2022-06-14 19:16:17,172052.58840683295,47282.34059683134,715457.1750948788
2022-06-14 20:50:32,170168.00035129153,41625.16384332359,729835.6774674725
2022-06-14 21:39:45,170404.08842435703,41916.92407086655,711945.5792390412
2022-06-14 22:18:36,171076.855064402,42484.42021858522,723293.191499853
2022-06-14 23:34:46,172513.6960133081,42941.446667915174,630357.6285647511
2022-06-14 23:36:00,172528.83902263994,43371.04677229612,687409.9614603078
2022-06-15 02:04:23,171601.24993215373,44880.89874874378,637600.4713212636
2022-06-15 02:36:27,171378.44715154203,44783.26543318482,612420.3870574257
2022-06-15 05:47:55,178955.37335676808,43759.995075323815,698018.7969580468
2022-06-15 06:08:32,180088.15289198118,52581.12868519098,735490.2563691644
2022-06-15 10:32:00,176201.07696528267,44792.85964272209,654609.3677674602
2022-06-15 11:08:38,174704.6132306986,44878.576944540335,633930.1544245317
2022-06-15 11:12:01,174582.4332696282,48080.69380953453,656324.3848438904
2022-06-15 12:15:56,172880.60502217134,44295.63358956379,722678.7319229577
2022-06-15 12:43:51,172511.63539272634,46878.44615775607,652962.4036516789
2022-06-15 13:50:16,172467.30420016425,42187.39696228978,664519.2208133156
2022-06-15 15:43:22,173955.93201108178,43578.74718765937,664222.4424314336
2022-06-15 15:52:47,174075.82147350698,48102.238961848285,720401.9438296475
2022-06-15 16:06:25,174225.62796738924,47131.16211864482,657932.3474209221
2022-06-15 18:08:39,173474.75543947867,45864.352559919615,642650.0982556816
2022-06-15 18:11:04,173419.59518981687,39116.01962423845,628284.1632987906
2022-06-15 19:49:57,170881.8116503938,45479.778661322795,697260.5007562959
2022-06-15 20:57:49,170229.2907099797,43719.82914390231,621119.864359131
2022-06-15 21:08:58,170282.78103111003,44644.78075501363,649951.5003154346
2022-06-16 01:20:28,173166.23217642287,47959.774412821345,596530.2665236071
2022-06-16 02:04:41,172635.10575035182,41651.94581035138,739823.8652037007
2022-06-16 03:37:19,173310.91175258474,48556.92843256171,663685.5582753805
2022-06-16 03:40:09,173396.07104324922,46567.311825900215,680711.4857158886
2022-06-16 04:42:44,176231.6841540406,41937.10379233631,701295.4147630923
2022-06-16 05:45:25,180007.5315548708,48835.11058155086,674170.5870451863
2022-06-16 07:56:10,183355.28986390628,46943.62744940725,652960.1791774103
2022-06-16 11:47:46,173519.9660835325,44789.02780461257,698318.0751578006
2022-06-16 12:11:23,172871.03286879478,44143.71025121551,644629.2216902213
2022-06-16 15:10:35,172249.8845501536,48296.717619252675,722876.0978248618
2022-06-16 16:51:34,172457.11772887575,47518.356016175734,690911.7131762272
2022-06-16 16:58:12,172391.77972280467,40296.009690960534,620708.9115485571
2022-06-16 18:50:15,169533.18176699028,43787.41040450716,706258.7091081877
2022-06-16 19:04:17,169041.75592216876,44702.10244980598,604280.9344108861
2022-06-16 19:21:42,168445.30846404188,43667.49326416313,653874.3748209005
2022-06-17 00:06:10,168255.57355341277,45551.91669886772,619787.4714211014
2022-06-17 00:48:13,167950.6487739686,45603.15580921233,654370.4256638464
2022-06-17 01:29:16,167282.8145493509,40149.90307104061,690931.7077546305
2022-06-17 06:41:31,175345.79777363822,48700.806995773826,662325.9691502735
2022-06-17 07:31:21,176134.86568250708,48771.49826734568,663462.7743228687
2022-06-17 08:33:45,175023.26655855167,48378.825784450106,689352.1353835163
2022-06-17 11:59:12,166800.5016102753,43701.02244871319,681160.75523019
2022-06-17 13:37:03,166047.8170235581,42886.41988831784,609105.6763383884
2022-06-17 16:04:17,168065.7380283376,44697.295558729,694556.3054742467
2022-06-17 17:33:12,168296.01211148166,39823.22026256015,671117.3476287609
2022-06-17 17:48:05,168132.27491050775,43367.4090703785,627872.8487247593
2022-06-17 20:18:30,165568.94010033464,43412.97151390454,624040.1534528323
2022-06-17 20:45:48,165566.8019088497,44988.96321905069,716835.3320096454
2022-06-17 21:57:46,166857.89198804426,45163.55542579879,635810.7663888958
2022-06-17 23:30:10,169730.26067741355,43765.38897526613,697959.8552358178
2022-06-18 00:05:37,170486.03343734416,40472.263651254514,708678.3191055213
2022-06-18 00:39:59,170861.79009405285,43805.20212167589,673639.5320171107
2022-06-18 01:57:00,170920.02941901152,41715.63888530566,636809.4924682382
2022-06-18 02:00:32,170924.54240235855,44924.223834777746,623281.8712075732
2022-06-18 02:59:21,171547.79454960878,45209.42699772377,592251.9704531719
2022-06-18 03:18:45,172081.91989903696,44013.125430440516,673160.3226651645
2022-06-18 04:02:48,174038.55115052697,46702.40881143129,661781.9024204421
2022-06-18 04:51:58,177289.66464437867,48545.4810709881,712928.6543396267
2022-06-18 06:54:46,185589.2317841941,51380.275018428656,715239.8441618744
2022-06-18 11:33:00,181314.10424137555,49833.39172167115,709291.1438055156
2022-06-18 14:03:00,181884.21694774702,45448.54580857262,730558.2440925707
2022-06-18 21:12:22,184137.44980137097,49618.944187652465,682720.8869654826
2022-06-18 22:50:36,187153.74870867797,50185.40727724911,683567.811057468
2022-06-19 00:08:46,189215.62462674436,47084.265573527235,711998.4730923244
2022-06-19 00:23:24,189381.87318472328,44662.06761765547,701870.3861698052
2022-06-19 02:56:46,189522.9086360704,46571.355965106064,666582.3029984725
2022-06-19 03:43:26,190943.33441547412,50807.409357349236,670545.1955854783
2022-06-19 11:46:52,195078.7935996944,51438.19297578308,702155.5898419349
2022-06-19 13:36:11,194171.52432838845,48770.74137113224,701068.08631229
2022-06-19 14:04:30,194475.06613272056,52943.68646298162,821975.985775173
2022-06-19 14:06:21,194500.6852670336,46269.15896834169,727999.913120222
2022-06-19 19:36:24,193827.3036262078,50498.75230808056,744546.6449181762
2022-06-19 19:53:39,193460.53529787675,53781.66209280328,751438.0718686732
2022-06-19 20:28:41,193018.814172978,51208.13019009465,713600.4543352986
2022-06-19 21:07:03,193115.403969588,48974.44060831038,788293.7480992534
2022-06-19 21:30:07,193473.15537201462,48410.22909694114,841599.6771296673
2022-06-19 21:35:31,193586.12711117847,50764.24594596955,748503.9807860107
2022-06-19 22:35:28,195332.07909825922,47519.80558514717,759587.4044170172
2022-06-20 00:52:33,197845.83362234753,48995.80533213158,679504.3092406767
2022-06-20 01:40:35,197530.97189140134,50796.58084389045,814567.8651321934
2022-06-20 02:02:23,197390.12149095035,49576.523048191935,816687.8610635301
2022-06-20 02:07:26,197370.12102484365,53549.42233500625,697148.1040915897
2022-06-20 02:48:00,197529.0787502881,54272.771400912636,704353.2229974469
2022-06-20 07:38:32,213099.7928185111,53203.9700588921,851947.8173300417
2022-06-20 11:41:12,204884.1267389955,57267.06053493999,787803.6683968388
2022-06-20 11:52:22,204635.64839022275,53989.2299524879,742177.7259243953
2022-06-20 11:55:00,204583.25882093824,50433.84299959433,815638.9437248635
2022-06-20 12:12:39,204293.6638586538,53335.29615077996,750747.4138967295
2022-06-20 13:09:57,204074.69463771646,52807.548246941005,777037.9303068984
2022-06-20 13:11:54,204085.59774878385,45964.915078711376,795050.9310142962
2022-06-20 14:39:51,205546.7674678985,49727.365971252904,885968.2967356043
2022-06-20 15:43:24,207143.99301264485,59007.149350328116,826072.7358136915
2022-06-20 18:09:01,207590.06195094803,52787.859111922546,896775.2207776894
2022-06-20 19:57:19,205020.19274445626,55005.59988173967,727956.6123755293
2022-06-20 20:03:30,204927.2528717097,53548.24464036315,734661.9880908679
2022-06-20 20:06:16,204890.0645598057,52167.91182527364,764484.3031042371
2022-06-21 01:03:13,209916.46440980403,55013.82519274415,842697.3381494106
2022-06-21 13:22:46,211481.6183041713,52990.015903708234,832165.7850280819
2022-06-21 14:53:17,212209.35825272498,52112.429405102026,830918.0077810182
2022-06-21 16:04:42,213123.24552118813,50904.43769484408,785157.0138437345
2022-06-21 23:00:31,208888.73672194954,48051.958521510714,799198.4578197721
2022-06-22 01:14:11,209154.0641680325,55331.36403293412,746366.054015536
2022-06-22 05:40:28,216089.09984231452,56503.393301458585,858958.1538075398
2022-06-22 13:24:05,206766.35650626154,56338.069636204265,796295.7924725583
2022-06-22 14:39:20,207142.36955134504,54722.47361183205,748137.4344826144
2022-06-22 14:56:13,207345.02079955873,56352.94608093102,801961.1613183735
2022-06-22 15:08:34,207501.0591016116,57624.58915906212,782022.6676017264
2022-06-22 15:09:48,207516.69156598567,55725.94229939194,828085.2737454794
2022-06-22 17:09:43,207868.64572641923,58993.811648568284,786982.6160624784
2022-06-23 14:56:06,193314.4625415664,54013.73291347737,733286.3203704475
2022-06-23 16:16:07,192900.567667204,49850.65659611975,801678.6848451664
2022-06-24 00:12:21,182175.66222961445,49569.51693962787,720291.2517269241
2022-06-24 06:17:06,183856.78234788586,52295.286174903726,677995.2726681362
2022-06-24 06:19:31,183930.93674075778,45756.647649354025,716672.1006198648
2022-06-24 06:58:00,184683.50824045393,47683.74664751204,717519.9796765036
2022-06-24 12:04:19,170914.61511115887,44768.17149867526,783696.212278749
2022-06-24 14:25:11,168752.23178256062,43798.42815117709,643406.6889340588
2022-06-24 16:36:35,168754.6319480277,45468.51226103028,650342.6469336346
2022-06-25 03:48:53,163688.2229259866,39554.15351858032,687007.3486855597
2022-06-25 07:14:37,172687.35153787388,45534.9725393552,673821.7765725224
2022-06-25 08:12:05,172330.99503262364,44924.02700887493,617519.9660441953
2022-06-25 10:18:09,167082.8713619762,44699.37041313361,608626.1234638168
2022-06-25 17:27:50,162921.75641677587,36390.496674035094,565759.1714451591
2022-06-25 17:48:55,162510.4727867087,42052.1087772722,685768.3050317183
2022-06-25 18:02:11,162194.04717984874,43880.35307786925,559614.7512901314
2022-06-26 04:17:44,159075.480877909,38023.47909292894,642701.9198232294
2022-06-26 04:31:19,159604.80630656722,40684.32499828464,618372.0121164009
2022-06-26 07:29:13,165436.80989142405,42372.12579265328,615382.3241745002
2022-06-26 10:14:19,158856.20379119265,38790.98396235243,653381.604043993
2022-06-26 11:12:24,156062.9397863764,42275.03175544508,567793.646227544
2022-06-26 17:43:58,151400.61102110136,39092.46589691481,583678.0144893699
2022-06-26 20:52:05,146388.89319083095,39123.44648511078,549213.2468115885
2022-06-26 21:50:41,146440.3432794682,37823.63520509619,600066.9628392248
2022-06-26 23:10:54,147417.94335199424,37228.11057397245,626381.3860651708
2022-06-27 03:50:09,146601.37467788503,39234.32338901113,570099.2308614873
2022-06-27 07:59:44,153952.65604725372,39589.27414911071,598534.2725146782
2022-06-27 10:41:11,147919.75861618214,41028.593069565184,548132.9803915005
2022-06-27 11:30:09,146234.32318384273,35747.734315663954,580805.7274249143
2022-06-27 13:05:53,144588.35417027594,35658.99207613851,520808.7192913126
2022-06-27 16:01:21,145557.2236402559,36342.024048977364,551287.855744508
2022-06-27 16:02:42,145565.05204868296,40192.18690198234,508262.56293109735
2022-06-27 16:10:51,145606.33675159546,37094.84879931646,531092.6725988983
2022-06-27 16:29:47,145656.97167027785,38291.17623857171,554903.3526288908
2022-06-27 18:41:54,143787.66440188471,36972.614639188876,501801.0416637879
2022-06-28 00:46:08,143461.9750387994,34352.912446445305,549539.2629300447
2022-06-28 02:31:56,142334.03266708323,39435.15741612852,509264.8142971401
2022-06-28 09:11:43,148333.86485645466,38064.58241473722,593405.943634498
2022-06-28 09:25:17,147760.33870087008,39967.19195917885,550763.2861873491
2022-06-28 12:01:40,141902.61932888528,35155.48237310147,523903.23958716885
2022-06-28 15:21:47,141207.8005106106,39986.909716191025,568227.5731272445
2022-06-28 16:25:43,141432.05330837035,40053.34609113906,542166.546503958
2022-06-28 16:51:10,141333.02509213198,35469.59460738854,566954.1803092276
2022-06-28 17:57:22,140369.8247999418,36086.95684130678,553463.165128074
2022-06-28 23:54:05,138335.46399546257,37553.82223571383,500962.9962795976
2022-06-29 04:17:00,138702.1912407605,38215.92664560202,528815.5480546245
2022-06-29 04:19:18,138787.2885079457,37353.080763450234,517149.1947320456
2022-06-29 05:50:47,142903.0519674479,36935.732725946065,560125.5717386126
2022-06-29 06:44:41,144827.2337719339,37743.02097262033,560771.6884439244
2022-06-29 14:21:40,137137.23432494947,36570.86990040696,498397.5252346568
2022-06-29 18:20:37,137164.50800702808,34800.46574655668,529426.9196099265
2022-06-29 20:10:31,134913.8896858404,36087.21139351405,478226.7951062897
2022-06-29 23:29:50,136712.9444017696,33733.67085989744,554587.3413386372
2022-06-30 04:41:10,138731.51764968023,37260.365793600664,467340.88626439945
2022-06-30 05:46:42,141751.00958516705,38450.863258945144,546117.0030844671
2022-06-30 09:20:27,141656.29179079735,39542.50573054666,608121.0322777793
2022-06-30 16:40:04,134982.77070056563,38022.844323769394,515086.42928593326
2022-06-30 16:41:51,134972.13102819945,34705.95117897877,527713.7353184685
2022-06-30 21:37:37,129846.69677201171,36866.148954566816,508584.5894564404
2022-06-30 23:38:02,130976.12188638383,33524.70972398296,468071.77858871
2022-07-01 02:06:53,129571.355250276,35470.78662007978,490218.4085423717
2022-07-01 04:15:56,130555.87143219603,32156.730297001668,499408.63729528687
2022-07-01 07:03:11,136248.938232818,34594.174332591494,524246.327733239
2022-07-01 07:39:12,136370.45761038442,37837.42804950815,474118.22323736094
2022-07-01 08:38:10,135299.5273158054,32173.512549981806,566120.0645565024
2022-07-01 09:01:34,134546.7520444563,33171.81599229395,541267.7718736698
2022-07-01 13:42:46,127944.60789070913,32961.67724507202,479884.92728160083
2022-07-01 15:14:41,128705.72147340562,29261.390994599224,472169.46125128673
2022-07-01 15:36:36,128941.48826577257,33505.03257331812,467470.95522615756
2022-07-01 15:56:41,129132.81405996357,35015.234148496296,433233.49886278564
2022-07-01 16:35:06,129362.69920126368,30012.834983106644,503546.56905914616
2022-07-01 17:54:38,128950.3695124378,32753.03006444971,508892.12785543146
2022-07-01 18:22:04,128532.835016726,34431.636815295635,479935.14585026784
2022-07-01 19:57:22,126932.44435799192,31089.85559066732,494869.60545917106
2022-07-01 20:57:22,126726.60983588465,32950.22443173687,474490.1362194009
2022-07-01 23:53:45,129855.27878465694,32773.727078187,520841.3429681865
2022-07-02 01:01:21,130200.22045957256,34236.281332227685,449208.51856910286
2022-07-02 01:49:13,130065.8648777171,34395.838804042156,509793.0489482832
2022-07-02 13:33:33,135936.97762919433,33924.28213065901,494278.6549646625
2022-07-02 16:59:35,138725.18130395512,37738.718496165486,497111.8672282399
2022-07-02 23:14:08,138866.46057258328,38707.832016376036,580113.4570829751
2022-07-03 05:49:26,145708.77894612483,38350.36738275619,508257.68557152
2022-07-03 14:12:39,140010.80513813088,35795.20408319836,535390.8818038449
2022-07-03 14:29:52,140137.3677350471,35964.58180775915,496284.88805946254
2022-07-03 14:45:55,140278.72717298186,35382.16801541747,516160.8559832628
2022-07-03 21:32:33,137231.49072150225,36521.198640629336,555146.4952669962
2022-07-04 00:53:33,139327.72630564973,34761.45131722218,492854.01174712373
2022-07-04 22:38:58,139326.14370456067,32473.79579849823,523360.43210198026
2022-07-04 23:15:13,139956.71716383778,32343.072160372194,507554.3107358519
2022-07-05 02:03:32,139529.24240201866,34592.013787652366,559769.6333074396
2022-07-05 02:23:28,139371.77090031808,35927.284012898876,565168.3869868797
2022-07-05 09:10:03,145222.3985955894,39969.51993226867,556727.1458868936
2022-07-05 13:12:22,137569.86128140002,38881.716723382946,549641.5918398199
2022-07-05 16:06:57,137772.47553478822,38752.35361561748,506439.2689768691
2022-07-05 21:08:26,132278.2024540474,34164.08089077224,541294.2752671691
2022-07-06 04:40:36,133578.0500912827,32098.930648033693,506175.3389413688
2022-07-06 06:46:24,137982.26353020532,32908.12103475907,569068.800987586
2022-07-06 10:33:40,132319.8279066849,31405.177341655926,493614.03741308214
2022-07-06 12:11:06,129312.12399120488,32711.31524680872,473647.71737431566
2022-07-06 12:13:20,129266.73245924989,34912.66427416094,514644.28885374975
2022-07-06 19:17:35,125391.3288050897,33788.85308323166,478525.66808750527
2022-07-06 23:00:51,124361.11884443832,31448.088153608514,472197.28430537914
2022-07-07 10:27:52,121893.92201684816,29249.148689985857,506707.8754016282
2022-07-07 11:32:30,119433.93735864763,30093.20322148397,452058.56349274225
2022-07-07 11:51:55,118840.9495571751,28183.56920059839,458091.68541423127
2022-07-07 13:31:00,116941.109471354,27974.759770294375,470906.65356934065
2022-07-07 15:18:49,116387.1897711768,31636.858250013312,455195.8802280222
2022-07-07 15:46:38,116285.71279910945,29442.650525515513,427368.28809501085
2022-07-07 16:33:21,115936.8468654694,29069.30018866671,450991.9114587922
2022-07-07 17:37:48,114833.1210916704,29700.63150827788,437021.34440026537
2022-07-07 18:53:26,112666.09795824222,31823.878985350184,428191.3679526762
2022-07-07 19:32:37,111459.37026581475,28983.731186656707,412682.62725288945
2022-07-07 21:06:33,109563.89074417486,30561.33131160916,384767.65663946536
2022-07-07 21:28:33,109415.20680922848,28408.18117924809,404843.4872274362
2022-07-08 00:20:40,109172.8947143013,28205.34175068787,389491.38301961473
2022-07-08 01:02:59,108521.00788350555,30531.16824075227,396258.4560710955
2022-07-08 01:17:31,108244.47158532396,27792.13762567734,375040.58741542586
2022-07-08 11:44:34,102967.33963179518,26069.06976960498,418675.5062320673
2022-07-08 18:35:39,99861.376916679,25638.957988627364,381245.1314582093
2022-07-09 00:05:06,99251.72385354427,25766.52228995441,374902.2459970952
2022-07-09 01:12:05,99027.42385306444,27002.610967905664,360911.06590169243
2022-07-09 02:54:23,98562.09402841114,27758.497207540666,390024.1422531229
2022-07-09 04:08:31,99696.93246721281,25014.017832170273,407129.6883246286
2022-07-09 10:40:27,101506.50411902067,26311.339903748194,367255.55882678786
2022-07-09 15:38:49,100455.24197688291,29659.51645948817,364886.10762895446
2022-07-09 16:43:48,100745.95597583083,23705.631008362194,377416.97270279453
2022-07-09 20:25:57,98205.04470692115,26283.311497120238,384391.7024105127
2022-07-09 21:31:18,98238.207433815,25173.92922453934,364362.265074031
2022-07-09 23:11:04,99382.05195589387,26016.77157977411,399662.04897476296
2022-07-09 23:57:25,99730.07635088966,26699.12408846215,408704.82170466636
2022-07-10 01:12:54,99501.10492312339,27240.79465265799,363896.960329147
2022-07-10 01:32:28,99332.77206166513,27219.738478526368,378736.6395383707
2022-07-10 02:01:55,99085.98006310947,24601.518606475653,389986.7319168384
2022-07-10 02:15:31,98997.53202236418,24981.064239849176,414271.31126230425
2022-07-10 02:54:39,98931.50410866612,26643.182299411514,366131.28444150643
2022-07-10 03:05:48,98980.73841143689,24979.539807397236,390114.8441384658
2022-07-10 06:14:42,103828.23119778188,25653.946804455165,391914.9683056327
2022-07-10 06:56:14,104651.15041972158,27253.97485564345,398711.2177744197
2022-07-10 09:48:10,102090.60721617367,22312.88369337604,379620.37105985003
2022-07-10 10:13:07,101332.05085624917,26903.631325338796,381641.41698894347
2022-07-10 10:56:39,100113.83825621447,25265.486492840708,433521.5590967591
2022-07-10 14:50:48,98275.85325807398,27475.318587907514,414964.91277539084
2022-07-10 17:25:16,98428.33697076405,25366.009820297848,378387.17044971994
2022-07-10 20:22:09,95850.44983325581,21535.07158905127,398445.9207397814
2022-07-10 21:38:08,95868.74157743074,24056.183352595704,356836.82949045143
2022-07-10 21:44:32,95921.93587116654,25709.272929354534,383361.57028132793
2022-07-11 14:03:54,98912.65741122796,27741.757675771747,386886.48875150335
2022-07-11 22:38:11,99856.76846313447,23669.03899594172,410023.0056105727
2022-07-12 00:34:30,101100.9095727347,26194.36701914156,342130.2221087611
2022-07-12 01:08:13,101050.01058222125,30995.52370662017,391001.32019325206
2022-07-12 01:28:24,100965.88039989301,26660.791733874463,399456.82693901844
2022-07-12 01:48:35,100874.63786311465,29616.67511830052,381869.59389913816
2022-07-12 03:03:35,100979.38712950973,27083.41450979731,397333.01275956654
2022-07-12 05:19:47,104829.46830758182,27427.848893089922,362145.64372324914
2022-07-12 10:16:25,105273.9922313623,27622.833136025627,378567.85544253915
2022-07-12 13:28:45,102760.28978804016,24546.115830951563,415872.8477524663
2022-07-12 21:12:38,101755.43435239779,25915.998955780367,389941.50131858216
2022-07-13 03:47:44,104398.82267513858,27198.82849234084,399969.0275868335
2022-07-13 05:55:46,109013.33254961077,28819.044323599624,469472.2417381447
2022-07-13 12:33:13,106134.24459527872,27641.553661370508,429210.7222541013
2022-07-13 13:16:51,106099.80668835479,28211.456142946285,424579.53970394045
2022-07-13 13:53:31,106294.96681366755,29507.757958816466,381703.0176747924
2022-07-13 14:12:51,106464.59606373077,26832.77937452798,385010.7017867762
2022-07-13 15:57:38,107680.877770883,28117.22949324769,396611.8794936119
2022-07-13 17:56:12,107786.91515963765,27857.86349080617,400056.9451242552
2022-07-13 18:00:21,107746.77454146824,27269.700748696923,407839.5902279985
2022-07-13 19:59:00,106253.07921761855,27731.17984099383,424399.08514787926
2022-07-13 22:55:22,107782.900180302,27742.114420645474,399581.8093305781
2022-07-14 00:39:24,108785.21254903583,28653.169606026204,398794.1213871219
2022-07-14 01:03:54,108733.66465304434,30093.055148030176,415089.7827443688
2022-07-14 01:33:12,108591.2286274494,30576.817781180565,373686.9191333006
2022-07-14 17:45:36,109738.24484016323,28613.88430875808,413705.47687624884
2022-07-14 17:56:57,109566.95591735048,24447.98174166167,423465.3966230202
2022-07-14 22:29:49,107364.5341371828,25662.48863280485,407678.8645568746
2022-07-14 23:59:26,108142.25847895589,27258.49783120635,436643.5520130271
2022-07-15 01:15:37,107756.73629629458,28703.71882311332,399837.0353214977
2022-07-15 02:23:06,107129.04845042789,29749.227172142488,410536.7005485979
2022-07-15 03:03:48,107112.71443474942,26239.922216266288,431294.23589466093
2022-07-15 17:44:39,108569.73849204407,28853.221681044044,401653.978445805
2022-07-15 20:01:07,106931.06392107367,28168.32468580805,406098.1296911164
2022-07-15 20:01:24,106928.98354597998,30001.545464210707,391737.2991092815
2022-07-15 20:51:35,106840.09177853305,26689.87065248925,394988.8946881305
2022-07-15 21:37:55,107288.9172691148,28213.763119367737,444883.4473570525
2022-07-15 23:36:24,109504.57512439409,28611.04435502065,449319.4385584115
2022-07-16 00:50:47,110107.71534472448,28897.80154769076,402217.8146209939
2022-07-16 06:11:32,117674.81049639788,30174.753459466323,452821.5954817507
2022-07-16 06:15:33,117837.61815993804,27204.33440216613,407858.7823173107
2022-07-16 06:43:47,118836.96899869441,31780.592721030494,499462.68856288743
2022-07-16 07:42:16,119896.8510495906,27119.918181745958,490752.26492425834
2022-07-16 07:49:24,119925.47839864559,33359.70604544658,495487.56771903124
2022-07-16 17:31:58,118276.87106531436,28136.240093112843,454563.1369945741
2022-07-16 18:25:59,117791.59220158552,29474.80454184426,437261.57747473684
2022-07-17 02:07:23,119014.27716551804,30612.614462646594,430191.9741738169
2022-07-17 03:14:15,119281.43259063896,32150.965535627547,445042.0965717881
2022-07-17 04:45:13,121967.35822400467,31192.566497547818,455995.93152061343
2022-07-17 06:03:51,125357.96680424873,33108.35726832644,487426.04166688054
2022-07-17 11:37:23,121135.24640773119,26990.26682980237,470211.16619511286
2022-07-17 12:15:00,120487.48524284473,30934.34374021876,453003.548706358
2022-07-18 02:21:55,119295.22467589618,31561.530130679723,415846.81187098235
2022-07-18 08:13:30,127328.07690792649,31813.12460719875,487722.7112540084
2022-07-18 09:14:34,125897.50701296722,34603.73366766262,513966.44030507235
2022-07-18 12:58:30,120961.7834677896,31649.2498730939,465987.62397600757
2022-07-18 15:25:03,121998.64044009945,33862.85285344573,452344.87798040983
2022-07-18 18:12:48,121866.08426199113,31096.10603914978,490727.7635332091
2022-07-19 07:03:46,128580.48502813377,37873.02591416261,491864.3877338349
2022-07-19 09:44:57,125530.70637111375,31887.462476293924,519941.8824533545
2022-07-19 10:51:11,123156.61284400208,32318.647015600905,453192.8843588004
2022-07-19 11:04:17,122746.57568765267,35706.880243901345,490878.068526241
2022-07-19 17:57:13,119959.91677851566,34306.34406211224,483802.43031846144
2022-07-20 00:47:15,117690.5361852781,28188.719548546782,444665.3667973167
2022-07-20 02:26:49,116585.15353902074,30046.808778020113,413779.85146491835
2022-07-20 05:57:21,121408.88942873986,27076.54149031543,471076.1159666287
2022-07-20 06:35:54,122516.92857867283,35811.608740579104,478020.27499804186
2022-07-20 18:05:21,114683.67648373482,31072.65225358481,454032.5085844098
2022-07-20 19:07:23,113357.36723290614,27090.144696657113,477923.99244947644
2022-07-21 01:41:45,112248.40484731892,30889.327864248924,405153.4360110118
2022-07-21 03:03:58,111688.6194741625,32037.528071838937,482568.64717064
2022-07-21 15:45:28,107818.31605238262,31169.630961174997,445103.4337058498
2022-07-21 16:02:02,107777.79037821021,25426.19189179209,413515.2066790146
2022-07-21 17:05:58,107267.88276652811,29503.874586841586,408436.18121060875
2022-07-21 17:27:22,106937.60045615623,26838.92990928901,377959.4538024549
2022-07-21 20:29:10,102740.47520020565,23435.654655452294,387608.5886405841
2022-07-21 20:58:01,102408.828287331,28144.498663691043,370593.28422012896
2022-07-21 23:38:56,102644.02691994199,26507.062833085794,385821.4677041908
2022-07-22 05:03:51,102353.64860955263,26631.311540793893,405766.93982371397
2022-07-22 16:06:58,97293.23245235847,25368.078522905435,355984.6053032136
2022-07-22 18:55:16,95690.95790839268,24298.911711910172,374328.715133338
2022-07-22 19:32:14,95065.53834004485,25489.358064302392,344865.3392515544
2022-07-22 19:46:37,94854.69530964139,23529.67793810085,339476.76291121077
2022-07-22 20:35:57,94390.59270866614,23741.58124249848,353027.7801665217
2022-07-22 22:24:02,95034.46383496666,26176.609990837846,353320.0791852648
2022-07-23 09:47:33,100644.51202321037,25023.486731411343,403322.4704174254
2022-07-23 15:55:58,98907.31229406946,29439.892369821762,364168.60452533665
2022-07-24 02:29:12,97953.20861286591,22076.318764347972,377771.9416807618
2022-07-24 07:41:27,104004.88326262654,22629.775193174108,363580.8164890328
2022-07-24 08:16:18,103653.2717957142,24103.44749008674,465561.82766067877
2022-07-24 08:54:05,102867.03242419327,24238.086209825564,381712.92071210826
2022-07-25 12:25:22,97329.49166502438,22722.244445814034,369709.64497635874
2022-07-25 12:29:06,97304.18894744513,27129.752477693786,346388.8397833236
2022-07-25 14:49:18,97719.21146303689,25430.716294510912,370545.6479333925
2022-07-25 16:28:48,98517.46372968824,25570.09831027425,387372.7431705313
2022-07-25 17:55:10,98239.26523470166,28542.62736679059,388555.93323808187
2022-07-25 22:16:30,97128.89075582671,24858.713313200828,394292.3745050657
2022-07-25 23:54:53,98339.4732898688,26346.214263765705,354753.0725796285
2022-07-26 00:02:22,98380.15507642875,25659.75281860017,358632.6307652748
2022-07-26 00:54:47,98384.52464742208,25803.957398817733,400367.66282465623
2022-07-26 16:45:54,98976.48179726675,26147.811125805692,391267.9024171566
2022-07-26 18:37:39,97745.2089967618,24850.548250171352,364253.23750108184
2022-07-26 19:15:48,97061.45158518334,26050.235311579167,401313.9332755522
2022-07-27 15:55:50,97922.2005841132,27199.475160205857,375105.7884520351
2022-07-28 09:17:16,100416.65750776623,24145.73291345711,369094.1945259158
2022-07-28 15:17:28,95364.90830350063,25238.163488531543,350658.8986821913
2022-07-28 16:06:50,95447.34083272853,23141.59937130165,354799.76873552
2022-07-28 18:07:35,94350.10342135678,22072.495771128528,421274.8182127927
2022-07-28 23:43:53,92292.12225744396,25880.835670522392,329510.1149192689
2022-07-29 08:47:37,94767.13974106289,24917.9494163728,357125.28563082824
2022-07-29 09:36:28,93496.91758542311,21943.65829864889,377141.17286999855
2022-07-29 11:29:07,90703.62992414845,22200.842143099482,350859.54338251764
2022-07-29 11:53:24,90306.45306476785,25510.433128027114,340517.64608834765
2022-07-29 12:28:45,89896.24645426485,23583.939188407032,376423.7004994379
2022-07-29 12:49:53,89744.78956966777,23522.111175878974,309663.08682843944
2022-07-29 20:33:25,88599.82924542323,23217.54912535908,379067.2829218342
2022-07-29 21:07:08,88660.9909397966,24470.798215894043,347798.15093986783
2022-07-30 02:31:10,90910.89686479974,26164.377301717537,373185.5969590505
2022-07-30 07:57:54,98705.13154058896,26301.13898759661,393140.490122487
2022-07-30 08:27:37,98528.47169546584,27690.22216601434,385997.5509142859
2022-07-30 09:28:57,97544.30475460958,24328.294887403925,364470.6616022955
2022-07-30 09:34:11,97438.83417966696,24845.736206640446,357152.880937963
2022-07-30 14:06:09,95421.28628914861,26491.06845940231,367258.8597842825
2022-07-30 16:18:35,97000.63570521466,26013.259538799175,341696.2959293851
2022-07-30 20:49:58,95779.40184082172,24793.81460845901,359105.1431752565
2022-07-31 13:17:37,100094.81494221486,24640.099912236506,404248.1607157575
2022-08-01 13:03:09,105961.7280417308,26462.410951029342,403495.5855237392
2022-08-01 21:06:00,107424.1016420419,31600.685159714532,395407.96519785805
2022-08-02 03:49:10,111972.9570662804,29369.971188392086,417714.0703341113
2022-08-02 05:32:42,116213.43083642067,33114.886316501455,431022.47386914643
2022-08-02 05:33:32,116251.45620660463,31100.54658768598,439365.9998495027
2022-08-02 08:26:09,119570.55000911801,33210.42100557151,462500.44593556685
2022-08-03 04:21:05,119417.17001815383,28485.74716736567,485754.4000595857
2022-08-03 07:14:50,126241.59131207786,35844.59914902198,492692.8792775033
2022-08-03 07:44:18,126494.92655907875,32310.877006014736,505051.67433214816
2022-08-03 12:27:36,121225.87842981306,32868.15678279516,469556.1942356168
2022-08-03 12:31:09,121211.09717279657,32762.79961228729,437275.9700513409
2022-08-03 15:22:45,122806.2952069409,33468.113568147164,508661.9199942268
2022-08-04 04:44:30,128515.44512986136,34956.35357174813,462313.13413503335
2022-08-04 10:06:28,130997.44243188447,30930.72482822513,549136.5571370573
2022-08-04 13:25:47,127250.4581372508,33611.66147600739,511033.2435108359
2022-08-04 13:57:23,127332.57379009007,36798.94820796269,461755.58700552885
2022-08-04 19:39:11,125509.1579871943,36196.848246691094,474793.57630280306
2022-08-04 22:26:24,125422.79059682153,34239.07405746766,486574.810882236
2022-08-05 02:24:28,125466.02796026491,32944.92995945531,470419.6888252815
2022-08-05 02:48:31,125428.96409732231,34434.06666978928,544781.1065297568
2022-08-05 02:50:00,125432.4274918356,33624.08328189591,469141.28161326854
2022-08-05 03:16:13,125621.37043953127,34667.289685291675,510641.00488837756
2022-08-05 12:19:14,126532.70233990019,35762.12823561713,468095.19520209165
2022-08-05 15:14:55,127411.02340120423,33274.697734523616,479928.4310052945
2022-08-05 15:23:59,127536.78947715995,32572.259272249587,482145.78559895366
2022-08-05 16:46:01,128352.49599486182,33697.53184439549,463915.4068024698
2022-08-05 19:33:55,126715.41427275045,35367.10381797899,479212.06336335314
2022-08-05 21:15:20,126608.58272289795,33389.4478466436,468668.8839999948
2022-08-06 00:47:23,130511.99891368697,36906.5642513846,516569.70934230194
2022-08-06 03:07:02,131161.6930436873,31074.45921535356,503240.1120447348
2022-08-06 05:21:34,137108.40976748738,41511.100192015896,569645.4428401046
2022-08-06 16:18:55,141083.32232184891,37159.47996540342,509537.6598457799
2022-08-06 18:44:21,140679.77387824396,36001.790581107765,532125.8719304685
2022-08-06 21:47:06,140300.477008365,36502.31271988526,501874.9029341929
2022-08-07 04:26:14,145846.83306181183,35733.227743319374,563351.2600320944
2022-08-07 08:48:31,152294.54396314407,39316.353543311314,619355.2906892454
2022-08-07 10:24:44,148657.93081969165,36911.01892156304,559042.1098589802
2022-08-07 11:20:32,146794.10325726948,36779.74892835698,618151.8488679961
2022-08-07 15:34:36,146326.59339659323,36808.90211238976,575965.5052503835
2022-08-07 18:50:21,144987.63488422116,43226.472658596445,591160.6195557732
2022-08-07 19:44:32,143781.6143546985,37325.9754315277,511568.6193503297
2022-08-07 19:49:03,143699.04688829483,41221.74976166818,548083.6241506714
2022-08-08 16:07:21,150378.12052081327,39444.54595495312,599764.9310341248
2022-08-08 22:22:42,148733.88236351113,35026.14375799592,568315.8709824706
2022-08-09 03:51:29,150975.2877658511,36522.71486252843,572963.29688055
2022-08-09 04:42:52,153156.01048791027,41112.2929210757,582423.1703755985
2022-08-09 09:06:40,157505.89371953218,42068.71974241927,661529.1818564412
2022-08-09 09:08:02,157450.6883587668,43086.91208900374,624589.3508838918
2022-08-09 09:09:38,157385.55725399783,40289.674097761585,668855.0900426627
2022-08-09 09:38:53,156124.68913489525,40460.64204590704,592194.1768835295
2022-08-09 12:47:28,150072.01328778613,39902.028824054614,597558.0448090613
2022-08-09 15:06:21,150274.0523045583,40178.16286496992,628888.5005691418
2022-08-09 23:45:30,147587.2526648212,38741.924621088765,556238.0371911657
2022-08-10 17:18:24,146061.12071488958,38364.85356547779,523063.14932067145
2022-08-10 17:20:40,146034.6102453544,41231.019523389594,532997.0211457688
2022-08-10 18:18:05,144968.69249959177,40032.3185460784,532733.4304484015
2022-08-10 19:34:00,143000.40643526043,38647.07885050675,539196.4312369988
2022-08-10 20:24:26,142065.429440836,38627.089762828444,540925.9085531043
2022-08-11 09:24:33,146666.41207571473,39421.65155545324,601125.5772839858
2022-08-11 16:38:04,138388.9256002433,39089.90323525854,504216.1297484796
2022-08-11 20:59:05,132169.8209581225,36435.092990226556,487700.01466827985
2022-08-12 00:50:23,132199.59697187343,34761.41421348042,516743.2538827911
2022-08-12 13:32:43,126824.60820457876,35216.224011851016,494285.5796240791
2022-08-12 17:09:48,127551.94379671478,36804.10782641628,530999.5500733133
2022-08-12 19:54:21,124729.25017452544,34913.0381164358,483675.11149425316
2022-08-13 00:24:49,127096.33483617494,34456.12494595451,504893.57826500665
2022-08-13 05:30:23,132593.7098611305,35043.37545721274,512599.82260233414
2022-08-13 08:08:41,136715.24621331907,38728.778169956924,526660.3302048461
2022-08-13 16:11:12,133172.6748704626,36013.941235129496,485299.78205576615
2022-08-14 00:42:38,134029.5284188576,35835.280414174194,502229.6498216866
2022-08-14 02:10:46,133471.70151659776,32119.854832412864,461029.5810937936
2022-08-14 13:46:05,134679.02658062647,37166.20049852635,525562.0159480638
2022-08-14 21:42:52,133175.40392714756,36071.69752812008,481322.8509591147
2022-08-15 07:37:00,145519.71395800074,40028.20761002597,551554.2000405757
2022-08-15 08:39:49,144896.64635968735,34234.59310339899,470260.4515778256
2022-08-15 12:08:05,139384.48809115414,32328.469887468935,544701.0449236726
2022-08-15 12:39:35,139168.61756401122,35220.363050919645,601645.8692814321
2022-08-15 17:42:05,141892.1580253147,35916.88557292515,554664.9321660307
2022-08-15 22:59:26,142219.7988212577,36838.029072048776,494340.06299686147
2022-08-16 00:25:02,143542.87892431775,40023.496626740736,521363.4306766224
2022-08-16 00:54:23,143577.23117316634,37674.78234420231,482483.26461104193
2022-08-16 03:42:55,144444.92026092883,34731.36092726614,553995.4036600585
2022-08-16 05:13:48,148756.05440011743,36113.90861790398,563433.0248587583
2022-08-16 06:38:53,152971.55446306287,37206.58336489048,617833.5149763478
2022-08-16 08:06:44,153947.06244682553,41477.955765663246,597439.1977272347
2022-08-16 10:11:34,150026.7005963676,39722.30515262693,557930.980842162
2022-08-16 16:38:41,148125.71597022485,34801.6406366363,609456.2618783377
2022-08-16 18:01:16,147466.16283548545,38799.42274733776,516902.9103061376
2022-08-17 00:12:53,147573.71307684126,38962.62539047833,616574.9670142586
2022-08-17 02:04:08,146974.71296523887,39866.61919995159,533150.3641347013
2022-08-17 02:26:07,146888.81232980645,41151.757630315646,602190.1992150355
2022-08-17 15:36:23,151296.95948465218,38209.089557429244,567615.0173801417
2022-08-17 15:50:07,151487.27245301908,43211.62366831834,577580.124233827
2022-08-17 15:56:08,151563.84191214218,42505.23370309628,591604.2573072725
2022-08-17 21:52:26,149429.1181377115,37047.03393476382,596339.7825675043
2022-08-18 00:01:50,151895.8865595221,40783.32188931855,609278.576134101
2022-08-18 00:57:09,151900.82815648968,39775.117619620294,600420.1162743752
2022-08-18 02:44:26,151196.54483720326,44893.38057737409,585858.7376345679
2022-08-18 02:48:52,151216.86311034585,43532.07058445618,566448.437589243
2022-08-18 13:42:16,150834.96612288072,37692.35738171306,608690.2210451596
2022-08-18 18:28:58,149333.85808876765,34404.1035754562,582808.6222734128
2022-08-18 21:58:16,146008.58786746376,36286.89020571311,561712.4075428437
2022-08-18 22:52:27,146703.24929813683,37971.10587920716,578729.7250941604
2022-08-19 00:59:41,146691.64156231706,36112.6690006641,541812.8289398733
2022-08-19 02:38:31,145259.4499933052,38517.307404806124,550328.4560610983
2022-08-19 03:26:24,145445.8592004007,39219.47238995315,510428.43710391514
2022-08-19 08:52:50,151420.7143705015,39542.210233623264,548711.5338974842
2022-08-19 17:44:13,144594.04214202438,39015.38640075182,510389.2430426849
2022-08-19 18:10:03,144180.84773517036,39683.48101793111,570819.5174866414
2022-08-19 23:44:24,144970.59663773986,38481.14551849014,548614.1931778725
2022-08-20 00:32:54,145415.55343288815,37122.39224575667,607669.9768387375
2022-08-20 00:36:12,145424.21064895135,36623.8269406771,527432.3980399644
2022-08-20 02:51:48,145371.44376409976,37122.52184001745,564599.8069079521
2022-08-20 03:42:10,146529.0193491583,36673.84360598467,531174.8550391168
2022-08-20 07:50:12,157222.12999243176,40212.62546354749,548744.8172293095
2022-08-20 13:06:41,150754.0110786812,39895.62333010851,590547.1754378752
2022-08-20 13:07:04,150755.31342690947,41274.14397633488,616775.6596838855
2022-08-20 13:07:49,150757.95465965575,34847.79710008534,574567.9605684782
2022-08-20 18:46:35,152519.4113150917,42389.57439626627,576464.8538137502
2022-08-20 19:11:23,152003.39021849213,42626.71847152646,532386.7576795638
2022-08-20 22:27:19,152446.81329190402,42154.47669445424,580583.2477808093
2022-08-21 00:02:50,154255.26648367502,43186.90890999914,594940.5613656046
2022-08-21 00:58:02,154273.69451763656,41926.748479957074,625826.8423262398
2022-08-21 02:53:02,153657.6397280439,40222.17921737181,589250.6483486312
2022-08-21 12:04:53,155029.78744419018,43286.110620403226,666531.9682089534
2022-08-21 13:47:51,154199.4400938328,40228.72154795031,536305.2970557534
2022-08-21 14:33:52,154504.56344801554,40557.6848727757,582848.1262675073
2022-08-21 17:02:22,155408.5876504981,42246.558818462814,587727.3829961478
2022-08-21 17:03:44,155399.25254870503,44497.75882019959,554240.4903609434
2022-08-21 18:23:43,154049.0045602372,40694.98727300693,575010.9179566127
2022-08-21 19:17:31,152629.83807636416,40019.42173895913,550780.5758499403
2022-08-21 19:42:41,152024.8053684717,41023.13448341392,633080.7165938475
2022-08-22 01:31:41,153513.76235170395,41799.47893159311,598383.3487471257
2022-08-22 02:20:45,153109.3351299466,38863.115722900795,612231.0872381545
2022-08-22 04:15:57,155383.06548695947,38450.71582608541,668103.7110516096
2022-08-22 04:31:13,156115.4989440434,41119.48890504951,582386.7482815954
2022-08-22 05:17:27,158684.14396593987,40438.49841276353,597270.3045526848
2022-08-22 05:40:19,160003.0563688118,45654.04241427131,557866.6290419204
2022-08-22 07:29:30,163905.16795525642,41973.672280942796,623732.4746189062
2022-08-22 12:45:15,155850.10909661188,44207.19341044117,624205.0984784071
2022-08-22 13:56:00,156052.62749797496,39723.16825972459,519289.51103606145
2022-08-22 16:31:06,158167.06274070963,43377.65390718183,621834.0402208536
2022-08-22 18:47:55,156737.51802228222,40376.694008930484,632196.6243253131
2022-08-22 20:42:19,154954.89001160057,42745.885878423585,584627.7882248691
2022-08-23 01:03:56,158339.38689675299,44773.69294591678,580554.7663245175
2022-08-23 02:23:08,157719.96863855075,43464.06795447228,609986.8854366554
2022-08-23 11:17:43,160940.4326372029,47609.357432113015,636071.5361084965
2022-08-23 17:35:02,159747.15034907358,36219.74397758119,575780.7346725788
2022-08-23 23:44:38,158068.87227902768,38846.535597812814,583026.7023718393
2022-08-24 01:50:19,157424.68994751602,43139.18430414112,584816.4481633692
2022-08-24 03:32:36,157746.65648126925,40576.33639960424,571644.6684075627
2022-08-24 07:47:01,167531.48195635338,43541.426848048635,637409.2167243259
2022-08-24 11:39:01,159664.24129902155,40614.453730882546,621931.3057866663
2022-08-24 11:42:35,159575.74127981873,41211.23258826909,593726.782867842
2022-08-24 12:36:39,158654.14890248046,42503.662078454865,551335.9917828308
2022-08-24 12:41:49,158606.89521213816,40932.02003688425,621518.6643207713
2022-08-24 19:07:36,158204.94192638312,41018.31126059324,620598.4979759242
2022-08-24 19:48:22,157285.00131434776,40806.621730466264,585697.3124818384
2022-08-24 21:01:49,156682.95582266003,42267.35997959994,572474.9096096699
2022-08-24 22:09:41,157635.17062781888,42029.18172531555,553968.5945471803
2022-08-25 01:54:39,159010.5287402795,40378.70167137442,608955.2114832664
2022-08-25 02:34:45,158756.8315192731,41298.74672847539,620723.8307644287
2022-08-25 02:40:59,158759.2213340858,37291.37853003762,660129.1801227913
2022-08-25 02:45:25,158769.72012866783,37049.96858095333,540900.2787555704
2022-08-25 03:39:03,159579.5206762606,43130.45074933778,552545.8056494173
2022-08-25 04:22:57,161232.08345319756,44056.34087284575,579679.1476810497
2022-08-25 10:44:39,161923.57580980143,41770.90391721757,632571.9831850518
2022-08-25 11:02:11,161191.23831736148,40364.27112322327,581386.0176347408
2022-08-25 11:19:38,160528.9112305705,41419.336332175546,628100.8086999675
2022-08-25 13:45:08,157977.95197260287,42522.40157145557,601133.7002059468
2022-08-25 14:05:44,157996.8527945525,39813.804352191706,638527.0086311748
2022-08-25 15:12:47,158380.01929051464,42769.20504904591,555139.5725115519
2022-08-25 15:15:34,158399.49358347355,39801.509651600456,662090.386564695
2022-08-25 15:29:37,158492.92027083883,38458.49812848375,630954.3884749382
2022-08-25 15:47:24,158589.72668760354,43342.99774954676,539132.9527861914
2022-08-25 16:39:07,158591.92146853378,39859.143626851066,551123.0200119994
2022-08-25 17:09:41,158301.75533593664,41432.19681686021,591518.5094151828
2022-08-25 20:42:32,152922.80861210404,40878.833290092014,553707.4780911261
2022-08-25 21:09:36,152765.9434761382,40598.32996511561,583378.2749979799
2022-08-25 23:05:20,153985.29669232198,39948.02900836346,590373.0814705803
2022-08-25 23:27:25,154224.68490149293,36028.4874544227,555491.6871654572
2022-08-25 23:46:59,154347.18663149685,34459.65362780971,560669.0293331995
2022-08-26 06:22:57,159942.72698130488,41276.15116858089,570708.1506340812
2022-08-26 09:27:08,158039.8967354763,43985.87818096716,636675.1710636219
2022-08-26 09:52:36,156896.44069277126,42276.70889578698,534474.6418801459
2022-08-26 11:41:42,152811.1005434302,43764.01358081122,602442.5728236214
2022-08-26 13:10:03,151603.10923859774,38542.78128232206,534183.777456601
2022-08-26 13:51:11,151689.6655820989,47038.68095608133,566861.7645316144
2022-08-26 14:31:06,152066.5566744525,45484.7252819337,603612.6566689634
2022-08-26 16:10:50,153371.28692296398,37084.481364218234,575152.9553269153
2022-08-26 17:12:21,153560.66575310903,41570.300231953,551397.8803933571
2022-08-26 18:29:21,152566.16760801096,40290.35236400944,572340.4677834049
2022-08-26 19:02:43,151882.4327246911,37629.864675736324,573380.5629477735
2022-08-26 19:32:10,151313.33904139014,41899.06613907018,597496.7844316828
2022-08-26 21:08:53,150890.3219593299,36098.648616200124,577445.2192892339
2022-08-27 03:30:16,156533.44283816867,42913.160834286115,652228.4366949663
2022-08-27 04:53:45,160900.3939146126,41897.74637538521,611953.7009410906
2022-08-27 06:07:45,165819.45427136452,42258.3344176126,612015.6683047405
2022-08-27 06:21:16,166594.12062513997,42704.418074735084,590430.5835469291
2022-08-27 11:19:57,164155.52353485653,46921.90719408227,653476.4322020747
2022-08-27 12:53:29,163390.65087393162,42861.3566585706,612446.5996465875
2022-08-27 15:11:30,165777.05547662664,43908.73482720672,654008.046441267
2022-08-27 15:56:20,166802.56933161977,44872.42437491947,671180.328717087
2022-08-27 16:28:04,167355.5595939866,44951.13925859519,642383.1078960974
2022-08-27 20:01:58,165535.81150813727,45467.94132790382,636225.2362831292
2022-08-27 21:34:20,166126.291903944,43364.94355040675,577144.975457914
2022-08-27 21:55:56,166661.38710807162,40238.493706707595,613863.6658945662
2022-08-27 22:13:27,167165.04072394065,46115.192197743774,584888.3576395591
2022-08-28 00:22:46,170197.09746317696,40698.422077423886,704508.0677260882
2022-08-28 01:13:57,170198.71216364202,43648.445758647526,680845.1478000758
2022-08-28 11:14:39,175483.17903094256,46204.1898537563,622599.7703158422
2022-08-28 18:08:55,175214.6156160886,40572.17108667104,727937.2442171217
2022-08-28 22:26:25,174072.90681759335,46046.15970082741,652185.6129939558
2022-08-29 10:52:41,184130.36947979298,45356.77551629855,695903.490264023
2022-08-29 15:10:38,184135.41277535135,45612.70523036097,673684.2465950489
2022-08-29 21:38:51,183704.16387933953,49441.43572975139,682407.6133122512
2022-08-30 12:02:56,191525.7315575331,49437.781191820315,762934.0910171462
2022-08-30 14:45:13,191429.9669127925,48470.96187418386,678401.252430746
2022-08-30 14:52:39,191544.39714012685,56988.484876598945,754742.6000007808
2022-08-30 15:49:20,192396.9330099494,53033.37780711073,748011.2838477182
2022-08-30 16:53:36,192742.3566210501,46188.49735052568,765831.5966578327
2022-08-30 16:57:19,192726.4972381584,46103.428042622036,732882.7682484636
2022-08-30 20:04:52,188178.39650012087,47856.517658818055,734735.1217662499
2022-08-31 05:36:24,197793.29758485736,55736.08438819751,713086.086424783
2022-08-31 10:06:09,197104.93952382726,53129.14301110712,775141.4651770449
2022-08-31 15:57:53,193495.0336701839,42095.975916816824,789854.2981015061
2022-08-31 17:41:52,193273.5653100622,47482.362221331954,676968.877305955
2022-08-31 19:10:29,190803.552382372,48314.51394987347,715059.7789815774
2022-09-01 13:31:05,187809.2058359151,51481.508922026085,791632.2124419343
2022-09-01 17:22:13,187012.68788376066,53121.515040796556,747662.829191974
2022-09-02 04:05:27,178832.94922211344,46548.642968198095,673335.5251635157
2022-09-02 15:16:06,173860.57993661083,48073.17163329515,703158.7862706383
2022-09-02 15:37:30,174071.72808509474,41414.50154733897,651299.5903633401
2022-09-02 18:28:50,172552.47342442925,48657.45836984218,613340.1501424536
2022-09-02 18:47:20,172012.69140758953,46628.6723776773,634045.8308871131
2022-09-03 16:57:51,179490.7003011955,41505.93512910309,687627.7998329371
2022-09-03 18:05:18,178684.89813784635,44862.50301599583,687423.2527847684
2022-09-03 20:03:26,175749.6748897197,47870.08291128249,700276.2333003249
2022-09-05 02:19:12,171764.10793671763,43289.874702717636,637904.0369139806
2022-09-05 02:31:21,171689.58955258236,41075.87834797367,645272.3620904912
2022-09-05 04:48:56,175627.2680135919,44632.50505157294,689019.4911636872
2022-09-05 11:16:42,174454.9059518516,42146.413177506976,751689.1452988149
2022-09-05 14:17:33,172600.33017434052,45413.055540430454,639564.6167131034
2022-09-05 19:16:01,171156.93498677577,47718.27158593672,647790.2856095961
2022-09-05 19:17:50,171105.6401039502,45334.27922665533,652235.8515216734
2022-09-05 22:32:13,170894.5064271535,49711.87487000736,662486.7751981016
2022-09-06 03:18:21,171279.31972018984,46598.275500886215,634853.4808610586
2022-09-06 04:41:45,174376.6314564864,45751.46897644878,651223.344438765
2022-09-06 10:17:30,174778.8610549139,43451.09532577595,648288.7023545561
2022-09-06 18:01:36,167971.09939677734,45674.28652651661,609097.27911852
2022-09-07 14:13:38,159956.44508807332,43007.43901103523,645171.6266303863
2022-09-07 17:01:52,160425.3372375254,43748.82486547632,603616.6053309271
2022-09-08 01:26:37,155523.9660647296,40823.73188446676,582247.2776467456
2022-09-08 01:44:22,155183.01503151451,39350.16961056224,584507.4716425296
2022-09-08 14:38:36,147892.56533487435,34795.58296398801,587081.4400100394
2022-09-08 18:51:57,143430.37363863658,37987.18634719284,585518.0419462695
2022-09-08 19:13:21,142602.59052375276,35052.47075565387,516221.05772532494
2022-09-08 22:51:08,139604.79592721333,33481.501827376684,484658.1145447707
2022-09-09 09:50:13,136482.88908434287,35701.044236780996,534731.7817840935
2022-09-09 14:00:19,129647.57307382376,31303.190577952846,513042.711052041
2022-09-09 20:05:12,125549.61725942661,30181.00406224501,485854.22990902065
2022-09-09 22:41:28,125899.61696635623,32637.335573357475,526988.1705310688
2022-09-09 23:57:30,126682.34467241804,35897.5592050607,496123.8595671151
2022-09-10 01:20:01,126266.3896375642,32511.115621398752,524320.7802702488
2022-09-10 05:43:42,130958.20863983667,34714.32761308756,523499.7345056746
2022-09-10 20:01:20,123465.09083278483,32091.407820436572,513036.4815917459
2022-09-10 23:15:41,124159.24438674579,34201.93638149207,502275.5770360995
2022-09-11 00:37:09,124265.46075912555,36914.12049076896,494007.383363737
2022-09-11 04:00:19,123605.62896197311,30794.14953746509,488570.3680409572
2022-09-11 07:52:05,128927.5609455976,34786.82061834029,477108.5750071324
2022-09-11 16:05:03,119331.99948019335,29985.963393131187,467503.4235681193
2022-09-11 16:20:38,119298.2005405399,30325.533239876688,435890.92057153344
2022-09-11 18:26:02,117443.31835140428,30681.215772046566,435099.88578284363
2022-09-11 19:17:20,116120.10028416634,30562.492075909577,481099.2928736303
2022-09-11 19:45:26,115454.43908075124,32232.497727182305,441764.97308411717
2022-09-11 19:46:41,115427.3996196644,31033.36969543451,462422.4745683591
2022-09-12 02:24:15,114140.75692099954,29527.44323764556,453968.9300123554
2022-09-12 06:23:27,119603.61313147587,32384.47455419434,475149.06382114143
2022-09-12 09:27:41,118016.5905669292,32452.22359568049,465451.6758427809
2022-09-12 09:29:50,117942.92426967503,31105.667695215983,479730.240089941
2022-09-12 09:31:50,117874.11895339277,32425.216340671224,463737.7218123115
2022-09-12 18:09:12,112660.50108486686,29454.11108955204,408220.69940655906
2022-09-13 15:27:05,108824.00232856406,30064.551262884015,413290.8722308719
2022-09-13 15:29:31,108832.70603076223,28559.555108641038,423163.88546534744
2022-09-13 15:31:50,108840.73871334149,28188.506532910767,419843.0138599268
2022-09-13 17:26:28,108449.24891279709,30342.964307535734,403665.0832768389
2022-09-13 20:32:37,104993.83801919654,25817.47884740132,390032.5964599616
2022-09-13 22:52:55,105550.29954802323,27895.57513772599,412439.57760681654
2022-09-14 15:47:37,104423.97346133152,28744.84518737601,394192.42028594157
2022-09-14 21:11:01,101489.38298924577,26523.858539822733,373314.5154442215
2022-09-14 21:48:27,101716.12868876664,26364.125845286046,360650.387275168
2022-09-15 00:56:24,102873.50731601764,25556.550806770218,364448.1028866195
2022-09-15 01:00:13,102844.94948784335,28741.532782350274,402134.1090155195
2022-09-15 01:43:09,102452.62548052537,25982.81311639632,386727.6064167396
2022-09-15 02:54:27,102099.73202066538,26975.07651850369,405566.185533697
2022-09-15 10:19:35,103988.68722219113,29363.128000337518,426199.1596151776
2022-09-15 10:22:47,103887.1579148583,28268.50720016769,424300.0325003897
2022-09-15 17:00:47,100409.98235714031,31427.862678501,340908.49702374416
2022-09-15 20:49:11,96605.26115225657,25224.620726325084,381751.4059148248
2022-09-16 16:14:11,96009.85487260821,23732.49882540453,359558.4406118802
2022-09-17 02:58:23,97262.35682737346,24394.77563372953,381120.66716973507
2022-09-17 09:07:23,105023.86878441906,26998.16574003928,436988.8506301474
2022-09-17 16:55:59,104787.0356956014,25161.838967498956,389445.25747227937
2022-09-17 18:13:23,104587.84034802536,28107.389887367048,395330.90329909645
2022-09-17 19:45:59,103627.96059766729,26612.130065396912,372669.3042934298
2022-09-17 21:54:59,104245.7273887849,27817.525049916643,422836.0901085716
2022-09-17 22:36:23,105033.86393339165,26222.46238594375,406483.0100504644
2022-09-18 01:43:59,106450.08078672762,26115.859265762352,400537.21160529024
2022-09-18 07:04:11,114311.21481819438,28573.39272423146,398085.05085341114
2022-09-18 10:35:59,111044.40107962918,27495.464078350436,389634.1381749006
2022-09-18 12:54:35,109047.18894386663,31058.541322955192,447713.3211792302
2022-09-18 14:09:35,109306.07832797781,29343.031131132626,379784.36006881495
2022-09-18 16:38:23,110681.94855316593,31353.46136457102,417235.4311322419
2022-09-19 04:06:47,112779.9923927718,31002.44748740283,467324.80562223867
2022-09-19 05:20:47,115877.33871339781,29666.736702916758,406326.77926477155
2022-09-19 07:21:47,119932.18537944819,30802.955037597592,449177.34701912093
2022-09-19 10:25:35,117065.03683500725,28967.574901851065,500342.6717774029
2022-09-19 14:09:11,115689.99328332394,29671.599889991856,407814.8806872575
2022-09-19 16:13:11,117427.2715219047,27433.3488577662,449380.9563762153
2022-09-19 16:18:59,117486.57985350929,29525.554995219645,437769.6239715387
2022-09-19 16:55:59,117731.61423900785,32404.38049354956,412961.7718666552
2022-09-19 19:58:11,116069.75456799837,30331.18195388939,460819.5284788428
2022-09-20 08:30:59,127254.30565698832,33490.01141721606,449375.56054334785
2022-09-20 15:36:23,121949.67717139193,31897.844777295344,408074.2629888699
2022-09-20 15:44:35,122019.72731063234,27677.72877998369,506238.9431255636
2022-09-20 15:47:35,122043.93506967291,33970.22615086958,484537.24893028394
2022-09-20 16:32:23,122271.49435583089,31672.344395184668,483581.53235940594
2022-09-20 16:54:35,122259.10509330315,31334.071395126408,471549.60160732485
2022-09-20 17:48:23,121805.48726018175,33345.70397726686,485636.6088669294
2022-09-20 19:30:35,119860.69657297745,29406.14279194844,475074.53723364073
2022-09-20 19:46:47,119574.38529657245,34490.09041801974,446176.78810200264
2022-09-20 21:45:11,119261.50797100252,32162.16942340953,515375.7570698044
2022-09-20 21:52:59,119355.56919748372,28228.369897788263,438531.8888143703
2022-09-20 21:55:11,119383.8775730651,30001.60572334185,488098.6384069716
2022-09-20 21:58:23,119426.32860684549,30191.835631024882,449439.05641098786
2022-09-21 14:04:59,120805.29706198903,29680.638908381017,462127.2438825263
2022-09-21 19:30:47,119382.48843891665,30627.385012448998,417801.3362874357
2022-09-21 23:56:47,120225.16085098674,30532.563403865788,459339.6898602184
2022-09-22 03:06:59,119107.18406058665,32076.143327723425,441277.4812155645
2022-09-22 04:06:23,120092.42934003504,29971.09655949805,512836.1208769852
2022-09-22 11:57:11,117454.16175306436,30320.95360515761,453124.4601512389
2022-09-22 17:25:47,115024.6941979703,27407.430519861326,456010.37676843134
2022-09-23 00:39:11,110066.2163110201,30826.329410070637,416547.8939472179
2022-09-23 01:04:11,109700.36815609406,32830.9191673367,391946.9025986584
2022-09-23 02:23:47,108403.68671911792,27194.016875897254,448875.69153909053
2022-09-23 02:42:35,108216.27510463235,29133.7315523072,430590.0001438081
2022-09-23 06:25:35,112311.97886174238,28757.18062606937,419652.77424607
2022-09-23 10:35:11,107370.390537754,29776.17367841229,414296.3637402962
2022-09-23 12:06:59,104902.99396664425,29608.755673046402,391608.7530287969
2022-09-23 15:43:35,104167.6390276644,27788.619395629245,419496.91620449984
2022-09-23 16:32:47,104190.61406846654,28348.14581501655,408472.7845756176
2022-09-23 16:56:23,104088.24739223825,25578.207936088413,381271.6921504012
2022-09-23 18:12:47,103134.16799114866,28447.866483166523,402720.2751739702
2022-09-23 19:45:35,101371.09150598332,25946.942203507082,432569.16834254615
2022-09-23 19:50:35,101292.93555287403,26317.490620405995,376739.05893081066
2022-09-23 19:58:59,101170.87960188129,27890.68552917675,376174.4709813335
2022-09-23 22:09:47,101170.82960356986,27168.196473298776,390458.3777347715
2022-09-24 00:12:35,102337.99649251136,28747.006128762685,402757.68164398306
2022-09-24 00:44:23,102287.82346183296,28428.460227774383,404310.03774317936
2022-09-24 00:48:59,102267.16490528779,26327.883653734156,381466.56554869085
2022-09-24 00:54:11,102240.4041909831,27067.43696345482,387663.9352019792
2022-09-24 00:57:11,102223.44958147124,25026.63320743172,377495.16107471596
2022-09-24 00:59:11,102211.57508207162,26226.66688255296,406123.65917765367
2022-09-24 01:34:35,101953.1455936072,29543.40106976169,355891.43727555097
2022-09-24 01:48:23,101847.79505028613,26085.47610468297,380804.5215510063
2022-09-24 05:18:35,105268.25593935137,27923.104502762366,388232.8792799318
2022-09-24 06:27:11,107595.19412833959,27629.98121101991,403685.3473897744
2022-09-24 08:13:11,108348.62720730391,28567.73516457419,498012.9931360401
2022-09-24 08:42:59,107844.95045555469,28936.005324975802,392310.21133049316
2022-09-24 09:44:47,106259.63746907946,29392.12436832659,401192.85420815274
2022-09-24 10:18:23,105316.55089377267,25606.874448951658,406097.86832008895
2022-09-24 14:35:35,103001.68065459582,28083.74650397077,372685.6578070152
2022-09-25 01:59:23,101517.05255208653,25735.48811239712,355214.8308046947
2022-09-25 04:58:35,103618.03801158755,27147.884692598436,410789.29950007447
2022-09-25 05:50:47,105307.00465596975,28146.561438706573,368807.91805700754
2022-09-25 11:14:59,101218.491517467,24782.997397452604,372889.9246655924
2022-09-25 16:39:59,99574.71451940612,23158.37449882425,413282.73847459006
2022-09-25 20:44:23,96102.14882800754,26505.312923269907,370838.9597385599
2022-09-25 22:53:35,96833.0675901093,26721.53397519327,358409.5560444504
2022-09-25 23:36:11,97187.60399889565,25732.975849339484,364849.0548751345
2022-09-25 23:41:35,97215.8181700034,25513.83209697862,379815.3483892462
2022-09-26 03:38:35,96776.86072269164,24782.58727374529,398455.5049295087
2022-09-26 05:50:11,100572.10283055832,24921.99017374721,348844.55093951966
2022-09-26 06:02:23,100947.00863417957,24748.04001515607,359277.41401210945
2022-09-26 06:17:47,101377.4056856734,30327.00156244514,402753.2673817569
2022-09-26 08:31:23,101892.99826658193,27201.758156392018,386837.83088346454
2022-09-26 08:58:47,101316.2289850234,28532.429533296072,378347.0437017802
2022-09-26 12:50:23,96709.67518099233,27921.131236942696,392942.55490849743
2022-09-26 14:36:59,96976.50099894103,24813.798846899383,343920.91205521335
2022-09-26 15:15:11,97289.17113752077,26359.183959869843,367199.85674787476
2022-09-26 15:36:47,97463.81174008393,23251.568083771468,368612.76948343817
2022-09-26 21:03:35,95380.78934620465,22580.347282878327,398521.20382922696
2022-09-26 21:05:35,95386.40306237535,25693.283528280193,359891.8368753656
2022-09-27 03:45:47,97252.1959107905,23754.230567543353,400709.95486757945
2022-09-27 03:57:11,97488.81036537814,26896.85265407939,350249.05647825205
2022-09-27 11:43:35,97649.8826499719,24477.136007491736,340748.56651121256
2022-09-27 14:20:47,96898.99389095977,27350.677341521074,402111.5305780146
2022-09-27 14:21:23,96901.88415117384,23412.04211394199,344912.83110602526
2022-09-27 17:25:59,97328.21507714788,24298.15784304842,394050.55096957035
2022-09-27 20:35:23,94755.62686525511,24308.482111861,357805.6288071402
2022-09-27 21:19:47,94745.58427871754,21779.719522877916,377258.1957551261
2022-09-28 03:31:11,96012.69291892617,23839.44660393311,360645.87314185855
2022-09-28 03:41:23,96179.5768999129,26105.81836126084,372506.1423407905
2022-09-28 03:44:11,96230.77225500037,24669.25159131637,388778.6669293478
2022-09-28 03:46:59,96284.26080593416,24195.731103444497,365123.28464154154
2022-09-28 05:01:23,98400.8611948835,23467.462187011977,348785.11866051983
2022-09-28 09:38:11,100128.85127043964,28131.93576499108,394654.851936037
2022-09-28 19:30:23,96579.19415759745,26135.742861023256,364146.25011321635
2022-09-29 02:36:35,97709.71700314227,26156.71518449426,388988.72920279537
2022-09-29 02:37:47,97711.24398632097,25885.906081595687,345594.29794648377
2022-09-30 00:44:35,96694.90043046363,27968.506039703672,368928.252834721
2022-09-30 09:03:59,100584.63429335452,25489.625833176837,448161.75519571424
2022-09-30 14:11:35,96510.62067109812,25880.910427346615,389576.140519105
2022-09-30 16:18:35,97707.73342726607,25390.314870498703,408369.49161123496
2022-09-30 19:08:23,96887.05810307268,24415.190914202594,345302.28172203235
2022-10-01 20:08:11,107456.02121533368,26507.49590241576,402457.79224954185
2022-10-01 22:51:47,109430.10376885421,31293.673133215372,372226.52531884797
2022-10-01 23:34:35,110203.20459030404,30662.79560536589,394938.4534499946
2022-10-02 02:36:23,110591.36139881975,28500.552582823366,398058.00911842776
2022-10-02 05:25:59,115440.86907097808,31719.397245076576,426600.56359951326
2022-10-02 09:37:59,116945.30489372418,29516.268576656836,459046.19580935745
2022-10-02 15:55:23,114379.69979389627,29733.909729684976,433421.8953742608
2022-10-03 02:28:11,114290.4450159468,32366.30287078607,492548.3596925189
2022-10-03 20:25:11,117114.81110332767,31266.63410325699,439239.0273067121
2022-10-03 20:58:59,117106.33111819265,31203.49528526559,373005.06537331885
2022-10-04 14:37:47,119598.20536240123,25877.480923800616,424804.077492842
2022-10-04 20:00:11,116678.54440723555,31182.722073863773,445999.55401074264
2022-10-04 23:16:23,117312.14757196206,28250.275231935568,415285.5981309117
2022-10-05 00:09:23,117567.37424065488,30756.695650923266,434862.07763080485
2022-10-05 15:35:11,115482.65442027466,29189.890622017563,439968.9405503918
2022-10-05 21:45:47,111841.75174087724,29069.277008405923,422167.99852021993
2022-10-05 22:33:11,112323.33311787674,31131.001397388667,440068.2557766788
2022-10-05 23:20:11,112807.99523477156,26490.84737657211,418664.774535497
2022-10-06 01:14:11,112451.04662657663,28275.479893447635,433776.5705435913
2022-10-06 02:05:59,111787.24824610831,29618.511293277494,382366.04032996943
2022-10-06 13:47:11,107358.81410168961,28333.287180992244,405506.291767734
2022-10-06 23:03:59,101494.63533854343,28920.171244766978,376815.24592943676
2022-10-07 11:28:47,96694.81002340533,26419.235543717772,397058.8078781854
2022-10-07 16:24:23,95221.91714529728,26279.61732015921,333585.86308411293
2022-10-08 08:37:11,99050.22173705949,26723.359659646594,382786.0823921269
2022-10-08 09:11:23,98359.10074274903,26858.807759637974,411503.14983193035
2022-10-08 09:14:35,98285.36772935624,25062.01714522813,363102.9450515266
2022-10-08 09:17:23,98219.94254622873,26198.189814472185,459775.30748178734
2022-10-08 13:27:35,94484.4429263345,23216.566083922567,382855.0560107925
2022-10-08 19:18:35,94174.78554315455,25478.167167283056,391408.5874700754
2022-10-09 00:46:47,94982.1682436224,23940.113412570678,347882.2661266133
2022-10-09 16:36:23,94420.97897372927,24668.987769069623,362685.1109459016
2022-10-09 23:20:59,92990.75451620424,22488.23480844579,400787.1369873004
2022-10-09 23:22:11,93002.53119856941,24185.43602620605,391801.1139520613
2022-10-10 00:39:47,93297.46276061473,26257.951318878066,377170.5617164818
2022-10-10 11:48:11,95124.54754238384,21381.793084533092,365514.75411738036
2022-10-10 13:18:59,94735.26091904994,24966.56266639952,337072.1345233352
2022-10-10 16:41:23,96396.87743620056,27025.38873539995,344254.1074103766
2022-10-10 17:36:59,96341.21171828095,25040.580229188487,367118.6930547977
2022-10-11 07:19:35,104060.28283389052,26383.132645045782,358745.8138592353
2022-10-11 15:28:47,99743.75844600773,26219.685491374283,389445.79754945915
2022-10-11 16:01:35,100005.08008490701,25451.08519005633,418274.59936579945
2022-10-11 16:06:35,100036.95506324159,26388.413975168427,360412.8703778028
2022-10-11 19:16:35,98669.0284984236,24875.17407431859,351150.5909761563
2022-10-11 21:24:59,98041.44441394588,25198.610261848073,358667.22755933675
2022-10-12 01:22:59,99913.0477518664,25099.981894686818,374384.1160416822
2022-10-12 02:30:11,99673.01094918902,27527.144503076874,394342.8117306956
2022-10-12 02:31:35,99674.485129859,24277.814257686627,356688.7294349207
2022-10-12 02:48:59,99730.5206953016,25716.988035210466,415334.44716198865
2022-10-12 05:23:47,103794.60322376763,28273.51563605726,400092.9147263698
2022-10-12 06:03:11,105272.53775829176,28577.77949599901,376771.11958414
2022-10-12 15:53:47,103771.15559531914,26888.91231972973,355472.0638681649
2022-10-12 17:31:11,104102.12972621882,24466.31457724762,391532.99942024634
2022-10-12 21:19:59,102501.04453602197,26755.641872446027,352053.8046186156
2022-10-13 01:32:11,104784.10695857869,25433.105471845174,406235.0880636394
2022-10-13 02:06:35,104632.46084994786,26497.73166903263,400156.92300817854
2022-10-13 02:07:47,104629.01622961562,27372.682436407555,416842.14047350123
2022-10-13 05:46:11,109725.65073964398,25984.540757981114,396938.04247771145
2022-10-13 08:33:47,111563.29987240386,26822.87868871458,405541.79492298694
2022-10-13 13:23:59,105759.33114645405,26527.074073047654,379646.24544503255
2022-10-13 21:28:11,103268.87713801341,28067.44271346827,392532.86194343556
2022-10-13 21:42:23,103357.84191212908,27570.724153100844,410968.92172986415
2022-10-13 22:09:35,103612.84606354819,27402.494237549025,416159.2101127422
2022-10-13 23:49:11,104588.8054282717,25421.438814902012,425302.3350442558
2022-10-14 10:24:47,106348.58446166858,24413.694468931095,358685.28499322105
2022-10-14 12:46:59,103945.45542405621,26273.451844100447,364327.7525551115
2022-10-14 14:56:59,104549.42286319191,26276.841852262034,443904.17415457434
2022-10-14 18:45:23,104627.20046481249,27652.512071664478,389758.89304038126
2022-10-15 00:21:35,106799.65019455853,29026.757888337048,391058.02549366397
2022-10-15 07:33:11,116480.19995446647,28995.339615661134,411984.0555191182
2022-10-15 08:53:47,116031.64875618872,32818.524068004954,508352.33920804807
2022-10-15 14:37:23,113419.86474535735,29810.24800419541,491533.7009272393
2022-10-15 19:01:47,114215.44077023114,28863.893052684667,426354.40839729196
2022-10-16 06:22:47,122934.55631413808,33664.25815009826,486413.86036489985
2022-10-16 07:17:59,124100.31191319866,35994.46641466395,447338.96575923555
2022-10-16 11:00:11,119118.94168196342,31427.57953549808,476014.921910072
2022-10-16 16:07:11,118225.1846058155,31937.043858717243,410852.7553287732
2022-10-16 17:05:59,118240.95327724524,31653.780601870003,459888.67771046225
2022-10-16 19:29:23,115985.22495743391,32104.27791575502,428304.5915784024
2022-10-16 23:31:11,116990.85817630643,29551.283091591296,505538.8570135845
2022-10-17 00:00:47,117232.57655982551,37586.42418937186,448214.4703350751
2022-10-17 09:33:11,122579.12686575878,32432.69438731114,449228.0027570619
2022-10-17 15:15:47,119265.55463683931,29667.644438319643,462296.568053536
2022-10-18 01:42:35,118876.91441683052,29394.720512022457,463829.1598172951
2022-10-18 04:25:11,120434.00544827025,30498.94844533811,474875.6033019337
2022-10-18 04:58:23,121703.37483936777,31696.40962543194,497354.6920037858
2022-10-18 15:51:47,118227.84743064186,30013.306129610744,433993.7706706909
2022-10-18 16:25:23,118261.66981874246,30737.22947129179,446907.43741297175
2022-10-18 22:13:59,114364.2247620381,29077.608028947863,429273.5486827654
2022-10-19 01:16:35,114711.42269656085,28606.764219365,382329.5152554008
2022-10-19 10:32:23,115398.45454812738,30124.744806551116,458298.8974408665
2022-10-19 18:05:47,111799.66501753246,29074.184686186858,442635.74979797524
2022-10-19 18:37:11,111160.76931682842,29081.840108831173,438519.95232415956
2022-10-19 19:50:47,109615.08369403693,28678.743133029762,434914.70663274755
2022-10-19 22:19:23,109342.16304408252,27223.20378020731,431878.4267180405
2022-10-20 00:08:59,110122.35762507663,27000.820806625365,408798.008724021
2022-10-20 00:55:47,109827.86947200731,27915.706823946617,409364.3369986644
2022-10-20 05:21:23,111711.5696908086,24603.455132247083,395351.34031852026
2022-10-20 09:46:59,110513.9169298758,29799.401165606567,411899.6718686086
2022-10-20 19:37:59,100546.64102720638,28287.921863374104,371053.84813482664
2022-10-21 00:32:35,99022.64843836246,26363.714675757143,399640.80137824494
2022-10-21 00:56:23,98721.3821000209,25190.33552418858,405677.7142689213
2022-10-21 02:20:11,97452.34459428997,25696.859884387966,366415.06648261874
2022-10-21 03:18:59,97150.53137642021,25334.100437811307,355677.9739777435
2022-10-21 12:47:11,93698.04435779578,23822.563274865824,373668.32871286524
2022-10-21 12:53:35,93637.43288010269,24074.795142363688,351948.26575750293
2022-10-21 13:43:59,93368.5338069422,24321.04078720113,361493.7912358243
2022-10-21 14:14:47,93358.75590833621,26079.408300319636,348507.1063724803
2022-10-21 14:44:11,93425.3076372237,21706.174050821715,363793.4315486209
2022-10-21 14:49:35,93442.8769680796,23996.85217326978,376867.5443625355
2022-10-21 16:44:35,93644.01974028972,24440.409565491922,355174.13304099825
2022-10-21 18:05:35,92881.70701800648,22838.16006925041,335998.5632982591
2022-10-22 02:51:23,91811.8140650476,22921.928191873172,363088.5800538826
2022-10-22 03:54:59,92645.74688127758,24593.409023690027,320065.90148666536
2022-10-22 05:53:59,96407.52921374961,23217.53514652832,371526.14898695616
2022-10-22 19:02:11,93336.77482306071,25763.132559334386,331531.5885863941
2022-10-22 19:03:11,93321.51832476152,22729.15657063323,341421.5659983689
2022-10-22 20:03:47,92525.5619517634,25197.096300788806,325612.1515421474
2022-10-23 00:16:11,93906.54750905349,26893.961977566574,353503.66077430046
2022-10-23 01:12:47,93674.76885996091,24886.949832304123,357512.9658561018
2022-10-23 02:59:35,93172.98306276921,24947.287104036524,367786.42087028676
2022-10-23 13:06:11,92324.50932783546,24297.84577506075,344626.24295446515
2022-10-23 13:37:23,92233.42717702447,24473.285485135362,331902.7175521548
2022-10-23 16:28:47,92731.5348045538,26686.284209686994,338891.4984127691
2022-10-23 21:34:59,89844.75117675986,23242.33057188552,360348.8939527137
2022-10-24 19:35:23,90740.9182188492,23297.852184599185,298699.62724247464
2022-10-24 19:37:59,90708.97911970057,24376.88652650303,353049.1305171553
2022-10-25 02:39:35,91469.1045340642,23074.920645115773,353554.4535131656
2022-10-25 02:54:47,91506.27088950212,21538.887844597495,344757.3620509614
2022-10-25 06:07:47,96162.6364857485,23652.474831806827,338168.4193617616
2022-10-25 10:15:59,94247.41077438812,26262.920898597982,364739.6738035811
2022-10-25 13:29:23,91418.9182233822,22112.80134249149,366571.19441030035
2022-10-25 17:16:59,91837.87185193622,23431.65248914448,338807.060376316
2022-10-25 17:52:11,91479.13113947686,20355.22439965928,394575.26503619587
2022-10-25 20:52:59,89092.5488374352,22086.968292790818,322156.02151570877
2022-10-25 22:26:59,89620.08261080476,23295.969764931393,352046.0449861587
2022-10-25 23:22:35,90162.39072590615,24345.823816026266,331194.04644468054
2022-10-26 01:51:11,89775.74743407908,22804.389931584537,354212.7407011897
2022-10-26 01:53:59,89754.35276863881,24043.481362675568,334985.8092465179
2022-10-26 04:00:23,90306.15950811672,22564.60730334581,388065.95926909166
2022-10-26 04:02:11,90343.08962561171,25716.91739897046,336426.25854730903
2022-10-26 04:12:35,90571.93492706418,21870.583355199302,381506.281851022
2022-10-26 08:15:11,94830.76004991957,24171.247186968256,363527.16578929656
2022-10-26 09:15:35,93633.26709523203,23060.704742801998,387744.0623703991
2022-10-26 14:18:47,89643.2807290894,21436.590993639125,363518.3372929285
2022-10-26 15:04:11,89923.97251235518,22843.218910963344,355078.4788872462
2022-10-26 17:57:59,89886.91423389541,22282.283876560654,344735.64760868554
2022-10-26 19:12:35,88803.55995565852,22158.03767499107,341891.0145275633
2022-10-26 20:18:47,88004.8317237413,21079.229315805595,340789.3678170237
2022-10-26 23:46:47,89232.27489262284,24025.718905054535,358880.29616074543
2022-10-27 00:33:23,89273.28376585412,23913.850566825775,349224.279292423
2022-10-27 15:42:47,87137.75385304565,22632.89049338615,338149.173242402
2022-10-27 19:08:23,84916.89377120163,21101.157791549093,349509.8190412946
2022-10-27 23:40:59,83992.51261806914,23047.66729774566,319594.35215698404
2022-10-28 00:13:11,83952.61985420214,22701.563315422496,315982.7071000735
2022-10-28 00:21:59,83913.94001248054,23576.26197040701,302913.4132415942
2022-10-28 04:39:47,83892.83120130302,21958.40409124949,308883.578820002
2022-10-28 06:50:59,86721.69628509472,22916.16657598216,316679.95048351435
2022-10-29 03:24:47,82188.1309986058,20013.106215928936,308745.6355832683
2022-10-29 03:36:35,82380.65481148707,21303.451383334537,314731.4841253252
2022-10-29 07:41:11,88502.80435689818,20895.725036814103,327729.43902212614
2022-10-29 08:11:35,88456.9955808261,24498.00808510594,351026.95719331875
2022-10-29 21:34:59,85604.31674964154,21442.101426385227,336148.6404213558
2022-10-30 04:22:59,88735.01826633197,22596.438647513154,327664.79259295
2022-10-30 06:41:47,92835.04070673643,24843.635335641393,383631.65758027224
2022-10-30 09:48:59,91317.4416219818,24384.525362098433,320917.1912405097
2022-10-30 13:57:47,88452.90534031266,23539.677026130612,335108.55006283685
2022-10-31 01:41:23,89275.07936954366,23045.375122323854,375200.6376286879
2022-10-31 01:44:23,89263.5079150454,21758.1584091692,342759.0748556897
2022-10-31 01:57:35,89218.4575221176,22920.973817841066,326394.2249145057
2022-10-31 02:33:59,89196.58665690357,21020.84423786297,355735.5843122275
2022-10-31 03:14:47,89487.36234069396,23959.493993432476,357882.2542302307
2022-10-31 09:33:47,94871.4000286702,24901.81291844021,372512.78737106785
2022-10-31 12:57:11,92237.78470301663,24134.89426989746,337982.56304021593
2022-10-31 15:01:47,93251.9655315717,22163.164734294474,363652.93943918473
2022-10-31 17:11:59,94334.88507698274,26930.19829168178,336219.1118823943
2022-10-31 17:29:35,94312.78872123729,26298.750419927317,375208.87566083163
2022-10-31 21:31:59,93316.64365767174,24137.46927296028,365696.0472988277
2022-10-31 21:57:23,93670.20087521778,25166.920134885695,335199.4319380388
2022-10-31 22:40:59,94416.15039368063,25085.90384811207,390445.6891073364
2022-11-01 02:30:59,95601.02312793914,25917.316644505463,377993.11037754593
2022-11-01 02:46:23,95672.14542831088,23569.703829234797,383161.7812376575
2022-11-01 03:49:59,96629.47413779677,22483.091971689802,376520.795123205
2022-11-01 03:50:35,96644.04568635389,26574.07396204891,354258.84019165946
2022-11-01 03:51:35,96668.5575177614,22866.72012352342,382091.60543687915
2022-11-01 06:40:23,102369.62144517616,24908.780750045837,407034.08272122213
2022-11-01 06:41:23,102393.35996614002,26494.220648224047,414167.22447685344
2022-11-01 07:03:59,102837.18240780279,28575.76657258323,431195.7597076375
2022-11-01 14:47:23,98833.42436190363,27140.086534191432,380702.172985001
2022-11-01 18:10:35,99280.95982689159,24259.61655974598,380914.84586140304
2022-11-01 21:03:11,97688.74081994439,24592.752527020893,378164.11732814135
2022-11-02 03:05:47,99849.29309581035,28248.823460314554,373553.6485211262
2022-11-02 03:11:59,99920.58256685852,25101.75616358252,354694.4702751475
2022-11-02 03:15:23,99964.5695198524,25035.269293957634,393283.8195397724
2022-11-02 03:15:35,99967.26619222962,26816.56997077156,400003.9393159068
2022-11-02 06:29:35,106192.79273898674,30315.037187600403,393103.6290118218
2022-11-02 13:39:23,102602.28182639104,27938.347142078597,371499.2837733466
2022-11-02 14:48:11,103266.05978189489,30733.601818525232,403966.64700310363
2022-11-03 12:16:23,106504.56145446436,28278.309975065553,436636.04255138483
2022-11-03 14:35:35,106291.25307617594,27318.43299322603,408570.7786897896
2022-11-03 20:28:23,103596.62964681117,26492.996765887,373252.8520101173
2022-11-04 00:14:59,104818.20494069417,25650.865607660828,431717.7380491682
2022-11-04 00:26:59,104789.5928595006,29106.346890083525,454171.53898402944
2022-11-04 01:03:59,104550.26111120445,26478.93259868074,413033.6207252864
2022-11-04 01:09:47,104496.95966259435,28197.873665344814,420052.6929677968
2022-11-04 01:10:11,104493.1765119007,28767.995205588617,435535.4630169824
2022-11-04 02:02:35,103975.75675261044,26467.73509293081,383454.3094646548
2022-11-04 02:03:59,103963.96773796064,27587.365127526224,382385.27372211026
2022-11-04 14:46:11,104395.16056327378,29145.76342922203,417762.6572730328
2022-11-04 19:21:35,104024.29083875087,26151.533326394925,441576.43801553117
2022-11-04 22:18:11,104654.97474896898,28024.580117977985,409301.09449461004
2022-11-04 22:46:11,105210.82672435751,26464.587646374657,404796.05361643835
2022-11-04 23:16:35,105786.70939617956,28727.092793078955,376896.34444923216
2022-11-05 10:32:23,113418.78072777516,30292.89288229011,417439.93974237714
2022-11-05 12:35:59,111930.65591557942,30116.163405381296,447285.3594759999
2022-11-05 14:27:11,112767.35784092249,26374.825820056092,421511.2688607395
2022-11-06 02:50:47,115320.38052213428,31479.221287761804,447484.3189145246
2022-11-06 18:38:35,115976.3082212465,31451.460121446784,421295.05379486806
2022-11-06 19:20:35,115140.73728251421,27791.009170564717,483880.1891848557
2022-11-07 05:03:35,119033.19959149287,30156.159290108702,423120.13904490153
2022-11-07 17:43:35,118264.01984014614,31491.59060996617,446347.70477220806
2022-11-07 19:12:23,116795.45772522566,32816.68268376845,436182.7894290606
2022-11-07 20:09:23,115934.73818273617,27987.3069348168,447674.3342902516
2022-11-07 20:43:47,115720.47574811487,31047.05414627994,443971.4696490987
2022-11-07 20:58:23,115719.00085741663,29073.20654083852,389355.0610872559
2022-11-07 21:36:47,115963.62832754075,28287.30210689297,417774.1414334267
2022-11-07 23:48:47,117786.20675253306,26796.881495971258,453627.1113750606
2022-11-08 01:10:35,117676.24796225515,31262.940326141314,458549.26538288634
2022-11-08 06:25:11,123367.97643136252,32099.84556641923,476065.95152521715
2022-11-08 07:52:59,124204.47712027199,34731.558482966146,469144.8694413618
2022-11-08 07:56:59,124160.81611412046,35320.50165348943,483574.3044465791
2022-11-08 16:20:23,116553.986404553,29708.094006222003,437235.39061474905
2022-11-08 16:49:47,116454.43587222997,29524.607439068077,474099.83277135
2022-11-08 20:05:59,112798.93313960453,31174.955459219513,451171.08089739014
2022-11-08 22:06:47,112543.69184888121,27442.790556663684,457424.4134522459
2022-11-08 22:19:23,112672.23476420598,27889.212011312255,431302.3734293859
2022-11-09 00:02:59,113452.87307171497,29072.204190915712,425316.15036527684
2022-11-09 01:41:11,112594.81017927406,26674.890261722012,397489.55872236955
2022-11-09 03:50:59,112610.80380707164,29373.430915658388,426119.1769224318
2022-11-09 05:47:11,116314.32497457694,35009.183686609635,445887.09098718147
2022-11-09 10:04:11,114397.77968066168,29932.981925091553,470275.608062358
2022-11-09 10:06:35,114313.81608965942,31835.652768595584,430990.001406599
2022-11-09 17:04:59,110602.29885920264,28915.1759986954,450788.15917975124
2022-11-09 17:47:47,110094.12538828718,28615.42331119555,383483.62791081547
2022-11-09 18:48:23,108905.98009556127,28669.792834823846,401187.12999282795
2022-11-09 19:13:35,108352.70289192215,27591.492341020876,366533.95204735314
2022-11-09 21:32:47,106937.42389678177,27392.165342917357,385455.1152520151
2022-11-09 23:06:23,107797.81464302805,27441.544018902918,404469.89769650565
2022-11-09 23:24:47,107942.06731270316,27443.520211182302,436473.0458480697
2022-11-09 23:32:11,107985.98574598976,28332.629282269656,432052.44627975515
2022-11-10 01:08:23,107613.58843643416,28942.300509603127,404964.39686928294
2022-11-10 03:02:47,106604.54219572217,27075.645650183626,430719.79339730355
2022-11-10 03:06:47,106615.0851507154,28615.37485243347,368356.67378845956
2022-11-10 03:06:59,106615.73997626938,29664.080095408215,410931.1535677868
2022-11-10 04:05:11,107342.37582428176,26982.245915258798,415768.5409121146
2022-11-10 04:10:23,107457.44873780526,29872.347319076383,404185.79497572425
2022-11-10 04:47:59,108477.27270499333,28592.486853468454,411121.2930949791
2022-11-10 05:02:11,108922.44944247942,25968.449099847887,394616.7668791378
2022-11-10 06:04:59,110855.79718414093,28165.40485417331,420216.2206628681
2022-11-10 10:20:23,107075.16700950265,28220.31547374334,451498.153206547
2022-11-10 11:07:11,105493.22987810358,28298.791091902254,415927.4103566726
2022-11-10 12:19:59,103693.96412585407,29127.75158358859,401996.7399041417
2022-11-10 12:43:59,103299.12946919125,29181.47165983726,449974.0045225561
2022-11-10 13:34:59,102759.8425373187,24832.692094368427,378981.60475039436
2022-11-10 14:01:23,102616.55307931452,27061.610630784628,389145.03749333136
2022-11-10 14:40:23,102522.93119708486,25924.448121690584,362332.0153616214
2022-11-10 14:40:59,102522.23604440199,27320.253903392055,411706.8008591809
2022-11-10 19:54:23,98096.32785136742,25295.419986330642,381536.32972603734
2022-11-10 22:23:23,97071.85286802238,23053.69308579025,375670.58078159974
2022-11-11 00:26:23,97008.195670483,25064.64801989352,373923.58543911576
2022-11-11 02:41:47,95193.67365458861,24372.268518782912,393981.0039017594
2022-11-11 03:16:11,95096.15573991962,24580.98611782681,338466.7346377338
2022-11-11 03:33:35,95173.89613446101,29521.585913967072,396315.97940378904
2022-11-11 04:46:59,96395.99918193133,21912.741459834986,378802.48348933214
2022-11-11 07:20:47,99150.60496954183,25854.690980300948,416190.84644424485
2022-11-11 07:31:59,99106.15509752961,24951.2639552208,353394.8282005598
2022-11-11 08:07:35,98678.75325804425,23991.446496898287,405086.4250175452
2022-11-11 08:49:35,97705.11288144493,26443.161331638526,405795.5628752697
2022-11-11 09:33:59,96344.32111003563,27006.67086177467,392158.77522311796
2022-11-11 09:52:23,95744.2783578659,25924.315887729786,394593.7806194638
2022-11-11 10:17:23,94940.48547727983,25249.575178901294,346680.5965676742
2022-11-11 10:18:23,94909.0758916539,23404.822784013806,327730.47561198863
2022-11-11 12:12:59,92149.32831095299,22087.21176253582,322154.6144815874
2022-11-11 14:46:59,91473.8091746046,25936.772435769708,350782.6446169325
2022-11-11 16:42:47,91694.81976929969,20899.336946234984,354869.8387789688
2022-11-11 16:44:59,91687.83101666071,24494.723370633033,339327.2629989336
2022-11-11 17:59:47,91033.36033024086,23180.89089205301,301822.95331899857
2022-11-11 18:55:23,90142.56698976424,21775.229488709105,363322.94565680245
2022-11-11 19:01:35,90037.07138502738,23455.66092468196,326183.5991520805
2022-11-11 19:51:59,89267.63393872922,23962.58143756189,334557.7210823869
2022-11-11 23:36:35,90243.64633590491,23810.943654079936,326337.86558376567
2022-11-12 00:58:59,90354.07759722193,23922.271469073337,324972.8245913838
2022-11-12 03:18:11,90205.2292028874,21603.31803818133,339364.7835979304
2022-11-12 04:29:23,91719.21771751145,23846.37317764987,319714.7333827144
2022-11-12 07:35:47,96457.51372382841,25014.366676883557,414620.51314925833
2022-11-12 07:53:59,96442.26857477993,25215.863146134376,378235.1037095919
2022-11-12 08:29:11,96119.84331404386,25720.204281426028,363184.69856872555
2022-11-12 10:46:59,93172.05916555914,26729.2720449443,385242.05689527775
2022-11-12 11:14:59,92650.3484095923,24971.951181112036,343288.15611083154
2022-11-12 15:20:47,92530.13415913055,23979.125857362054,335750.59146055643
2022-11-12 18:02:11,92627.77864648093,25272.06284935451,386725.0944671688
2022-11-12 18:17:35,92445.9359259793,23887.03414145112,369808.13446873444
2022-11-12 18:23:47,92365.95270665066,24805.61045026589,331551.73907237244
2022-11-12 19:53:47,91150.00514721006,25165.585596141605,348904.9439700274
2022-11-12 20:19:59,90931.4773930396,24586.84594239962,299601.2749145048
2022-11-12 21:41:47,91075.89359317174,23602.225101789834,372456.0990970269
2022-11-12 22:01:35,91279.83754664712,25205.056333604258,342215.4093425141
2022-11-12 22:09:11,91368.93361655518,23862.887420064366,338765.5364065818
2022-11-12 23:48:11,92453.87485557933,24670.058254147683,307982.3394126792
2022-11-12 23:56:59,92497.53785522174,23558.494218792515,317258.9704168094
2022-11-13 09:33:23,95506.10866048335,24732.29773660294,377685.68999671703
2022-11-13 10:34:47,93822.5246263015,23750.58757770126,363964.4920283206
2022-11-13 14:51:11,91659.715014257,23837.270059305712,378804.8569558886
2022-11-13 14:57:23,91693.66347564783,23017.011904637395,317659.38970031834
2022-11-13 15:47:23,91957.71368806365,26095.913834668667,346288.210416078
2022-11-13 18:16:35,91228.81407541744,24616.043472156736,372817.8293261104
2022-11-13 22:23:59,89929.6723338899,25332.67041595174,358396.03230936866
2022-11-13 23:06:47,90430.55999813975,24621.177238676082,325364.2408462343
2022-11-13 23:56:23,90816.55807101207,23256.33862606898,348681.70923249447
2022-11-14 03:25:11,90604.60899113711,25347.90035294214,308417.540795975
2022-11-14 04:06:59,91385.61490160138,24067.226163014187,361472.2667353966
2022-11-14 04:43:11,92404.63165938553,23480.093805350934,354919.03756387014
2022-11-14 14:42:11,92265.4933008385,23504.24199058611,378336.38991535024
2022-11-14 15:05:59,92491.94462104692,23472.873232095673,352593.77234015183
2022-11-14 16:23:47,93120.5077575602,26388.4948687909,327732.4623070153
2022-11-14 17:28:59,93117.37110061257,22472.59305123405,338587.8277922155
2022-11-14 18:08:23,92799.90919006879,23477.144901298474,350692.2533414074
2022-11-14 18:23:11,92631.52281688295,21899.856103509734,381099.9297512643
2022-11-14 19:21:11,91874.5093496234,24462.13729055191,393275.32433091896
2022-11-14 19:35:11,91705.81112585207,22844.560889222685,339147.3401910762
2022-11-14 19:35:47,91698.98025581353,21617.371959669774,336058.1136110409
2022-11-14 20:12:11,91372.29291669566,21780.900921693366,332957.3282547473
2022-11-14 22:28:59,92218.02459129094,20586.137249865922,354941.98361738736
2022-11-14 22:37:47,92347.43222320813,22313.419155684358,364357.05161255377
2022-11-14 22:59:23,92657.92113923354,22976.177693172176,345478.95003532217
2022-11-15 00:21:59,93356.9938302368,23047.95516335555,365961.32518164127
2022-11-15 00:30:35,93365.36145822218,22763.03784846913,401127.47506002313
2022-11-15 01:48:11,93064.68921191509,22553.127608279498,360573.7935913382
2022-11-15 01:52:11,93044.43064236642,23386.534052585925,342091.3610759665
2022-11-15 02:25:23,92938.11092535351,22735.90590250333,356446.2302429253
2022-11-15 02:42:59,92953.33438768327,24645.450415546995,351026.3932152533
2022-11-15 03:09:59,93115.56388070158,24328.70826667637,371267.10840257147
2022-11-15 03:35:59,93457.5648447876,27413.55580860165,360560.80359250243
2022-11-15 05:07:47,95993.4370028066,26019.042635762264,333873.5499118721
2022-11-15 05:08:47,96028.06177403145,25228.08035399031,378206.5980217438
2022-11-15 05:12:11,96146.02959259908,24465.028920016222,348953.2441778637
2022-11-15 05:36:23,96982.42630108769,23969.640944178394,361372.25368378963
2022-11-15 07:07:59,99222.35237192677,23952.104882205393,362455.62787151523
2022-11-15 07:16:11,99297.32460947028,28409.005289021385,389767.66781584785
2022-11-15 07:47:35,99357.20098049317,26291.28658021621,391542.9581851546
2022-11-15 08:28:23,98936.4251851529,28839.299200388494,419610.99045932025
2022-11-15 09:10:59,98050.02655294613,26798.557205576933,374926.90032166464
2022-11-15 09:26:47,97651.70821691367,25607.86489741503,412865.8748213402
2022-11-15 12:06:47,94157.62277426402,22630.240667826292,314364.9916142392
2022-11-15 12:12:35,94091.92786930694,24874.76466448656,354814.794471292
2022-11-15 12:28:35,93937.93277121245,23529.685877115702,356814.95356146886
2022-11-15 13:26:35,93697.34100771023,25760.54723592379,359228.50975792896
2022-11-15 13:31:11,93697.75223214476,24336.76227927137,315142.6228394894
2022-11-15 13:31:35,93697.90985287583,24646.221190644505,364780.5745717702
2022-11-15 13:47:11,93718.5679126673,28347.46197158627,346666.3027749849
2022-11-15 13:53:59,93735.91944625399,25418.775791102395,354755.91303376894
2022-11-15 14:23:47,93862.13889935322,21529.236828177563,393288.0393566636
2022-11-15 14:27:47,93884.24251528487,24810.73816573102,344110.61645992944
2022-11-15 14:33:23,93916.78769983732,25050.97091039035,363190.2518092459
2022-11-15 15:04:23,94119.47817276635,23866.466089381727,368643.54731795524
2022-11-15 15:08:11,94145.55317834496,24465.965019574214,354178.8519173152
2022-11-15 15:12:35,94175.68903307518,23134.226797037183,333083.0042960545
2022-11-15 15:20:59,94232.53607564555,24751.90085553636,351179.96131587675
2022-11-15 15:31:11,94299.07063023433,23658.097372343695,335089.60621566576
2022-11-15 15:36:59,94335.0103267025,24600.486809814305,386799.12135268043
2022-11-15 15:46:23,94389.26009156942,23972.600181846956,352478.6598106126
2022-11-15 15:58:59,94451.95680492344,24886.199946405333,388229.67587555415
2022-11-15 16:17:35,94516.89650914777,24388.078944814868,358656.7014508864
2022-11-15 16:34:47,94540.06080189938,24447.80680363214,369496.62664205837
2022-11-15 16:43:59,94535.54485737983,25663.38866577833,328392.7014008929
2022-11-15 17:32:23,94292.06528049754,24480.409639026915,415154.3308832611
2022-11-15 17:48:35,94127.32461829614,23961.085614939708,360446.34371637576
2022-11-15 17:52:35,94080.75921664492,27127.177776697354,379773.47035878355
2022-11-15 18:25:23,93626.12161408651,25012.265202832077,351720.0216584551
2022-11-15 18:28:11,93582.50915896866,26461.410305391793,367324.3352941807
2022-11-15 20:06:47,92110.53682838826,21842.937545794197,361933.96105952555
2022-11-15 20:30:23,91923.54986461837,24158.10517323328,355841.02332188137
2022-11-15 21:21:23,91900.10568989045,24014.31208201743,361625.67342195346
2022-11-15 21:22:11,91903.84186664048,26700.608810504276,360854.08389061707
2022-11-15 21:24:59,91917.8332231355,25011.99101905227,320911.64735781326
2022-11-15 21:28:59,91940.23707061044,23546.924071999652,368870.3425190894
2022-11-15 21:45:59,92064.69585868095,22383.1648112688,352958.16148500744
2022-11-15 21:54:59,92147.37630299451,22650.092508951377,333978.3642624639
2022-11-15 21:57:11,92169.0900079434,22605.078787637605,345056.8216204492
2022-11-15 22:13:11,92341.35209624645,22660.05695447216,354922.9537642401
2022-11-15 22:19:47,92418.05083150258,24693.06908514768,328338.8034882764
2022-11-15 22:26:23,92496.81699386975,24553.48748135211,329895.3902112591
2022-11-15 23:12:23,93031.94945261271,23484.18939834618,376664.02405520657
2022-11-16 00:36:35,93370.09667449637,25177.109424592552,370685.9375737043
2022-11-16 01:00:11,93265.34367471379,25110.018107667784,342914.7812856408
2022-11-16 01:07:59,93217.09481785465,26087.518957796092,354564.53535504744
2022-11-16 01:08:11,93215.79002272635,22120.378060432107,385441.2788734708
2022-11-16 01:34:35,93026.0440949171,24134.33104776435,346909.0875256754
2022-11-16 01:38:47,92994.8047035286,26814.808312086272,369910.6321958797
2022-11-16 02:05:11,92818.43843065969,24501.24893783419,379003.5457578015
2022-11-16 02:30:47,92723.740637982,25807.55077910787,347464.4762765814
2022-11-16 02:35:59,92718.67340139356,23530.489379773986,364365.4986367193
2022-11-16 09:03:11,97716.80004138958,23730.07855629314,364390.7603700469
2022-11-16 12:48:35,93450.73235877728,24695.250701529523,342973.18213120487
2022-11-16 12:52:47,93433.81606757533,23564.773400447597,357386.97537208826
2022-11-16 13:39:35,93410.78405820986,23003.730289712275,357398.5640007648
2022-11-16 13:41:35,93415.99952698304,24917.17470571597,354859.0842306902
2022-11-16 14:21:11,93602.9045735393,24232.654694830424,348352.79898312077
2022-11-16 16:01:59,94348.83422094867,25436.09258008995,398870.2254032189
2022-11-16 18:52:59,93290.22844188186,24537.159433951394,359561.3928003258
2022-11-16 19:16:59,92924.3893869074,23152.208071486995,348767.71899396525
2022-11-17 00:41:35,93729.34114160201,23208.658124078604,377221.46219106705
2022-11-17 06:29:23,98067.65703641961,27312.08417818319,349273.32120138704
2022-11-17 16:24:23,91994.61948228293,23867.476299731974,361578.70644326817
2022-11-17 16:48:35,91889.09804994898,25482.174943512324,344375.6965720006
2022-11-17 22:03:11,88240.62542365311,23143.725641376925,348228.90320181847
2022-11-17 23:48:47,88771.76018225418,23896.72602401361,345071.1028660672
2022-11-18 03:08:23,87347.53261565333,23263.874838834472,356942.172487723
2022-11-18 05:15:59,89572.82284257884,23316.68380925226,324638.65029417054
2022-11-18 06:48:35,91568.00626182293,25490.904520799468,355129.91198105935
2022-11-18 07:25:35,91764.44319024472,25128.01808304689,373256.3654963685
2022-11-18 08:05:47,91474.2394901165,23164.392171706768,365823.9287241723
2022-11-18 11:53:47,86229.92422096485,22264.65046755682,330232.97221890814
2022-11-18 12:13:23,85968.3303507364,20179.67973371008,347616.3147580161
2022-11-18 15:15:11,85834.59340453846,22488.22869966903,324019.1492499609
2022-11-18 18:06:35,85583.03191878439,22361.317712982833,336724.2441103655
2022-11-18 22:17:59,84574.57223662913,22621.59046781949,360628.7381525704
2022-11-19 05:52:59,90172.04968991148,24280.771657046527,355151.98253677925
2022-11-19 12:12:47,88165.27943381059,23015.830768293035,356803.6498428339
2022-11-19 22:30:47,88353.50246926611,23546.943136287202,339581.01322212233
2022-11-19 23:22:11,88965.50526402752,22492.729731767857,340247.9446215017
2022-11-21 00:05:23,87337.39102660841,24261.780224726637,319249.4680940739
2022-11-21 01:45:23,86910.76549185872,21046.240812543514,339762.62194253353
2022-11-21 02:31:47,86696.92394887254,23054.44893754785,339110.72592308646
2022-11-21 03:24:23,86942.50074937794,21566.748031824813,340616.7700962624
2022-11-21 05:45:35,90549.47737777409,25159.02212027188,343976.9367144674
2022-11-21 09:43:11,90522.63768402387,22716.656241518198,351149.54293096677
2022-11-21 09:50:59,90334.61738136986,25997.728370048524,361709.7856233957
2022-11-21 11:25:35,88345.69219965275,22155.654309997426,336939.6844176118
2022-11-21 11:27:47,88311.35907279952,25399.078021161986,345185.42832806736
2022-11-21 14:12:11,87673.73023932756,22740.774063812194,371873.67485047923
2022-11-21 15:12:35,88121.47268544712,24703.229875219506,302821.2692947835
2022-11-21 17:37:47,88439.67005004873,23152.109750629555,365276.69595360843
2022-11-21 18:33:35,87838.87433012645,23853.440341893413,317813.9027670277
2022-11-21 18:40:23,87747.23516029793,24908.73891804709,318422.87624903145
2022-11-21 19:03:11,87431.32755805583,22732.012927160456,341827.3858369715
2022-11-21 20:59:35,86522.24094033678,20594.03698626563,324753.9204509923
2022-11-21 21:02:23,86527.99579057025,24109.85216291215,373322.87015246385
2022-11-21 21:17:23,86583.61958869777,21536.488703174386,336753.12383552064
2022-11-22 01:48:35,87841.08585010434,24962.338752898053,335819.63363937923
2022-11-22 03:27:35,87966.21976633143,23461.08224264199,297075.26000896946
2022-11-22 03:32:23,88028.66482428058,22769.729799380315,383186.792009165
2022-11-22 03:42:23,88178.51233777309,20841.939026202683,319050.67066095304
2022-11-22 03:43:23,88194.95525617799,21911.849036089923,340146.0739590641
2022-11-22 11:08:11,89067.03547941674,24543.269320530613,355259.90284962073
2022-11-22 12:53:35,87685.43265058985,23167.386282885614,381102.89729495655
2022-11-22 13:24:35,87575.50030762663,24333.730787287197,368430.0220298033
2022-11-22 13:28:35,87569.95035304312,20588.271727166604,323322.91358254175
2022-11-22 14:56:11,87807.06430231653,21006.83766628362,338323.53467304225
2022-11-22 15:26:11,87961.17917058006,22979.52913230449,334003.252674057
2022-11-22 15:54:35,88081.10878736668,21497.869646940202,338825.81232712226
2022-11-22 16:56:47,88079.08992483144,24467.87510024473,334874.7887435591
2022-11-22 17:01:47,88056.60192112694,22078.497061225513,338786.092862736
2022-11-22 17:43:11,87725.92090254225,23448.903448840763,325953.33836333005
2022-11-22 19:06:11,86489.6213592996,20556.292062406752,307671.1925931229
2022-11-22 21:11:59,85335.45548681315,21483.14625060553,273499.2012707515
2022-11-22 23:06:35,86242.0706904319,24193.16498379482,330826.3605537714
2022-11-22 23:20:47,86359.80782379626,22430.39602933572,342333.2567753774
2022-11-23 00:30:23,86540.34456520305,23052.49915247829,345113.3376413194
2022-11-23 03:11:59,85896.02286656796,21803.495575859266,345843.0198535668
2022-11-23 03:40:35,86203.93497185013,23326.048569736613,343512.80933462555
2022-11-23 03:40:59,86209.77957850187,20701.428113331167,314266.6972305862
2022-11-23 05:35:47,89137.02020773831,24174.904694622397,327981.1139727859
2022-11-23 05:37:23,89184.32203914472,23358.78685163769,348573.11070151796
2022-11-23 07:15:11,91137.32392237807,24059.741950523447,357389.65583780315
2022-11-23 07:18:59,91158.53759305502,22537.08486836882,337061.407274527
2022-11-23 10:58:35,87365.71205947967,23913.876376128585,331191.0547750824
2022-11-23 12:45:35,86003.55956497892,22758.67013714011,351093.41973346233
2022-11-23 13:52:47,85952.4251806588,24261.23646214924,313586.17038436676
2022-11-23 16:02:23,86706.21279692989,22854.776624565788,328929.5992175193
2022-11-23 16:33:47,86796.8948384189,21514.19839820336,325210.4317927581
2022-11-23 16:50:23,86795.92860564281,22733.452853058214,329007.8632445044
2022-11-23 16:50:59,86795.17706814544,23615.413287486655,329329.9402251484
2022-11-23 16:55:35,86787.69357294403,22662.252645516215,320412.8715466352
2022-11-23 17:26:47,86654.22368094909,22769.465280393288,342802.4617021304
2022-11-23 17:27:23,86650.23569992105,22838.21728071623,379876.6911230633
2022-11-23 17:33:47,86604.43233408648,24072.866880101472,342411.26496130606
2022-11-23 17:34:35,86598.29131599172,20154.51979031476,373170.66433420195
2022-11-23 18:58:59,85567.49862133787,23072.21091418728,314192.73730767966
2022-11-23 20:47:47,84517.6357690221,21087.287733147947,315415.76004200074
2022-11-23 22:40:23,85317.36163116498,22070.268128799387,311110.2460005401
2022-11-23 23:09:23,85633.04871062853,23602.24043292731,337401.90757503884
2022-11-24 00:36:47,85979.11567602916,22833.729490356858,342896.90956538374
2022-11-24 01:04:35,85854.51928043556,21665.32402504293,341750.32096145704
2022-11-24 01:59:35,85479.4378381405,21939.97958022041,332883.1527435799
2022-11-24 03:19:59,85504.39300544566,21819.65086239536,322587.1963420962
2022-11-24 03:39:47,85735.42679964568,22177.93459866674,299794.0821163419
2022-11-24 03:50:35,85903.91868853194,24010.982100932997,352873.63440694124
2022-11-24 03:59:35,86066.45046862912,23535.767424856396,313944.9199142749
2022-11-24 04:44:11,87124.45343873958,20587.169091897707,312968.1022194068
2022-11-24 05:28:59,88421.51260496788,23002.34019723955,323087.00962121837
2022-11-24 08:42:23,89719.72792114783,23645.867933296824,337594.6609446198
2022-11-24 13:08:23,84481.40553952847,20479.253682876875,310568.5520149771
2022-11-24 14:08:47,84361.13067921175,20797.45978938823,311562.40182496974
2022-11-24 14:43:23,84425.25552425998,24048.39169545451,322463.4261190902
2022-11-24 15:02:11,84479.40774103628,23332.907855838315,332303.5221301464
2022-11-24 17:13:47,84345.6386107745,21255.78484952923,345262.3972683589
2022-11-24 17:48:11,83963.87651656797,22586.90170860256,304536.1971486742
2022-11-24 18:02:23,83760.7106119778,20392.363266837943,307205.4352058042
2022-11-24 18:22:23,83438.74666427121,22172.320343499283,341009.26358503156
2022-11-24 19:46:11,81979.70747289425,19824.0205842395,293884.2269347583
2022-11-24 19:49:35,81928.9124320494,20925.39870202025,299286.3023909001
2022-11-24 20:13:23,81617.0657162466,22990.537017581384,309785.8774968998
2022-11-24 22:56:35,81768.90689128567,20179.238558153,332833.44209783874
2022-11-25 03:09:35,80891.26429622182,21812.56236500155,345596.61676773656
2022-11-25 07:00:47,85205.3157059957,22316.796485486946,324294.75103690947
2022-11-25 08:48:47,84424.40578714827,22259.045160025173,348663.61099905067
2022-11-25 08:50:47,84384.04263657948,24107.350095636008,307566.45949865883
2022-11-25 13:54:35,80068.93429607118,23192.23006572624,305669.55580748705
2022-11-25 13:55:59,80073.33406985382,22694.640751028754,278689.7880424937
2022-11-25 14:01:23,80091.9792018209,21368.612737046547,316611.9030905547
2022-11-25 15:15:35,80532.4935148824,20155.456279727907,309645.2340593146
2022-11-25 16:01:11,80823.68080174286,22271.141238471533,321061.9061686337
2022-11-25 17:20:23,80911.3344631736,21298.890247384858,309869.82146605995
2022-11-25 18:21:23,80458.31004900705,19936.596311129677,298470.3118994894
2022-11-25 21:17:35,79467.41288550767,19005.128880800017,298894.9293969336
2022-11-25 21:30:59,79576.86761021758,18885.183154048125,315144.8536899481
2022-11-26 02:58:23,81778.3577375734,21827.570061789353,299188.05218101986
2022-11-26 03:01:35,81809.85890982395,20606.440966713573,289296.195065703
2022-11-26 03:08:23,81884.92166406488,20705.99015252922,301664.7945612701
2022-11-26 03:12:23,81934.35976350293,21055.06983014386,298377.78885789996
2022-11-26 03:25:35,82126.10148834636,22162.01111173634,308906.7841358593
2022-11-26 03:30:23,82206.88894113239,20089.017828508433,264262.14934133546
2022-11-26 04:00:23,82844.91915953338,20845.73881481137,338653.8256391533
2022-11-26 04:15:35,83250.88345827069,22225.152883107894,291626.2629110879
2022-11-26 04:29:35,83667.41499043818,21089.104481315997,303270.5356242963
2022-11-26 06:31:23,87685.01103816048,23586.314602761948,310204.0429941924
2022-11-26 06:52:23,88165.1231375328,23687.11861809185,321677.75631545956
2022-11-26 07:01:47,88338.24475783728,23351.916777561186,350774.5194051418
2022-11-26 07:23:11,88628.6350230916,21827.41529423796,350188.751350065
2022-11-26 07:44:11,88770.69724238722,25483.87233708503,330951.9155311644
2022-11-26 07:46:23,88777.51084556918,22890.02456691428,333594.9813177287
2022-11-26 12:09:11,85631.79204138233,21503.269141501318,343548.2138114293
2022-11-26 12:16:59,85602.66911565371,21022.217601467586,308449.1392727947
2022-11-26 12:18:23,85598.35586008751,22116.94971217745,314769.04914079764
2022-11-26 12:23:35,85584.76007537355,23397.130680937913,343110.17392165354
2022-11-26 12:42:11,85567.0395700721,24049.67157081455,300327.4024090103
2022-11-26 13:04:47,85608.4186484686,24535.312199182932,329123.93993940775
2022-11-26 13:24:11,85695.5609018156,21973.00556148679,330807.62936951965
2022-11-26 13:46:23,85848.11945438261,22092.51733445932,332188.6444342658
2022-11-26 13:49:59,85877.67521126392,23318.447854600836,329103.45221698616
2022-11-26 13:55:11,85922.54560230776,24016.65310901048,332864.5940011918
2022-11-26 14:03:23,85998.25003915904,22217.460590220486,309681.16227288335
2022-11-26 14:56:59,86601.94285962216,22890.649895915267,371676.32772305707
2022-11-26 15:26:59,86971.38822088913,22760.39392722832,342444.8164673762
2022-11-26 15:33:23,87047.79299082865,20491.90660083252,332692.5423606238
2022-11-26 16:08:23,87422.08275351046,22257.31447436926,358000.0318709404
2022-11-26 16:09:35,87433.1109503593,22842.690055728955,347198.71466846886
2022-11-26 16:26:35,87572.37395125482,23247.432392123585,310334.5582286815
2022-11-26 16:26:47,87573.80953613891,22930.89406643097,331700.8210451975
2022-11-26 16:43:59,87677.58947257034,21939.299106449023,370666.7301724075
2022-11-26 17:30:23,87740.50091692392,22439.32993088033,342142.1470884551
2022-11-26 17:47:47,87679.86120225218,23602.38029214208,301820.88756080007
2022-11-26 17:52:23,87656.70556948378,23339.60829391184,352232.6707829486
2022-11-26 18:51:11,87170.79196522044,24309.357066755143,308063.0360119345
2022-11-26 18:53:23,87148.66232078138,22028.069150364172,311354.4285477562
2022-11-26 19:03:47,87043.80729025188,21545.567748842357,344504.50474562333
2022-11-26 19:13:35,86946.50483066241,22485.105418906267,329404.58708270936
2022-11-26 19:19:59,86884.91407612749,23545.781938870474,319905.90236804093
2022-11-26 19:20:11,86883.02334444082,21823.253815045176,337744.67574124417
2022-11-26 19:23:35,86851.24691947098,21743.74760359959,309036.3539692742
2022-11-26 19:51:47,86625.64033757026,22417.91363614741,342625.76399185415
2022-11-26 20:56:23,86545.03701966983,22927.118940681874,336763.9088896423
2022-11-26 21:34:59,86858.00822775954,22735.895502563937,328439.17702622333
2022-11-26 22:23:47,87545.58305049849,23667.50118302363,349672.3628287917
2022-11-26 22:24:23,87555.11867886235,21217.881797859874,348005.6693997809
2022-11-26 22:47:47,87928.82913591678,24424.09310750416,330188.05671120423
2022-11-26 22:59:11,88105.52375025286,23234.55176388941,332277.2379443932
2022-11-27 01:30:11,88871.95103542061,24086.594874517832,311536.6846777565
2022-11-27 03:16:35,89072.26709398394,23828.51477235825,381802.16423793585
2022-11-27 03:54:23,89736.38147042676,22827.427999451782,341023.0289484225
2022-11-27 04:22:35,90469.31322482193,21187.18956343892,338482.09349826403
2022-11-27 08:21:11,95188.2093504425,24275.22634793788,395966.48378115473
2022-11-27 12:09:59,90852.26781238383,24343.528324010946,378928.305819578
2022-11-27 13:12:35,90579.40216087269,22856.824808246627,375328.4610021795
2022-11-27 13:15:11,90579.9805420157,24897.698681801878,331594.6279376271
2022-11-27 13:20:35,90583.96718199427,25415.559219991148,388559.52786735987
2022-11-27 15:18:35,91333.47237765367,23845.671323602797,373152.1858852131
2022-11-27 15:38:11,91499.90184020868,24520.19187875967,364095.0380111749
2022-11-27 16:47:47,91846.94716366932,24467.797299135123,343964.8103963319
2022-11-27 16:56:47,91847.54880859461,22914.381137844404,388314.66677295946
2022-11-27 16:57:23,91847.15173215244,25125.30479208434,379083.2761911201
2022-11-27 17:01:47,91842.54393113485,26500.211929980538,382187.27117582987
2022-11-27 17:03:35,91839.79365522161,21518.739038637523,319684.1456532006
2022-11-27 18:30:47,91147.77112693217,24633.533107676572,353188.5685873192
2022-11-27 20:50:11,89885.78724179624,22658.548394204034,337186.6241929577
2022-11-27 22:38:35,90993.8669921523,24353.02199482014,361615.2582720573
2022-11-28 01:15:47,92030.68653512068,24551.360212114767,325758.29163433146
2022-11-28 02:13:47,91851.88271715741,22478.090448905783,403410.761502595
2022-11-28 03:20:35,92260.51762004381,25280.819240116452,337522.7836926657
2022-11-28 06:54:23,98679.3709985884,25795.437833117132,416212.1593089337
2022-11-28 07:08:11,98911.68616029655,25314.023858087836,398726.6848859172
2022-11-28 10:48:59,96187.31170592779,28249.40019807148,371582.436968704
2022-11-28 12:10:23,95162.29576837158,24207.66691121376,361278.52086708124
2022-11-28 16:23:35,96949.85336339855,26094.39405452995,395359.86655498634
2022-11-28 17:10:11,97129.81969153498,24101.993282408886,381705.9160332116
2022-11-28 19:35:59,95906.86340494733,24559.295660823387,403674.96012996865
2022-11-28 20:07:59,95666.43325980303,23644.96200011103,359458.93819008145
2022-11-29 02:03:47,98080.5721923023,27420.773149715664,365745.5370684123
2022-11-29 06:21:59,104270.1902755761,25465.21180270427,429910.84727012075
2022-11-29 06:39:35,104734.44725303554,27791.035862343993,362720.19143304485
2022-11-29 10:34:11,102082.02405037566,26686.837275882917,399760.98914744554
2022-11-29 18:17:35,100493.8673694832,25311.763569884537,409708.34139441943
2022-11-29 20:01:59,98931.39315161896,23917.53331017255,353614.22884049907
2022-11-30 00:09:23,100547.37193559593,26811.750626233854,385679.4576145987
2022-11-30 02:37:11,99986.32972063546,25313.80084910475,395052.3639701622
2022-11-30 03:03:23,100095.47568798064,27204.46407803891,413098.23012632405
2022-11-30 03:56:35,100936.0955526904,25966.294454951778,351572.26946805586
2022-11-30 08:13:35,106690.62200375581,29385.189356527586,389029.44842282974
2022-11-30 08:59:11,105855.39352609354,26885.096515281268,375205.87948574673
2022-11-30 09:18:11,105385.54711943731,28984.549602100153,404112.86169975065
2022-11-30 18:58:47,101302.22491827435,25586.15989146289,421163.2406979949
2022-11-30 23:16:11,101687.04235081036,30126.27266781841,368699.6190434044
2022-11-30 23:52:23,102010.39477620917,24541.35072317231,372213.9789116097
2022-12-01 04:47:59,103691.64752497249,26937.579564590596,402718.7826717131
2022-12-01 15:35:11,100511.70869993231,25396.562106606045,395187.8911616688
2022-12-01 17:18:35,100142.81368343867,25636.153187393735,356201.3819705403
2022-12-01 22:05:35,96521.39816692185,26870.95183487767,403059.5102790928
2022-12-02 00:28:35,96983.36022694506,24720.770786435296,416646.7211491925
2022-12-02 11:10:47,95432.54777246148,28577.690110854845,382338.7101975364
2022-12-02 11:26:59,95083.11328775827,23462.86807724934,358260.7523008606
2022-12-02 11:49:59,94659.15875470823,23147.562153022543,349981.92466609995
2022-12-02 14:03:11,93852.85067887639,25361.18732749297,377325.72709410917
2022-12-02 22:46:23,93451.42055383496,22591.866996584264,332454.6933553253
2022-12-03 00:09:59,94365.03853922982,22137.00333982875,371519.7777571036
2022-12-03 00:15:23,94388.48209118814,27573.9012105541,354864.5050243406
2022-12-03 00:30:11,94427.76344163682,26068.48718100293,339002.0082452375
2022-12-03 04:58:11,97321.25739001302,24120.525320474888,385086.7498333193
2022-12-03 05:30:59,98577.68837240284,27303.919102829997,377487.6967561736
2022-12-03 08:16:11,101548.52947837718,26442.152285093613,390777.5574164861
2022-12-03 20:09:35,97081.27989425359,25976.15367750126,367369.9034133174
2022-12-04 00:45:11,98981.24704093431,24908.3602480469,342401.6860108421
2022-12-04 08:34:47,104108.15595430815,25938.701360189094,375121.104392957
2022-12-04 09:59:11,101838.96020348885,26446.522065216002,440132.5968753029
2022-12-04 13:26:59,98318.28102604745,25997.821084057203,381461.69983578345
2022-12-04 13:36:23,98312.03336402377,27301.23713267133,378485.38444829755
2022-12-04 15:44:47,98897.10948852125,26718.621582712083,420645.8863922422
2022-12-04 18:15:11,98162.01291737893,26606.40093686761,353714.7482483263
2022-12-04 20:11:35,96319.55814008554,25000.925710872387,355382.157716697
2022-12-04 22:04:59,96496.4919388906,25391.980622662693,421342.20395240723
2022-12-04 22:39:11,96916.94160257766,26167.37712694816,403787.930573432
2022-12-05 02:06:11,97131.89296274757,25007.903023249102,345170.405993673
2022-12-05 02:51:59,97076.21268276598,27345.617807337505,342909.288094988
2022-12-05 03:11:35,97205.0353661117,26986.100832204127,374464.29870416166
2022-12-05 04:11:47,98306.42156071519,26548.407672860667,351297.7407442103
2022-12-05 04:33:23,98939.94988952731,23084.60376000008,371198.05668138416
2022-12-05 04:55:23,99674.38549736192,25363.126582284345,378815.0378365116
2022-12-05 14:02:23,98376.32746989299,26961.217487829646,378965.4521159508
2022-12-05 15:23:47,99065.68207765622,24640.837623593114,379027.5155073179
2022-12-05 21:30:23,97409.69526467568,25039.88534852091,404217.6642211772
2022-12-06 01:27:47,98904.31203094781,26917.18402288367,401304.7714648871
2022-12-06 02:36:11,98559.1551840802,25591.6749075419,392266.4867844033
2022-12-06 03:19:23,98791.9617067662,28485.74174852147,393208.9545495578
2022-12-06 04:04:11,99601.13750765762,24849.98727954094,351484.2123123244
2022-12-06 04:57:35,101216.23124241421,24483.954654675188,365281.2229356893
2022-12-06 10:50:47,100484.52148783661,27254.221077702492,376359.19493962754
2022-12-06 11:17:59,99833.67890094621,26636.28471042366,382243.91018218297
2022-12-06 12:03:35,98996.53402396147,25024.28679069848,397079.3957411497
2022-12-06 12:46:47,98516.57203474928,25412.287158100335,389526.8866305283
2022-12-06 15:52:11,98824.1528789319,26920.99680592388,408051.6521573413
2022-12-06 17:34:59,98475.116770411,26222.98312882282,409380.2650832606
2022-12-06 21:15:23,95563.27644337455,25793.799812518824,388936.9567047825
2022-12-06 22:08:47,95892.62692509821,27334.768836488547,333606.763425777
2022-12-06 23:56:11,96780.8383469435,24954.495102429693,363500.3678181556
2022-12-07 03:07:23,95843.532136814,25671.434791752847,364578.0041822674
2022-12-07 07:22:59,101463.92102145811,26349.14869618276,359395.55497390666
2022-12-07 08:09:11,101206.52807460599,24695.1460807473,375498.0473131919
2022-12-07 14:52:47,95352.72909373947,26114.51680201318,370724.55508912343
2022-12-07 19:51:11,93289.67085203379,25255.03011180365,381287.95712012687
2022-12-07 20:13:47,93017.52525173975,25570.16726882515,375101.52252865245
2022-12-07 20:26:47,92901.67316961229,24617.846014836676,352952.9599654583
2022-12-07 22:25:11,93275.24928993506,24652.886548953178,359996.3016821653
2022-12-07 22:27:47,93302.54302051896,24792.29574503596,348607.32113777834
2022-12-08 02:24:35,92994.73679068101,26239.146465110145,350225.8010885589
2022-12-08 03:47:47,93340.70771139233,22495.435774595448,338926.85820058547
2022-12-08 03:48:23,93349.9349510158,23798.46313997163,369532.75637554645
2022-12-08 06:33:11,97431.20753867304,23540.802434374546,345258.94674458983
2022-12-08 07:00:11,97766.41611946409,24360.34790037646,365130.7422687984
2022-12-08 08:16:47,97322.28724423621,25115.010524258858,377416.4277700789
2022-12-08 10:06:59,94227.47691160276,25500.54574664728,357247.64938051236
2022-12-08 12:02:35,91246.29044474753,23481.763674075366,362297.57480685826
2022-12-08 16:43:47,89808.80508787622,26145.708157366364,315935.9526478401
2022-12-08 17:14:47,89499.03089360462,24309.229324918317,365350.5717579114
2022-12-08 17:18:23,89453.39800631301,24100.777844547716,319277.8512866266
2022-12-08 17:46:23,89031.30866334743,23531.91319609082,307193.72441624117
2022-12-08 18:39:23,87970.71560654008,22684.8100242694,332327.550143493
2022-12-08 19:44:23,86569.40769088155,21831.74349508516,357579.14132913883
2022-12-08 20:24:23,85912.02912862995,21343.538418355132,314597.2517552271
2022-12-08 20:33:23,85801.30722113882,23680.757224146902,340344.98549552343
2022-12-08 23:32:23,85781.83857969406,23447.91998603521,297064.1934022273
2022-12-09 00:28:23,85553.54406055104,22568.976111888027,325723.73280653654
2022-12-09 02:23:59,84162.64682398776,23290.03221458198,317395.61154235
2022-12-09 06:59:23,87557.42711724529,25782.340432724053,332983.3275200408
2022-12-09 07:04:59,87581.51716604202,23534.905235774568,350264.19044175214
2022-12-09 07:05:59,87584.7941461677,22184.410130422326,397353.9205642064
2022-12-09 07:19:59,87597.63054541349,23164.260773351587,369904.40065412276
2022-12-09 07:20:11,87597.36468263817,22818.905104581427,374620.33857489284
2022-12-09 07:47:23,87444.35099008767,24576.438247053913,376437.0783975012
2022-12-09 07:54:47,87363.74543654622,23219.28221882197,330623.82847580046
2022-12-09 08:10:23,87143.21129214275,23658.31253433602,297363.88947038696
2022-12-09 13:48:47,80763.860027857,20915.19765365736,276321.41843352217
2022-12-09 13:49:23,80763.11365804635,18262.534825567927,300964.80149470724
2022-12-09 14:28:23,80781.14033483027,22251.950595663933,338038.5559954139
2022-12-09 14:28:47,80781.8977462319,20756.829086106507,356594.4806532732
2022-12-09 16:29:11,81028.65376482277,20599.437289082944,306440.26546213956
2022-12-09 20:40:23,78429.75774454241,21117.03540318994,320878.149703665
2022-12-09 21:46:47,78570.18954588515,20575.148006560194,291517.7433620469
2022-12-09 23:43:11,79608.68336060137,20168.71267077942,307064.61733627535
2022-12-09 23:44:59,79618.1988036803,20150.628851200003,312505.0820657271
2022-12-10 00:48:11,79665.34801675173,18810.812048624135,325022.57547059475
2022-12-10 00:48:35,79663.99121921054,21885.645236510525,335979.4979154002
2022-12-10 01:06:59,79585.41931740633,21257.092258477944,306374.11168842355
2022-12-10 01:08:23,79578.34682821679,21823.01234674575,308793.7314577135
2022-12-10 02:11:23,79248.53690240956,23228.78028947344,340990.17667776544
2022-12-10 02:18:11,79228.08743834283,19530.15219768542,282657.11041674676
2022-12-10 02:24:11,79215.31686366089,20009.602181245307,304290.3207431599
2022-12-10 02:37:47,79207.72457463262,20899.869519991284,291655.3081613029
2022-12-10 04:00:59,80039.51732852097,21361.777275054723,310005.64517127874
2022-12-10 04:05:35,80133.42048981722,20872.714806747823,301407.943807145
2022-12-10 04:49:47,81238.83348728341,21683.465748824463,279826.585876804
2022-12-10 04:51:59,81301.23368067361,20893.635314021412,315426.51774047886
2022-12-10 05:57:35,83202.32725886896,22802.052746582263,349627.7776453083
2022-12-10 06:02:11,83323.95728396469,21939.720185904862,323663.6421880465
2022-12-10 06:03:59,83370.62782187281,21074.95814443632,303109.9533655884
2022-12-10 06:05:47,83416.74876807303,23486.199629469258,349149.36082434555
2022-12-10 06:25:47,83886.7733537435,23707.280162729945,296153.1189422503
2022-12-10 06:38:47,84143.39596706556,20622.387276923586,326849.0859401352
2022-12-10 08:36:35,84249.86992528116,20938.038318385767,346209.51747140626
2022-12-10 09:10:35,83653.13456634515,22742.12647224342,312286.2889428619
2022-12-10 09:27:11,83311.68881479853,22366.070276675393,305744.3808594497
2022-12-10 11:02:11,81357.73822396019,21070.68442702212,289472.08738758473
2022-12-10 12:44:47,80256.62918308933,21162.39544242587,311284.7814520953
2022-12-10 13:11:59,80193.10408367806,22933.296647676736,333239.90088773594
2022-12-10 13:13:11,80192.32083888822,18194.598118418515,314704.9048017502
2022-12-10 13:14:47,80191.5308176404,21639.076564635485,315470.2657944995
2022-12-10 14:03:11,80291.77247044542,21444.589997483436,309167.15709844005
2022-12-10 14:05:59,80303.98215040044,20751.451200000607,309709.78500693454
2022-12-10 14:08:47,80316.77091620199,20591.40372185069,274427.34825050045
2022-12-10 14:30:23,80432.41907461248,20453.00955848382,299860.025355389
2022-12-10 14:39:11,80486.50482854176,20429.13282693758,327550.8294803705
2022-12-10 14:41:11,80499.21999710356,19847.584171152,317138.5409718366
2022-12-10 14:54:23,80586.02667786303,17939.85256467681,343249.90510329546
2022-12-10 14:57:11,80604.90289842604,21757.77339795817,317913.98819218786
2022-12-10 15:09:35,80689.1874005103,20503.161657055738,303052.4268977188
2022-12-10 15:09:59,80691.90561412023,21657.7644325541,317176.30914461106
2022-12-10 15:12:47,80710.89747003868,21148.947846812833,290486.8004000095
2022-12-10 15:13:11,80713.60434795746,22364.678437726914,299160.23758165166
2022-12-10 15:13:47,80717.66116561921,21639.24126434687,300435.12951875967
2022-12-10 15:35:23,80858.1516778289,21125.04242882293,319716.0263179079
2022-12-10 15:49:59,80941.99565934888,20659.514202640326,335419.193193033
2022-12-10 16:18:23,81059.57474518887,20272.931064902223,292902.66667639354
2022-12-10 16:32:23,81087.65575310297,22988.406026073517,310291.92554505385
2022-12-10 16:35:11,81090.47993011666,22197.707175186646,303062.60443348705
2022-12-10 17:53:11,80738.06217873513,19741.337112148234,308468.72063655924
2022-12-10 18:03:47,80627.61441279178,20593.396201258638,294998.00881486735
2022-12-10 18:41:11,80156.71160072029,20117.41239071708,287740.74351126986
2022-12-10 20:55:35,78850.78590226381,20313.195661578127,303233.4451286629
2022-12-10 21:11:47,78862.36022089768,20140.237686253677,329034.67285971035
2022-12-10 21:23:35,78897.8068213143,18611.638370483222,316532.3234460146
2022-12-10 21:33:11,78942.13499342251,19651.996411968594,305502.2548016978
2022-12-10 21:47:59,79034.52713687348,20934.354720593903,315331.5239302302
2022-12-10 22:05:23,79173.23117413258,20284.656994020934,306954.6467838763
2022-12-10 22:14:23,79254.19615004356,21133.893889797248,298081.1667953526
2022-12-10 23:02:11,79706.1351702523,22032.970327231622,296452.61683473573
2022-12-11 00:16:59,80032.74464033723,21273.302205188298,352976.3665805647
2022-12-11 00:32:11,80000.75911441604,20148.2738970682,329781.4832217393
2022-12-11 00:50:11,79922.13200587212,21655.5758109175,339560.1628115526
2022-12-11 01:40:23,79557.44741474664,18581.51297850229,317852.89910332963
2022-12-11 01:49:11,79488.42064165781,21726.65559460316,289994.52620049194
2022-12-11 02:03:35,79384.18820159142,21885.62951498745,321806.29600676085
2022-12-11 03:16:23,79300.66912026511,19810.23695836074,348038.64693449985
2022-12-11 03:40:59,79525.63162863418,21269.100051369438,328512.4114299175
2022-12-11 03:51:35,79666.90802051302,20994.009239025803,316262.91469561955
2022-12-11 05:14:11,81464.79413096751,20419.79476333792,295475.8067724563
2022-12-11 06:33:47,83238.37944607178,22337.856742517917,307450.2161482017
2022-12-11 06:48:59,83436.80144351815,20931.251107668082,312096.3445238344
2022-12-11 07:21:59,83635.48780293985,21939.207348863627,288633.67030093167
2022-12-11 08:18:35,83216.55348812166,22044.297324512314,297828.58003052033
2022-12-11 08:24:59,83115.3589119024,21065.780385357524,349163.22018705576
2022-12-11 08:27:11,83078.44447548782,20237.350795959224,334348.23778285424
2022-12-11 08:27:47,83068.1940186632,22336.474412259933,343114.74237526645
2022-12-11 08:37:35,82890.20488024302,24197.54034851276,320167.96072703344
2022-12-11 08:46:11,82718.89001660992,22046.387986907917,311734.5847321818
2022-12-11 08:49:35,82647.65264391013,22462.525268763915,336737.4139952261
2022-12-11 09:36:47,81517.5673532402,20664.854604306405,307630.72845995973
2022-12-11 09:39:35,81445.61310216847,21513.059655456796,318484.8366189422
2022-12-11 12:46:59,77900.86122787859,21799.947000126707,291540.875634345
2022-12-11 12:50:59,77870.70678688207,22566.01892647401,303392.8237626744
2022-12-11 13:32:23,77668.6447805877,20744.76295471282,270813.3249337845
2022-12-11 15:32:23,77818.13093108618,18398.65854304255,303528.5781981059
2022-12-11 15:38:23,77831.4586142849,19074.628388410012,301991.50186935515
2022-12-11 15:52:59,77856.51879299466,22996.26451770778,290741.7106959833
2022-12-11 16:06:11,77867.22924089797,18159.359767355,292968.7335729336
2022-12-11 16:21:59,77860.65364882539,20953.23508907053,298995.05126454134
2022-12-11 16:23:59,77858.08774250867,21702.994259671887,288893.7313327681
2022-12-11 16:44:47,77805.10590193169,20815.795906814703,305318.5442918912
2022-12-11 17:19:59,77592.86816616534,19152.277136073437,282141.50944718916
2022-12-11 17:36:35,77436.62606047618,18281.452703819312,307416.611759134
2022-12-11 17:46:59,77321.24416019075,18834.206358610165,298010.75148973265
2022-12-11 18:10:11,77021.02022437261,22187.2514397617,317422.51611867634
2022-12-11 20:25:11,75152.42963831469,20201.15106283619,292913.4368808324
2022-12-11 22:38:11,75437.83289704988,19295.544821670952,289467.49906109076
2022-12-12 00:47:11,75766.49836375889,19920.43355147044,290304.5171594597
2022-12-12 01:04:47,75660.33714782327,19935.939433073414,273223.9325389458
2022-12-12 01:12:35,75605.85559156956,19092.631876483392,282612.05294417386
2022-12-12 01:13:35,75598.62775485402,19507.489523525037,282860.15714619483
2022-12-12 01:20:59,75543.8395133172,20597.31341368249,292224.4425322553
2022-12-12 01:22:47,75530.23797307245,19569.942199576388,254910.16677276808
2022-12-12 01:24:59,75513.5118231397,20574.916447241605,273390.51276359265
2022-12-12 01:25:47,75507.40690219631,20954.162796393717,287939.2179929388
2022-12-12 01:31:59,75459.86468178376,19537.951146381492,308200.6068438695
2022-12-12 02:51:47,75088.56928427938,21765.556059881095,332812.790195823
2022-12-12 04:10:23,75866.07618156809,18797.00548619979,291240.0847946599
2022-12-12 04:24:59,76157.45990104257,21953.850423958873,302121.5209375508
2022-12-12 04:29:23,76252.51776628906,19398.86500768995,286662.17591942643
2022-12-12 04:57:23,76917.77761371863,20409.889960438166,301365.9914001374
2022-12-12 05:02:23,77044.4937827368,19607.494698341932,258040.30763446906
2022-12-12 05:56:11,78404.06986866353,21467.85523079078,306930.09123367345
2022-12-12 06:11:35,78745.41864715988,19872.743119954554,286899.6190489379
2022-12-12 06:16:23,78843.47361380458,19698.453185197828,314483.66317815776
2022-12-12 06:39:23,79245.57753122156,20999.19121439738,300353.0314286956
2022-12-12 07:27:11,79641.8292296923,23029.480896874866,296466.00427062
2022-12-12 08:12:59,79419.14715320955,22501.20379031018,340208.5891270953
2022-12-12 09:04:11,78611.24985466077,18888.304669961064,289892.05124266876
2022-12-12 09:44:35,77752.81599136925,21847.05045403526,289816.0153800746
2022-12-12 11:04:59,76105.2700408593,18743.154765491967,264894.0295400789
2022-12-12 12:12:11,75218.1805033663,19567.337135687434,308428.887297136
2022-12-12 12:31:47,75067.40156812625,19084.626953332125,266233.5519989508
2022-12-12 12:44:23,74995.88408416929,19740.843632203738,247243.7530022856
2022-12-12 14:50:47,75162.41723968089,20085.64019473186,276335.694049172
2022-12-12 14:59:35,75211.32394132669,19960.23290785797,285180.53796108597
2022-12-12 15:46:23,75462.66635731724,18171.072339870956,274701.6920151072
2022-12-12 15:57:11,75508.81720502392,18950.9766761349,268658.8650617003
2022-12-12 16:34:59,75595.4579956504,18156.13134481667,306793.75003834546
2022-12-12 17:03:23,75557.97983617184,19357.601845558765,262733.05549544655
2022-12-12 17:05:23,75551.50967451684,20049.912522572577,302141.2102983836
2022-12-12 17:08:59,75538.55173728989,20567.04766620298,275666.2229088844
2022-12-12 17:15:47,75509.4582957647,18877.015107697564,294895.8077417628
2022-12-12 17:26:47,75449.641665015,17693.312634988633,282104.99792042916
2022-12-12 17:31:47,75417.30838444573,19465.641701173066,261691.25748956637
2022-12-12 17:53:47,75238.82813693988,20473.899959977727,300036.2455995609
2022-12-12 17:55:23,75223.6888850106,16653.6982866833,320679.72198401793
2022-12-12 18:03:23,75144.02168666657,20836.316025578715,275952.3774464154
2022-12-12 18:09:23,75080.20693810293,20753.539533467654,254907.02226796502
2022-12-12 19:57:59,73781.54222085001,17213.964031744024,295758.5707385877
2022-12-12 20:03:59,73729.69938834925,18605.712184656015,284188.52432932623
2022-12-12 20:11:47,73669.44849854632,19533.896120334055,312870.6398465351
2022-12-12 20:57:35,73502.51116776008,18422.704955025307,278561.7815671501
2022-12-12 20:59:23,73502.86693454722,21001.89006035403,292077.18947694835
2022-12-12 21:40:47,73647.07547698423,20393.669556978388,271357.264370067
2022-12-12 23:56:23,74695.71188649627,20620.494022942617,279386.4476705627
2022-12-13 00:18:23,74723.16962024689,20125.06636522344,312422.79236635665
2022-12-13 00:26:47,74715.82037721199,18485.52460880121,290327.0709351137
2022-12-13 00:43:23,74674.37893403729,18419.927282764347,280331.9196958958
2022-12-13 00:45:11,74667.90563939193,20226.761082496996,282279.45157079276
2022-12-13 00:51:11,74643.80851963296,19456.7342631384,254887.5265134334
2022-12-13 01:38:11,74367.51666291805,18515.032381820503,275053.90947825596
2022-12-13 01:53:11,74272.64812822123,21809.385537007798,289226.57858652656
2022-12-13 02:06:23,74199.30481679631,19109.420761020825,291007.8164926336
2022-12-13 02:06:47,74197.30331872232,19169.480316089885,284098.32618861896
2022-12-13 02:06:59,74196.30820652742,17137.56443237122,286449.7164795484
2022-12-13 02:57:35,74119.81496194103,17832.930674772284,285430.6991511835
2022-12-13 03:06:59,74155.9613997989,20249.272651152853,282177.01230663806
2022-12-13 03:50:23,74575.22182030881,19341.386266302015,285182.7017243158
2022-12-13 04:16:23,75021.74896699526,18309.873950384608,273439.74727192934
2022-12-13 04:20:47,75110.04205556912,20116.179167433795,297127.86372366565
2022-12-13 04:46:35,75686.53829883986,19950.82860348828,285235.97982745577
2022-12-13 05:15:35,76410.24968732362,19357.259650512427,293600.8972765595
2022-12-13 05:43:11,77102.79333054161,20594.603590530143,289095.6050700977
2022-12-13 07:18:47,78566.16969651043,19179.056138078253,299787.4566904178
2022-12-13 07:20:23,78570.84380396159,18208.580767609667,282266.4374703169
2022-12-13 07:21:35,78573.86096859137,20991.543093874472,292183.32349795784
2022-12-13 07:30:23,78583.21357188569,19179.694529614502,284857.80556619435
2022-12-13 07:32:59,78581.69123943397,20417.27956320541,316843.24603116617
2022-12-13 07:54:59,78492.48321502164,20592.47229104493,281178.3226666022
2022-12-13 07:56:47,78479.33045651238,21187.801744443193,342150.685773837
2022-12-13 08:58:47,77582.85267179096,18511.68349549666,329769.9952958197
2022-12-13 09:00:59,77538.67988939967,21845.850440368507,299144.662005858
2022-12-13 09:30:11,76907.81535169246,22339.44434970132,292829.31166927627
2022-12-13 10:17:11,75831.38812806873,19117.643725634585,279741.2038438673
2022-12-13 10:33:59,75463.19489742091,19648.758305330866,288451.22790223826
2022-12-13 10:35:23,75433.37313274675,19282.621167086676,275489.7321088376
2022-12-13 10:41:47,75299.00618216525,20905.054582153556,274374.7527224607
2022-12-13 11:00:59,74917.71038243403,20316.173535985665,311463.1435421439
2022-12-13 11:41:35,74241.2502629971,20585.538259913188,301963.46135615563
2022-12-13 12:17:11,73811.87815644949,17502.152223029287,286997.51190077094
2022-12-13 13:34:35,73398.30230637593,19238.33396597186,264396.1058378686
2022-12-13 13:45:11,73390.37522466134,21309.83780863994,273032.9429656515
2022-12-13 14:07:59,73404.73697786556,20082.249188341266,274431.0895947676
2022-12-13 14:09:11,73406.54849157807,18117.21543621903,278644.3962090002
2022-12-13 14:32:47,73459.37818106954,18543.212838786476,309376.4385860579
2022-12-13 14:44:11,73494.12850410545,19746.611347703572,265949.1191176054
2022-12-13 14:52:23,73521.53891234107,17455.20340228772,284067.194501396
2022-12-13 14:57:11,73538.2125304008,18379.064507748764,281585.1394535893
2022-12-13 15:04:59,73565.86382490564,19326.005907530496,273956.73835382523
2022-12-13 15:22:47,73628.4875685573,18944.057402098333,271660.3901097334
2022-12-13 15:33:35,73663.5998159401,18558.396695028012,282935.2288841908
2022-12-13 15:36:35,73672.6635927125,19818.645447280476,274882.38259945286
2022-12-13 16:03:23,73732.85997737761,19407.68943230243,280832.3495327881
2022-12-13 16:20:35,73743.99206108646,21039.619785148767,267759.81004228274
2022-12-13 16:42:35,73715.85187746672,18125.253200381907,295760.9649777778
2022-12-13 16:52:23,73685.69585496107,19803.528603174836,272463.2253813468
2022-12-13 16:54:35,73677.33231060219,18586.202591595887,313806.10443641955
2022-12-13 17:00:11,73653.34616856687,18178.907354187268,274713.7630014833
2022-12-13 17:06:47,73620.04115872615,20014.64200573607,283273.94537183415
2022-12-13 17:10:35,73598.37076769768,19394.87049690231,273935.6067765057
2022-12-13 17:15:11,73569.68996744906,19901.123319209873,262736.9060993809
2022-12-13 17:15:35,73567.06927841126,20618.902672164284,274950.04833042115
2022-12-13 17:22:23,73519.42592230366,20931.926097762724,284418.92645746196
2022-12-13 17:28:59,73467.64514017073,20970.72699611956,282239.6783864831
2022-12-13 17:32:59,73433.64975533675,21066.539791798903,267901.6807029649
2022-12-13 17:40:59,73359.89521198317,18178.703803504068,273946.48199134064
2022-12-13 17:44:47,73322.24780700023,19707.713364135576,258790.6896154639
2022-12-13 18:15:59,72957.03862300831,21232.019188483984,276978.6236413444
2022-12-13 18:23:23,72858.30921727563,19890.288818739515,263599.5205587931
2022-12-13 18:46:59,72524.68995409617,17559.862712847087,262398.5827010331
2022-12-13 18:49:59,72481.09015563138,17478.774368679853,304719.9444272348
2022-12-13 18:54:11,72419.91015850972,18374.566423410026,276456.60458844027
2022-12-13 19:42:59,71747.44386272742,18581.12853213351,260826.17618830275
2022-12-13 20:10:47,71452.50164262806,20869.5548492294,270917.89550359955
2022-12-13 20:11:11,71448.97195582463,20572.56726683194,244970.8025532175
2022-12-13 20:32:59,71292.01191052294,18563.368214074653,284022.0470909406
2022-12-13 20:37:23,71269.17581148222,17705.297296111108,269624.0806460974
2022-12-13 20:44:23,71239.20705260926,18675.66745507127,258758.48422512502
2022-12-13 20:49:59,71220.90288350657,21201.59877938268,311705.5437993967
2022-12-13 21:13:35,71198.70031283595,18737.506596239422,256071.12784779654
2022-12-13 21:24:35,71217.41661981729,19210.195517097993,246474.55874890776
2022-12-13 21:44:35,71293.24298387035,18749.052183174976,271190.15031706856
2022-12-13 22:02:35,71399.15752863107,18843.357205932607,264588.32889212924
2022-12-13 23:11:47,71916.22327175226,19507.054665787044,261629.19102597566
2022-12-13 23:44:23,72076.0205431421,19853.616430703525,281626.62769885286
2022-12-13 23:51:11,72094.0858100106,19009.2202466068,257799.2818976941
2022-12-14 00:11:11,72112.24440612449,19825.48861982177,292229.6386034289
2022-12-14 00:24:47,72094.38496906444,20273.84475080553,257146.8720602333
2022-12-14 00:30:47,72079.00225645839,18366.974293405943,270035.8213823017
2022-12-14 00:47:47,72012.66604745958,19763.33674786563,281252.45724033494
2022-12-14 00:51:35,71993.70095482407,18429.731520012425,273668.8982907917
2022-12-14 01:03:23,71926.82598026242,19476.365020082532,282034.30168649
2022-12-14 01:10:11,71883.73072108121,18965.235112644743,274517.0514226158
2022-12-14 01:12:47,71866.55745381209,20466.35225030941,278494.9520903994
2022-12-14 01:25:59,71775.27877988551,19045.80175790491,286209.77955105144
2022-12-14 01:27:23,71765.34143556621,18270.514960686127,280600.8858093997
2022-12-14 01:42:23,71658.93304850286,19400.756329269363,253804.86810169218
2022-12-14 01:51:23,71597.60518650922,17937.6016954841,269257.2807223484
2022-12-14 02:52:59,71392.02784317464,21904.681044602006,268066.58283939527
2022-12-14 03:45:11,71752.19753041986,16396.456733362702,302579.302958836
2022-12-14 03:50:35,71823.39613894912,18328.779971978893,270673.03029153874
2022-12-14 04:18:35,72287.6387366209,19256.516101408855,292264.4662280078
2022-12-14 04:47:11,72897.80961813328,20392.72557633442,288984.0828246284
2022-12-14 05:45:47,74315.76206153682,18226.34584042756,275704.3593769859
2022-12-14 06:57:35,75568.36314190358,19125.632002000624,292434.7531723457
2022-12-14 07:11:23,75673.5709043326,19928.661291745917,287304.1542354523
2022-12-14 07:13:11,75683.47974972111,20743.32919672893,293096.81564068916
2022-12-14 08:08:47,75559.08949245528,20658.590810749036,279021.3263184422
2022-12-14 08:13:23,75513.86597869534,19223.042068192703,289832.34253006586
2022-12-14 08:15:23,75492.73199737862,18918.90943017458,285734.42389536934
2022-12-14 08:18:59,75452.50872400343,19421.09119659905,302680.57134722243
2022-12-14 08:33:59,75256.67553927455,19414.31458799796,311001.03480063664
2022-12-14 08:47:47,75041.01964693872,19968.0574056696,304325.71855598566
2022-12-14 09:34:23,74146.37246196337,17936.3051281237,279577.92059572425
2022-12-14 10:21:47,73161.20865369927,18862.976772356084,251522.415165854
2022-12-14 11:08:59,72301.95045105611,19856.56761327457,282936.59968489595
2022-12-14 11:16:35,72183.69071693673,16575.88317046065,257883.21698181954
2022-12-14 11:16:59,72177.6437260096,18288.48316941693,242203.9928853158
2022-12-14 11:42:35,71829.20840913783,19273.501231056725,266797.92831332237
2022-12-14 11:44:59,71800.54459110019,17883.25211612681,269863.9402451488
2022-12-14 11:46:59,71777.1928910114,18221.434682898653,273663.91680345044
2022-12-14 11:58:35,71651.39410424877,18124.784643000803,274967.77440556797
2022-12-14 12:03:11,71606.07932084508,18360.012707777176,275237.91212788416
2022-12-14 14:33:47,71396.93761975098,19767.623209309746,269783.77754688676
2022-12-14 14:35:23,71404.62672349477,20511.158948948145,264687.33106154704
2022-12-14 14:35:59,71407.53665857963,19422.497665592793,275503.8984165891
2022-12-14 14:52:23,71491.69358263488,17780.31890626743,273271.67902664933
2022-12-14 15:08:11,71577.86713579547,20447.807818907153,269534.536057238
2022-12-14 15:10:59,71593.27862808491,17861.176519382065,269812.76164092234
2022-12-14 15:13:47,71608.65921164383,19505.169029766257,255301.95951081623
2022-12-14 15:46:11,71774.61610567039,17502.309523477936,262973.4415756296
2022-12-14 15:47:11,71779.11128180487,16740.177214596708,284296.9322282995
2022-12-14 15:50:11,71792.27268501076,16973.69157384346,276892.6558869547
2022-12-14 16:12:23,71871.37233688484,18715.106637591274,279683.7149651257
2022-12-14 17:16:35,71830.81751098833,19522.50608319358,300070.6930866176
2022-12-14 17:24:59,71789.43093443551,19450.075697886474,297391.34942694544
2022-12-14 17:36:11,71720.91995145609,21145.581812388817,264868.28872087575
2022-12-14 17:54:47,71575.35007839106,18556.044081707623,266041.2122500218
2022-12-14 18:11:23,71415.88560674651,17791.287851931174,291928.19778095133
2022-12-14 18:18:59,71335.15893762639,20189.85685832657,283572.6631036108
2022-12-14 18:21:23,71308.81402828866,20064.657225672734,262918.82030686905
2022-12-14 18:29:47,71213.83808902984,18618.466826977863,281809.4623775536
2022-12-14 18:41:59,71069.91757203409,19405.68340116447,266651.0904316098
2022-12-14 18:47:35,71002.29207266276,18183.601438690483,238206.96165976173
2022-12-14 18:50:11,70970.70075760325,20075.210537388193,268119.27119585825
2022-12-14 18:53:35,70929.2823236783,16918.76333848176,274223.48220761726
2022-12-14 19:29:59,70499.19256105975,19196.620586997356,262069.730093704
2022-12-14 21:35:59,70096.04696432764,16990.513238096177,269472.1605169272
2022-12-14 21:53:11,70211.09618286073,16295.758575301055,285684.0566453398
2022-12-14 21:54:11,70218.69683675867,18977.646665163255,318449.93937779526
2022-12-14 21:58:35,70253.16570518797,17870.786298553983,276271.2057197807
2022-12-14 22:12:47,70374.07231771629,18728.747033573407,249039.79183132618
2022-12-14 22:30:23,70537.15104763076,17969.275746427662,269191.43686803564
2022-12-14 22:37:11,70601.66960752121,17482.778148136218,268370.271006811
2022-12-15 01:27:47,70942.62386348152,18844.058685285647,284645.9124035009
2022-12-15 02:09:47,70713.38210514319,19587.587687898456,284451.59707936354
2022-12-15 02:11:59,70704.38964265463,18589.279696416717,248203.62835836652
2022-12-15 02:12:23,70702.80725410538,19303.99794711282,276853.99966357846
2022-12-15 02:32:47,70647.53718475762,19001.078969466187,256824.2977302913
2022-12-15 02:51:23,70651.17866474156,16373.809361107502,295321.95580170676
2022-12-15 03:00:23,70675.20795148594,18519.27974210037,270536.4678526251
2022-12-15 04:17:11,71560.08245993029,17686.580532103904,284692.6508624969
2022-12-15 04:18:35,71587.01593526204,19070.736691458573,277052.5143074974
2022-12-15 04:27:23,71763.46175460637,19404.27748510059,268261.6937844282
2022-12-15 05:49:47,73697.56674724583,19355.994970305295,271127.14824127336
2022-12-15 05:55:59,73835.46763116748,17718.206564353786,266408.71405842673
2022-12-15 08:35:11,74426.35830722147,19818.45715757337,289600.93998521083
2022-12-15 10:55:59,71548.64244754986,18400.30652990793,305711.78923880716
2022-12-15 10:57:35,71518.77032690994,17800.940897284894,263719.41104939434
2022-12-15 10:59:35,71481.76958168941,19369.97471598699,280669.86972908926
2022-12-15 11:08:59,71313.09618456398,19378.4460530941,276755.2263879367
2022-12-15 11:23:47,71066.03461369539,18318.652297502005,274463.49459537904
2022-12-15 11:34:47,70897.93608654689,19491.97555114478,267405.9935386327
2022-12-15 13:29:59,69965.20210081554,19408.546675435446,279042.02413901995
2022-12-15 13:30:35,69964.00833857029,18537.541254362215,268222.7644733355
2022-12-15 13:56:23,69941.35927483292,19224.199212174677,253109.8883573738
2022-12-15 13:59:59,69942.29239905014,20643.067510521527,242622.8296639663
2022-12-15 14:10:11,69949.6730379568,20429.54753917423,264658.50171617896
2022-12-15 14:13:47,69953.82818573355,17506.067417461036,294239.5106475766
2022-12-15 14:26:59,69975.08117170112,17751.433876401654,288480.44578502205
2022-12-15 14:27:23,69975.8578692773,19038.611959218026,300484.63454354455
2022-12-15 14:40:47,70005.53958430306,19284.04715303765,249763.02469633464
2022-12-15 14:40:59,70006.02967132807,17635.6022840849,292360.81698255363
2022-12-15 14:59:59,70056.6621379265,18453.621373232683,266972.73725549656
2022-12-15 16:19:35,70193.5770415419,18994.081939930173,238342.16408962128
2022-12-15 16:21:23,70192.13629377876,18640.67724904869,279295.45775123045
2022-12-15 17:11:23,70013.2406646947,19755.33029100758,291634.4757831508
2022-12-15 18:57:35,68764.27392089792,16146.583983072316,253821.0362108159
2022-12-15 18:57:47,68761.33281755699,17170.827633815767,274520.1288199546
2022-12-15 20:15:59,67780.43423549393,16705.943316992572,281783.3595217157
2022-12-15 20:26:23,67698.247437113,17515.993520103737,275483.9497478481
2022-12-15 22:33:35,67857.84396335644,17510.59778814535,262357.31589670107
2022-12-16 00:56:47,68029.12244799343,17005.478972434867,251853.8830703775
2022-12-16 04:07:35,67965.17701321736,19273.552839365486,262031.04237066017
2022-12-16 04:08:35,67980.66078241868,18043.08840696832,267766.3817311702
2022-12-16 05:08:35,69164.09238855306,19486.95786246009,264758.27068948053
2022-12-16 05:30:35,69658.21984392016,18150.698313632543,238390.3176210113
2022-12-16 05:52:11,70125.16064397171,18737.81340451292,263622.75585724425
2022-12-16 06:32:11,70837.59226043234,18837.7832268994,279106.8818116675
2022-12-16 07:10:11,71213.2934375149,18507.165673071897,275600.9935813889
2022-12-16 08:09:35,71082.08105017198,17200.44085688707,271512.29353266663
2022-12-16 08:11:35,71063.20331099033,19097.67689564515,278633.90573439735
2022-12-16 08:43:35,70658.33057682974,19132.85840679043,259323.46577243946
2022-12-16 10:10:35,69037.08655609701,17691.870897911205,269239.9466082716
2022-12-16 11:11:47,67988.3078770856,16700.833523346086,268450.9795170387
2022-12-16 13:04:11,67105.81899689093,16109.641480362063,253330.23367300435
2022-12-16 13:05:11,67104.49631533689,20235.612964889624,260046.36234905396
2022-12-16 13:15:47,67096.93408322007,18133.825217365942,286544.7367423945
2022-12-16 16:07:23,67930.01432486277,17591.890223151047,264808.5821892887
2022-12-16 16:07:59,67932.89308408611,17565.910026069967,255026.15531276495
2022-12-16 16:29:35,68018.07448386704,17547.92510072601,285446.96080438764
2022-12-16 16:32:47,68027.30225691007,18327.920925723738,274848.35212832596
2022-12-16 17:48:59,67929.50924874347,17203.817444750337,266732.44730272517
2022-12-16 18:14:47,67762.92693283386,16383.732629512719,297034.84600471315
2022-12-16 18:23:59,67691.81377416091,17383.112010378554,227177.15683921054
2022-12-16 19:13:11,67271.14766610114,18316.337731301508,250882.3986719454
2022-12-16 19:14:11,67262.81249576379,18542.301265604627,244771.18047414898
2022-12-16 19:42:35,67050.76078690449,17234.999298703493,262706.6366999868
2022-12-16 19:43:11,67046.95580294813,18915.84042317016,255165.5177552247
2022-12-16 20:34:59,66880.3502107079,17799.983254059523,254092.5710990639
2022-12-16 20:45:35,66893.08901811558,17994.3240962352,268613.41744120856
2022-12-16 21:41:59,67244.9169639375,18165.64138736052,263545.2372649354
2022-12-16 22:48:59,68078.3049569701,17878.075250891165,248432.52027489684
2022-12-16 22:54:23,68149.58493252186,18453.88294948692,265982.30477754725
2022-12-16 22:55:11,68160.06578600105,16759.48802931797,263929.1885580985
2022-12-16 23:16:23,68426.03563708566,18543.20290548061,264522.0674608903
2022-12-16 23:46:59,68745.62560712015,17686.201357967828,286555.13539213565
2022-12-17 01:55:11,69074.7341516538,17962.890010267463,264095.5539734225
2022-12-17 03:03:11,69374.33222748808,19683.823603035333,257638.984325377
2022-12-17 04:24:11,70883.3992309364,18287.104287541173,296983.422467578
2022-12-17 04:43:47,71433.37005903236,20185.31168491523,264129.4188404664
2022-12-17 06:19:47,74301.79040585896,21149.767499674308,286630.60139552294
2022-12-17 07:34:47,75544.88228024986,20069.37513547228,309200.934075754
2022-12-17 08:29:47,75530.46445090082,21041.808105498734,279751.90861749486
2022-12-17 08:30:11,75527.86537985687,21968.92622027654,285693.5726048222
2022-12-17 08:48:23,75379.6369491257,19231.2381422412,288522.8444872627
2022-12-17 09:20:11,75011.52053251395,20289.62518454145,281318.7339230146
2022-12-17 09:27:23,74915.41232205532,18152.73639114419,301194.2750088002
2022-12-17 11:52:35,73303.31096571039,17637.909103744907,295213.10554538947
2022-12-17 12:22:23,73225.2209629322,19125.327181793746,252738.3298599729
2022-12-17 12:27:23,73222.67904482469,21580.903530769992,267686.1545222418
2022-12-17 12:30:35,73222.62658249169,19347.176922667088,257538.28741127043
2022-12-17 12:31:47,73222.92219000668,17465.182054671655,275693.2646610843
2022-12-17 15:16:47,74529.09989641084,19976.664627623733,266677.36710776156
2022-12-17 15:27:59,74661.0316131173,20182.2858864992,282416.2135856982
2022-12-17 15:32:23,74711.95336687751,17508.48925210452,313800.25565421267
2022-12-17 15:33:47,74728.01524788079,19270.390066473647,286699.47952362796
2022-12-17 15:52:23,74932.80084016219,20807.83903854549,267967.7555471218
2022-12-17 16:22:59,75217.2487874502,19139.692550689775,279122.97786574985
2022-12-17 16:29:23,75265.66480235363,19277.763721263927,268815.48051040806
2022-12-17 16:54:11,75408.74529767533,21733.657662940575,283842.0968321981
2022-12-17 17:21:23,75475.47771516656,19633.727342646707,308655.1755907429
2022-12-17 17:38:11,75467.88266443233,20856.420240266667,280087.00036651763
2022-12-17 18:28:23,75254.24420128533,16286.550675274208,278700.5061695181
2022-12-17 18:34:23,75214.66259847433,19961.18760995639,284136.6406776332
2022-12-17 18:35:47,75205.16099231885,19820.693311058756,283154.26515873533
2022-12-17 18:43:47,75149.31506475297,19482.42446104544,294208.0877454805
2022-12-17 18:52:35,75085.75046026641,20658.364628245505,315651.16379372665
2022-12-17 18:54:23,75072.5970050032,20923.716650024006,290867.44437623216
2022-12-17 19:05:47,74989.28306081853,20561.78678368074,297455.1866019729
2022-12-17 19:36:59,74782.60487491566,19749.574262897473,288926.0218928512
2022-12-17 19:48:59,74721.42148899964,19837.027194477472,292741.33901644946
2022-12-17 20:03:47,74667.34879438585,20367.116251330186,290177.22544928675
2022-12-17 20:07:35,74657.87138717233,19111.614397706086,294845.2928770474
2022-12-17 20:43:11,74672.12571810962,19754.168907672436,288475.6670666397
2022-12-17 20:44:23,74676.09606907729,16758.339313844932,260531.98874614364
2022-12-17 21:06:47,74793.56724037418,19004.505385955716,279326.3556460764
2022-12-17 21:07:47,74800.70977811796,19081.39155414483,303076.5824684142
2022-12-17 21:44:23,75163.46008029002,20853.346824350552,294043.91460484336
2022-12-17 21:56:35,75321.60755003085,19456.15586606412,299383.74906068336
2022-12-17 23:00:35,76271.18426754215,16742.75645225939,305177.6144667504
2022-12-17 23:02:23,76297.12503881947,20372.524250918235,268795.82587839704
2022-12-17 23:13:23,76450.49540497168,20427.053287162653,291709.7078255677
2022-12-17 23:37:23,76744.25421316859,20412.764956753206,298015.2746368706
2022-12-17 23:46:47,76840.24782850507,17604.28390011572,293942.88298644975
2022-12-17 23:53:35,76902.11835526457,19667.04223155556,290799.55566654966
2022-12-18 00:19:59,77078.74090720518,20214.294905706392,289126.69223582937
2022-12-18 00:20:59,77083.4328973207,20867.36869697351,303858.7190731265
2022-12-18 00:31:11,77123.26047914506,21735.662767459904,296373.9900406139
2022-12-18 00:46:11,77156.89522534159,20477.097210123095,274725.92309179844
2022-12-18 00:46:59,77157.92502200387,19987.258748200755,280244.2128397857
2022-12-18 01:00:11,77165.22853118283,21124.445397082724,277289.32626707107
2022-12-18 02:37:59,77152.35684382683,20348.573240694095,306444.40887961583
2022-12-18 02:48:35,77207.94641629951,20604.511222603378,321166.10512373596
2022-12-18 02:50:11,77218.20533785614,17465.945115284514,270644.42331288545
2022-12-18 02:55:11,77253.59559022167,19813.022706871678,288557.8674206799
2022-12-18 03:02:59,77319.26556228012,19933.276158431396,319374.0439979154
2022-12-18 03:07:35,77364.20416351702,19367.275502084583,258236.29678131588
2022-12-18 03:43:47,77888.69771033006,18775.65911879184,304981.6528692974
2022-12-18 03:47:23,77957.69459868465,17934.683377408684,270505.7429623548
2022-12-18 03:47:47,77965.54598705351,21173.216578918422,304776.5858810027
2022-12-18 04:03:35,78304.49003045051,20467.0502457848,297313.74427764985
2022-12-18 04:06:59,78384.5185241467,20302.68727993984,318077.9406073993
2022-12-18 04:14:59,78582.09801875308,20555.801753697284,315484.5501338797
2022-12-18 04:17:47,78654.19414970571,21175.428130462093,298548.9660812434
2022-12-18 04:43:47,79386.12199430075,19024.94290369048,293335.70962561906
2022-12-18 05:23:47,80643.82452592715,21415.24846841517,339610.0682506424
2022-12-18 05:51:35,81509.63552970381,19570.970330309345,292696.1946703227
2022-12-18 05:52:23,81533.48116390401,21570.464357499193,303004.28231121297
2022-12-18 06:03:47,81863.44167749865,22316.535837300766,301423.6403170465
2022-12-18 06:36:11,82666.93578224728,22386.006926016107,311579.5588055549
2022-12-18 07:29:23,83383.27968785146,19328.838479975464,317943.3885264279
2022-12-18 08:03:59,83393.69762730965,22319.679019019397,305870.71721036336
2022-12-18 08:06:47,83379.71537310295,19917.356764062566,329923.1437902095
2022-12-18 08:11:47,83349.65359158443,22814.94374899551,316225.2362807428
2022-12-18 11:04:11,80542.037880406,22965.7760136701,295487.65165177715
2022-12-18 11:05:23,80524.4370989359,21436.473021775797,345879.5379258913
2022-12-18 11:13:11,80414.05260366324,21175.651121951098,318241.49429116194
2022-12-18 11:36:47,80125.09824328464,20649.41904307623,349537.8737260056
2022-12-18 14:05:23,79931.13621019409,21483.239517759805,307005.6901904363
2022-12-18 14:06:47,79940.74200560442,21485.934015011808,325477.1267406634
2022-12-18 14:07:23,79944.90449997279,21017.302123038033,306130.70870938274
2022-12-18 14:08:59,79956.1365742464,19274.689767535347,299322.5881126915
2022-12-18 14:22:35,80058.81946187218,22138.77003794782,288881.93880216597
2022-12-18 14:29:23,80114.46136408245,21535.351865622295,285348.197075248
2022-12-18 14:37:23,80182.96092530174,22154.89968441483,322234.67557335575
2022-12-18 14:53:11,80325.54236692897,20589.584965484893,314209.10433032055
2022-12-18 15:27:47,80648.54743690423,21239.167106333396,317665.678668662
2022-12-18 15:42:59,80782.96936241435,20733.658187880043,311764.1259886743
2022-12-18 17:07:11,81177.82130596532,21979.912606447982,347463.46734803985
2022-12-18 17:07:35,81177.66200575474,20137.421079414074,308169.3972615492
2022-12-18 17:08:11,81177.38143862764,21713.630512277745,317686.21050645533
2022-12-18 17:08:59,81176.92961864814,23328.78511000841,290737.3870570189
2022-12-18 17:09:47,81176.38890729967,18889.934849113142,306562.71515763167
2022-12-18 17:11:35,81174.84705311866,23289.538153448408,324211.3744437209
2022-12-18 17:27:11,81142.65467602588,21189.447313127017,320204.2387730229
2022-12-18 18:14:59,80851.0240423057,21199.38965631836,295592.0999997727
2022-12-18 18:15:35,80845.82304406574,20742.62996672705,347126.55652849475
2022-12-18 20:05:59,79856.23019080062,21428.118338662567,301228.5331390751
2022-12-18 20:29:23,79787.81943653474,21572.1142921995,301832.076272269
2022-12-18 21:48:11,80253.1210061276,20765.407422222936,305047.31735576474
2022-12-18 21:55:11,80340.14082364591,23096.06596956687,316479.9624157146
2022-12-18 22:08:23,80517.45746555949,21410.72742065461,275160.23086914077
2022-12-18 23:36:23,81742.89627274909,19549.880521424584,301953.15811230795
2022-12-18 23:40:47,81789.06478064085,21923.070178389436,327472.60739870934
2022-12-19 02:12:47,82065.93556528664,17278.16259898328,336198.7381978704
2022-12-19 02:23:35,82081.95648034991,18601.805283189413,285665.3566739042
2022-12-19 03:27:11,82639.95173195707,22150.18533584892,310051.5049217151
2022-12-19 05:15:59,85703.89160629662,24160.724968749117,313184.95233327773
2022-12-19 05:23:59,85986.84753518611,24948.668740164438,297414.91579249874
2022-12-19 05:27:47,86120.94479029089,21044.950318479965,324006.0696947854
2022-12-19 06:27:59,88038.36835266057,22449.41856607362,327656.12907501805
2022-12-19 08:27:11,89051.45246766834,21680.534560974756,326043.22264880926
2022-12-19 08:44:47,88862.84091697483,22586.36285361861,343915.59203942347
2022-12-19 09:26:23,88219.37959301291,21987.823608442104,333264.1252051498
2022-12-19 10:37:59,86946.05885532158,22912.61420186283,359030.2321768584
2022-12-19 11:27:11,86288.68771584866,22668.163435083,326337.0862668616
2022-12-19 12:46:23,85921.50797852072,22006.462721671505,325625.2123915859
2022-12-19 13:43:23,86186.23149945404,22296.669863067924,329933.0580620212
2022-12-19 14:50:35,86907.47989704798,23110.371359258566,326427.50752930454
2022-12-19 15:57:23,87731.44380461707,24600.123603835364,359617.613342834
2022-12-19 17:34:59,88208.2693004605,21755.03372687427,325156.4776464174
2022-12-19 17:39:35,88196.68516877756,23291.7271579394,349663.8680073683
2022-12-19 17:53:47,88142.19317941203,23884.936475573624,342803.0238148733
2022-12-19 20:14:35,87128.06814356436,22844.597155017895,292430.0975669559
2022-12-19 20:40:47,87135.8242727059,21894.32174687289,315365.10957687127
2022-12-19 20:45:23,87150.47857078246,23308.67371411484,351882.31444523874
2022-12-19 21:00:11,87225.3499195312,22269.32964514994,327846.00757042284
2022-12-19 22:18:23,88219.96501127967,23451.77626508707,306637.71278083825
2022-12-19 22:57:23,88892.12876617757,22158.232862728233,340375.1088138922
2022-12-19 23:35:59,89465.81060966046,23063.84257828535,328967.0858362876
2022-12-19 23:41:35,89533.34742486302,26739.295151447528,338151.54136618425
2022-12-19 23:42:47,89547.19524809094,22409.624472485662,328154.1369550241
2022-12-20 01:14:11,89931.91834338021,23061.008744811304,353383.51531252905
2022-12-20 02:17:11,89844.67062395881,22157.885093307184,319522.80773841124
2022-12-20 02:45:59,89945.8825187095,23386.83176408225,332105.8243249931
2022-12-20 03:06:47,90130.31237757544,24796.634855110882,310419.32951962104
2022-12-20 03:54:11,90977.5795339188,24324.357958039458,382116.0144904463
2022-12-20 05:20:23,93787.1626364587,25704.675724661887,328923.14381450904
2022-12-20 05:20:59,93809.28470826162,24202.234767127557,372795.2757312616
2022-12-20 06:23:11,95898.55690280953,24962.67579488515,390145.60043009516
2022-12-20 06:54:35,96623.33984954603,25474.85663510053,392927.2679472837
2022-12-20 06:55:59,96648.31451472473,25938.01293194719,402937.07046718855
2022-12-20 07:08:11,96837.25337598874,27323.02308634573,379149.54976723896
2022-12-20 07:13:47,96906.40582954328,24310.24746205618,340862.97783774836
2022-12-20 08:24:47,96840.32947871934,25036.137521995246,393634.4333137163
2022-12-20 08:38:23,96653.27813286555,25180.92496905231,359630.5224044519
2022-12-20 09:24:59,95746.2827007002,23454.676922111616,350860.05897426535
2022-12-20 09:28:23,95669.62829388263,25051.521927577098,339889.2009944479
2022-12-20 10:10:59,94679.1402117489,25815.221240852818,350027.5032680808
2022-12-20 10:21:11,94446.90006226569,25407.047119571907,385569.49037599063
2022-12-20 10:48:23,93866.13515396061,21938.737127385266,372653.15584961104
2022-12-20 11:11:59,93426.49167199469,26065.277512081415,375642.77399657667
2022-12-20 11:39:11,93012.68199789214,22714.421939423868,365532.36058157927
2022-12-20 12:37:47,92497.86682597715,25338.488023368445,364729.2496219219
2022-12-20 13:11:23,92431.85418292882,24362.463814238003,345880.4029070602
2022-12-20 13:14:59,92433.94682505469,22582.439178962504,359624.2406211338
2022-12-20 13:21:47,92442.45022538597,23579.142573337973,329685.2230817192
2022-12-20 13:26:11,92451.04358928648,25136.599786967763,361011.7342611272
2022-12-20 13:40:11,92493.76633643048,24314.903824073754,322884.20474797575
2022-12-20 13:48:47,92530.91908712267,23729.397040949327,324615.3570073768
2022-12-20 14:15:47,92694.15526322597,26613.99692280184,327175.4410486718
2022-12-20 14:16:47,92701.37824942161,23048.65431404559,402823.78299483535
2022-12-20 14:24:59,92763.24453507204,24450.48909776984,328421.20364400075
2022-12-20 14:35:47,92851.01315058023,26374.765165938938,363104.4669866914
2022-12-20 14:58:35,93052.2409612994,24208.96333729517,335284.6806994575
2022-12-20 15:05:59,93119.86362836658,24949.72014631738,377241.04395029356
2022-12-20 16:19:11,93676.77167389792,24036.695684850452,315455.81078705325
2022-12-20 16:23:47,93696.29007840536,23018.903022655824,338862.8344820863
2022-12-20 16:30:47,93720.70423582541,22824.06006397242,437242.0374910434
2022-12-20 16:38:35,93739.93677909937,24799.231380765523,364148.1289589409
2022-12-20 16:41:23,93744.69555110871,23955.05791879197,412811.74203773896
2022-12-20 16:50:11,93751.96224762176,25545.44645753575,371407.0750993149
2022-12-20 16:54:11,93751.30287961985,25833.537147436036,342426.1560350951
2022-12-20 17:03:59,93738.90608320548,24862.78049129887,329836.0159900179
2022-12-20 17:20:59,93680.32474197626,24860.60951766827,335717.05158654106
2022-12-20 17:26:47,93649.55279826639,23560.091399099754,383199.48623912054
2022-12-20 18:01:59,93352.53441512406,23438.200411180296,367024.64304339216
2022-12-20 18:14:59,93201.32399983215,26290.177771481547,374552.65534361504
2022-12-20 18:15:23,93196.38400110732,22789.142028271508,401561.9345542332
2022-12-20 18:59:35,92585.98954489667,25015.01892373759,341984.8006088313
2022-12-20 19:20:35,92288.73168617915,25593.05950107291,342039.750717801
2022-12-20 19:22:35,92261.54526198524,24103.497283085435,370112.1417085142
2022-12-20 19:30:59,92150.70909269317,21755.641957916712,365504.43359341164
2022-12-20 19:54:59,91874.91693396764,23980.253881431934,356552.846361222
2022-12-20 19:56:35,91859.22343377018,22476.375103376697,330267.0188276059
2022-12-20 20:04:47,91785.01823887222,23308.84152464836,388584.0633785464
2022-12-20 21:02:59,91616.40269158731,23495.587054979962,350612.7655673327
2022-12-20 21:04:35,91621.36378988421,21741.355055778073,386398.278054628
2022-12-20 21:05:59,91626.12420607066,21107.588907248803,375384.55554769665
2022-12-20 21:27:35,91747.30432669492,22511.500488889327,378570.9850872435
2022-12-20 22:32:11,92501.79404414073,26566.029193656814,323274.5292652658
2022-12-20 22:38:47,92594.14440714239,25370.818191350525,337656.37705296394
2022-12-21 01:14:47,93390.69651440914,24813.527721051803,331624.6126049132
2022-12-21 01:26:11,93326.94089931958,24222.786264405928,368354.22612739675
2022-12-21 03:07:23,93219.45580377722,26360.685552802905,345688.27392634476
2022-12-21 03:08:11,93226.63276176142,24173.0122596936,376646.953347715
2022-12-21 03:08:35,93230.28719689645,21666.71665266685,340683.8726681326
2022-12-21 03:13:35,93279.7096370499,23003.26563427725,367493.84413349576
2022-12-21 03:43:47,93729.66702550536,26507.27618746388,371644.7041165791
2022-12-21 04:54:47,95705.66835308785,28945.032113619935,312715.4857948844
2022-12-21 04:57:59,95815.67940151152,24143.786993356585,355996.23611646076
2022-12-21 05:04:47,96052.21881969454,25176.416253116753,330774.8826916747
2022-12-21 05:07:35,96150.4692424998,24546.82094963193,383816.77680709364
2022-12-21 05:09:23,96213.82516874326,24467.64853680046,364138.52474824776
2022-12-21 05:10:47,96263.18800323762,25120.26076429162,373153.36323547765
2022-12-21 05:10:59,96270.2451871249,24095.50800470777,378165.3731992111
2022-12-21 05:11:35,96291.42399266279,27924.053903478547,406570.32040639763
2022-12-21 05:30:35,96962.25112181636,23491.13435326748,339720.94996565924
2022-12-21 05:59:11,97923.69547934059,26248.980846132486,366943.12912169495
2022-12-21 05:59:35,97936.32227119956,25918.51193470405,360009.01790583454
2022-12-21 06:45:23,99130.27056099969,24787.92129909104,386832.92353222857
2022-12-21 06:54:11,99288.90970240897,27143.70892761353,392724.31255799136
2022-12-21 07:42:59,99670.11240905538,27154.49560556193,389444.1781387363
2022-12-21 10:12:59,96922.7588117514,25245.86078065843,351355.0997438171
2022-12-21 12:51:11,94549.20538406327,22807.41744178578,329107.7196257406
2022-12-21 14:07:47,94698.86238500038,26665.850039075267,351438.1511961385
2022-12-21 14:45:35,94985.94268208853,27144.892413214417,354161.10265453695
2022-12-21 15:19:11,95284.96135486152,24707.638257142986,343377.916250594
2022-12-21 15:30:11,95380.72145996947,25652.591813886505,425111.11650523933
2022-12-21 16:18:59,95711.41981638066,25306.979865584766,367309.0446246675
2022-12-21 16:44:47,95778.57369794235,25280.978461651754,363105.0460049109
2022-12-21 19:28:47,94122.2256832847,27504.94790408774,376148.51269361255
2022-12-21 19:29:35,94111.27563041232,25384.289317249088,345525.9633383003
2022-12-21 19:35:47,94028.45129014958,24492.360407328157,384367.2467961088
2022-12-21 20:40:23,93497.97892898545,24954.126004432852,346965.50549134234
2022-12-21 21:06:11,93507.74971148331,24380.5271623461,363958.26520271023
2022-12-21 22:15:47,94117.3333147894,24835.07027953943,327049.2735756842
2022-12-21 22:18:11,94148.22771190347,23544.384847430647,339235.4723694264
2022-12-21 22:32:11,94332.66361445481,23263.726330153047,355814.7251579232
2022-12-21 23:12:47,94843.94508294933,24199.62774808507,321939.6750564891
2022-12-21 23:28:59,95007.07109269476,25245.428916897577,375266.1434902481
2022-12-22 00:20:35,95245.76675426397,26217.524980197068,368215.8207140142
2022-12-22 00:32:47,95232.97193041697,25713.66850953124,368472.28750038485
2022-12-22 00:35:47,95225.99406523033,24741.774116658165,421263.7800271166
2022-12-22 02:19:47,94579.69950600751,24003.86225992288,328630.0840370704
2022-12-22 02:45:59,94537.78139043726,24883.82109587278,372099.36562754057
2022-12-22 03:13:35,94665.76439891475,24432.71251056419,382133.8816127394
2022-12-22 03:18:11,94706.96157539755,24480.99921266317,378615.91129669134
2022-12-22 03:40:23,94990.15691558727,23964.78844016792,369199.65352906974
2022-12-22 03:42:59,95032.48507851058,23131.067427677335,367814.9050939165
2022-12-22 08:18:47,99783.45022539399,26335.58563176921,384000.8412349352
2022-12-22 12:33:47,93615.18201419838,25953.254647835856,358212.0732765717
2022-12-22 17:52:35,92304.04045622723,24823.92700966691,355040.89894823794
2022-12-22 18:10:23,91983.7003985629,24189.685504435278,353588.0645354801
2022-12-22 18:43:35,91306.06708250561,25271.598769831347,306954.76656142576
2022-12-22 18:58:47,90979.08502239577,26240.373898076585,342802.0020747524
2022-12-22 19:00:11,90948.92367048684,25972.625574125643,378208.00848106085
2022-12-22 19:16:59,90590.902343949,21612.47516062495,365803.4140655868
2022-12-22 21:18:23,89059.31052097816,23958.49303657815,312707.7686899833
2022-12-22 21:46:23,89079.16844395956,23315.17332003759,364014.47156402323
2022-12-22 22:10:11,89177.12355552208,27391.91968161083,322878.22885496146
2022-12-22 22:17:35,89217.33786347778,21819.383398523645,327902.41009286436
2022-12-22 22:22:59,89248.45403424895,24043.98197421888,314130.4581256585
2022-12-22 22:36:11,89327.74763729863,23161.248210379832,317520.9226820223
2022-12-22 22:52:59,89426.66712499183,22742.2090761019,334829.42010207626
2022-12-22 23:40:47,89588.82768851463,21981.37393137897,338660.75691705133
2022-12-22 23:41:11,89588.97541955418,22951.68107652229,355594.96788870555
2022-12-22 23:42:11,89589.23774317984,25125.378373108284,344176.9339851442
2022-12-23 03:58:59,88376.65021779489,20705.76326045234,359943.7469301761
2022-12-23 05:58:59,91136.1947440567,24148.554708621996,323711.00346988003
2022-12-23 06:34:47,91803.50273979285,24094.68928828815,338225.1250955109
2022-12-23 07:49:59,91981.83063331242,22601.31875278566,398408.86512447783
2022-12-23 12:57:47,85547.51443884574,21048.791304869887,322400.9974780529
2022-12-23 12:58:23,85543.61113326623,22542.1053545576,351641.64345083595
2022-12-23 13:12:59,85463.65262348915,21675.80943418931,311212.37568514113
2022-12-23 14:02:11,85385.54281548987,22236.74254742254,316235.6369223694
2022-12-23 14:05:35,85389.51767018149,24167.260368812666,325740.04061045236
2022-12-23 15:15:11,85626.36879835345,22791.180858685606,347428.5106145619
2022-12-23 15:16:47,85633.38393510006,20679.25594562777,344555.0566305055
2022-12-23 15:26:11,85673.92409840293,23291.305516021268,308415.7295071021
2022-12-23 15:40:23,85730.69832055079,20606.90396069333,325511.763907964
2022-12-23 15:57:59,85787.3803828357,21377.436824139037,333940.4797678357
2022-12-23 16:20:11,85824.90679051478,22611.517795765605,342332.5203755802
2022-12-23 18:09:11,85127.30669208869,20990.983863307025,293651.9796226603
2022-12-23 18:43:23,84633.66118692467,23827.078941516553,312671.3941728333
2022-12-23 19:46:11,83730.92193926043,20557.75189143752,305498.6332075171
2022-12-23 20:05:35,83525.05847985826,21735.826941775038,323548.1847142398
2022-12-23 20:09:35,83489.6548732016,21906.73627317928,318720.08680643124
2022-12-23 20:10:59,83477.88182642049,22897.770760368905,325424.9386221011
2022-12-23 20:31:11,83345.99616967628,21568.445329239803,321315.4515441958
2022-12-23 20:31:47,83343.21215229698,22447.858157875136,313530.0299393515
2022-12-23 20:32:35,83339.60513132247,21631.10139088323,319305.86505044374
2022-12-23 20:54:35,83288.24536750616,20354.21092397588,314527.6918784855
2022-12-23 20:55:47,83288.11847861021,21926.34760049671,341369.8172904893
2022-12-23 22:18:11,83840.63721590753,24487.84921896941,305156.59820423374
2022-12-23 22:28:23,83959.50693680854,22641.187956297854,341001.24519041134
2022-12-23 22:57:59,84308.24289845703,22125.950517352627,345198.9585908662
2022-12-23 23:08:35,84424.88979039193,19327.114432557697,319907.2518796693
2022-12-24 01:41:11,84604.38579936081,18485.41669288499,316598.0738644841
2022-12-24 02:08:59,84483.56670534602,21495.1452334861,313156.6695671429
2022-12-24 02:16:59,84462.93597577844,22675.779398791798,374441.67481117975
2022-12-24 03:11:47,84636.52879728015,22929.81564898419,341149.9933548161
2022-12-24 04:22:11,85934.38680181965,24290.09001813712,347350.03400603705
2022-12-24 05:07:59,87316.70034334704,23237.780507376392,335159.65833455214
2022-12-24 05:10:11,87388.1327066486,21582.475706486635,325879.88218638214
2022-12-24 05:17:23,87622.7946095651,22178.10176712027,337576.48632407084
2022-12-24 05:27:47,87961.69674635827,21282.693195094464,332310.8133661207
2022-12-24 06:41:11,89983.7469549675,23129.09277425619,359620.0648631554
2022-12-24 06:47:11,90095.63072715618,23249.352055470623,381777.9136997953
2022-12-24 08:16:47,90404.64660830583,23623.885945118822,323538.24570961384
2022-12-24 09:33:11,89062.89171290289,21125.4652534384,331180.13074713387
2022-12-24 10:01:11,88434.72214510522,23135.452312203815,339403.5110342961
2022-12-24 11:26:59,86785.03658861444,23134.69504296625,316079.14776027587
2022-12-24 12:07:59,86311.10290096453,22309.67932250048,323621.3302878243
2022-12-24 13:04:11,86047.5975991173,23790.831818924733,313175.6421096014
2022-12-24 14:55:59,86565.26200585964,25624.484352963507,310619.12337856524
2022-12-24 15:12:47,86702.04793996515,26852.447956546013,321208.00569779816
2022-12-24 15:13:47,86710.16175588856,21884.394400020385,320770.21975689963
2022-12-24 17:35:23,87019.1645085815,22158.446228664856,327544.4517512
2022-12-24 17:36:47,87008.90017804198,23619.263882554387,310854.20533466636
2022-12-24 18:12:23,86659.84505800772,21640.20310365297,306001.0524699266
2022-12-24 18:25:23,86497.40363043248,23069.435952853044,307793.0363235458
2022-12-24 19:33:11,85563.76662676927,20964.964860176897,330705.26107664115
2022-12-24 20:12:35,85155.76147554231,22398.94933860795,307555.7844500096
2022-12-24 20:37:59,85018.48214890281,24104.825561334772,342924.65824111906
2022-12-24 20:55:11,84992.13253258161,23645.654568304017,352864.47198751516
2022-12-24 21:01:11,84995.88929506719,20594.561767410243,312607.81239418616
2022-12-24 21:10:47,85015.572535332,22540.62708279459,305869.3692203073
2022-12-24 21:38:59,85163.58263848574,22951.265776508288,318518.3293733152
2022-12-24 22:07:47,85425.04281775934,22472.26460429795,337491.18979386013
2022-12-24 22:23:47,85599.38869164923,22970.980869853567,343957.3640546415
2022-12-24 22:48:47,85881.69462699018,21473.082549790855,279217.9995169065
2022-12-24 23:57:11,86415.23229080711,23744.711443369662,320076.28815120127
2022-12-25 00:03:11,86430.95412057123,23961.575831198406,314033.70616037695
2022-12-25 00:24:11,86439.1466227551,25325.139167515834,348849.6653820495
2022-12-25 01:03:35,86278.25397141061,22301.178423700145,327594.6940054718
2022-12-25 01:58:59,85870.3058732103,23290.98884752668,304872.89107969
2022-12-25 03:14:35,85803.47861924434,23611.290578016764,334412.65322040714
2022-12-25 04:08:11,86556.33133579117,23575.728967740935,325084.9658911391
2022-12-25 06:42:47,90419.44996371334,22537.488593535338,339517.132541927
2022-12-25 06:48:59,90505.30127825346,25158.0594105352,350795.3626920594
2022-12-25 08:27:59,90204.1342028197,26079.708331738777,350079.8009823248
2022-12-25 10:12:47,87626.49234671319,23860.716991078283,297667.49325582176
2022-12-25 11:58:59,85378.19721350109,21006.363998759676,318618.09957967035
2022-12-25 13:07:35,84735.38910940873,21658.927471502233,327728.5741385166
2022-12-25 13:25:23,84670.6610759447,20744.064590809543,333521.7757820379
2022-12-25 20:19:23,82411.61569360991,22594.828513761393,288817.98611758644
2022-12-25 21:08:47,82228.07458250082,20227.218983657614,324466.1897084021
2022-12-25 23:49:59,83393.01772122072,20659.762902358743,284812.7372774446
2022-12-25 23:52:47,83402.7983203537,20899.813317552736,349362.6146264868
2022-12-26 02:09:35,82842.06037368409,22396.678589691674,299298.74497801514
2022-12-26 13:03:35,83480.09859837985,21714.463099113207,307048.67543389753
2022-12-26 17:42:47,84399.94316962731,22619.096449483754,344389.4212000689
2022-12-26 18:01:59,84234.84211208568,20170.450033282803,301809.78311869636
2022-12-26 19:37:23,83090.28998091607,22335.660546078405,331705.05984040676
2022-12-26 20:44:23,82673.52152102944,20583.833780662746,313688.766608191
2022-12-26 22:52:59,83765.63990351437,20942.015908881363,320445.40424951294
2022-12-27 01:45:11,84135.22255331185,23536.20562254572,325825.65599543974
2022-12-27 02:48:23,84007.18938066089,23863.08713671664,322349.69837185525
2022-12-27 03:17:11,84193.39105911784,22290.943329932004,303341.0922466002
2022-12-27 03:42:23,84526.08747234831,20744.305236352913,339500.7750232099
2022-12-27 03:45:47,84583.41505681457,21414.29625750871,316913.6903626515
2022-12-27 04:16:47,85234.17551719851,21466.882805974707,322238.77879513573
2022-12-27 04:36:23,85748.9320548856,23213.813618914344,345551.37188972504
2022-12-27 04:43:11,85941.99697173324,23310.781864079698,321594.5042370265
2022-12-27 05:07:35,86675.23924857637,24085.19902041772,336583.75394415023
2022-12-27 05:08:11,86693.7793743734,25101.021350053867,348221.3144523578
2022-12-27 05:13:23,86854.90390835018,19851.212271760432,319403.3733857493
2022-12-27 05:31:11,87406.02411866753,24438.28857189091,337300.99957836984
2022-12-27 06:15:11,88644.09253917339,21543.96303827197,338618.1456280617
2022-12-27 06:21:47,88800.13385889855,22976.790059290655,381560.95129291713
2022-12-27 06:47:11,89295.84132436704,23476.31503758483,376693.45153667335
2022-12-27 06:48:35,89317.81981855458,24545.661858401883,335584.75635552173
2022-12-27 06:55:59,89423.99624279203,22440.78916366766,358427.112865067
2022-12-27 08:56:35,88781.84424159907,21387.147281939782,352358.4953864254
2022-12-27 12:46:35,84638.99986146652,23376.995023101383,285409.45260548336
2022-12-27 13:15:11,84546.87526768369,22093.63424251122,351233.7085434357
2022-12-27 13:40:47,84547.8974476369,23505.20278526144,322348.7024622456
2022-12-27 17:29:11,85146.12627220752,21558.972348850195,367416.66313311824
2022-12-27 17:37:47,85078.12260486737,19779.201904856145,326194.8371789053
2022-12-27 19:06:59,83940.53198548214,22375.24925711017,297384.71940188593
2022-12-27 19:16:23,83806.16358668903,21613.184305017894,321919.2753244848
2022-12-27 19:27:11,83657.58291225636,21856.49205599538,321403.46410904225
2022-12-27 19:28:47,83636.27112608637,21348.842287544652,318301.29534847435
2022-12-27 19:55:11,83321.50223045776,22944.025428832916,289659.7715007919
2022-12-27 19:59:11,83281.22274211532,21343.303929264777,298701.4168004005
2022-12-27 20:05:23,83223.36608121314,20460.919033602437,322356.3319214915
2022-12-27 20:51:47,82996.42149360219,21658.026437980956,317335.0435201516
2022-12-27 21:05:59,83005.9995373919,22351.796753310246,311634.9331775975
2022-12-27 21:41:59,83187.45646194715,22666.03624804098,307908.32573614834
2022-12-27 23:10:47,84130.43850466832,22542.536176577993,317158.7699161065
2022-12-27 23:42:35,84393.87081045928,21195.94154936255,321774.61122196936
2022-12-28 00:05:59,84499.3498532781,21753.935451150744,324523.2530053273
2022-12-28 00:09:11,84507.22347055486,21634.384627757434,332342.7075103345
2022-12-28 00:12:59,84514.50301592392,21954.652496339702,311311.3657815227
2022-12-28 04:23:35,85448.21156049003,22070.71959720307,340873.1036217355
2022-12-28 05:00:59,86532.95062532215,22070.65175351598,348696.971137001
2022-12-28 05:28:35,87404.2478360879,21731.744822662862,316587.97714275325
2022-12-28 07:57:11,89863.0663143278,23481.21045079799,311437.49588634324
2022-12-28 10:58:59,86546.38379692243,20324.76294834671,334162.0758813715
2022-12-28 11:45:35,85861.48033228508,23316.8963275625,324277.4677330548
2022-12-28 14:42:11,85890.94362121465,23456.45276752818,332793.8992568081
2022-12-28 15:46:59,86468.29914717183,24291.4226644401,337680.00525708083
2022-12-28 16:41:35,86770.2778957471,20990.11181361894,387069.6653941974
2022-12-28 17:36:59,86680.34693346413,21705.880167926287,324943.46923301875
2022-12-28 18:42:59,86057.31120413722,22939.7535803621,329748.47440193954
2022-12-28 19:24:47,85559.20916525205,20542.68686176721,323070.01886214036
2022-12-28 19:52:35,85285.38227397039,23056.38190025288,309336.73114736675
2022-12-28 20:32:47,85077.32146478827,22027.30916452627,322252.72480591387
2022-12-28 20:39:47,85069.85592434766,21961.3843755869,325159.44223912735
2022-12-28 20:46:59,85071.80957694452,21831.602844516103,334252.6994817758
2022-12-28 21:38:11,85359.92779551947,24247.390922727784,324910.2637611001
2022-12-28 23:09:35,86554.00558514812,21658.758918239535,333815.53255200165
2022-12-29 00:11:35,87083.24545376377,21766.405153613785,361613.2530864082
2022-12-29 00:16:59,87101.15699331924,23574.21927653391,363863.26132105116
2022-12-29 02:05:47,86816.84910350706,24787.60389636015,342855.271154906
2022-12-29 02:19:23,86787.3950268353,22967.165588487664,315206.6317727862
2022-12-29 03:24:47,87136.36504234902,23466.21394746849,320856.3897121158
2022-12-29 05:58:23,91326.62412190047,23396.7688661019,351091.81544057577
2022-12-29 06:09:11,91632.70151671192,23839.681766663118,365750.0336099704
2022-12-29 06:14:35,91776.8296554739,23187.143434807003,352334.34171148046
2022-12-29 14:58:11,87963.70673992585,25857.005013181537,343270.7927576867
2022-12-29 15:19:35,88092.46572646277,22893.353909227822,298679.00727401354
2022-12-29 15:24:35,88121.63548323343,23209.531910052734,375962.3280240484
2022-12-29 15:32:35,88166.6025235042,26131.651621285055,358353.5672349073
2022-12-29 15:39:11,88201.5946403131,24442.77714431446,359340.8607095143
2022-12-29 15:39:59,88205.68134525126,23068.68269271794,356154.32471143885
2022-12-29 15:49:11,88249.85078928612,21583.92889350438,353168.37138666667
2022-12-29 18:26:11,87427.91364958516,23195.58188873846,337036.7008804613
2022-12-29 18:28:35,87391.40242098001,22536.241121366646,335829.6284278188
2022-12-29 18:43:35,87156.00191729947,23271.29910151036,312795.23174539313
2022-12-29 19:06:59,86778.47378098754,25358.502964826243,341283.07727560826
2022-12-29 19:52:11,86121.06225150161,23755.463257498293,335166.91819853353
2022-12-29 20:03:47,85988.36282892135,23031.7533020908,325644.74352293793
2022-12-29 20:04:11,85984.1427089039,22306.127059392507,331074.32352816034
2022-12-29 20:49:59,85684.85660042825,21080.598423392676,336180.3310503964
2022-12-29 21:41:23,85809.72790943758,21324.294187418684,311405.13351604954
2022-12-30 03:14:23,86371.79987066417,23084.81023637604,299817.337859643
2022-12-30 05:09:23,88874.21249732265,24693.952642098906,355652.0288019407
2022-12-30 05:33:47,89631.11742046209,23391.834178198977,341275.27073296777
2022-12-30 05:36:23,89710.6275564536,22103.599266085555,301801.2417324086
2022-12-30 06:45:11,91428.6878924366,23200.844623239496,348575.7081515278
2022-12-30 06:56:11,91595.61337476905,25176.493846135145,362563.3096915053
2022-12-30 08:16:47,91636.09615533777,25478.867673773428,380912.20961401256
2022-12-30 13:45:11,87275.5516797122,21876.69447173931,324991.6654921357
2022-12-30 16:44:59,88800.93881021519,24688.345990111447,316309.6167184457
2022-12-30 16:56:35,88835.53134443835,22748.605177519017,315677.36448420637
2022-12-30 19:52:59,87731.26856636997,22199.322195241664,325173.9984674839
2022-12-30 22:16:35,88822.88643630598,23529.820003070734,351631.93921252957
2022-12-30 22:17:11,88833.97822410942,21642.12179464352,319103.13309768087
2022-12-31 01:33:35,90995.4113650386,20107.13840829362,329331.0352007515
2022-12-31 01:34:23,90996.18972382482,24194.809586930016,359683.06041385885
2022-12-31 03:07:23,91577.52115777084,22796.956356319984,335234.04770237074
2022-12-31 03:10:35,91629.37192294399,25382.751207523346,370584.73403458076
2022-12-31 03:44:47,92365.62132891585,21632.85091766218,332087.94714158523
2022-12-31 03:47:23,92435.34563272785,25438.95988306966,346931.0790805413
2022-12-31 03:54:59,92650.03474508187,24020.522136346357,338692.84777136345
2022-12-31 06:13:35,98064.61612299478,25844.137990731644,350100.52545061597
2022-12-31 06:19:47,98286.04606135818,25090.73563453769,385321.2396168929
2022-12-31 07:33:35,100014.66964473802,26059.69737567409,419679.3537418626
2022-12-31 13:07:23,97420.16810808389,23216.162307556,386996.6466032906
2022-12-31 13:12:11,97454.09556830398,25622.909928397945,352404.6821441178
2022-12-31 14:40:23,98552.92367120767,23058.679004647984,400807.6081617242
2022-12-31 15:00:11,98878.81776017744,24544.467325830923,363199.68849748647
2022-12-31 15:47:47,99652.6711387285,29371.32697475341,379673.0587804569
2022-12-31 17:51:59,100476.55884379352,26961.525148419416,400833.10238494026
2022-12-31 18:40:35,100157.02125940405,23026.506777013343,374144.2999646137
2022-12-31 18:48:23,100087.63120551025,29325.23334216245,389640.59317971737
2022-12-31 19:18:35,99815.47551873342,26841.453472798392,380319.09327668045
2022-12-31 20:45:47,99571.70515283165,27090.158869401326,362162.8119564586
2022-12-31 20:53:35,99619.97533707845,24672.53571609097,385676.23764245986
2023-01-01 02:49:47,103065.73678176788,28737.566410158568,417315.8235958983
2023-01-01 03:13:59,103360.87279923592,27634.655813519516,381641.0413124126
2023-01-01 03:22:11,103500.573954668,26559.18014845096,391286.2600214813
2023-01-01 04:13:59,104862.8318805798,26809.697334401666,453055.97871242557
2023-01-01 04:43:35,105962.65969372529,31055.187808978753,401538.7447571092
2023-01-01 05:01:47,106712.38921618604,28745.851999477763,477827.6841874191
2023-01-01 05:32:35,108022.1383725818,28222.046185679785,411274.9921208721
2023-01-01 06:06:47,109385.67359855674,28312.17877785364,409641.4746591858
2023-01-01 15:52:47,107704.20177710347,28989.517177118345,400747.6631673813
2023-01-01 19:38:23,106419.85502119995,26690.924356547872,394991.8884686
2023-01-01 20:05:35,106153.5998106898,27213.005334965317,390793.87229405314
2023-01-01 20:44:59,106029.96540260303,27071.956352164627,435560.74355669064
2023-01-01 22:07:11,106881.96842829659,26541.85030099851,372761.79022818897
2023-01-01 22:20:59,107129.52554658381,25659.13108003212,389308.81858985
2023-01-01 22:37:47,107443.73667782644,28687.00523461466,436779.3342520846
2023-01-01 23:16:59,108143.73043460616,29880.765678862113,417872.9608042798
2023-01-01 23:30:47,108351.9924192554,27385.215226802164,407722.9920827465
2023-01-02 02:57:47,108861.50374029901,27874.281006676505,405659.78524226416
2023-01-02 03:40:23,109607.49245123196,25919.96182873074,447057.6056557634
2023-01-02 04:04:47,110307.56754561924,27619.115341576846,435007.9988161115
2023-01-02 04:42:35,111728.70754664701,27336.492185407187,424886.7744806026
2023-01-02 04:54:11,112224.71513582795,31166.66014298364,456650.8068729875
2023-01-02 06:16:23,115754.33897596592,30990.783255669412,434966.1430278258
2023-01-02 06:57:23,116971.63695521004,30843.628090546066,421969.6160932155
2023-01-02 08:49:23,116913.50673311585,30869.03166405894,426378.8161080743
2023-01-02 13:26:23,112775.05888192724,30129.957898459503,406840.3050776777
2023-01-02 14:34:35,113475.88896402557,30890.452230213104,454407.7725426941
2023-01-02 15:03:35,113889.25307521987,29288.55932239978,445586.1269683945
2023-01-02 17:11:47,115100.85718919123,30343.102807676096,471293.1615195692
2023-01-02 17:14:11,115098.99419787365,29085.129935230056,467974.95795208187
2023-01-02 17:14:23,115098.78647818328,31087.833328381712,454544.84546774783
2023-01-02 17:16:11,115096.5538225293,32072.858374476382,404694.1540325507
2023-01-02 17:55:47,114887.56111194064,32017.36317764034,435054.1682959189
2023-01-02 17:59:35,114852.61470802098,31008.04471439712,437387.40422255715
2023-01-02 18:00:11,114846.88616920076,29799.57158310581,475298.01040584577
2023-01-02 18:02:47,114821.41691559652,32296.642901149444,495221.08894502046
2023-01-02 21:32:47,113591.2368307025,29602.87327835018,439523.5917643007
2023-01-02 21:36:59,113649.35355339336,28360.48332721255,405678.7030097704
2023-01-02 22:01:47,114054.19516206988,31723.327999039288,407285.5824844283
2023-01-02 22:14:59,114302.17060476558,26731.852157778278,473231.9549172088
2023-01-02 22:50:47,115013.2853582606,30270.917378700586,434534.98486445297
2023-01-03 01:18:47,116106.78800257317,28536.672785053954,410178.61829970166
2023-01-03 01:19:59,116100.73436048055,29386.791481898064,413395.983419832
2023-01-03 01:44:59,115966.28104663795,30425.60517090276,433974.7755815443
2023-01-03 03:21:47,116299.58200299316,26310.122743869888,454401.4416170375
2023-01-03 03:42:47,116738.0626902012,31891.46757885228,444111.3905449779
2023-01-03 03:56:35,117109.70782334212,32679.635977565114,394393.1965809559
2023-01-03 04:29:35,118239.49184156982,28063.529001482944,452687.5185258558
2023-01-03 06:49:35,123654.28363318832,32027.20687526295,420805.9686725559
2023-01-03 07:26:23,124171.3794484708,35085.40566184762,418349.1321964735
2023-01-03 07:29:35,124187.07176187597,31945.237197481674,487195.1144542248
2023-01-03 07:37:59,124205.9675137065,33257.44097456718,494482.13543293736
2023-01-03 08:05:35,124049.00783146497,34256.732225977226,457493.3344385109
2023-01-03 08:10:23,123989.48593788555,32558.913982573573,482682.7792554636
2023-01-03 08:33:11,123592.40953069343,32648.30114423628,468243.72761532984
2023-01-03 09:02:23,122859.0253230074,30254.094285978543,482142.23767172336
2023-01-03 09:15:59,122456.15433543113,29700.347350984484,437753.8250351557
2023-01-03 09:16:35,122437.73343601501,30440.348921716024,485570.43205700355
2023-01-03 09:16:47,122431.58253322955,32679.8425698141,436961.63847920246
2023-01-03 10:55:47,119313.36581202196,30864.3076454004,470281.1419110109
2023-01-03 14:16:11,117393.30880327437,26343.318225913605,426624.37383250904
2023-01-03 15:07:35,117786.38948873545,28959.803551576635,482800.8780735006
2023-01-03 16:00:23,118172.12562670933,31135.031876077144,449514.5339494873
2023-01-03 16:25:23,118258.18008073652,30099.673314506173,456319.19648489164
2023-01-03 17:02:23,118190.29032347255,32690.331552595275,461945.9928293442
2023-01-03 17:49:47,117703.59384034616,28971.32254844123,458230.348569673
2023-01-03 18:44:35,116681.87858754868,32635.41736350017,460538.4564533878
2023-01-03 19:49:59,115374.37199299154,27893.640461383795,479182.4191544061
2023-01-03 20:39:47,114811.61999263095,31956.144903804317,453184.0303754929
2023-01-04 01:15:47,116154.71302383767,30934.827232231826,505213.1734300633
2023-01-04 02:52:47,115509.93976473664,31907.290146557192,451340.15087200986
2023-01-04 03:13:11,115638.74587587884,28462.331166770724,424989.2458607184
2023-01-04 04:24:23,117207.3091706543,29483.944823633294,426226.1304683617
2023-01-04 04:48:23,118068.1577185576,31600.35481282399,440112.749125737
2023-01-04 04:57:59,118440.49168727534,31234.538827136974,445984.0036314056
2023-01-04 08:25:47,122071.54224623567,29778.416672327945,470055.85666438134
2023-01-04 08:48:23,121521.12903669804,30543.86551188651,434246.12647391873
2023-01-04 08:58:35,121230.65557802412,30963.615734575822,474340.96015916043
2023-01-04 09:15:23,120710.0482928536,29760.190047517346,399569.3563416417
2023-01-04 11:50:59,116108.0992177104,31675.299423509852,441140.14173703064
2023-01-04 12:43:59,115399.67041409545,29300.793022626367,456660.97034378763
2023-01-04 13:41:11,115207.5112741731,30122.74580328804,460142.31518163724
2023-01-04 13:58:47,115248.30925528641,30543.95542688245,494883.0561905378
2023-01-04 21:08:11,112557.53808260651,28979.104484240666,421253.6029015236
2023-01-04 21:38:35,112695.36081372082,31205.9719260495,433397.71074323053
2023-01-04 23:48:23,114050.25243129076,28397.934440892317,437276.70667277544
2023-01-04 23:54:35,114071.25067237778,27732.73403629666,473248.1539010363
2023-01-05 00:19:35,114071.46039678183,30230.241291207647,420948.1393958414
2023-01-05 02:51:47,112799.9547477466,29183.95084293546,437136.0984183107
2023-01-05 04:47:11,114925.16222047707,29884.24047786483,417556.90945404826
2023-01-05 06:00:11,117435.46883891482,31669.756208250128,421646.1608683079
2023-01-05 06:23:35,118073.87336210633,28432.23776216843,512282.2290869683
2023-01-05 11:59:23,110827.19477733837,29648.17305914173,448802.4199715138
2023-01-05 13:00:59,109785.61773281585,29025.792534150034,480762.3188473909
2023-01-05 15:39:47,109278.80888051844,27533.003891836943,398761.06358837744
2023-01-05 17:15:47,108585.31749563434,28036.19506322499,407156.1119702514
2023-01-05 17:26:23,108412.02820345422,30165.280262154407,420781.71624782635
2023-01-05 18:16:35,107330.99312154984,26277.82098307144,389845.8389243537
2023-01-05 21:31:47,103661.65554206866,26259.188184798695,426142.31207471306
2023-01-05 21:42:23,103659.85158862476,26541.902957775903,378828.48357680545
2023-01-05 22:02:35,103704.15163341736,27611.644121086516,421125.49332873855
2023-01-05 22:27:23,103814.55701910774,27967.805311995107,409988.47838261566
2023-01-05 23:46:35,104034.54630259723,26944.04257961635,364220.7712269052
2023-01-06 00:09:11,103932.50614779725,28179.9696845802,392971.09179236804
2023-01-06 01:29:23,102893.45561432336,28919.03112072031,380598.01046605624
2023-01-06 03:29:23,101875.20063234137,27781.586834597943,369344.5306480614
2023-01-06 05:40:35,104733.70531369686,28696.400185673578,393881.15936812904
2023-01-06 06:42:59,106038.02279073565,27349.61981835445,381296.2747374705
2023-01-06 06:59:47,106192.77865863012,28096.485769655243,399425.25011321926
2023-01-06 07:24:59,106227.46020522244,24158.4433298048,408601.67911815643
2023-01-06 07:39:59,106132.97049706563,27518.714185659046,425322.71712949907
2023-01-06 07:45:23,106078.33059897064,28057.769465450467,404313.5194952882
2023-01-06 08:10:23,105691.54311988011,29630.048788229633,386063.68687433936
2023-01-06 08:45:23,104834.35755088438,29728.696476117682,374293.7182235414
2023-01-06 08:49:59,104700.08553696467,28590.864650468826,409730.7987515184
2023-01-06 08:51:35,104652.43125080773,24087.18601138588,364036.50287356967
2023-01-06 08:54:47,104555.73341596588,27654.798327516393,391094.80943887046
2023-01-06 08:56:47,104494.39758432438,25985.284078687735,386516.97248934716
2023-01-06 09:01:35,104344.55761524047,27585.834290129264,412568.1688603176
2023-01-06 09:19:35,103755.45271394872,30901.318235572922,419614.5348056165
2023-01-06 09:47:59,102776.82714426456,31701.53256738895,389847.1394634924
2023-01-06 09:49:11,102735.06405095007,26598.8017686144,374766.9131048884
2023-01-06 09:53:47,102575.12015089384,28209.246167754496,364237.65360050584
2023-01-06 10:32:11,101280.68523680216,24711.116327910302,375684.4385191166
2023-01-06 10:35:23,101178.45291569305,25646.680146862407,340783.58082337957
2023-01-06 11:15:23,100014.36875108274,26437.248639855978,403531.10723814997
2023-01-06 12:11:47,98812.9347245637,25140.207205604147,365202.968985296
2023-01-06 12:25:47,98601.09555311881,26074.632916162853,379429.7734512574
2023-01-06 13:08:47,98157.8891301381,25637.21038966834,381440.67709134676
2023-01-06 13:20:11,98089.6148238259,26599.19882434883,378323.73168830056
2023-01-06 13:36:23,98024.72702811871,26657.882281930033,356836.7028271782
2023-01-06 13:42:23,98009.66795744722,24966.840615118002,382319.92513921444
2023-01-06 13:44:47,98004.92915228983,24191.206343014856,383944.1985110394
2023-01-06 14:03:23,97991.35036024543,25892.714075315027,350003.828362488
2023-01-06 14:20:59,98011.70633489914,26708.17168972987,370339.29394982
2023-01-06 14:43:35,98073.82891362537,23623.014926741445,409605.1518386792
2023-01-06 15:37:23,98283.69896326752,26796.411506288343,366151.9221579228
2023-01-06 16:03:59,98354.44335347817,27522.428475768284,365828.3602344709
2023-01-06 16:40:23,98337.1810899156,25416.81385820685,377160.99702982686
2023-01-06 16:55:59,98274.53899076294,25742.708563563774,355390.56991191197
2023-01-06 17:31:35,97987.87361152795,24804.793343299785,353986.7204100718
2023-01-06 17:43:47,97843.86785834935,24459.681711839716,392633.8693008859
2023-01-06 17:55:59,97678.55122252731,27525.779897583336,395844.7874854178
2023-01-06 18:14:23,97394.40220282495,27489.349247947855,349881.01937158115
2023-01-06 18:41:47,96916.78731821019,27654.74287761376,372084.1925323877
2023-01-06 19:09:11,96418.15396044786,25741.2627141622,375973.82448432344
2023-01-06 19:17:11,96276.62993568432,23518.68439679533,339973.957692832
2023-01-06 19:30:47,96046.9267636561,25458.617744671716,370498.31369402405
2023-01-06 23:43:59,96824.90404759452,25268.647543939063,333724.8641795043
2023-01-07 08:27:59,103030.97071047126,26752.143778799167,416103.68152825435
2023-01-07 13:19:11,98249.73643863726,24100.524997931036,361044.05909858044
2023-01-07 16:17:59,99550.82739174597,26297.6447632372,406355.25098911545
2023-01-07 17:10:11,99600.63036469695,25458.62283889516,402627.4525541751
2023-01-07 17:12:23,99592.73361520532,24849.820559467455,388438.3966493608
2023-01-07 19:48:23,97663.50094038624,23897.576962154384,354708.5575430557
2023-01-07 21:32:35,97429.5410173386,26339.40152425701,404029.2645776601
2023-01-08 01:53:11,98546.75835168139,23364.01330295057,349423.6084469769
2023-01-08 03:11:47,98476.21596569938,25092.54413043459,344942.83866816084
2023-01-08 12:44:59,98109.07366163794,22592.962790209167,358421.5784073875
2023-01-08 14:13:35,97991.77552318959,24383.64012764518,380807.89950547455
2023-01-08 21:15:35,95824.05793126787,27629.815734363536,376098.4450949771
2023-01-08 21:37:23,95957.65587597617,27618.867894237643,371075.60863527394
2023-01-08 21:42:11,95998.37863749481,24515.40155406174,335027.61165800376
2023-01-08 23:01:59,96972.42400371147,26810.333435447472,413124.87041157397
2023-01-08 23:45:59,97407.46456906587,22914.57137744701,429206.1373816832
2023-01-09 00:51:11,97482.66143763918,24587.90346372446,382794.15254716686
2023-01-09 01:13:47,97366.70228405081,27368.023017214764,361121.2502491878
2023-01-09 01:53:11,97116.18921638955,25088.761342906753,363814.24844033
2023-01-09 02:22:23,96998.48409311913,24210.54253612213,392216.3888562499
2023-01-09 02:29:59,96990.06037377757,25714.33942644496,345286.45649162465
2023-01-09 02:31:35,96989.76560675049,23505.93041218209,369867.7163184981
2023-01-09 02:32:47,96989.89957468947,26512.251130750097,364659.75426745217
2023-01-09 04:50:59,99610.83222815287,26848.95797390715,372577.3072240232
2023-01-09 04:51:59,99646.43763412292,27599.55731752239,392956.3452083441
2023-01-09 05:19:47,100668.60003632116,28008.751833162984,383444.9203789389
2023-01-09 05:22:35,100772.99122526337,27722.093571001336,407318.00124190317
2023-01-09 05:45:59,101630.09864128829,26367.7458462781,392800.73355506966
2023-01-09 07:01:11,103664.15856289599,26632.20527837457,379754.4548167965
2023-01-09 07:19:11,103883.06417759464,30097.828103507414,409557.63418772985
2023-01-09 09:23:23,102525.09089345645,26331.076970851173,378777.0834296768
2023-01-09 11:49:59,99457.76991259078,24242.911739893625,377537.6514537776
2023-01-09 14:26:11,99530.33212795974,26410.115416067525,386701.4131608413
2023-01-09 14:43:47,99716.48436402962,25616.14266130321,399191.8759955717
2023-01-09 17:50:59,100670.48638483867,29331.3187562569,382727.76946346415
2023-01-09 19:12:59,99702.07327161476,27238.98614737856,395508.0431211239
2023-01-09 19:32:35,99462.18145091894,26422.66299890979,401947.0077474017
2023-01-09 21:56:23,99684.62021315767,27187.898974275264,353068.3618503412
2023-01-09 22:02:11,99773.54904342706,26354.337454787063,370205.740330833
2023-01-10 04:05:23,102762.79818839011,27990.295137055375,419856.49682512763
2023-01-10 04:29:23,103526.75550375719,26436.61467103532,359343.77737088205
2023-01-10 05:05:59,104900.83722656178,25855.792047696737,404576.7078355605
2023-01-10 05:45:23,106452.12106433453,29502.783424092722,429963.82962973823
2023-01-10 08:59:23,107969.06716014075,29213.8220207442,394675.78381625726
2023-01-10 12:15:47,103684.24489409127,25494.79977202027,391586.65419075626
2023-01-10 18:43:23,103769.32434292603,29055.65099749992,383133.786657144
2023-01-10 19:38:59,102918.17843167292,26728.68462443728,387695.7514886541
2023-01-10 20:33:11,102448.8276509567,29650.314056618718,390524.9483062378
2023-01-11 00:18:35,104699.30668435512,29470.768556781877,386595.11767815717
2023-01-11 05:11:11,108114.91520191559,32591.127700399502,411560.88496619446
2023-01-11 07:19:11,112045.24674893304,26300.14295790454,426416.09897978464
2023-01-11 07:23:23,112085.01785245522,26659.976049303812,376811.09794044413
2023-01-11 13:03:23,107039.87987140691,26715.06093580389,407210.345538625
2023-01-11 14:13:35,107454.84156182704,26852.253685567986,396123.8212351973
2023-01-11 14:24:23,107569.72779858479,29611.672923415405,415984.21130016755
2023-01-11 16:58:23,109078.64294269882,29873.349763962906,423587.7211484938
2023-01-11 20:54:23,107189.88365171642,30079.18477884894,468387.4488258573
2023-01-12 00:40:23,109967.06085979042,29450.796880414433,411207.2401051239
2023-01-12 01:00:35,109933.68176151512,26667.554247329263,406924.65008599457
2023-01-12 02:13:35,109622.8660880728,28656.19873825618,402579.65660142264
2023-01-12 03:07:47,109852.82096312755,30390.245942252986,470296.1916725019
2023-01-12 03:37:23,110345.12286635878,26854.143581196593,383618.01005763403
2023-01-12 04:15:23,111394.49216753083,26980.47942149409,395161.80558325944
2023-01-12 04:38:35,112231.07119369357,30972.62429901992,393503.1301619293
2023-01-12 05:02:11,113182.29620267851,30977.659996902163,423619.5243068258
2023-01-12 05:07:11,113391.32765810627,28019.48724580269,430242.2045754268
2023-01-12 05:55:23,115373.18244364913,29198.394160989006,397141.065537404
2023-01-12 06:07:35,115823.29795849697,30020.569835027363,474188.4823237023
2023-01-12 07:52:23,117522.00458477391,29073.354070820653,434208.21482133627
2023-01-12 10:10:47,114225.77769331157,30906.7632472811,431400.28672928974
2023-01-12 12:36:35,111159.03550577897,28610.448625575475,411308.8965971068
2023-01-12 12:46:59,111079.52218626365,27786.066584846147,436508.49273517757
2023-01-12 13:18:35,110948.92490093723,26248.578190667184,414089.46209376457
2023-01-12 13:52:59,110976.16869738165,29050.635110103052,414910.60787354095
2023-01-12 21:12:11,108377.21069393266,28144.531257321523,413934.7872164066
2023-01-13 00:52:47,109740.95783933783,28999.45972957608,450210.73223404866
2023-01-13 00:55:23,109721.02875262107,29844.92295912506,425125.79232286155
2023-01-13 01:10:35,109588.62061567703,26291.46206215911,429440.27878532396
2023-01-13 02:01:59,109081.55171449008,27672.11694088081,427359.65241299366
2023-01-13 03:17:35,109053.52574872214,28347.087470035265,442187.9586437462
2023-01-13 08:37:47,114953.67754171856,28210.48744789136,401239.0828206725
2023-01-13 08:44:59,114788.96200547065,32682.099504103615,400627.3617444584
2023-01-13 11:14:23,110615.50675842463,28032.146883230733,435459.6907762905
2023-01-13 16:45:59,111066.75593725783,31820.80861330917,422887.07419587905
2023-01-13 17:08:23,111087.19991768751,29936.224752463026,434755.5751499144
2023-01-13 17:11:35,111082.70758282363,28695.507052358487,456255.81517636793
2023-01-13 17:23:47,111048.32712875953,27507.230070652353,440728.9934391573
2023-01-13 17:24:59,111043.47589326234,28522.423394386755,394376.06335824373
2023-01-13 19:20:35,109751.7570844209,28581.06859046717,438416.8648840523
2023-01-13 21:12:59,109437.38090730278,27120.499978602787,437456.78279179666
2023-01-13 23:08:11,111588.00680044261,28481.09471458612,424414.01577113004
2023-01-13 23:15:59,111741.86674351976,28455.13720132475,399983.9553288816
2023-01-13 23:56:59,112397.8019923994,29231.609177714392,436189.9973992549
2023-01-14 00:29:11,112686.7261754673,28207.60312805283,452848.86753012904
2023-01-14 00:31:23,112698.99349747563,29070.81747774945,495207.54777671787
2023-01-14 00:45:11,112756.24627470411,28660.680513926825,440181.73209050775
2023-01-14 01:19:11,112784.79720281783,27398.583263400684,425706.0161173495
2023-01-14 03:00:35,113172.23736577916,30945.786021646374,428582.3147681585
2023-01-14 03:54:59,114496.74071735462,25525.312717768134,410583.9705178411
2023-01-14 06:32:35,121580.38041671418,30907.745532394943,480065.68995669414
2023-01-14 07:18:35,122816.03582311001,33272.73869899055,465843.32029013126
2023-01-14 07:33:11,123015.42724382177,31499.71797432167,445531.12389070744
2023-01-14 13:29:47,119054.55211575577,28633.80196341575,469683.0444885442
2023-01-14 17:17:47,121879.89713286537,36429.279624108654,413357.8731241677
2023-01-14 17:18:35,121879.41412181853,35511.719185247915,435388.56524421857
2023-01-14 17:39:11,121819.82632033159,29788.25674290969,491637.9435208664
2023-01-14 17:47:59,121767.69482395356,33006.52348690962,484676.8494205836
2023-01-14 20:18:11,120092.7505078247,30109.454181129848,492531.1642063731
2023-01-14 20:22:23,120078.82396076585,29483.105918054538,454397.82810227433
2023-01-14 20:42:47,120073.74366520056,33092.243527780854,465538.1460592721
2023-01-15 00:27:11,123328.00943225468,32574.99696666987,510912.86801636603
2023-01-15 04:45:23,126144.65472070935,34482.935985442055,451560.8373810396
2023-01-15 05:35:23,128458.6083987323,34856.663183764285,430370.48416635295
2023-01-15 06:04:35,129729.39694908712,36404.57296636334,486431.21861010307
2023-01-15 08:23:59,131313.46576506342,35114.34767868076,481775.3655122733
2023-01-15 09:53:35,128633.14979243494,30682.427189150447,471929.86095172
2023-01-15 10:44:11,126944.89324231789,34229.38367755369,469298.06466269365
2023-01-15 12:30:59,124719.8709078759,31609.013845878755,453261.16051979567
2023-01-15 12:49:35,124568.89989019163,32121.19484818313,463545.1938463441
2023-01-15 14:04:47,124592.44863527812,30901.937182442813,547254.4176364534
2023-01-15 14:46:47,124927.71806977202,31695.668158984892,465644.93937228137
2023-01-15 14:52:11,124979.51924454272,31087.773521648607,461090.68803573906
2023-01-15 14:56:35,125022.45667799012,30839.78489659334,456249.3419253718
2023-01-15 15:01:35,125071.7942809899,34755.04782290563,491952.7291730654
2023-01-15 15:02:11,125077.74147211228,28202.5931734152,496463.63835760026
2023-01-15 15:50:23,125525.60364854339,32577.89529792843,461674.9509818844
2023-01-15 16:42:47,125741.79011598369,30455.66080208095,488717.11245646875
2023-01-15 17:22:11,125565.32603214434,34542.99420967206,485884.8864496308
2023-01-15 17:31:11,125478.40199634805,33550.374537016505,452974.98840237624
2023-01-15 17:31:23,125476.27655930017,29032.724577643883,528106.8358819908
2023-01-15 18:23:35,124670.8432142662,34263.849983337714,414719.975698915
2023-01-15 18:50:59,124113.26335605333,30434.84046470506,447082.59591935773
2023-01-15 20:24:23,122559.89578103999,30891.562989795093,486624.4422552262
2023-01-15 22:41:47,123713.5393327505,35071.11394775872,451435.8095834951
2023-01-16 00:21:35,124818.92447803034,34519.543808082235,470648.3562637874
2023-01-16 01:53:47,124294.44116767273,32620.349055710107,505673.6598397386
2023-01-16 03:48:59,125140.67342408538,34075.56118500285,480206.6959028597
2023-01-16 04:05:47,125652.18595122329,35026.1172911076,440577.8767045811
2023-01-16 04:32:59,126675.75806514398,31959.424498689164,479700.6985397011
2023-01-16 07:10:47,132711.60346591115,34500.81552729676,509224.6077962825
2023-01-16 10:14:23,129248.6765314772,30770.8950143281,533246.6691330518
2023-01-16 11:26:35,127245.01094806532,32762.025273513285,443045.3369165564
2023-01-16 13:29:47,126173.81825427589,37482.24477159253,503370.51986263413
2023-01-16 14:14:11,126465.68448123339,32861.020367521305,477056.9063335875
2023-01-16 16:23:35,127836.67859949704,32264.354261087152,490474.0768501669
2023-01-16 16:58:35,127908.24642221631,34433.93462464198,480539.5317198404
2023-01-16 19:53:47,125360.53930412311,35020.843199773495,446927.50668152916
2023-01-16 20:16:35,125097.66292999212,31302.520515479668,484953.1221380198
2023-01-16 23:13:35,126845.01284088593,31102.28782312856,476689.82106155454
2023-01-17 05:31:23,131392.0511821288,34418.215944951095,509755.3858834538
2023-01-17 06:43:35,133970.07942062817,33394.59155723055,502471.76312115276
2023-01-17 07:55:11,134389.3721419751,35451.749799702426,520199.9306817347
2023-01-17 09:22:23,132028.7846746982,36185.7378902141,476732.37378266203
2023-01-17 10:09:23,130206.9279994316,33432.758808351675,508552.24834934546
2023-01-17 12:57:23,125962.80404470245,33017.8275883189,457394.94822502544
2023-01-17 13:54:59,125749.85537735322,33005.602467661025,494435.15699627134
2023-01-17 16:08:11,126305.9321039833,32285.633225664365,482147.64423927094
2023-01-17 16:31:59,126290.51059248701,35012.12063382919,503959.8033143164
2023-01-17 16:50:35,126206.02811963315,29092.127129882294,479565.49418505764
2023-01-17 18:10:47,125012.99579766991,33191.54386886821,472236.88942438085
2023-01-17 19:32:47,122984.75334900056,34783.8856670903,506247.65222828166
2023-01-17 22:28:47,122316.16458729512,34440.02327280885,484231.347276349
2023-01-18 02:17:23,121738.99028651325,29960.98269492775,470833.15665668115
2023-01-18 08:29:35,127509.28845765513,37959.58030138202,510212.63125509396
2023-01-18 11:30:59,121370.91446472665,30322.090166141643,445294.5112647871
2023-01-18 13:57:47,119728.21706300964,30002.930335915757,464926.23435174435
2023-01-18 14:34:35,119849.6262012997,34614.55420205893,496112.27608437475
2023-01-18 14:54:11,119956.03309526203,31476.298991258544,459707.4555303514
2023-01-18 15:41:23,120223.3033842019,31620.5687195682,433207.59412959183
2023-01-18 15:49:11,120257.12079422818,30583.257300257694,449345.5425514869
2023-01-18 16:34:47,120306.36203863074,35339.64562478556,433699.72814182384
2023-01-18 18:16:11,119044.58907421277,30196.686228455725,477466.1573827708
2023-01-18 20:04:23,116668.68939047054,29822.994679966585,453892.22520989645
2023-01-18 20:10:35,116572.04016239455,30643.294406035082,437620.83601198276
2023-01-18 21:39:35,116214.45032917254,31860.504965876407,422030.59682705527
2023-01-18 21:55:23,116336.35498304435,26339.046672469147,436920.4813566672
2023-01-18 23:21:35,117245.30547414126,32411.438353534213,486449.31819738523
2023-01-19 00:46:47,117158.25638786628,31685.642747369195,453809.76320772816
2023-01-19 02:25:47,115935.41737510645,31260.40694857702,436873.4327961257
2023-01-19 06:37:59,121192.68659755548,30125.458817212704,441620.9061339581
2023-01-19 07:41:11,121442.04189051212,32434.96814738287,466486.7577491969
2023-01-19 10:13:59,116543.95295084493,30230.264244632785,420073.09443749394
2023-01-19 11:54:23,113179.7538573152,29012.879031388584,388153.4104352419
2023-01-19 13:51:47,111463.73459727156,30386.291213076303,386951.88302715984
2023-01-19 14:34:59,111315.67047832097,28070.91325696843,443818.7319876083
2023-01-19 15:58:59,111179.56820851112,31261.87991779756,440117.49384728837
2023-01-19 16:58:59,110685.12188645963,29603.727043468843,406087.5547303743
2023-01-19 18:17:23,109077.94537610063,28710.466885059766,435905.1856028981
2023-01-19 20:23:11,105849.94311234498,28034.129475459817,380043.1851222069
2023-01-19 20:26:35,105792.00351657263,28143.672392105127,410488.4951361732
2023-01-19 21:48:11,105189.57893358704,24597.92108927026,394021.06515714724
2023-01-19 22:54:59,105425.28034642512,28158.10648532447,370309.235888183
2023-01-19 23:00:47,105445.9277099913,28951.62355531434,408342.87039844773
2023-01-20 00:14:23,105303.16798625737,28122.643371809845,441037.1106486645
2023-01-20 02:07:35,103587.17006142264,27432.972149841742,396709.10920755495
2023-01-20 02:18:11,103436.05092761743,23740.581365713657,369262.3093851578
2023-01-20 02:40:11,103191.62770241618,26455.563806061284,394711.62434663385
2023-01-20 03:06:47,103058.66775325748,25118.31723564909,369490.56017839204
2023-01-20 06:17:35,106787.87504460082,27769.225607826007,374861.12677257793
2023-01-20 06:25:59,106942.2320344014,29261.122302026266,421667.3769644825
2023-01-20 06:31:59,107039.64722255048,31465.890067278528,410204.51883513806
2023-01-20 07:32:35,107308.17254482387,27683.40030690537,440202.6142222637
2023-01-20 09:16:35,104881.97236616857,23943.773292469214,404138.0597664687
2023-01-20 13:07:11,99003.74631874425,24829.326406882712,335832.44454008876
2023-01-20 13:41:11,98826.41716107256,26446.291904784208,402443.7735926235
2023-01-20 14:33:35,98827.13760040628,26288.7644898078,361372.52850265126
2023-01-20 14:54:11,98886.47606134624,27862.92404147832,401836.9659298004
2023-01-20 16:12:47,99096.80705347315,24729.16539013426,354806.13742783386
2023-01-20 16:22:23,99092.92824007242,27061.299011944287,384283.46818141773
2023-01-20 16:37:59,99061.69055129912,23725.950597009687,420159.2976831119
2023-01-20 16:54:47,98989.04346262591,26674.866960255986,365677.49646037887
2023-01-20 16:56:11,98981.03355819649,25517.03173092876,368009.41959667235
2023-01-20 18:36:47,97651.0286625186,27756.445750947587,389204.8383651153
2023-01-20 18:57:47,97254.76024139432,23432.739844091586,394158.37054479105
2023-01-20 19:26:11,96734.43185411228,22479.800455485998,352031.6051870184
2023-01-20 21:03:23,95816.645916826,23609.603727303995,350123.3069153681
2023-01-20 21:39:11,95967.21051136327,26282.924251975917,386267.70384700975
2023-01-20 21:49:11,96050.66075034015,27611.190437485482,353687.5183264338
2023-01-20 23:35:35,97241.60601396945,24819.5972388081,369621.91745210986
2023-01-21 00:24:23,97424.17785517231,25985.188924903694,365694.73070856737
2023-01-21 01:15:11,97220.00478394896,22866.55159972665,365708.7875324448
2023-01-21 02:42:47,96826.99552360013,24953.50761496097,361356.0527434526
2023-01-21 03:32:11,97262.91364857892,26049.839205958986,388384.79326759215
2023-01-21 03:34:59,97309.10824364689,25683.91598128895,373185.1984539747
2023-01-21 06:37:23,102873.43407080545,25025.072850414526,370752.8208554252
2023-01-21 07:31:35,103593.40332509618,26339.801330435635,398340.60977978556
2023-01-21 08:43:59,102938.04814964197,29294.752190885432,412783.3533623728
2023-01-21 16:46:11,99462.90395061758,24345.224093443507,400820.14891687594
2023-01-21 17:10:35,99410.82194586589,25388.92492270283,356097.1634244282
2023-01-21 17:19:35,99365.47323078902,26767.8987671002,379016.7911061957
2023-01-21 17:43:23,99178.28447879369,25807.118120656545,433493.8998839927
2023-01-21 18:09:23,98872.64523283861,25550.137581943207,365612.4532877171
2023-01-21 18:18:35,98743.7021195698,26673.85638376105,413271.06840371597
2023-01-21 19:04:59,98004.47902304282,27036.914286277875,387607.6803171107
2023-01-21 21:17:59,96943.72768765266,23364.418779020874,354527.05800127727
2023-01-22 00:30:23,98495.42233705787,27832.103519515378,348810.8108364261
2023-01-22 02:59:59,97680.17067618889,25058.518751088246,372623.3602893333
2023-01-22 03:24:59,97868.60976680805,25441.31129060371,410250.2217420117
2023-01-22 03:36:35,98018.14875810758,26799.879513805732,376096.7566835696
2023-01-22 04:25:35,99066.5500120247,25418.438705623634,376085.40463651094
2023-01-22 05:03:23,100219.6135131619,27437.13089941925,396497.93642804364
2023-01-22 10:02:59,100130.57459691733,23747.212161630265,414847.9778406779
2023-01-22 10:11:23,99874.81440850184,23650.136754461415,374311.5267213376
2023-01-22 10:49:47,98772.63422865182,23949.123380501802,365759.69103936915
2023-01-22 14:14:11,96461.43733965023,25177.235188299903,400083.03666652367
2023-01-22 15:13:35,96698.40593983048,24277.511657673964,376123.4650359261
2023-01-22 15:44:23,96828.93270198855,24432.28146040988,347487.7717334948
2023-01-22 16:22:35,96898.37033591203,27180.285257586893,387106.1566193157
2023-01-22 18:13:59,95929.64522950255,25624.86051405383,337761.58969395043
2023-01-22 18:31:35,95623.8445616222,22654.04159673331,400122.19004608656
2023-01-22 19:20:35,94721.20587514174,25178.21884595522,359757.41192232276
2023-01-22 19:35:35,94464.81239854511,24163.520322665132,358746.1538696572
2023-01-23 03:37:35,94688.97931268718,26315.742901374084,333272.5445393271
2023-01-23 04:51:59,96567.97636807823,27011.52596820985,362904.57352739456
2023-01-23 12:51:47,94943.13363690398,24125.844056824615,395120.25881042314
2023-01-23 12:57:47,94923.58639691079,23053.103071365706,330502.4349509399
2023-01-24 00:28:59,95552.62820415835,25915.71869993536,401045.4235286863
2023-01-24 11:26:59,95979.42317795008,26605.541483785295,361496.2062045619
2023-01-24 17:18:23,95114.06474511485,24163.726090175554,330508.7594446189
2023-01-24 20:07:23,92565.98864575174,23978.79270499604,324570.7174156839
2023-01-24 20:11:35,92519.69037530114,24204.832311209135,375267.2733777097
2023-01-24 22:07:35,92577.50567214756,23191.857291013603,360285.4000001751
2023-01-25 00:40:47,93453.10442260455,24483.045885694126,362868.8877576844
2023-01-25 02:16:59,92731.76781436824,25889.135014932395,351507.0680329765
2023-01-25 03:57:35,93383.69199091457,23323.975938132022,409548.24503930635
2023-01-25 05:57:23,96869.8507863414,25213.565564298613,349573.09554414084
2023-01-25 07:07:11,98274.64008743296,27832.998835201484,331910.28204281844
2023-01-25 07:57:11,98290.74388982699,25278.794125433113,358529.62175149453
2023-01-25 12:35:47,92735.00592308436,25738.459021636583,368937.2342158222
2023-01-25 12:39:59,92705.5358582409,27658.65201449075,338580.4086931001
2023-01-25 12:56:23,92615.73489874275,21581.488673361473,312978.3858192296
2023-01-25 15:40:47,93222.42375324968,22807.292979463517,346265.65819674643
2023-01-25 18:43:11,92273.85644876528,22761.615775495273,355128.1996215434
2023-01-25 19:24:23,91618.41330962577,22397.353503896687,344120.5017727597
2023-01-26 01:05:11,92102.59314197718,23564.50139418871,389492.2152622044
2023-01-26 01:28:59,91914.86425505547,23093.51620518955,323888.0623213624
2023-01-26 01:48:59,91748.7387220886,25526.74774016621,393002.2956782886
2023-01-26 09:26:35,94738.08896754554,26528.733016432787,399594.75033603766
2023-01-26 10:08:47,93493.83010768784,22142.534897317953,368075.0521295911
2023-01-26 10:12:47,93376.89495789514,21410.584867677677,328860.3111533692
2023-01-26 15:07:11,89985.47828578355,24960.83543847143,340864.9250063132
2023-01-26 16:34:59,89986.54936083831,25350.597795029746,353130.7200533965
2023-01-26 17:25:59,89574.0602090102,23648.363542479437,320380.674527233
2023-01-26 21:23:59,86185.66791023646,24251.44118835492,330358.4154396621
2023-01-26 22:00:35,86288.26789589979,24569.990885249274,341473.04105121084
2023-01-26 22:00:47,86289.27627147382,23257.07214275901,337936.8849702457
2023-01-26 22:49:59,86597.92847980767,25945.595870511905,340596.7158900541
2023-01-27 05:17:35,87695.60545444852,23756.349071223,317064.3442133981
2023-01-27 07:14:23,89823.31215402049,22242.617475262392,360950.12426289724
2023-01-27 09:42:59,87436.47133469365,23643.004250754297,311023.9629258502
2023-01-27 13:16:59,83882.25670948267,24439.14158896806,314757.6558833127
2023-01-27 15:07:47,84230.51950208763,18751.580819369978,314594.4288729466
2023-01-27 15:16:11,84282.85834605889,22532.98132562479,312906.8660091871
2023-01-27 16:29:23,84617.84298776426,21427.39798479534,311799.3818598628
2023-01-27 16:49:35,84625.4689698909,22199.024699743404,320637.8442227991
2023-01-27 18:03:35,84191.1042956678,23858.317629199704,344173.57773753145
2023-01-27 23:08:47,84100.59967500302,21306.83602348922,307122.9354661229
2023-01-27 23:27:47,84329.176207333,23132.343635475598,308568.2490210831
2023-01-27 23:56:59,84594.82648521573,22564.271184808258,324596.8888508407
2023-01-27 23:58:11,84603.13465034643,21990.39953488636,334220.13288525486
2023-01-28 00:13:11,84688.50099744799,23006.418722176928,307412.3404785149
2023-01-28 00:39:35,84757.5282718514,23858.411087776356,313428.9611336105
2023-01-28 01:22:23,84700.73396481488,19117.53335788652,332342.17450586526
2023-01-28 03:42:59,85414.91635492894,21886.354276560065,332717.83117901365
2023-01-28 07:26:47,91582.20537528234,25733.396932263262,358585.75473142177
2023-01-28 07:31:11,91614.47570885907,22677.166121991497,328169.7506421322
2023-01-28 08:10:23,91628.06642637064,24234.12656864653,310783.20741602796
2023-01-28 17:03:11,89982.97643306044,21952.193964531478,320893.7077098383
2023-01-28 17:28:35,89956.98813021943,21246.540980728354,346720.063173618
2023-01-28 21:09:59,88589.69035566112,25049.597975233744,329416.8353614221
2023-01-28 21:55:35,89052.09556344582,21046.978451208768,360791.4076947369
2023-01-28 23:17:23,90250.2630624961,24414.98975850644,389023.25036255916
2023-01-29 01:32:47,90633.98592514198,23003.454846093242,343821.24425761966
2023-01-29 01:37:11,90614.21932239686,22787.75694191144,351245.2421387495
2023-01-29 02:56:35,90574.6067389508,24124.66160679596,332826.170506833
2023-01-29 04:30:59,92377.50200566021,24212.832990230698,333587.85453086154
2023-01-29 07:43:35,97023.653584558,26841.863919143212,391488.1122404551
2023-01-29 08:08:35,96887.65479572373,25992.97539936621,388287.99071051955
2023-01-29 08:43:11,96399.89782660086,25455.904720616887,364986.8864007228
2023-01-29 09:49:59,94877.8420521918,28234.493601986618,371570.29160425876
2023-01-29 20:15:11,91101.90610592286,23421.694585748683,355813.04390922777
2023-01-29 20:42:59,91014.49130997132,22601.597075303427,330518.4778125381
2023-01-29 20:47:23,91015.02450544428,23118.172441196584,374796.4210614196
2023-01-29 21:30:35,91228.51306829156,24409.402630900313,388987.64326160756
2023-01-29 23:48:35,93014.30538070077,23729.484076747747,399442.16343769757
2023-01-30 00:30:59,93223.2320237851,24842.84358286845,339940.2325310947
2023-01-30 03:23:23,93440.34226361659,24303.59304445495,353366.1269387361
2023-01-30 07:45:35,100479.7603998434,24028.772718549993,389591.3540800889
2023-01-30 10:42:47,97617.25919757965,26582.45623362828,387646.4475753738
2023-01-30 18:12:35,98461.14450340644,25659.703764749545,399990.7406050164
2023-01-30 18:40:11,98192.45746605737,27026.426456940877,389618.3298901594
2023-01-30 18:50:23,98081.79530062302,27921.745446281555,388374.2126100109
2023-01-31 01:43:11,100328.614831181,26006.476788698805,375552.547629577
2023-01-31 05:35:11,105320.90154998042,26346.388208716256,393363.39547572867
2023-01-31 07:40:47,108442.04481447108,28101.02453460935,458026.3243547485
2023-01-31 18:41:11,104382.25820541722,25097.872613550553,411765.9427722493
2023-01-31 20:20:35,103222.18759653055,28567.931260914313,393223.5516754066
2023-01-31 20:29:35,103189.94309087688,24909.82988285624,391660.7202551639
2023-02-01 03:04:47,105788.15780854656,28662.20766614662,395158.97280447144
2023-02-01 03:38:47,106372.50644903719,27856.268523926665,418609.98947520077
2023-02-01 10:30:47,110852.25661298141,31054.46014142648,416879.2123559471
2023-02-01 13:01:47,109110.51922608308,25359.47742308518,395438.37493587536
2023-02-01 15:13:59,110428.55293517036,28883.33014556586,407038.1517063039
2023-02-01 20:33:11,109735.14326781547,26389.402742827308,445353.03284088
2023-02-01 21:04:23,109851.95297366864,32528.785731801185,455494.2956694941
2023-02-01 22:34:47,111277.50498789648,26777.23000617779,410793.99720531545
2023-02-02 00:36:35,112867.82171704543,30585.36381500059,449380.37177395297
2023-02-02 19:54:23,112915.75573665719,31849.510626050287,427566.6097908248
2023-02-03 04:32:11,115268.35749208221,30426.69996066566,451500.62913580885
2023-02-03 05:33:35,117686.47246331042,33135.591419142154,424533.9448514179
2023-02-03 07:37:59,120621.70412613025,33203.031438694255,459967.2529985981
2023-02-03 07:47:47,120596.85698400401,30857.665080887255,492531.55070628563
2023-02-03 08:18:35,120271.18948375773,31513.056993047332,492354.0830798541
2023-02-03 08:42:35,119794.90455908688,33300.7322990686,461723.4241682594
2023-02-03 14:51:23,115110.2817074968,27988.21403462797,428089.0035943287
2023-02-03 16:40:35,116301.76766675017,32042.90172015285,482972.96542045387
2023-02-03 17:11:23,116368.59310927647,34751.79463885506,507949.8767279589
2023-02-03 19:21:11,115095.63855655426,34546.1699067158,413084.4819144302
2023-02-03 19:25:11,115046.9261600788,29815.912954715503,436311.1247989105
2023-02-03 19:28:59,115002.20935173487,32560.771267702206,429348.8368113161
2023-02-03 21:04:35,114797.21961471121,31406.647306774325,435551.9877863345
2023-02-03 23:04:47,117188.96785723702,29224.52882906247,463120.2349911114
2023-02-03 23:54:59,118139.8770408947,30172.344505184315,438134.57109237055
2023-02-04 01:57:35,118679.0318673068,31833.317117808907,477425.1736565925
2023-02-04 02:00:59,118684.97606884943,32443.18649290718,468805.91129426035
2023-02-04 03:04:59,119259.7344650468,33008.91546822949,447224.4584998461
2023-02-04 03:14:47,119456.94773118335,28458.14849015388,500548.1338855748
2023-02-04 03:18:35,119542.81163667879,30639.793816197664,442643.56346437946
2023-02-04 03:31:59,119888.48750232595,33137.76935678234,477827.8932882575
2023-02-04 06:05:59,127123.8015427422,30221.701932071217,528721.3815735859
2023-02-04 08:23:23,129936.4207654898,33375.58944027167,476712.571581252
2023-02-04 14:35:11,127134.56606029948,31488.989924157017,497302.1243555449
2023-02-04 18:00:11,129271.18708744724,33685.23052957222,499936.3881045634
2023-02-04 20:01:23,127859.31877725135,30199.259518740888,492617.2272204221
2023-02-04 21:02:35,127924.99618992832,34300.883382304295,486287.51853152923
2023-02-05 02:29:35,131348.58708412768,31118.583444376487,479932.72669075127
2023-02-05 16:17:59,135591.50416861888,37700.54835236455,510205.38892824424
2023-02-05 16:22:23,135616.67045971306,34493.25582577819,513879.7395784191
2023-02-05 18:40:47,134352.95984123123,31927.010418378733,466426.6636570296
2023-02-05 19:18:23,133571.78302232132,33540.557718455464,556606.2735306433
2023-02-05 19:45:47,133070.65338087967,34317.54915536515,506815.31741836475
2023-02-05 20:32:35,132569.5599039974,34339.03036587025,537989.2561911633
2023-02-05 22:17:47,133599.24428701296,31997.314415408262,533627.6966703926
2023-02-06 04:01:59,136624.22462121304,36531.48569633654,512532.00808682607
2023-02-06 04:07:23,136827.96323937978,37050.284528351614,469876.6370098572
2023-02-06 04:39:59,138263.94302756403,40702.034650165,543394.6710124466
2023-02-06 06:24:59,143476.7987222861,36474.071517501085,504274.5326392908
2023-02-06 07:25:11,144999.2256576149,39816.41759570768,525943.2102007936
2023-02-06 08:46:59,144210.29223179695,35161.64257943722,537618.5792630553
2023-02-06 15:18:59,139713.65825731488,35312.26592655142,516564.49979000096
2023-02-06 15:33:35,139932.6669721492,35709.527268648766,588870.1798083679
2023-02-06 16:19:23,140485.28405016023,39147.75403795055,531273.110727628
2023-02-06 17:17:59,140623.01494598683,37730.50499142981,565534.7404872506
2023-02-06 18:58:59,139162.8787217979,39142.00368182772,514606.975604886
2023-02-06 19:42:59,138352.82912925948,36094.713617272035,587614.6478870531
2023-02-06 19:46:23,138300.68309201405,35043.55421497618,486395.93788252387
2023-02-06 19:51:59,138219.68390363597,36566.73759535247,582126.2559816573
2023-02-06 19:57:35,138145.2580176904,36046.399652007574,535808.666463374
2023-02-06 22:42:59,139583.68753707898,35640.10156134238,528177.1556850293
2023-02-06 22:55:23,139851.94469247918,34868.01319708173,537309.8966981298
2023-02-06 22:59:59,139948.22964628486,39538.106016593585,488465.46898097603
2023-02-07 01:47:11,140511.30546566172,36249.488750135424,634414.734880471
2023-02-07 03:55:59,141616.77351387523,37482.95622509204,541091.4798458429
2023-02-07 04:24:11,142697.14906482227,33881.13891688733,483387.31063222105
2023-02-07 04:49:11,143857.61989322113,36223.23969509513,546063.4845329729
2023-02-07 04:49:35,143877.3057890383,38632.10893743777,530501.486822885
2023-02-07 04:59:35,144377.4140113389,37579.74693240049,554122.3959648211
2023-02-07 05:03:59,144601.35119114982,36991.28592835924,502095.53539219
2023-02-07 05:28:23,145856.97756495778,38163.78370607379,582144.1980274431
2023-02-07 05:34:11,146152.1275573525,38411.92386231804,500422.69638377585
2023-02-07 05:35:59,146242.97278019393,38544.17955919785,529898.4050928322
2023-02-07 05:41:23,146512.79978006316,35924.592393968946,537341.152922321
2023-02-07 07:55:23,149640.18625964053,37332.55401027207,589198.3169150994
2023-02-07 14:29:23,140907.70378209272,37256.63370688638,589115.9726231103
2023-02-07 14:42:47,141006.98846461586,37607.06345712493,570164.0336957009
2023-02-07 15:31:47,141411.6032591669,40199.02905145621,526261.1525911416
2023-02-07 16:01:35,141597.1440812318,40178.717663338044,614463.3202522144
2023-02-07 16:20:23,141651.95637838083,38046.94728764477,521645.6320322541
2023-02-07 16:46:11,141616.70600260637,35882.11387216914,569992.8282139923
2023-02-07 17:21:47,141315.6162280838,36038.25834757297,554918.9709686729
2023-02-07 17:29:47,141205.38619857185,38914.755141693575,536035.9174631179
2023-02-07 17:30:59,141187.5261136726,40016.413402319384,516713.2425288291
2023-02-07 18:19:35,140207.20803709683,36356.76605361047,551848.2467000893
2023-02-07 19:48:11,137947.29837052667,35913.08585188632,530104.4986915634
2023-02-07 20:40:23,137165.85753559595,37424.71239200614,548835.9519582523
2023-02-07 21:37:47,137221.8613299855,35447.48501646741,483341.74429067236
2023-02-07 21:37:59,137223.62533830476,34191.73366409394,558059.0684561122
2023-02-07 23:10:11,138515.74651998503,34523.819248458145,554074.9355656873
2023-02-07 23:41:23,138838.49217146533,36553.96351751042,588809.6859875704
2023-02-08 02:10:47,137747.3300161493,36026.85221148055,502265.06409143435
2023-02-08 02:18:23,137679.57731697257,35421.06223323242,557241.7215138801
2023-02-08 03:30:23,137949.5873998626,33205.75414193604,578784.4631610465
2023-02-08 04:31:23,139780.41601532215,34525.736834696356,532520.6141322466
2023-02-08 07:33:35,145824.35291480104,39147.54630463387,568848.6757717148
2023-02-08 11:55:23,137762.6236551587,35267.019533821345,532785.0973944683
2023-02-08 14:37:59,137007.1414090366,37719.43813618522,523533.00110611704
2023-02-08 15:51:47,137609.58482251433,35570.08252638477,578234.2221404905
2023-02-08 17:27:11,137382.03339804045,38587.10805178591,524599.9721802815
2023-02-08 21:10:35,133468.08288153604,35571.91561864685,544981.6336044337
2023-02-08 23:33:59,135133.94143599167,35696.11751031157,493828.6482850529
2023-02-09 01:30:59,134526.67415277168,32346.807351771426,543224.5890138214
2023-02-09 01:38:47,134414.91879328073,33536.08780971826,462281.9298509781
2023-02-09 05:42:59,138643.31528905424,37587.97803158054,600673.9277203456
2023-02-09 06:09:59,139648.57517598724,36263.959660082255,521775.3241236162
2023-02-09 07:12:59,140923.02502996285,36151.301068157285,536704.267248016
2023-02-09 07:18:59,140943.3623622811,40374.82540564113,510508.19545521
2023-02-09 07:54:47,140676.2560971368,37099.123117880044,558209.5527110195
2023-02-09 11:36:47,132264.9415243322,34246.83310791626,525878.3285157789
2023-02-09 11:58:23,131645.3084694161,35316.37315706372,498369.99597081763
2023-02-09 17:03:35,129354.54402363703,31289.654638509946,576490.6934647813
2023-02-10 00:57:47,123365.98432796281,31747.946799894104,457494.501791841
2023-02-10 17:38:59,117879.75409301514,30135.90134153618,422395.1078072333
2023-02-11 02:06:11,116803.86117696352,29491.58999960856,432525.21233651496
2023-02-11 02:08:59,116793.66590246899,32967.7176096612,448958.61278040014
2023-02-11 03:48:59,117830.96706200893,32818.34416136382,489157.6618126181
2023-02-11 08:06:23,125509.067721959,30980.8328246813,528613.9936369909
2023-02-11 12:34:35,119832.07622909534,29845.646017139785,456980.9604669451
2023-02-11 13:37:35,119864.1756842706,32068.010518651816,455315.4484306405
2023-02-11 13:50:59,119954.14691499312,31843.189280476974,424703.37032955466
2023-02-11 15:06:47,120802.59186495647,31005.02242928813,473527.55668854126
2023-02-11 19:13:47,120082.31645990023,35955.84083571225,446895.61687402875
2023-02-12 00:45:23,121523.69713554082,28929.59833321692,479530.4870620242
2023-02-12 03:20:11,121111.65124603671,28675.45676891335,467644.08533535415
2023-02-12 16:05:35,121759.00371974504,30017.79099278681,459432.6602721274
2023-02-12 16:41:47,121825.78497994499,31175.692073349514,453223.1789096129
2023-02-12 16:41:59,121825.52863535662,31734.762857766204,469964.11400830845
2023-02-12 23:10:11,120060.17009559364,31892.392125870552,499176.9918384514
2023-02-13 00:28:23,120654.63234484717,30074.129539820464,431799.0451316409
2023-02-13 00:29:47,120653.63300408266,36163.55238821651,495044.537532938
2023-02-13 04:08:47,121584.88489271277,29284.065807559768,471075.320727321
2023-02-13 04:09:35,121611.88935061931,30641.87308447823,524009.88522127265
2023-02-13 04:12:47,121721.93912116482,28401.720570581514,420421.16025083576
2023-02-13 09:09:11,127233.96619263494,33910.19881645855,481169.8020460928
2023-02-13 09:51:11,125958.23924643749,35313.621493069506,461300.6214564626
2023-02-13 13:10:11,122453.08065653875,35229.94743558954,439949.8750914869
2023-02-13 15:32:59,123885.00816197963,30304.96898247287,489943.06431255455
2023-02-13 15:39:23,123966.95967061138,31816.00791177851,466029.1740991249
2023-02-14 07:03:47,133198.63062700635,37922.77675786183,521807.66470964556
2023-02-14 09:20:23,131474.4817017122,35305.2158099003,478975.1951828327
2023-02-14 14:28:11,126405.55676012654,36156.210140646945,493910.40557158063
2023-02-14 15:09:23,126793.43297757537,31083.302654848387,422007.4989383703
2023-02-14 15:57:23,127217.84400398751,33471.530074214505,484829.9295968544
2023-02-15 03:32:47,125849.71471023139,33342.66934843076,433816.2524065352
2023-02-15 04:04:11,126672.33239644334,32645.34167711425,474175.2405341631
2023-02-15 04:45:11,128234.39156813256,34912.666917806186,472724.22293402307
2023-02-15 06:20:47,132378.9619627311,34445.64561631454,517623.104739329
2023-02-15 09:04:23,132266.40959308264,35636.988644018435,488072.60638707166
2023-02-15 10:35:47,129193.43449124997,32354.43360199725,492889.8896585265
2023-02-15 13:41:11,126639.58829518617,29714.875584160818,477559.1845213079
2023-02-15 13:42:11,126643.86067585956,31431.297551238633,541759.0319538298
2023-02-15 13:43:35,126650.09985958625,33750.98419160572,463079.0742575092
2023-02-15 13:45:35,126659.52873024927,32856.479210982616,454578.92690534284
2023-02-15 13:55:47,126716.6959900789,29965.669453107956,465759.4762471475
2023-02-15 14:19:47,126904.16280160904,34340.5455703689,491821.48644777306
2023-02-15 14:27:59,126982.33886745639,34698.270643125106,522150.80150826735
2023-02-15 14:33:59,127043.15679910046,30328.381105782304,456609.69756260875
2023-02-15 14:34:59,127053.5568793623,34757.609921845215,471811.29773316043
2023-02-15 14:35:47,127061.92757754927,34175.54877373519,539600.9819134129
2023-02-15 14:46:47,127181.03447688906,29370.35418814925,518096.6343141237
2023-02-15 15:04:59,127388.9322044237,34683.595486584134,515367.83063983795
2023-02-15 15:12:23,127474.7648950605,32365.31137349549,494879.92313995434
2023-02-15 15:44:59,127831.97587037366,33859.72224781649,459267.6808037477
2023-02-15 17:05:23,128150.75408984044,32802.25434967858,494606.909817999
2023-02-15 17:43:11,127850.17295769401,35445.880743978676,451988.48426551896
2023-02-15 18:36:47,126968.32252846686,31270.608061277064,483721.9415681958
2023-02-15 18:51:23,126674.99932328028,31562.69708843674,474644.5033636908
2023-02-15 19:27:23,125959.55318908117,35885.21762837918,515020.38417360326
2023-02-15 19:43:23,125678.56436508686,31809.766883759414,494193.1303872784
2023-02-15 19:50:11,125571.25990662286,32308.580720020345,497788.7211133479
2023-02-15 22:10:59,125847.67618177278,32459.528835375986,451420.96825660876
2023-02-15 22:25:23,126098.12966174427,31230.822401337013,475355.34414626023
2023-02-15 22:26:59,126126.65194096952,32465.130532094994,485972.7538118527
2023-02-16 00:18:35,127462.97016144759,35577.10988609075,495191.37230318534
2023-02-16 00:45:11,127403.20631323522,34197.32328100601,484392.83827128675
2023-02-16 00:46:47,127394.89812914973,36775.64945051262,480566.98117800284
2023-02-16 01:23:47,127098.29700419553,30361.86677343748,486096.8589017237
2023-02-16 01:28:23,127052.67617355094,31967.894326161426,523478.7177730422
2023-02-16 01:28:35,127050.67726411979,31998.933813261945,515230.4269064649
2023-02-16 02:07:35,126689.27875500091,34602.16806292064,571520.1460176326
2023-02-16 02:10:59,126665.36046290911,30880.991956604645,508388.61644599034
2023-02-16 02:33:23,126567.03969064004,30554.79308737831,448794.2895620754
2023-02-16 04:22:23,128430.76897403102,33180.468487024824,453238.2730839199
2023-02-16 04:26:23,128577.29843934409,31576.055401707195,468994.57806457335
2023-02-16 04:36:11,128953.49756116599,33207.70254152259,505551.639535201
2023-02-16 04:36:59,128985.19635140304,30600.98933335577,547238.2768278617
2023-02-16 04:54:47,129721.57755521114,34433.529036090105,530989.89904079
2023-02-16 05:36:35,131546.7079683124,38563.476268078535,497118.23816608416
2023-02-16 06:21:59,133272.09019674745,35278.073234165124,554140.6169762994
2023-02-16 07:25:35,134377.52494695454,32824.724508926585,509156.51124805945
2023-02-16 07:37:59,134364.5756438987,32611.798994419114,533347.4220160618
2023-02-16 07:41:35,134346.6246572097,32697.60511704684,494363.8434382281
2023-02-16 08:10:59,133973.53974939926,32735.426819085947,515938.43751599937
2023-02-16 09:28:23,131557.07576544612,34615.506037170766,461775.8984867528
2023-02-16 10:04:11,130130.57209160726,33669.505266971,477951.77575379994
2023-02-16 10:19:11,129539.53195204306,35380.714446786944,489672.9052082847
2023-02-16 11:15:59,127541.19311186814,35976.574279687884,506820.6531135506
2023-02-16 11:27:11,127211.15925505965,32023.943957508513,495677.51616564085
2023-02-16 14:02:11,125182.75896383222,34843.88980189014,490128.10676339857
2023-02-16 14:16:35,125195.2626914715,34226.23487614525,441997.3847844659
2023-02-16 14:54:59,125310.75930038856,31764.48678282176,477497.85558271426
2023-02-16 15:43:59,125484.31218716271,33296.22165147072,480683.1438815947
2023-02-16 18:16:59,123817.10033397103,33871.30668556078,443649.63329689694
2023-02-16 21:10:47,120304.90721244374,33552.324992785034,440475.7747386593
2023-02-16 21:17:47,120292.50783879697,31759.99927252688,503939.8094729753
2023-02-16 22:00:47,120450.3604746578,31477.529844175966,433119.44555476407
2023-02-16 22:35:59,120764.93293961568,29295.454424952553,488371.5746577443
2023-02-16 23:20:23,121134.46284778576,33548.14263572337,490717.9461009162
2023-02-16 23:26:11,121165.43769081889,32650.419502343564,440836.16058216506
2023-02-17 01:42:47,120048.5480662196,34228.86955136259,429378.864088578
2023-02-17 02:48:23,119334.62389041005,32299.19806236652,457420.4362231593
2023-02-17 04:58:59,121787.72929161254,32765.354979415235,477028.6879601061
2023-02-17 06:17:59,124500.18109059389,31484.212552640995,430579.96997025283
2023-02-17 07:12:59,125411.63013153063,31219.677690131582,456128.661654935
2023-02-17 09:59:59,121389.20691268847,32157.31156716967,501906.4612170913
2023-02-17 13:38:35,116914.52591997196,30489.90538681479,478652.9696896658
2023-02-17 14:09:11,116977.69181910437,29822.282645732485,452067.48543758463
2023-02-17 14:45:59,117191.28400900312,30953.617105604502,413713.0657741284
2023-02-17 15:20:23,117455.69888147456,31950.88698079448,398527.25644762703
2023-02-17 20:09:59,115012.39068089481,28611.598410437822,433022.63502969505
2023-02-17 20:24:23,114895.24646614856,29953.878449975997,431330.3757160288
2023-02-17 21:21:47,114957.365983372,30005.501887833245,399062.1386591538
2023-02-17 21:49:47,115277.62693016758,31879.92853903679,469299.83836763375
2023-02-17 21:51:47,115306.26346442162,33231.98894695574,479258.68258578214
2023-02-17 23:29:35,116952.35469205039,30794.573113997605,399289.4846557682
2023-02-17 23:42:11,117108.69685324577,30944.113648730836,457300.8207496393
2023-02-18 00:29:11,117408.40448519702,28062.058737139923,469488.2053992717
2023-02-18 00:50:35,117398.42025709366,31025.690841504656,445789.29863662267
2023-02-18 00:58:23,117376.41733786289,30089.295376140526,444192.9390093267
2023-02-18 02:29:59,117039.42102864935,30508.53350275129,438403.3295435527
2023-02-18 02:30:47,117041.0415609983,30647.305272569036,465690.4300932609
2023-02-18 02:32:47,117045.80118735899,33511.92697831212,439834.7294245504
2023-02-18 03:40:23,117948.75398572256,31972.322673886945,455903.8969596977
2023-02-18 03:58:47,118474.41585859853,28862.21695234822,471517.9481694007
2023-02-18 04:54:23,120679.84192561808,32788.30798834697,505934.91780718305
2023-02-18 06:24:23,124651.67978529903,32542.822940161772,433970.7947015804
2023-02-18 07:26:35,126067.32290055683,35172.25685364751,484254.6099016917
2023-02-18 08:34:47,125683.50951854922,33583.26055666402,508663.5251873591
2023-02-18 12:56:11,120395.69954881487,35273.354679755386,417959.4870102225
2023-02-18 12:59:47,120393.226706252,36885.08794763072,448295.0585950217
2023-02-18 14:17:47,120843.02125206067,32327.552115669703,471131.84368525347
2023-02-18 14:26:35,120941.16552824706,35702.370058533765,439162.16585336055
2023-02-18 14:43:47,121149.24973470838,33373.02650968336,464033.50683281897
2023-02-18 15:02:23,121389.06828991222,31870.434680853057,471848.95459266775
2023-02-18 16:20:23,122249.98513531464,30385.880763487396,489018.9639188908
2023-02-18 17:06:59,122358.07646399242,32304.818367826083,461245.49544088094
2023-02-18 17:21:11,122301.0164045079,31858.148630547188,462489.51462626696
2023-02-18 19:17:11,120610.23009577651,30775.644149731972,466516.6128280499
2023-02-18 19:18:47,120581.79096252122,30388.22374303704,438734.1372036248
2023-02-18 19:22:59,120508.08401780674,29213.79812658248,429987.66401476
2023-02-18 19:43:23,120176.94390247916,34916.81653871452,474167.3213068267
2023-02-18 20:21:23,119748.15897164229,33597.339190608924,485777.3707274988
2023-02-18 20:24:47,119725.27424352993,28902.68534038606,519638.27266428835
2023-02-18 20:54:59,119651.1218059108,26335.037805588698,474285.8536308121
2023-02-18 20:57:11,119655.00080488197,32865.8045552081,454514.0760592802
2023-02-18 21:16:11,119740.02519581364,33716.46354134971,428964.98259530653
2023-02-18 22:04:35,120312.46302012372,33310.764439365485,447939.86810023204
2023-02-19 00:46:23,121913.2987292759,32081.40758267916,447445.54431356874
2023-02-19 03:23:23,121405.2085015764,31527.292072028336,468570.84105691634
2023-02-19 03:32:59,121561.54556951803,33323.293743495255,514387.03177884495
2023-02-19 03:33:47,121576.10141798042,32931.99224688529,471478.29061877227
2023-02-19 04:43:11,123646.49789217423,32574.843670550716,446758.0897366973
2023-02-19 05:41:35,126060.01648050394,31386.252039504616,459122.54075300583
2023-02-19 05:51:11,126439.68989360983,31978.82223156355,495086.0935068065
2023-02-19 06:29:47,127734.3387288317,31748.34882368516,506976.7790388292
2023-02-19 06:59:11,128356.72305320717,32046.429832731144,534526.8145801562
2023-02-19 07:47:23,128519.45677054419,30090.093700603382,488841.78497022775
2023-02-19 11:17:23,122169.24534102091,31408.781444296106,471603.4247437928
2023-02-19 12:01:47,121129.7507333701,35496.37900048068,458000.6336282146
2023-02-19 13:24:59,120236.66286087941,29809.77042617684,458023.73684480233
2023-02-19 13:27:11,120230.19469335183,28654.400802656055,492440.7044335721
2023-02-19 13:30:59,120220.85009772312,30864.04512534793,434021.6285023885
2023-02-19 14:21:11,120285.84232597613,31414.109666142253,443978.64306631143
2023-02-19 14:25:47,120306.04604962372,30802.358319687763,490016.56034227624
2023-02-19 14:29:23,120323.08455547264,32083.224359842596,458794.69349014136
2023-02-19 14:42:23,120392.22534483195,31487.930808756628,448480.43989547703
2023-02-19 14:44:35,120404.91138636824,30250.27475469415,453882.23687927774
2023-02-19 14:47:59,120424.96444740322,31578.335321158465,469326.63289013645
2023-02-19 14:55:47,120472.63005612254,29339.01808237352,471280.98151126376
2023-02-19 16:37:35,120849.30478197175,33249.415249405545,434262.91109216824
2023-02-19 16:50:35,120800.96801239469,31904.356657643664,511681.5793808684
2023-02-19 17:30:47,120436.80229398224,30621.662583022673,446240.2225422433
2023-02-19 17:31:35,120426.21352290739,34067.35890201146,475406.7572001438
2023-02-19 17:34:35,120385.3800429104,29423.114384615397,454732.6268262616
2023-02-19 17:40:47,120295.45147105356,29913.546458061108,466754.2575621173
2023-02-19 18:07:59,119820.26389180873,29253.316180328387,434322.91369276476
2023-02-19 21:15:47,116944.93189614135,29886.427293435805,461914.37158799515
2023-02-19 22:45:23,117905.29930291278,32643.019695022875,484640.0467640253
2023-02-20 00:23:23,118641.02214026035,33645.25078375735,428048.9931825998
2023-02-20 04:01:23,118757.45397222525,33831.457244942794,457571.87782884133
2023-02-20 04:04:23,118842.44060956273,28629.93832457092,479959.4552328844
2023-02-20 06:57:23,124935.71246514529,33636.27689946928,499022.70220715605
2023-02-20 06:57:35,124939.1557433048,36789.35417024391,491402.4981072263
2023-02-20 06:58:11,124949.38074719824,31173.242888669083,475950.7477979868
2023-02-20 07:45:23,125246.12472065035,32229.865175687148,485789.3622536164
2023-02-20 08:02:35,125109.06939762626,33019.237979318554,503872.47802956804
2023-02-20 08:11:59,124983.62273459503,33110.307497809874,498009.70362034783
2023-02-20 08:42:23,124367.35561674731,30910.245510754903,455533.70535122865
2023-02-20 08:51:35,124128.04403333392,31408.48512996344,487916.0759162172
2023-02-20 08:52:59,124089.8687082458,31258.234536899923,430022.59723288723
2023-02-20 09:02:23,123822.89265759883,30297.836302080726,444922.3005584327
2023-02-20 09:03:23,123793.4829378726,28786.553791945185,489624.1093253184
2023-02-20 09:21:47,123224.75051774227,31222.872836133072,486274.19295340043
2023-02-20 09:23:11,123179.72410408397,33824.503359429036,452609.16862002277
2023-02-20 09:29:23,122978.1555967979,29712.64011674235,477046.79028019664
2023-02-20 09:33:35,122839.93551185091,30593.58552637969,475035.5710679276
2023-02-20 10:18:35,121347.62430283435,32806.19857095317,448807.5232301924
2023-02-20 10:20:47,121277.00707000532,33238.64515307083,488171.09407790843
2023-02-20 10:27:47,121055.40425522055,30556.241631281562,493343.15817059483
2023-02-20 11:52:47,118956.23239107328,33157.36824653734,508572.1125237771
2023-02-20 15:34:59,119198.89956423551,33557.01854159654,447544.1903374085
2023-02-20 15:45:59,119295.79757997154,29085.876977898482,454015.84200420283
2023-02-20 15:48:11,119314.0085403398,30289.464988196185,465542.3127870472
2023-02-20 16:02:23,119419.81833107589,30962.272778820072,466103.76208138507
2023-02-20 16:13:23,119485.1183604543,31348.715875104524,448952.67192433734
2023-02-20 17:53:47,119075.37552746054,30689.133750143792,402210.95844614937
2023-02-20 18:17:35,118701.29815431705,31829.674311729774,526552.4892906194
2023-02-20 18:25:47,118555.16731984512,29618.859823660663,497627.7967752062
2023-02-20 18:29:47,118481.4340699518,29988.986689865716,458134.01225966506
2023-02-20 18:43:59,118210.0633931239,31187.108431299832,450851.14736768603
2023-02-20 19:30:11,117321.07635069771,29600.0770782808,414766.2503426466
2023-02-20 19:32:11,117285.7663090042,29225.37306056408,396433.4085375419
2023-02-20 21:21:47,116585.72948931316,31160.38344379705,479966.1859510848
2023-02-21 00:17:35,118577.98434646991,33548.72537948729,467475.9833534586
2023-02-21 01:58:11,117881.28972523774,29941.066094107016,412194.766613744
2023-02-21 04:13:47,119113.24121835399,30846.955441214726,472428.4797572673
2023-02-21 04:21:35,119363.90487945946,31682.213373135855,438280.7161813091
2023-02-21 05:10:23,121217.40445471881,32776.6453018512,460755.13821034535
2023-02-21 05:12:59,121323.79382070193,34647.0401530814,456178.42598486895
2023-02-21 05:15:35,121430.31808371135,32732.34929150229,437928.5521786924
2023-02-21 05:24:47,121806.87241384193,28227.732345828364,456010.13953013404
2023-02-21 05:37:59,122339.14953501549,31125.320291708846,481991.7622390209
2023-02-21 06:37:11,124295.56519478907,32310.57924170948,493459.2579025849
2023-02-21 06:39:11,124342.12223005026,35886.54419311077,552622.3766062418
2023-02-21 06:57:35,124692.47860373282,33131.28984235461,481255.5639064282
2023-02-21 07:17:35,124903.36667203406,34663.0205036635,487767.136571902
2023-02-21 07:26:59,124938.89857296775,32754.7056505261,491244.8761475161
2023-02-21 07:27:59,124940.27452153285,33368.33033307589,451793.0775198425
2023-02-21 08:29:59,124185.94030734434,32874.00734668339,482441.7590829841
2023-02-21 08:56:11,123461.85237761939,30748.595633669956,464991.12253251363
2023-02-21 09:40:23,121948.59804850453,30272.4185162614,500161.21834030334
2023-02-21 10:02:35,121140.03387055332,31714.673689253796,512071.24672913837
2023-02-21 10:12:47,120772.5620307645,31547.33238350123,489374.271063999
2023-02-21 10:18:23,120573.57880038106,32502.303216059434,478688.0386610298
2023-02-21 11:40:47,118121.11233949431,32079.663547222342,462674.7989293662
2023-02-21 11:41:35,118103.02222984139,28584.689960015232,482343.6838363072
2023-02-21 11:48:11,117958.53377985574,30007.01632315241,450536.97154627385
2023-02-21 13:19:59,116818.58612184913,31023.67405885457,429201.86662026384
2023-02-21 15:23:23,117147.20958871642,32940.66830577694,448408.87779641885
2023-02-21 15:35:23,117208.30195732505,32885.33247350203,468203.6812049566
2023-02-21 15:51:47,117276.24317708825,28202.74504424333,440096.0699547847
2023-02-21 16:10:59,117321.22157242511,31139.492624251558,485818.2055233834
2023-02-21 16:42:59,117277.53452296264,29383.041548503577,436274.57433895295
2023-02-21 17:07:35,117117.48886887537,30023.065365401097,447293.0778949211
2023-02-21 17:12:11,117074.17716402495,29701.90477140235,443477.5577759043
2023-02-21 17:12:47,117068.21204558013,30686.788874832786,465748.05996564083
2023-02-21 17:14:35,117049.87946372114,28671.45587273926,398189.6620479326
2023-02-21 17:37:47,116755.65990302418,31299.84443593678,446698.18301443296
2023-02-21 17:45:35,116633.46491025409,30492.213455912275,440276.231560849
2023-02-21 18:25:47,115850.40917302319,28593.631401113063,399200.60140358645
2023-02-21 18:49:35,115307.71343667583,29305.108292889243,424199.34050985315
2023-02-21 19:51:35,113958.48706584005,33546.55249191832,415438.597536607
2023-02-21 20:38:11,113340.96644267622,29396.141592502965,431737.46492905985
2023-02-21 21:05:23,113224.12703823169,28801.837836637395,379470.93055674253
2023-02-21 21:06:23,113223.39081808658,27712.931813822397,438588.1301231041
2023-02-21 21:06:59,113223.0675212783,32336.631049865406,453621.55425132974
2023-02-21 21:07:23,113222.90120752683,34620.404675998376,455758.5163924719
2023-02-21 21:07:47,113222.77419218246,30329.392106741292,450256.50112031645
2023-02-21 21:08:35,113222.63779025456,31518.097759941007,395113.9611155953
2023-02-21 21:09:23,113222.65776968253,30052.983057940193,398872.0779528201
2023-02-21 21:10:11,113222.83356332894,26718.54466719944,441508.61302242114
2023-02-21 22:13:47,113650.82002875042,30433.121787646363,420491.8634816436
2023-02-21 22:19:23,113715.75299499364,29194.38299975994,434736.610087092
2023-02-21 23:53:59,114601.61546397475,32222.091193213695,422770.5318538213
2023-02-22 02:02:11,113636.26394718082,31357.70618437862,462731.1886860999
2023-02-22 02:03:47,113620.67325885764,31732.739747922504,419721.5351301302
2023-02-22 02:04:59,113609.20989668481,27630.482016862075,426027.7769923667
2023-02-22 02:05:47,113601.68105695001,29715.583902389808,398547.7557505581
2023-02-22 02:06:35,113594.24544263566,28248.38735735938,412680.28112077696
2023-02-22 02:07:23,113586.90519173867,29312.568532759306,430907.8897427088
2023-02-22 02:08:11,113579.66243434444,29804.431229576378,464323.9960423633
2023-02-22 02:08:47,113574.29562310662,29398.588466650282,425908.92670346436
2023-02-22 02:09:11,113570.74931930298,29871.045773017813,432359.90721627383
2023-02-22 02:10:23,113560.26484453953,32152.88161138018,462199.7367491052
2023-02-22 02:13:11,113536.73552400334,29321.86526325266,415532.09195577225
2023-02-22 02:14:47,113523.90419725685,27676.80189791915,431060.0967640439
2023-02-22 02:30:11,113426.61154923857,31465.559142423903,442132.094144567
2023-02-22 02:34:11,113410.11859533524,27888.315777346605,418805.1635645768
2023-02-22 03:03:47,113426.54777983805,26701.76084843688,420356.3824522974
2023-02-22 03:04:47,113431.82056462816,28267.066299652106,444407.20091618266
2023-02-22 03:05:11,113434.02211651362,28290.43268792403,421889.6198469923
2023-02-22 03:06:35,113442.14543444951,29379.522135397987,406273.92162146926
2023-02-22 03:07:23,113447.08038743377,28292.955343482823,421752.7439830672
2023-02-22 03:08:59,113457.59335476931,25960.098942111606,455313.9133980221
2023-02-22 03:10:47,113470.4513988347,29138.684434772662,445037.5328419888
2023-02-22 03:12:35,113484.40847061615,28103.618560997777,386626.96414258395
2023-02-22 03:14:47,113502.96985727178,27227.687682941192,430814.4881030838
2023-02-22 03:25:23,113615.88005647871,29152.079638671647,417831.95977104467
2023-02-22 03:27:35,113644.23312974175,30092.979728379654,407360.6378808081
2023-02-22 03:55:59,114161.53211359798,29821.97494804231,427455.95062908134
2023-02-22 03:58:59,114232.12785005209,31919.847403454503,486422.2254325382
2023-02-22 04:25:47,114983.53352942817,29148.58884824982,412730.39844616776
2023-02-22 05:06:59,116450.02392223671,31470.80272009581,452796.0185569685
2023-02-22 05:52:47,118172.51869130213,29723.38386515903,425375.08265176107
2023-02-22 06:07:47,118675.97927588466,32656.62163293285,486186.99405123835
2023-02-22 06:11:11,118782.52303661963,31473.616920822657,491912.5025228424
2023-02-22 06:11:59,118807.13560048038,32036.111226065397,464183.7259255957
2023-02-22 06:21:23,119082.36612022837,29201.840006065202,451029.62251021405
2023-02-22 06:22:59,119126.5068372596,31609.976627681695,470935.89183532185
2023-02-22 06:33:11,119387.75451621352,34166.91709076376,458322.4620581993
2023-02-22 07:13:23,120026.79768092844,28773.040378342368,424760.2992694363
2023-02-22 07:14:47,120036.79636385338,32364.615636278184,463764.33767124807
2023-02-22 07:21:47,120073.92475295173,32920.89448482777,514016.5472548693
2023-02-22 07:34:59,120085.649296169,31869.256810521336,516402.32075714594
2023-02-22 08:08:59,119779.00171698381,29108.575533309373,460712.11469202425
2023-02-22 08:44:11,119024.28201829927,28979.81807077539,419846.2313688665
2023-02-22 08:45:35,118986.95036874936,29430.028407802005,482727.3553318342
2023-02-22 10:27:47,115670.08679419922,29229.00289681597,442287.8548405783
2023-02-22 11:41:23,113702.91775527768,30341.036708731186,493925.3729607942
2023-02-22 13:20:23,112617.687218629,31096.18750776022,439153.12406148546
2023-02-22 13:22:47,112612.98720767928,28746.274500724212,432075.5138320512
2023-02-22 13:46:11,112612.31934338258,29675.455397220223,446863.0172693127
2023-02-22 14:05:47,112668.1197340537,31965.78300172167,407275.53641715774
2023-02-22 14:07:35,112675.47916089804,29687.15553425739,423755.9031208455
2023-02-22 14:35:35,112828.66799722044,31892.658484880136,431424.67594662245
2023-02-22 14:37:11,112839.22815486134,26798.034056383607,438792.97670188855
2023-02-22 14:56:35,112977.03824600065,30195.078189298874,427657.51935852855
2023-02-22 15:07:35,113059.79310174058,29716.31041683324,457821.9667037157
2023-02-22 15:08:47,113068.86946112159,25543.547618200453,449296.5983496917
2023-02-22 15:11:59,113093.04512842068,27255.33682672633,442597.57224327675
2023-02-22 15:25:59,113196.77522020819,31474.684505178997,431908.4309202984
2023-02-22 15:55:23,113382.52206811176,30434.484546574087,448388.8893196368
2023-02-22 16:11:23,113450.07780028088,31570.947004268564,429177.7913495096
2023-02-22 16:17:35,113467.52791985421,29214.579678706858,400108.2876796798
2023-02-22 16:35:47,113485.3520436074,30356.17423302157,462432.65982172516
2023-02-22 16:38:23,113483.45943288681,29248.839739961713,411656.21912334446
2023-02-22 17:01:47,113411.16746150039,27211.566565209218,454869.676261205
2023-02-22 17:05:23,113390.82702253824,29672.080064752554,421671.180277203
2023-02-22 17:43:59,113014.87111357778,28620.688782396217,451113.06814560643
2023-02-22 18:09:11,112626.50150417183,29718.358882487075,431157.3837381206
2023-02-22 18:55:11,111734.1520597754,26279.7730183362,420244.313345109
2023-02-22 19:06:11,111509.07790589555,27720.71463446553,411803.52183887264
2023-02-22 19:07:59,111472.52343352162,32331.882690158844,418474.76599039376
2023-02-22 19:18:35,111260.49372345256,29180.421605115996,466621.0593715739
2023-02-22 19:36:11,110928.56912184537,24763.971863071667,419749.97919895244
2023-02-22 19:58:23,110567.97396193541,28617.141861776774,384511.5813825077
2023-02-22 20:59:59,110098.01984367293,29574.90348997903,396386.600244663
2023-02-22 21:23:35,110156.4618297755,28581.329775115617,413245.3605942
2023-02-22 21:31:35,110204.16137617422,32178.761304106956,402437.3107446761
2023-02-22 21:45:23,110315.40160584472,29183.76219150981,437762.41104437003
2023-02-22 21:52:59,110390.37567419531,30371.34257340751,388754.0265999067
2023-02-22 22:19:23,110705.4749903017,28839.77326782754,435241.0300977456
2023-02-22 22:24:23,110771.34251768146,28114.44028863976,441592.27266508964
2023-02-22 23:28:35,111542.60563442764,29366.29521680379,477409.97881507926
2023-02-22 23:49:23,111679.8261055047,29334.903093670655,452631.27277754154
2023-02-23 03:02:23,110656.17798097777,30103.058828586996,461704.940311602
2023-02-23 04:24:35,112117.30440575394,28568.05769209612,390469.8313214171
2023-02-23 04:25:59,112159.53395060891,29366.154227507377,432816.8624792632
2023-02-23 04:26:59,112189.97509842533,29677.53632936483,445973.203018734
2023-02-23 04:30:59,112313.971842861,31268.330436174783,448465.9293421426
2023-02-23 05:35:47,114592.36226296762,29493.828533647258,439938.5056151089
2023-02-23 06:27:47,116175.48064073887,31548.86968354929,434906.3154011209
2023-02-23 06:46:47,116554.48016664847,29752.92154185969,444221.96141377965
2023-02-23 07:09:23,116818.56133619724,31448.105400999222,442667.5381127284
2023-02-23 08:15:59,116340.58425533847,27133.929254325678,495200.10513369343
2023-02-23 08:33:23,115939.5289802496,31117.738938283048,472372.67164925305
2023-02-23 08:34:11,115918.88525914207,30077.869813884314,460921.3698898721
2023-02-23 09:50:11,113411.76033217936,29121.895398621615,445472.6456685756
2023-02-23 11:02:23,110937.50512973581,28752.301633727617,394647.6481152486
2023-02-23 12:02:47,109421.05892187262,26909.7659571076,421845.06116644735
2023-02-23 12:54:11,108642.97006594409,27948.236071776195,420437.3648912369
2023-02-23 14:30:59,108260.65840626195,28185.408937686716,472212.85958719923
2023-02-23 15:02:47,108318.52398129043,27963.416126790784,405602.17701721174
2023-02-23 16:19:23,108351.30797284018,28222.40627182978,456191.7291240432
2023-02-23 16:19:35,108350.64877495375,28255.225933671645,417323.5172897407
2023-02-23 16:58:23,108101.00243788827,29858.332242469296,398611.84136796946
2023-02-23 17:27:35,107734.37004529503,27933.82906756856,410527.62866922625
2023-02-23 17:56:23,107222.1550283945,28577.876747352053,403147.94025986484
2023-02-23 18:57:23,105800.16688914737,27384.035576490005,410493.1910436265
2023-02-23 19:11:11,105458.74361659552,28406.170897719916,428552.3755280259
2023-02-23 19:58:35,104405.48483721686,27772.09975462093,404250.6939762592
2023-02-23 21:32:35,103574.60688287909,25900.44139320129,402104.2531219772
2023-02-23 21:32:59,103575.16898859588,27434.88115177266,391319.5632953531
2023-02-23 22:54:11,104057.47901525395,25933.484627424667,453720.5252190691
2023-02-24 01:46:11,103146.04732548815,27671.594470263964,403447.9579015786
2023-02-24 01:56:59,103000.99438305786,27697.502364278047,386019.3690792401
2023-02-24 03:30:47,102680.81752355845,27560.97397632044,420695.98633719137
2023-02-24 03:46:47,102876.28904962656,27580.8592216785,398001.2848401536
2023-02-24 04:01:11,103119.75152012715,29270.69674121775,403415.38775079686
2023-02-24 04:57:47,104574.65314096365,25587.75096560023,382048.2606519483
2023-02-24 06:33:47,107249.90520420716,26593.32080180008,404626.2396381782
2023-02-24 09:15:59,105653.20587207837,26533.182534318585,423912.34514116467
2023-02-24 09:45:35,104705.91406304156,25982.388568289338,411650.4874992124
2023-02-24 10:48:11,102769.65900500772,25840.22911951589,366046.367346591
2023-02-24 12:12:11,100995.26805977679,26300.586929488458,380259.37369008013
2023-02-24 13:02:23,100524.71380661763,27341.1244484118,414986.30753919977
2023-02-24 13:03:35,100518.66622996637,25388.106961304467,416628.9948450179
2023-02-24 13:15:35,100470.6812946403,27051.888759607715,367927.5518440937
2023-02-24 13:24:47,100448.78353481727,27603.43208982802,389108.401317687
2023-02-24 13:49:47,100449.42509459544,24053.283334903757,384937.6040267881
2023-02-24 13:50:59,100451.5021014718,23343.41777656118,356755.4610796119
2023-02-24 13:51:59,100453.36631273973,26595.690718351885,386895.7305885911
2023-02-24 14:20:23,100552.10289771846,24058.995759017977,404274.92431836686
2023-02-24 15:42:23,101091.3527240913,27422.34593706164,372458.82557005965
2023-02-24 15:43:23,101097.62900250233,29564.537186619436,416716.43484872044
2023-02-24 15:45:35,101111.22357540892,29764.730805872787,408082.2324122185
2023-02-24 16:33:35,101297.94849235774,29007.195206926535,412722.76848871785
2023-02-24 17:28:11,101121.97510846375,25238.089247346372,406804.2338953286
2023-02-24 18:38:35,100249.27073502555,25817.211974186903,374460.16441213945
2023-02-24 18:58:23,99935.1640763828,27293.724292639283,420425.1714274963
2023-02-24 19:36:59,99361.60798256489,24007.01869651947,434876.5246026165
2023-02-24 19:38:23,99343.3591109911,27430.63050085254,448449.6128478295
2023-02-24 20:05:23,99048.68041282697,24766.45132447193,378980.4209459833
2023-02-24 20:06:11,99041.8516632664,26917.40812722798,355371.524934407
2023-02-24 20:07:11,99033.48705899289,25628.768767821657,387043.01002194453
2023-02-24 20:12:35,98991.67934882997,25648.79706537772,381318.4151316758
2023-02-24 20:18:35,98952.10540850167,26269.688417238453,355075.2183659862
2023-02-24 20:22:11,98931.96224307043,27011.78511500101,358664.2569407364
2023-02-24 20:28:47,98902.2728787942,26172.223189611017,350570.7538392327
2023-02-24 20:30:59,98894.50036097791,23125.997898486465,362863.88678940956
2023-02-24 20:41:59,98871.94874684195,25188.950463931676,383264.2584020688
2023-02-24 20:45:59,98870.57986665891,24356.76412609911,351930.69345029176
2023-02-24 20:49:59,98872.88423107771,24956.87561811862,386653.5581583004
2023-02-24 20:51:47,98875.12051242687,26374.77068619261,372548.16280115116
2023-02-24 20:52:11,98875.7184974915,24408.232176362264,348793.6400193101
2023-02-24 20:52:47,98876.68432151008,25322.715036203386,369899.86277343996
2023-02-24 20:53:11,98877.37408505032,24833.807033544046,410295.80231006665
2023-02-24 20:55:35,98882.2826086413,26159.38737059384,364517.88138719497
2023-02-24 20:56:11,98883.71569773214,28084.44382361972,369875.6862726448
2023-02-24 21:00:59,98898.13385414142,24525.346852365215,404231.6537653055
2023-02-24 21:02:11,98902.55506158089,28715.08045075951,415718.2548770245
2023-02-24 21:03:59,98909.79538023987,23873.752200044903,403820.98672321724
2023-02-24 21:04:23,98911.5031730921,27234.946728292965,357622.61199585785
2023-02-24 21:05:59,98918.69227486085,26973.220922848857,357646.79167251976
2023-02-24 21:09:11,98934.77786391361,25363.79662405415,364144.81216379546
2023-02-24 21:10:23,98941.3922495603,25929.87480168727,379610.18882154406
2023-02-24 21:10:59,98944.81769114755,23834.034910965074,354667.3864365403
2023-02-24 21:13:35,98960.56589404696,23107.413947199308,356546.2591841747
2023-02-24 21:13:47,98961.83783654876,26891.395389621244,390717.45762717014
2023-02-24 21:14:59,98969.64984110549,26392.538279169174,405865.1894954143
2023-02-24 21:16:47,98981.9440679162,28118.880892001038,364514.0823260065
2023-02-24 21:26:23,99058.88176888952,23638.770084712443,383726.86145959166
2023-02-24 21:28:59,99082.9022313799,25102.611034298636,389984.00424904446
2023-02-24 21:30:11,99094.42917287977,28604.461453970715,343605.79431467445
2023-02-24 21:30:59,99102.26615619501,25816.483775234265,430677.24349400424
2023-02-24 21:31:11,99104.24430965754,26684.06765002239,372651.4188217459
2023-02-24 21:31:47,99110.22390521251,27074.432241667702,414822.45984621363
2023-02-24 21:32:23,99116.27088160983,23768.508777577732,390137.6962521525
2023-02-24 21:32:35,99118.30144179007,24900.685400422444,338170.46992958424
2023-02-24 21:33:11,99124.43760756165,26942.964910756913,367871.53624461667
2023-02-24 21:33:47,99130.64017016099,28539.456044867537,392930.603845417
2023-02-24 21:35:35,99149.64190945643,26497.973717533438,367699.00083013345
2023-02-24 21:39:23,99191.65226947215,26536.494181335267,368046.48711808666
2023-02-24 21:47:11,99285.49958865767,24087.04813992756,410253.9285008026
2023-02-24 21:48:35,99303.36303776469,25769.701063188873,446399.5059493548
2023-02-24 21:49:59,99321.51965034839,27683.32856236018,394862.601847154
2023-02-24 21:51:11,99337.31049532293,26688.19691819153,405721.9667927127
2023-02-24 21:52:23,99353.30711194285,26734.08423535079,385231.1852444063
2023-02-24 21:53:23,99366.79154048009,25582.494965197075,392247.23070110753
2023-02-24 21:53:59,99374.94817110209,24272.77797010827,396736.4693991363
2023-02-24 21:55:11,99391.40716827432,27980.36228934901,403818.6911786886
2023-02-24 21:55:35,99396.93604639667,26076.135136819503,407147.7269763528
2023-02-24 21:55:47,99399.70836487826,27737.364802954424,368729.6629304249
2023-02-24 21:56:11,99405.26865074482,27379.238296253916,373486.7585315962
2023-02-24 21:57:23,99422.07311546273,25232.944581100972,368399.2309609392
2023-02-24 21:58:23,99436.21582624903,26060.827374022094,403715.4689998153
2023-02-24 21:58:47,99441.90761208734,28588.968058145652,414653.9822018803
2023-02-24 21:59:59,99459.09960343277,26752.505961519928,375217.5286319872
2023-02-24 22:02:35,99496.92938607393,22732.13015672553,361842.8161152992
2023-02-24 22:03:23,99508.72311793278,26752.248395530645,374825.3738705768
2023-02-24 22:04:47,99529.529118659,27788.101039615085,418192.9607337282
2023-02-24 22:13:59,99670.98673409001,24292.03885516129,366001.2594476763
2023-02-24 22:14:23,99677.30195130069,26775.59807704411,367979.19781039533
2023-02-24 22:16:11,99705.86710653693,25070.774006254094,372854.82833536156
2023-02-24 22:17:23,99725.03745336752,27883.41463476915,417314.1578681564
2023-02-24 22:20:35,99776.60853738987,28014.326586496438,370448.69760934083
2023-02-24 22:37:11,100050.92654745573,27887.515485969794,446240.27708524594
2023-02-24 22:39:23,100087.64210170858,25191.607582145654,372165.7068534697
2023-02-24 22:43:11,100150.97768438254,25748.49480079057,416199.280842093
2023-02-24 22:44:59,100180.89985539604,26967.522490302843,382513.8687622269
2023-02-24 22:46:11,100200.8066143272,27341.008281774946,374555.109185588
2023-02-24 22:47:11,100217.36559730358,25442.555939781698,362919.9662132366
2023-02-24 22:47:47,100227.28647047462,25283.422983364915,386511.39439347875
2023-02-24 22:47:59,100230.59085570421,25054.038223447526,354547.0500657931
2023-02-24 22:50:47,100276.70118464787,24840.58612453987,336396.8206995274
2023-02-24 22:54:23,100335.49170855802,26719.884809363426,367528.4234530155
2023-02-24 22:54:59,100345.22689776958,27407.799319316673,373412.25951103284
2023-02-24 22:57:35,100387.17489766786,26576.764610073817,414710.79538448685
2023-02-24 22:58:47,100406.39499089752,26160.312166745145,417813.04032803973
2023-02-24 23:01:47,100454.01402127375,24849.76713464974,400168.7937445228
2023-02-24 23:02:23,100463.45878367694,26783.528125219866,369815.0258835875
2023-02-24 23:08:11,100553.23108800537,25240.53217569585,403556.7514524006
2023-02-24 23:09:35,100574.44850022106,25847.88264178867,389351.0483412008
2023-02-24 23:09:59,100580.47582013998,25776.4095720177,400829.4801428902
2023-02-24 23:10:11,100583.48357177567,24813.308112191462,365589.66273834364
2023-02-24 23:10:35,100589.48715054968,23421.99665495569,401764.8598937314
2023-02-24 23:10:59,100595.47468664235,25517.421420315397,386439.71894087363
2023-02-24 23:11:11,100598.46238515167,29390.870571933894,353164.62123226
2023-02-24 23:11:23,100601.44600884814,24141.704611568475,364700.89303183137
2023-02-24 23:13:59,100639.85269467565,27419.132828162292,392346.7050548794
2023-02-24 23:14:59,100654.43042881487,26379.115603280956,405726.5276244501
2023-02-24 23:16:59,100683.24811494607,26295.123735058212,410057.1143028202
2023-02-24 23:19:11,100714.40742808791,29311.098900266265,411900.41003935295
2023-02-24 23:19:35,100720.01001554672,26424.83612206979,372285.79840379755
2023-02-24 23:20:59,100739.46303299896,27257.53329983007,377118.5780702438
2023-02-24 23:21:35,100747.72461174216,26448.899835450058,381701.7462653034
2023-02-24 23:23:47,100777.6199546664,24728.25211865836,400856.6735467663
2023-02-24 23:25:11,100796.3114398095,24160.599606604104,380334.2565869985
2023-02-24 23:31:11,100873.33387982407,27508.458320938196,423717.1431890354
2023-02-24 23:34:35,100914.64505801114,27057.652901474718,388294.65513634257
2023-02-24 23:36:35,100938.11865862689,25604.445049157777,368760.6340746465
2023-02-24 23:39:23,100969.92136680985,25390.936654246772,377447.666468067
2023-02-24 23:40:35,100983.16483452012,26392.315809759948,379065.89675442904
2023-02-24 23:52:47,101104.0557120224,26875.580571004015,351346.15930260025
2023-02-24 23:52:59,101105.82253774705,26436.967481317544,372352.12464069383
2023-02-24 23:54:35,101119.70120013854,27815.53680976358,422905.6293580316
2023-02-24 23:54:47,101121.40395126046,25477.67858789329,386792.0780848457
2023-02-25 00:20:11,101278.66416194596,23052.52041817463,358020.38276900374
2023-02-25 00:21:59,101285.38087231462,25678.24096901935,407935.7021204623
2023-02-25 00:23:11,101289.54121193966,27400.066563769284,358243.4650502851
2023-02-25 00:31:35,101311.70631570001,23156.910723106907,409093.8926466615
2023-02-25 00:32:35,101313.55363187013,24746.165623257388,417579.10861966136
2023-02-25 00:44:35,101323.41863409843,31268.997184208303,402256.5237442055
2023-02-25 01:01:11,101304.29006725409,25181.119088804047,375021.1679401302
2023-02-25 01:08:23,101286.6549312785,25051.18524432479,406056.6656326302
2023-02-25 01:10:11,101281.56027659679,24323.12666043509,357609.71315691044
2023-02-25 01:13:59,101270.04616411091,24298.686812924254,407764.9134367515
2023-02-25 01:22:23,101241.73087716126,23976.930188829065,431924.0534549308
2023-02-25 01:24:11,101235.29702618117,26349.86610693954,399287.84807135095
2023-02-25 01:27:11,101224.39862489256,25930.064729571946,405760.2731519749
2023-02-25 01:30:23,101212.62808197828,25787.545705613786,397245.628338132
2023-02-25 01:31:47,101207.46118406003,24239.41458960176,419440.46701952396
2023-02-25 01:33:11,101202.29832332348,28951.529322361854,390556.50662343693
2023-02-25 01:36:59,101188.38674630973,24637.051545494585,383960.7976173093
2023-02-25 01:40:59,101174.08501811861,26563.312425114433,394937.9807617168
2023-02-25 01:44:59,101160.37453328392,26732.769284160597,379012.2790108406
2023-02-25 01:47:35,101151.89640763003,26215.05850033838,379013.451649092
2023-02-25 02:00:35,101117.18944334616,24978.655788447162,357697.73915989365
2023-02-25 02:00:47,101116.78229291165,26702.917732013844,394975.2090030749
2023-02-25 02:01:59,101114.43551569461,24041.798632508886,372402.60276126757
2023-02-25 02:02:23,101113.69060413731,28351.32003370917,395865.0586595686
2023-02-25 02:14:59,101101.2360961013,27175.888996717134,367845.0412894385
2023-02-25 02:20:11,101103.34559448341,26351.35632120967,409871.07205757307
2023-02-25 02:32:47,101129.98448882985,28037.7872631176,405468.2259874077
2023-02-25 02:53:11,101250.99530036519,28165.991727676013,378039.78215826163
2023-02-25 03:37:35,101928.71129802725,26214.53484139979,416327.9135714935
2023-02-25 03:37:47,101933.1630128957,28227.3369569548,420152.06785526924
2023-02-25 03:53:47,102329.93546166984,28115.137428177815,378913.1344633659
2023-02-25 03:58:59,102475.76828435858,27424.711123040208,384550.52853106766
2023-02-25 04:03:35,102611.40262639102,26962.085483130155,415219.06559615413
2023-02-25 04:06:23,102696.92866976713,24880.780202649436,367413.58374870074
2023-02-25 04:27:59,103426.16416286485,28740.43192605069,409149.2444907772
2023-02-25 05:06:11,104940.16367996516,26514.068379555865,448266.3647042594
2023-02-25 06:08:11,107463.30042313223,31224.265465218225,396847.35165032605
2023-02-25 06:43:59,108588.89940763985,28498.46197621122,452563.93267435493
2023-02-25 07:06:23,109073.29773305863,26215.32152240022,412661.8858715653
2023-02-25 07:08:47,109113.83423768752,27392.88637218966,403542.15286260576
2023-02-25 07:09:11,109120.3705217917,27312.43999288323,388610.8492759903
2023-02-25 07:13:47,109191.00152263998,29054.3457560256,440967.280773921
2023-02-25 07:29:23,109367.92069254213,27867.886353896687,437211.10897583014
2023-02-25 07:33:35,109399.01782322738,29294.450718828313,377808.98749407154
2023-02-25 08:14:23,109353.36006922496,30413.913407218595,392974.76006454445
2023-02-25 08:51:11,108854.52515594198,31272.062199542655,439114.2009638646
2023-02-25 09:44:23,107692.88799553056,30076.615975890854,452222.33190534194
2023-02-25 09:54:11,107457.52042916112,28916.77244700136,389479.6561305064
2023-02-25 10:26:11,106707.65731962679,28370.687191130026,373642.97905044217
2023-02-25 10:27:47,106671.90136676539,28954.6786528381,442597.8357364406
2023-02-25 10:41:11,106382.34371508137,26117.18619694641,395161.2050785871
2023-02-25 10:47:59,106243.06606816684,27491.729903938198,405280.07064639614
2023-02-25 11:08:35,105858.45179317772,27305.86115359348,442228.7143968343
2023-02-25 11:11:23,105810.91521167743,27017.865384692963,400124.547860283
2023-02-25 11:55:47,105228.15173858865,26256.162241532325,409029.4682496047
2023-02-25 12:04:35,105152.78945526974,25240.56718379635,426340.16783874005
2023-02-25 12:15:35,105077.65362922657,28984.63001222714,408574.4065930882
2023-02-25 13:13:59,105022.23166915822,30786.410421198307,430381.9042366359
2023-02-25 13:44:23,105200.59159963716,26527.800907248893,360552.5799048712
2023-02-25 13:47:35,105226.42726823613,27902.040815860353,416982.91456830065
2023-02-25 14:00:35,105343.59813318231,28300.25863858427,410039.4660272803
2023-02-25 14:01:59,105357.31922976919,26123.287121068865,376781.8369955016
2023-02-25 14:14:35,105489.49408767051,27015.316067028634,419802.1301007171
2023-02-25 14:30:47,105679.24246720185,25580.105349521706,392016.8711823098
2023-02-25 14:32:35,105701.46240983014,29556.212507886663,381415.177552747
2023-02-25 14:33:11,105708.91269863634,29054.199958610683,425116.6978334355
2023-02-25 14:42:35,105828.1820198152,27011.585469255173,416792.04511361377
2023-02-25 14:50:59,105938.04360714088,29863.050943994793,401736.3607707552
2023-02-25 14:57:47,106028.503202542,28824.83213506609,431068.58267187333
2023-02-25 14:58:47,106041.88272353515,31316.740377378665,387649.4831886551
2023-02-25 15:19:59,106325.81723535909,30300.207916226434,415511.95761616883
2023-02-25 15:21:35,106346.98459666982,28281.6244488937,377461.96600501554
2023-02-25 15:45:11,106645.6534987975,29968.885309750975,428126.4366889732
2023-02-25 16:23:35,107026.88747123981,27670.400633296216,458980.0756063906
2023-02-25 16:24:35,107034.30342778575,27878.414618745937,419371.0086778898
2023-02-25 16:34:11,107097.64902445517,30372.385541466505,422848.2409215246
2023-02-25 16:35:23,107104.53244943616,28626.652906057036,393091.12776979984
2023-02-25 16:41:47,107137.18296824947,26336.607673004117,398495.10727463977
2023-02-25 16:43:59,107146.79153188747,25365.089789045916,394186.0290285032
2023-02-25 16:44:59,107150.88042907811,26308.99697407678,389408.6520779925
2023-02-25 16:48:59,107165.47129572497,27710.71388989726,428200.1192753392
2023-02-25 16:53:59,107179.6735010381,28134.859007194616,396210.2878818784
2023-02-25 16:55:47,107183.67112969563,26197.38606229827,486508.71046336886
2023-02-25 16:58:47,107189.00608054885,29587.76183948387,412151.4226940326
2023-02-25 16:59:59,107190.67241953057,28648.220591257974,395254.17224550125
2023-02-25 17:07:23,107194.98608845587,27086.149759647156,447051.82934777485
2023-02-25 17:33:59,107125.13728619057,27617.46033205835,403608.4329424369
2023-02-25 17:41:47,107079.87234471919,29361.51385281592,380351.76614238415
2023-02-25 18:17:59,106742.19884409377,27202.140041647875,399315.4571777223
2023-02-25 20:16:59,105350.97194138884,26597.18855059681,391862.06317714177
2023-02-25 21:20:47,105489.92249733045,27236.028491702527,409618.75485267217
2023-02-25 21:35:23,105646.79382383532,27804.417039383512,414969.9574548719
2023-02-25 21:45:59,105784.90341072729,26182.658656874508,375152.5676827944
2023-02-26 00:35:11,107888.55178433903,25313.095506073067,430319.9437424853
2023-02-26 00:46:59,107875.74160359056,28297.959928847504,404456.8434460106
2023-02-26 03:00:35,107562.18764584763,26994.588855768983,465457.09606792935
2023-02-26 04:20:47,109248.43531263359,26104.888534609567,387771.7845721797
2023-02-26 05:16:11,111342.90306706706,28625.917412224237,488931.27893473173
2023-02-26 05:43:11,112417.76228343138,29324.736303585,434061.3724575033
2023-02-26 05:43:23,112425.48005976072,28382.87399617318,433150.53703726025
2023-02-26 05:44:47,112479.34909104786,29790.911542270434,452237.67977948627
2023-02-26 09:12:35,113381.751791844,34111.52297008874,438254.8963238971
2023-02-26 09:16:11,113279.52889868713,26839.771234189167,413312.30990417144
2023-02-26 09:19:35,113181.5488076837,28086.559900382945,407331.04123763536
2023-02-26 09:37:47,112639.38034844105,28638.151960736788,393258.50091785286
2023-02-26 09:38:11,112627.22719725396,27652.44161601502,430490.48024035804
2023-02-26 10:17:11,111441.5961052397,30740.926097715503,411415.63467196055
2023-02-26 10:50:23,110509.90423049711,31188.05381767748,388542.58400076174
2023-02-26 11:02:23,110206.90006718245,29190.691235226044,436334.5700521072
2023-02-26 11:02:47,110197.16642308694,29568.629570594625,440574.4459271598
2023-02-26 11:04:11,110163.29194470025,27087.48253971617,421414.9060940165
2023-02-26 11:07:59,110072.88291731151,28973.331103665805,433136.37744110764
2023-02-26 14:05:35,108623.66943113205,29143.003691574668,396334.66652475647
2023-02-26 15:12:35,109143.59770011464,26425.303464238834,460718.49405413866
2023-02-26 16:20:23,109615.70378667407,27603.75537508119,430867.6324855654
2023-02-26 16:46:59,109655.47027712794,30135.299176973345,405449.2040209975
2023-02-26 17:42:35,109332.32639695097,26446.59948801503,390042.38348621834
2023-02-26 19:36:35,107514.61992129206,26552.896551507205,386046.50021622196
2023-02-26 19:47:23,107359.62607665305,27301.600379351414,365848.2116990712
2023-02-26 20:27:59,106964.40374695462,31145.303282933124,371900.8247200017
2023-02-26 20:35:59,106928.66943925818,27383.43666806525,441745.97705848154
2023-02-26 20:47:35,106904.09664466216,26083.468255734304,415478.34437897056
2023-02-26 20:47:59,106903.83139324172,28357.867918444386,406019.5938516769
2023-02-26 21:30:47,107093.79635381894,25829.624297477374,389154.9575908949
2023-02-26 23:10:35,108534.32211672796,29473.030934817572,413176.5712358234
2023-02-26 23:25:11,108729.44145979238,28984.61767810877,422333.46480537095
2023-02-26 23:28:23,108768.19172349926,27224.22103119835,390240.0001187633
2023-02-26 23:29:11,108777.63009617546,24597.083800800116,395206.3108476437
2023-02-26 23:34:11,108834.2697307665,29850.71657284337,418883.4079751911
2023-02-26 23:37:59,108874.5011857878,32428.07950093124,413598.8129253054
2023-02-26 23:49:59,108984.48722081867,28918.309469739484,406659.11993178213
2023-02-26 23:56:11,109030.61871759227,28967.395910387844,434734.74634823273
2023-02-27 00:11:35,109112.25452841187,29754.54965302149,392408.7017417597
2023-02-27 00:22:59,109142.29185984693,34304.48176872446,423556.42270842986
2023-02-27 00:26:35,109146.53945995448,29438.995258960924,451793.0883496329
2023-02-27 01:12:47,109016.37792083407,30624.081936031285,446936.92377617717
2023-02-27 01:13:35,109011.8940495063,31296.90598034554,430623.63475611276
2023-02-27 01:14:11,109008.50194677964,29490.00517454872,404060.019430329
2023-02-27 01:37:59,108862.90297304033,28494.312789386116,421008.325719047
2023-02-27 01:41:35,108840.80728582018,27589.229829086744,453107.49397236825
2023-02-27 02:53:47,108759.39794410601,30762.971166593903,433169.95653573517
2023-02-27 02:58:47,108798.07397895046,28837.952099951868,385346.622155956
2023-02-27 02:59:47,108806.7263128404,31425.666415438354,459751.17747958686
2023-02-27 03:33:47,109294.77506562028,27368.773142869144,391140.82602663676
2023-02-27 04:06:23,110125.3180412897,29132.43531707724,459843.486300326
2023-02-27 04:06:59,110143.76258303749,29826.689427094785,407400.70120580593
2023-02-27 04:08:47,110199.73368243691,27744.158638012435,468601.9611904699
2023-02-27 04:44:47,111494.1255397329,29990.10798245354,425973.2972593861
2023-02-27 04:45:47,111533.99984279784,28761.30473070391,437627.5901494444
2023-02-27 04:46:35,111566.01553455356,25588.517981143894,404299.6165737731
2023-02-27 05:07:23,112426.89786260534,28314.190112067005,502931.8406239387
2023-02-27 05:10:11,112545.6818964959,30336.96617292363,433410.63022123626
2023-02-27 05:10:47,112571.18407314019,30543.033993235305,433005.8732959861
2023-02-27 05:45:47,114046.87913875394,28756.908561482378,446103.60126213095
2023-02-27 05:49:23,114192.57811253169,29484.331776367097,418091.4706764105
2023-02-27 06:02:11,114692.19776401702,33177.83673337263,406085.43889106537
2023-02-27 07:30:23,116743.82076571618,31889.267018986913,446298.4184280924
2023-02-27 08:07:59,116673.55261997163,31277.037636008547,469026.86853361106
2023-02-27 08:08:59,116664.24577988773,29393.068833084653,448454.65185741277
2023-02-27 08:43:23,116147.81784125665,30658.8268387079,535365.5816271509
2023-02-27 09:18:35,115323.9723690539,31233.08445880966,401353.650247116
2023-02-27 10:45:35,112998.6960612158,28320.106762833886,492633.01610949665
2023-02-27 10:48:23,112932.73462704536,30215.753189937932,424143.4582292434
2023-02-27 10:51:11,112867.85603127621,30318.654827689545,421406.8902932378
2023-02-27 11:56:47,111717.25486576081,29931.744444236505,413499.72315624205
2023-02-27 11:59:47,111683.28480466364,28550.284714187772,477807.04108342895
2023-02-27 12:00:59,111670.17332672515,27712.11801270374,443192.8620467176
2023-02-27 12:01:11,111668.01456425572,29535.20902537361,426028.61923840706
2023-02-27 12:01:47,111661.58368175097,30538.51249058524,431154.71017833776
2023-02-27 13:01:23,111356.2373198576,28433.64178946942,411184.7560451998
2023-02-27 13:02:35,111356.62022296355,25765.162116690688,416733.68823864026
2023-02-27 13:44:23,111512.62632207057,31668.742086292583,455724.9604353419
2023-02-27 13:45:11,111518.10558748776,26321.605880852105,392931.6906224603
2023-02-27 13:50:35,111557.27679970484,29182.84319980404,431747.84613227233
2023-02-27 13:55:11,111593.55461160198,28117.009633864425,420252.0480731191
2023-02-27 13:56:23,111603.44342801422,30442.560779759133,458955.3961661362
2023-02-27 14:11:11,111738.84839596183,27711.2853471629,407301.22859447123
2023-02-27 14:11:35,111742.83122158021,27108.956737451037,418473.987249777
2023-02-27 14:26:59,111907.34069229048,30301.425554604957,434081.1379733903
2023-02-27 14:47:11,112149.29011591544,28612.966883339024,426918.22646290757
2023-02-27 14:51:23,112202.15899709589,29339.991864339,416884.84138042835
2023-02-27 15:14:59,112505.66739945495,29622.831996153367,385348.47844338225
2023-02-27 15:45:47,112884.37016867219,30056.200028662966,410430.21469540655
2023-02-27 16:04:35,113081.56573690593,33754.94386390782,482184.0606960757
2023-02-27 16:09:23,113125.64155657825,31104.61827732926,425228.6284624396
2023-02-27 16:11:47,113146.57554573432,32111.237619140586,403132.8627896367
2023-02-27 16:33:11,113296.38157117537,30806.44780536509,414145.97998111456
2023-02-27 16:56:59,113372.4581674178,29790.10140343515,481128.800616044
2023-02-27 17:29:59,113298.36115371552,30455.256731906353,422285.54020376987
2023-02-27 19:41:59,111621.7314263852,29134.82287453832,432962.35037631565
2023-02-28 00:51:23,113948.83375228265,31240.628244382904,428986.35038459714
2023-02-28 00:52:59,113944.34578775254,28289.885124374247,425075.22852250066
2023-02-28 00:57:23,113930.07618902966,33850.5088534426,404356.6105140368
2023-02-28 01:59:23,113593.39566602097,27323.995270128522,438635.8697886372
2023-02-28 02:00:23,113588.7348494328,30056.493820560223,429071.4670313258
2023-02-28 02:02:59,113577.16764959514,26370.26477831926,429113.1399824748
2023-02-28 03:05:35,113713.0487583193,31047.069439896408,424338.73934960284
2023-02-28 03:22:11,113937.48711582586,34053.07369734569,453250.57939857536
2023-02-28 06:29:23,120512.24706267419,31236.589111560483,478501.58498936804
2023-02-28 10:11:35,118033.5521011324,28795.80064748134,439594.90592370724
2023-02-28 13:04:23,114727.67092243771,28992.871992842694,432996.38354628143
2023-02-28 13:08:23,114714.27970190941,30625.564549623174,431021.70027502003
2023-02-28 13:21:59,114688.36074315055,30324.5760330177,408554.83613770467
2023-02-28 13:23:11,114687.48519237115,31055.98233934374,415488.0103676182
2023-02-28 13:23:35,114687.24285104687,29725.094397029214,439587.40148335585
2023-02-28 13:27:47,114686.17627999588,30409.50329183134,415741.48644865776
2023-02-28 13:30:59,114687.14721183463,29738.852249060787,422202.6974665357
2023-02-28 13:31:35,114687.49815435946,29380.22544814441,470580.35483107495
2023-02-28 13:50:35,114724.77019845339,33032.536420779375,431469.2711007011
2023-02-28 13:51:59,114729.41491334638,32683.19689782118,438744.80150124454
2023-02-28 14:03:23,114776.02562240028,29789.361909883417,427479.53785257007
2023-02-28 14:07:59,114798.99140793363,31646.236868531065,451951.397427822
2023-02-28 14:20:35,114872.70822693611,28314.87934178871,430347.5295471865
2023-02-28 16:30:47,115726.08891435912,31207.008667038102,430500.4563526767
2023-02-28 17:24:35,115502.9196507274,30239.999938615096,423122.6008129735
2023-02-28 17:25:47,115491.42793738065,27934.971400425577,460064.92956005014
2023-02-28 17:37:11,115368.25204880728,32577.71681062661,433800.9587879504
2023-02-28 17:38:11,115356.26058222863,31329.624659925026,420137.08310252434
2023-02-28 22:04:23,112880.02912193742,28652.39807783442,409155.15250599105
2023-02-28 22:31:11,113254.77779342841,31421.352103503814,425029.1966596093
2023-02-28 22:51:11,113545.56475730616,29707.154669388277,394231.0523142146
2023-02-28 23:20:59,113928.54277468528,27935.91136252006,394195.2959002462
2023-03-01 00:23:59,114250.91698782354,30417.28100133156,402827.2683932933
2023-03-01 00:28:47,114242.08575213909,28876.03803060035,459761.77532829123
2023-03-01 00:30:11,114238.65126171336,31601.178681284255,430824.6541762329
2023-03-01 00:53:11,114131.58158068909,27305.84361747949,486698.1457229579
2023-03-01 01:27:35,113844.79395996727,33315.83316191384,428387.78805495775
2023-03-01 01:49:11,113643.47064012352,28364.77170360717,415870.1269554985
2023-03-01 03:37:59,113916.43117767367,29980.92176883716,450986.8473411313
2023-03-01 04:20:23,115025.80435954564,30152.715339493385,449063.5847623903
2023-03-01 04:22:35,115098.12505139993,32770.98002043791,403161.38736204436
2023-03-01 06:09:47,119198.15197847602,32256.91633150722,468378.99998472445
2023-03-01 06:10:35,119224.89638080812,30871.961365738433,434286.16968561895
2023-03-01 09:59:35,117520.40884079156,31613.84621427946,470826.70541463076
2023-03-01 12:10:23,114312.21247825105,29491.377572045138,409271.43464751716
2023-03-01 12:24:35,114144.61247405848,31941.439910165547,452494.37842604914
2023-03-01 12:28:35,114104.37595647869,28623.338202752057,454353.4782881339
2023-03-01 12:41:35,113994.42781416535,28366.48728923028,475028.8066415729
2023-03-01 12:58:23,113898.28450687093,30432.354557552575,439140.0990421447
2023-03-01 13:36:23,113857.55679881196,29335.713088840672,400469.5693528285
2023-03-01 13:36:47,113858.32160818075,28727.281685844056,406534.59924645745
2023-03-01 13:38:23,113861.60973036721,30822.981317256344,415644.7798986173
2023-03-01 13:44:11,113876.54033530303,27927.178272843674,479754.4034701127
2023-03-01 13:47:23,113886.7432382263,27194.466772613006,437671.0071067545
2023-03-01 14:38:11,114201.05457029794,29786.29070555403,402495.5490418149
2023-03-01 15:16:35,114545.09423526499,30652.424281736097,384313.3539231269
2023-03-01 15:17:47,114555.98379329075,27544.403311718866,434606.0391927451
2023-03-01 15:18:23,114561.41654325054,32437.504133195307,438400.1667323248
2023-03-01 15:19:11,114568.6466848158,29318.83678070274,431487.077529073
2023-03-01 15:25:23,114624.03673809975,30006.25951646477,465064.00050224835
2023-03-01 15:30:23,114667.63129812623,28374.275815288034,444317.4335844599
2023-03-01 15:31:35,114677.91752126034,29822.997031387018,421661.8153486176
2023-03-01 16:22:59,114998.67175645506,29083.24151387687,446036.2385475052
2023-03-01 16:28:35,115013.2422585351,30676.022506187346,507550.97984176053
2023-03-01 16:32:35,115020.50211213432,30063.72241109846,424521.1780181553
2023-03-01 17:30:59,114785.36856183394,31617.971195687303,414998.4020129626
2023-03-01 18:39:35,113738.87345703221,33590.28639929108,425687.53447648697
2023-03-01 18:47:47,113580.57201768631,29952.51831199859,478244.8425956091
2023-03-01 19:27:47,112815.5088094013,28198.39068642074,435554.7613476545
2023-03-01 22:49:59,113071.00291730228,28926.606821002548,418641.16996616917
2023-03-01 23:54:47,113732.85876640481,28662.636264242017,413951.82808855304
2023-03-01 23:58:35,113748.25240064404,29336.06818838156,394502.17451414827
2023-03-02 00:30:35,113754.3455660285,29927.955142653034,428453.54059453506
2023-03-02 02:54:23,112790.39038381213,28350.29555788038,443729.19397072104
2023-03-02 04:06:59,113858.96979089091,30759.687196615916,447023.2146650341
2023-03-02 05:53:11,117554.46573010049,31000.131000730937,507538.8961436665
2023-03-02 11:01:35,113350.01141082696,31310.58541328154,442853.3197130253
2023-03-02 11:08:47,113132.4113388869,28375.597871993843,440761.4079669015
2023-03-02 11:12:59,113009.31523006193,27760.647969875474,434618.6746035159
2023-03-02 13:51:11,110624.74231103431,29605.42167404886,401109.60826772446
2023-03-02 13:51:47,110623.2291286382,26220.058589528333,437470.2527800219
2023-03-02 14:53:23,110639.8855586743,27105.030984959834,406786.97677630483
2023-03-02 14:54:11,110641.52798541925,29065.16863444825,412692.3563683664
2023-03-02 15:54:59,110729.29862380234,29709.74088354833,447990.9930691503
2023-03-02 16:05:23,110718.7173544608,28930.387551087948,407923.60667784116
2023-03-02 16:14:59,110697.1521963466,29415.39720648088,417503.7020566469
2023-03-02 17:37:59,109863.48472746322,34643.34719325658,401136.30837991845
2023-03-02 17:42:23,109783.60800825288,27567.32079176913,452292.66457090434
2023-03-02 17:50:23,109629.82708897446,31688.30940031884,437453.93288872426
2023-03-02 18:20:35,108963.14807792305,27323.0911836684,426278.92121291254
2023-03-02 19:28:23,107256.83487473371,29262.640647992706,408065.34782191075
2023-03-02 20:01:47,106527.7990110554,26892.3600866798,351708.79178684467
2023-03-02 20:13:11,106322.48062215184,27641.647839128065,435732.7998981877
2023-03-02 20:42:35,105922.5181581122,27776.591278266413,374208.8537069117
2023-03-02 20:46:59,105879.87271407712,28396.73727142939,410531.37799225625
2023-03-02 20:51:23,105841.81870906387,27121.17820393655,465021.4085369175
2023-03-02 21:04:11,105757.08019127446,28677.476045174455,416273.93351210374
2023-03-02 21:22:35,105700.67062526046,31524.87857564478,391993.8737163769
2023-03-02 21:47:59,105734.82745888867,28041.37967621147,389629.3044156875
2023-03-02 22:02:11,105798.76003116889,29098.021771711767,373345.3884213538
2023-03-02 22:06:59,105825.79100772348,29388.351376968574,393232.8462495255
2023-03-02 23:32:59,106325.6061105704,26630.49669955427,373765.84622537525
2023-03-02 23:42:11,106335.5711038086,23512.298637297838,410054.98813320004
2023-03-03 00:15:23,106238.84414703876,28636.31753615958,399123.36077211675
2023-03-03 02:48:23,104450.53265277206,27909.212549795877,392123.2996690949
2023-03-03 03:18:35,104463.46214524945,28884.59566374725,362460.7780997281
2023-03-03 03:48:11,104754.98149505898,29129.361007508513,383602.4505244954
2023-03-03 04:27:59,105563.02234901994,27696.45371380392,408350.28162812215
2023-03-03 05:50:59,108016.8408028183,29440.448879545802,467239.51703498
2023-03-03 06:28:23,108924.93594854033,28978.319505137166,406273.4691648969
2023-03-03 06:59:59,109363.49687005435,31137.092694074712,364541.35301579896
2023-03-03 07:57:59,109177.45706008031,28636.209307570432,392168.73667897936
2023-03-03 08:11:23,108956.25062103181,26067.04695401297,412269.1440718256
2023-03-03 10:12:23,105313.85230251655,29782.627090798527,355427.727485923
2023-03-03 10:13:59,105260.66366421845,27377.081556082783,413244.8511653709
2023-03-03 10:14:59,105227.51466369569,27879.173701687392,428102.51702547225
2023-03-03 11:25:23,103189.25124502876,26204.875616649522,396515.2950134442
2023-03-03 15:24:23,101988.03071921026,25560.43481462467,374496.10354914283
2023-03-03 15:46:35,102103.9509811548,25935.38094849789,403713.00152565876
2023-03-03 18:07:35,101470.89718608072,27895.2164751441,393259.41207702615
2023-03-03 18:13:59,101373.109880786,25369.723507352053,399306.8750267459
2023-03-03 20:42:59,99375.2779550332,23641.799761857153,381033.28170358844
2023-03-03 21:46:11,99671.99540074353,26170.289646308396,426079.28431430284
2023-03-04 10:43:47,105122.57562824953,27100.394157223174,367787.0264121736
2023-03-04 11:05:11,104666.6805699119,29499.39317908796,419670.6416400781
2023-03-04 11:18:47,104410.97096781252,26519.980232635186,370215.7310459213
2023-03-04 12:32:35,103558.229958162,26526.15790581229,396260.6392227699
2023-03-04 12:41:11,103519.18208649961,27667.3179755224,376749.69681504206
2023-03-04 13:26:23,103506.12996081411,29410.54281225373,413052.1165039554
2023-03-04 13:55:35,103649.49754539838,25312.029951180863,452953.2226364998
2023-03-04 14:04:59,103716.51711451169,26057.17327327784,367197.24106591044
2023-03-04 14:20:35,103846.10865919774,28149.754349191804,400236.11764843145
2023-03-04 14:29:11,103925.79234710902,26260.115181084984,413621.5943042904
2023-03-04 15:10:11,104351.77620895268,27488.98031004148,388043.95546846255
2023-03-04 18:15:47,104448.16224442296,27479.87288881453,366918.1868419686
2023-03-04 18:56:35,103818.53504177839,25854.01371518213,410724.3415480615
2023-03-04 20:22:23,102717.24275694056,26314.242069789412,367742.41222398775
2023-03-05 05:57:11,108511.81287687346,26369.66688782531,371824.87736800476
2023-03-05 06:08:11,108849.50034808881,28876.409015851437,379476.9675232767
2023-03-05 10:28:11,105978.19283819872,25775.066892035902,394309.18486538064
2023-03-05 11:08:35,104849.51955851937,28742.14511417921,395156.8658615491
2023-03-05 12:04:35,103698.57017670556,25925.408979599233,379897.006514662
2023-03-05 14:02:23,102970.40706729937,26876.630896627325,421603.1036141798
2023-03-05 18:09:59,102608.81936728215,27120.79443985691,419468.2338823227
2023-03-05 18:28:59,102268.94429506967,26157.755727376818,378236.90115420613
2023-03-05 18:31:11,102227.6226327457,24782.402655124526,354081.592700814
2023-03-05 18:48:23,101895.96597262657,25844.844650385254,362741.859723119
2023-03-05 18:52:59,101805.79379462835,28909.442219039476,381166.984364848
2023-03-05 19:30:59,101084.06211513969,24872.781464569394,419977.84188343905
2023-03-05 20:55:11,100193.37827712619,27725.41254820481,398425.38730135094
2023-03-05 22:49:35,101093.81184137172,25156.80499872968,389550.6669942851
2023-03-05 23:28:35,101501.9384638707,27632.48559257537,390199.44690957846
2023-03-05 23:47:11,101626.61658605495,28503.945637616536,365675.36428001197
2023-03-06 01:12:11,101438.09911857285,26977.530103198806,407486.0656067067
2023-03-06 01:39:35,101204.91973332697,26915.05607150511,397732.62916647503
2023-03-06 01:39:59,101201.49691324151,27320.531116400194,401528.1862337168
2023-03-06 02:23:59,100910.49976113993,26994.948483018994,422409.322739977
2023-03-06 02:28:47,100896.14347116898,28693.09243802227,366150.38303710805
2023-03-06 03:03:47,100957.49816883737,26609.362595551138,408433.0066007843
2023-03-06 06:28:47,106611.6022751799,27395.712939252415,382833.4639783023
2023-03-06 06:55:47,107164.32389165589,28969.22867299967,386407.55021101
2023-03-06 07:43:11,107476.08585529625,30146.500090917023,399453.39311321767
2023-03-06 13:21:23,101558.19888329385,26828.675246895196,397393.4999564689
2023-03-06 13:22:47,101558.85363541011,28429.787655946093,396003.67721564055
2023-03-06 13:35:59,101578.24193803465,24831.585808768963,407692.8554934444
2023-03-06 13:37:59,101583.19314110362,25850.143705985767,388409.33490727516
2023-03-06 14:04:11,101692.13486673127,26600.38184056916,388850.134260279
2023-03-06 20:26:35,100273.1709864739,26883.569135188405,366939.280264656
2023-03-06 20:39:35,100216.88265732257,25256.48729098713,408616.3194153872
2023-03-06 21:59:11,100642.42199383183,25291.78978704327,378703.3429614194
2023-03-06 22:05:59,100727.30582111905,26593.944459163777,366777.8287207318
2023-03-06 22:20:59,100928.16863677348,27274.129645844932,377640.6450428006
2023-03-06 22:53:59,101389.51041912282,26250.05776141389,378934.5869741917
2023-03-06 22:56:47,101427.10569014912,29865.098679768336,380810.4561844914
2023-03-06 23:21:35,101728.14771429627,26183.59052301826,363576.7717499134
2023-03-07 00:04:11,102032.46364623138,25756.341182409407,444566.5321287877
2023-03-07 00:12:35,102052.72727687411,26384.104996184364,423926.179120424
2023-03-07 00:14:47,102055.77630363632,30006.684173807073,395404.22387065896
2023-03-07 00:22:47,102059.0684024466,26974.130761648215,377903.3236002938
2023-03-07 00:26:23,102056.63193721985,26608.72179789907,419859.780907675
2023-03-07 02:17:23,101376.6785983176,23996.515143199107,407701.5723920324
2023-03-07 02:25:35,101346.10796890235,24605.691767917946,383305.8720488514
2023-03-07 03:25:35,101612.1083258571,26309.626785296015,395020.5660378032
2023-03-07 05:21:35,104813.36968459774,26050.96448640677,394186.417797942
2023-03-07 08:16:47,107267.51451256183,25983.700480809814,396012.28757389815
2023-03-07 09:06:11,106132.61204753253,28712.39352841114,360956.02137164626
2023-03-07 09:46:23,104923.48705202389,27019.299530973243,404207.7512555215
2023-03-07 14:25:23,100756.52317167971,25752.13229730108,366409.9777554181
2023-03-07 14:56:35,100892.98465232458,27465.072744911144,377764.94905598107
2023-03-07 15:11:11,100965.73451957347,26974.92547701692,414897.9440537683
2023-03-07 15:13:47,100978.65078500465,27128.72417494014,421423.12203055795
2023-03-07 15:25:23,101034.65939899482,24590.90584199382,440014.21452720487
2023-03-07 15:47:23,101125.12314512602,24246.161137635558,404948.0677165327
2023-03-07 16:11:11,101180.07231803934,24934.818254295795,388036.469558487
2023-03-07 16:33:23,101170.9423410361,27063.8663484865,353813.53758512426
2023-03-07 16:37:47,101160.74344791018,27557.795313300314,406226.2597054137
2023-03-07 16:48:23,101123.61152711234,26462.19598408118,353540.8177360164
2023-03-07 16:49:23,101119.16296097651,24889.329822562577,355630.112965261
2023-03-07 17:30:59,100781.75084770165,26275.80861317912,422185.028553492
2023-03-07 20:30:11,97817.50175041263,27891.332693274922,352880.7873056488
2023-03-07 21:22:23,97672.60034997489,25741.222811410044,346719.31795089936
2023-03-07 21:30:59,97702.8349303862,25356.29226595766,378750.849698558
2023-03-07 22:28:59,98175.55628520767,25348.402804646306,374340.7903691897
2023-03-07 22:34:11,98230.07974306558,26392.751441402404,366195.826110098
2023-03-07 22:38:59,98280.506478563,26796.506774536178,386455.52992770803
2023-03-07 23:18:59,98657.97256018726,25416.49148456829,389050.01253157924
2023-03-08 00:38:35,98747.10499970977,26492.411541027537,364315.66061584797
2023-03-08 01:10:35,98495.35417784342,25971.240986747263,428408.7418869773
2023-03-08 06:08:35,102296.10658479022,29843.380877834097,362855.0591776996
2023-03-08 06:22:35,102648.90788992315,26409.335674356484,397442.5495820355
2023-03-08 08:15:47,103083.6370352453,28506.893705873204,377299.3008426029
2023-03-08 10:30:47,99507.24007811856,25293.258070462834,362714.09424444404
2023-03-08 14:20:47,96953.31255179859,28131.83543890364,387784.1887251367
2023-03-08 15:23:35,97295.06279171219,25014.791871924554,350742.43204728473
2023-03-08 15:39:35,97380.61924442553,27071.144271145302,401003.5788698683
2023-03-08 16:09:23,97493.61956084255,25669.357440154105,351056.83727716864
2023-03-08 16:13:23,97502.20735576987,24145.13847492265,357286.7697816628
2023-03-08 16:30:23,97516.48850639715,26769.510475355975,371064.587411386
2023-03-08 16:41:47,97503.55876249612,27666.389916139447,366855.5375769108
2023-03-08 17:12:23,97367.09717135737,23733.386060604764,416032.23955451703
2023-03-08 17:15:23,97345.3193588698,24276.262366554747,390261.91877226165
2023-03-08 18:17:59,96570.66219362717,27754.231292063574,383611.2370712824
2023-03-09 02:13:59,94691.30891099926,26662.529183621966,380034.3581834336
2023-03-09 03:09:47,94582.34054118408,25186.62603519979,395722.33551985445
2023-03-09 04:11:11,95403.43476266708,27070.9146811763,379536.33880212903
2023-03-09 04:11:47,95416.4095380679,25196.27706723661,358751.65918748855
2023-03-09 08:30:47,98720.7912084616,27860.679104080005,415313.6551907913
2023-03-09 11:11:35,93959.78880395008,25043.881007118056,409108.982408131
2023-03-09 14:42:23,91623.98879098716,23340.41948399831,381990.3333517183
2023-03-09 15:21:35,91632.31163811349,22662.24001335693,343326.1253930971
2023-03-09 18:19:11,89968.79705109012,24241.10756735463,318797.7761134151
2023-03-09 18:27:47,89784.70938231406,23494.54057917196,390432.9681884453
2023-03-09 18:52:11,89240.59191953547,21347.264167816003,357498.55527479836
2023-03-09 19:19:59,88617.61752880481,23516.39725135034,333543.145227199
2023-03-09 19:20:23,88608.88439002653,23459.61347556441,367802.143550745
2023-03-09 19:20:59,88595.80433727715,22957.409928944613,376757.8521572983
2023-03-09 20:21:59,87477.49765862874,23332.653207736876,327577.58738223056
2023-03-09 20:23:35,87455.82897731889,22924.91834767489,347437.53745571984
2023-03-09 20:45:35,87207.03002155444,24347.135732459017,315738.1240115999
2023-03-09 20:46:35,87197.94735264637,22958.244215992043,350478.9281367643
2023-03-09 20:47:59,87185.56046313334,20973.457610279787,312331.45905126684
2023-03-09 20:57:59,87108.21981994555,22208.989219510615,320027.9785024688
2023-03-09 21:22:23,86999.19889166868,22976.520092958726,331290.1893929559
2023-03-09 21:26:23,86991.48573885502,24629.20766268571,309745.5714267053
2023-03-09 22:02:59,87028.70026703336,22773.01986414679,298242.3831183948
2023-03-09 22:04:23,87033.20178350958,21424.151604926163,333733.71609077626
2023-03-09 22:05:11,87035.84878290766,22398.321579757572,320696.7189607136
2023-03-09 22:45:23,87207.05257032243,22561.30026649836,382934.4755296471
2023-03-09 22:49:23,87224.46496997499,22163.36002508178,326932.3285584256
2023-03-09 23:25:47,87332.6925521764,22542.79235934322,339387.49603147124
2023-03-10 00:28:47,87110.10174468346,23049.771601637847,327017.059069543
2023-03-10 00:32:11,87080.45921838103,21368.388882294672,322006.336678159
2023-03-10 01:13:23,86609.13220749988,23490.209789133114,303091.6766579302
2023-03-10 02:20:47,85746.61605533762,22719.967900245967,362736.1284747737
2023-03-10 03:39:47,85635.17152021675,23364.59718636567,338967.5988131342
2023-03-10 04:59:59,87022.03095391845,22238.782810566612,336322.0494786242
2023-03-10 05:28:23,87702.18770523724,23045.061577566645,330781.89127210487
2023-03-10 07:57:47,89005.44764058109,24025.20202440988,343978.60759859293
2023-03-10 09:36:59,86707.30812707778,23132.060178302258,312141.7564883383
2023-03-10 11:47:11,83454.33503416092,19723.57951085873,333288.5526477139
2023-03-10 12:17:23,82999.77744781238,22106.17752404361,315774.0393702486
2023-03-10 14:59:23,82516.29917760575,19805.683213095675,305229.2032228802
2023-03-10 16:35:11,82703.05679409251,18843.23584799196,332860.37465534225
2023-03-10 17:21:59,82481.14489626499,19347.67445035816,334225.7175823021
2023-03-10 17:41:59,82297.44321850217,21612.625220453807,303606.04314168624
2023-03-10 17:52:23,82182.18282066725,21603.322180564326,300221.53422712494
2023-03-10 18:05:23,82021.27150779868,22265.256057816776,319376.64231616235
2023-03-10 18:42:47,81483.04342639647,21234.105333384876,314152.4905410451
2023-03-10 18:51:47,81344.71519144691,22068.42659041925,300168.9427699558
2023-03-10 23:12:11,81151.76267397145,19365.919876699038,322783.7368752442
2023-03-11 00:34:59,81501.95061920893,20331.11571646346,306517.30746914144
2023-03-11 01:33:11,81254.83554717177,20362.1765806136,281829.8510102336
2023-03-11 01:59:35,81117.65201047307,23057.387436720874,314928.0883819465
2023-03-11 02:05:35,81092.8750237911,20903.05714720149,315527.7848223169
2023-03-11 02:14:35,81062.99064987485,22023.99364923394,290452.1859601835
2023-03-11 03:01:23,81120.90082138414,18409.07235689615,330356.28999405896
2023-03-11 03:46:35,81645.95783098832,22747.495373174374,318016.9789856264
2023-03-11 06:51:47,86402.48652747102,23152.395091870538,354489.0816500283
2023-03-11 12:51:11,82321.53650059816,20413.610954152136,361971.88629091246
2023-03-11 13:06:47,82291.85482849205,21692.310817198533,343393.7594138065
2023-03-11 13:10:35,82289.12124010468,22319.498694328046,306070.9532083288
2023-03-11 15:49:59,83123.73190907661,22115.339348120233,320831.14236596465
2023-03-11 18:21:59,82644.73273901967,20953.89759003167,343934.87658646115
2023-03-11 19:05:35,82052.11413492002,20883.163087246536,289972.84903943946
2023-03-11 22:58:35,82011.19170405836,20434.611557986143,331644.6389196143
2023-03-12 04:13:11,82528.62498536687,20366.073858672444,308775.7217591567
2023-03-12 13:22:59,80390.22193517475,21773.527743541606,306848.0568228657
2023-03-12 15:39:11,80599.8312948967,21159.662605486054,307618.2115649891
2023-03-12 23:21:47,78678.42139628626,22358.100025717526,284099.53125828353
2023-03-13 02:52:23,78104.18749834427,18913.152239315186,287778.03611803625
2023-03-13 03:29:11,78324.98944291926,19059.135205236802,286095.7201776009
2023-03-13 03:29:59,78333.37050103121,20659.627881928125,328314.3890050361
2023-03-13 03:31:23,78348.41248429859,20025.97110666708,291095.5885312713
2023-03-13 04:51:35,79920.3489511762,21984.719479498694,273289.2407360906
2023-03-13 04:53:23,79967.77505978271,21006.571409480366,292755.729116526
2023-03-13 05:35:35,81117.74924290527,22211.353472220657,344836.2088347224
2023-03-13 06:00:23,81757.43907494379,21903.747784452582,297398.8110854483
2023-03-13 09:30:11,81425.51816308116,21522.080384053043,298616.0054536795
2023-03-13 09:36:35,81283.35290345062,21626.070140835865,292289.5451548066
2023-03-13 12:10:35,78555.30857811378,22028.082263561453,310678.74094440264
2023-03-13 13:44:47,78265.26209340135,18494.62947013011,289427.6699988563
2023-03-13 13:46:47,78269.85828540442,20654.681552782953,282288.2234386368
2023-03-13 16:07:59,79015.71131432659,20218.98761483474,310237.87446501764
2023-03-13 16:41:47,79085.61491742916,20428.894736531714,327761.206645165
2023-03-13 18:32:35,78322.68086191526,19358.21642765278,289682.5383802645
2023-03-13 20:04:23,77242.19202127864,20112.08683427453,285613.72275276977
2023-03-13 21:13:35,77068.33858340424,19216.020184497218,270378.04719715734
2023-03-13 21:19:47,77091.63683017861,18854.137080806377,288692.03567985183
2023-03-14 00:48:35,78375.78553504581,20886.838360780643,302107.1278487283
2023-03-14 01:56:23,77993.35747558228,19771.031298953785,281782.68090968614
2023-03-14 01:59:23,77977.06488341364,18590.56060842662,323545.6787040813
2023-03-14 02:43:35,77857.59192556555,19192.655201178124,322983.00526455964
2023-03-14 02:53:47,77875.4558743889,20751.0869877187,282420.304102237
2023-03-14 03:20:47,78030.81985442094,20803.764637923898,291231.5863169201
2023-03-14 03:24:35,78066.15455272613,19462.437375016794,283743.6423347105
2023-03-14 03:27:59,78100.67160742427,22499.43197959643,282100.5560690462
2023-03-14 04:06:23,78677.85011153194,19594.451676362416,322780.29890662583
2023-03-14 04:43:11,79510.5492723838,21456.036479978735,302408.2160822062
2023-03-14 06:38:23,82316.53426959962,21740.98137459667,323080.66726824053
2023-03-14 08:20:47,82399.0308532828,20356.598473493505,318305.3918406389
2023-03-14 10:39:23,79449.89491751196,21638.733954177278,335502.65540529176
2023-03-14 12:33:23,77743.99298030013,19145.499822195816,323644.5479843572
2023-03-14 12:33:59,77739.37867105668,21294.708527652092,276510.89720190957
2023-03-14 13:15:11,77527.68070182105,19951.103650336838,277325.22662012547
2023-03-14 13:16:11,77524.99710780667,21168.45970011814,308532.3079149149
2023-03-14 13:17:59,77520.4421101343,19795.602281944426,306111.6660523415
2023-03-14 13:28:35,77500.63468758785,21491.955356276878,307237.8753487313
2023-03-14 14:22:11,77557.79237628059,20244.08118630978,319467.3725022947
2023-03-14 15:36:47,77856.4282058838,21074.23183923151,283639.6930856133
2023-03-14 15:38:59,77864.47857151448,19748.51935516656,309140.3091153163
2023-03-14 15:57:11,77920.92787003233,19921.032141821343,294375.389733994
2023-03-14 16:30:23,77956.26316739921,22185.83716638034,300281.0770663618
2023-03-14 16:41:47,77941.77762917105,17746.885140121907,280505.9104674899
2023-03-14 16:43:35,77938.0651348673,20755.91170794969,278843.69271544635
2023-03-14 18:24:59,77070.22694832385,21578.105072470462,293570.65940549754
2023-03-14 19:18:23,76291.97749429947,19239.698334353303,333794.1354031579
2023-03-14 19:18:35,76289.1320164869,18670.43856884643,289614.83109626453
2023-03-14 20:00:59,75759.75083101496,20875.688898605866,295249.7154431722
2023-03-14 21:13:11,75433.4975232723,21451.605191237264,297683.40861126815
2023-03-14 21:46:11,75561.72493489261,21585.04715667346,311767.1329386455
2023-03-14 22:11:47,75748.29577157568,18454.834995926685,294634.60018733755
2023-03-15 03:32:59,76097.10990699586,18802.989037124265,279841.2495947669
2023-03-15 03:48:47,76302.25856368103,18209.773157199634,266711.2268207372
2023-03-15 04:37:59,77278.39748323566,19225.893011950022,342093.8493621712
2023-03-15 07:49:35,80592.75640705164,19660.964824474144,377904.6861217236
2023-03-15 09:56:59,78519.3947482479,19636.297229248816,286715.57453517726
2023-03-15 16:17:23,76846.89372658842,22642.93021932861,312134.08631943865
2023-03-15 17:24:59,76787.92724299779,18174.735339909876,300594.05383131205
2023-03-15 17:28:47,76767.23473293419,19433.231363217437,267380.5796121703
2023-03-15 18:27:59,76233.40013478628,21852.478024878776,306005.65162436006
2023-03-15 18:28:35,76226.41384901106,21002.033327316327,299970.68249312596
2023-03-15 19:01:11,75828.11719732068,18500.179137022937,300551.3711291452
2023-03-15 19:15:47,75649.44777700223,20997.04156350472,280418.7735199801
2023-03-15 19:17:59,75623.17387429962,17293.310120121732,284704.1578512139
2023-03-15 20:17:47,75070.83149078717,18886.79721324568,271918.6000039628
2023-03-15 20:20:35,75055.90489141569,20179.640843666723,302368.68448232504
2023-03-15 21:19:35,75037.9424000796,20251.130211600586,283463.9872894795
2023-03-15 22:21:11,75538.91153087556,20819.88860622636,288516.13237276574
2023-03-15 22:59:23,75944.55849199113,19916.47923899485,284986.9609588803
2023-03-15 23:17:23,76114.09033881665,19821.15300393619,295632.5041782536
2023-03-16 00:50:35,76364.65233177491,18762.496039973557,289031.49875913176
2023-03-16 02:36:47,75907.0341779192,19516.31913539121,292287.0318144505
2023-03-16 03:07:35,75993.76336735394,20333.603490688558,298610.8726422894
2023-03-16 08:43:23,80078.24604345397,21440.008831702053,292023.3639109228
2023-03-16 08:47:23,80006.71300979127,20865.04846149313,280413.80199723266
2023-03-16 10:47:59,77368.34469139074,20447.274597081658,274466.0161895577
2023-03-16 12:18:23,75990.7840913239,20148.689292819374,278568.3497800334
2023-03-16 12:19:11,75983.08160030552,19455.08073772691,278868.87200339144
2023-03-16 16:19:11,75963.58018851672,21114.05838930443,265721.2808564859
2023-03-17 02:51:35,73339.0998826998,21029.69906370422,282570.7085293114
2023-03-17 06:47:11,77489.90226752027,20416.07032111933,300728.1548485398
2023-03-17 07:33:35,77786.22588624929,19926.547999886636,295018.93324502587
2023-03-17 07:58:11,77703.59492824427,19488.22995295546,315457.49060310435
2023-03-17 10:40:47,74885.46868712611,19672.267120508415,321983.6523810147
2023-03-17 10:54:11,74649.91521965092,18111.887719922965,303310.982916836
2023-03-17 10:54:47,74639.78411586335,18773.245638446333,288878.94049290655
2023-03-17 10:55:11,74633.0507941545,20823.939657519248,284812.4114644672
2023-03-17 11:02:47,74508.34754100867,19121.550046800214,319293.1812843986
2023-03-17 11:03:47,74492.40682535325,18642.452315915652,297537.0392303624
2023-03-17 11:07:35,74432.85322334827,22489.361259664704,299816.7405910729
2023-03-17 11:15:23,74315.80892761005,20639.17780399376,261750.0673159545
2023-03-17 11:21:11,74233.449140028,19010.373067848814,281808.2198600454
2023-03-17 11:41:47,73974.63663030365,19974.73770308045,260632.85844163195
2023-03-17 11:55:59,73827.91963645052,20943.297853431726,284742.6951167281
2023-03-17 12:28:35,73590.81827415523,19319.342592581386,268232.20142722543
2023-03-17 12:29:11,73587.74852319252,17756.449437059597,274958.40623362525
2023-03-17 13:14:47,73485.07702946955,18555.751169409534,292675.8720387909
2023-03-17 13:51:35,73572.90542630422,18294.365761614332,288156.14832768537
2023-03-17 14:00:47,73615.02779725322,22140.69909726316,268685.08703424875
2023-03-17 14:30:35,73795.22901007585,19173.008787381692,287585.7427136439
2023-03-17 16:55:59,74713.16030338882,18490.991838740276,296751.2812415359
2023-03-17 17:46:23,74619.55928441921,20289.69274216753,283160.47203910776
2023-03-17 19:01:59,74045.24296619222,17135.446053022002,274479.9417028658
2023-03-17 19:26:59,73837.94539412434,18352.816495432577,263557.94614249206
2023-03-17 19:36:35,73768.60890644949,19917.550740274422,275075.6516736085
2023-03-17 19:40:11,73744.69779652587,19183.710980596625,286069.93509250943
2023-03-17 19:50:11,73685.26602612315,18190.420697175636,320548.7378070552
2023-03-17 19:51:59,73675.7584810707,18521.92932029351,307671.8882522257
2023-03-17 19:59:59,73638.33609223172,18458.28280418787,272044.5690150001
2023-03-17 20:27:47,73578.5624694495,20217.70917121662,277338.64748511167
2023-03-17 21:04:23,73692.06189112208,19266.240287394266,324193.41162962734
2023-03-17 21:16:35,73780.19559183723,19644.500557904,295485.7281251729
2023-03-17 22:08:59,74396.34682264419,20317.16656894229,306696.0677214774
2023-03-18 03:22:35,76924.64611355549,20360.380405753353,285068.4414263023
2023-03-18 04:27:47,78497.48872043847,20792.67285643045,261199.78710403928
2023-03-18 05:26:47,80517.26097211086,21314.506081271153,311432.751375633
2023-03-18 06:20:47,82303.47047600451,21653.181976343243,344347.89740901237
2023-03-18 07:21:47,83588.20313261748,22597.99287764572,329395.8266786902
2023-03-18 07:26:11,83639.34741728868,21790.628050740444,318908.0144770152
2023-03-18 08:48:23,83609.83373166864,24371.23318675513,318456.8965659367
2023-03-18 09:16:23,83283.11225332953,21099.54673958744,317670.49402658065
2023-03-18 14:35:11,82458.0235968375,21146.36858245368,302736.6942421735
2023-03-18 15:07:23,82910.93966635245,21556.80260325836,313146.62143023405
2023-03-18 16:27:47,83924.85893057252,22474.748834211925,327792.301515805
2023-03-18 17:09:59,84197.15578192203,22598.24130972794,291961.12383318745
2023-03-18 20:13:59,83478.53395194073,23817.10725387534,327139.9064454661
2023-03-18 20:22:59,83480.96494238329,22677.132513030116,306035.405996322
2023-03-18 21:06:47,83698.1471307415,19290.827990310736,286937.92157607025
2023-03-19 02:03:47,86597.05465159034,21671.660930334652,324826.3485412087
2023-03-19 05:40:47,91446.28371558056,24923.813813807395,327907.52911105595
2023-03-19 07:43:59,94134.1229380168,25181.16555525053,357188.7387304991
2023-03-19 13:02:47,90301.85856186386,24291.873223949635,376750.03834883845
2023-03-19 17:49:47,92197.19099740549,23145.691831310553,348565.16573028866
2023-03-19 21:28:47,91350.49096271658,22023.454629501866,339116.9922683333
2023-03-19 22:43:59,92589.94752646945,26029.402006921217,354971.86021606653
2023-03-19 23:09:11,93040.10647963654,23888.56388768049,380607.44237634196
2023-03-20 02:10:23,94039.33947270585,25712.519773623433,387456.60270123865
2023-03-20 02:36:11,94143.18324121865,23956.77960137827,360610.0477007223
2023-03-20 02:50:35,94260.65830036563,25856.74389190289,359401.84365936555
2023-03-20 03:00:35,94372.57761062538,25176.896024743903,338077.6512561472
2023-03-20 07:18:35,102459.23776253246,28316.824346862108,393487.0484671064
2023-03-20 10:23:35,100646.17904827563,27052.31220983802,401906.6765149504
2023-03-20 10:28:47,100551.81281490077,23816.461480109516,360609.39708959125
2023-03-20 11:18:47,99798.87966520319,22468.3935540088,401525.81152724463
2023-03-20 12:34:23,99381.60727350386,26647.570608010174,417363.63651996426
2023-03-20 13:09:35,99505.80598893118,24254.5439866494,412923.3559170199
2023-03-20 15:49:59,101687.39788666306,26212.235143568658,376474.0198581223
2023-03-20 17:22:11,102500.44176685347,27825.661732199205,400420.61545788473
2023-03-20 20:01:23,101526.67392712743,27135.765182512172,353323.3293977592
2023-03-20 22:29:11,103206.02796566946,28016.785402428806,389355.42288245884
2023-03-20 23:30:23,104459.45812432794,28386.439534423585,365580.98818017973
2023-03-21 00:21:35,105096.93426701531,26706.383568715315,416376.9830973379
2023-03-21 01:36:47,105245.61373508313,27673.479861503132,440286.669289778
2023-03-21 03:05:11,105657.75698916649,28068.91237172504,411579.47901240445
2023-03-21 07:24:35,114214.24169227696,29742.623553463665,476829.7841682601
2023-03-21 08:11:35,114261.78098902397,32146.376134767674,436042.2134157054
2023-03-21 08:12:59,114250.22165283683,32665.162990574812,436942.34126819315
2023-03-21 08:13:47,114243.3115294189,32344.01837235322,390343.69945555995
2023-03-21 08:29:35,114063.7245606672,32152.877044215762,452484.4075112193
2023-03-21 08:33:35,114006.08807937666,27060.98761854222,423820.56528704276
2023-03-21 11:23:23,110198.87758318665,27908.262231140714,440228.43024410284
2023-03-21 11:54:47,109762.98442104913,26662.536189655293,415931.5097185109
2023-03-21 14:44:47,110186.39090279352,28895.87358830941,418066.93146153766
2023-03-21 16:11:47,111185.44475070677,28088.00026640784,398230.92425710376
2023-03-21 16:23:23,111271.18440073711,29676.607032460543,444824.29958623654
2023-03-21 16:48:11,111382.87532503309,32414.39061796416,445153.9602757188
2023-03-21 16:48:47,111384.24444823342,27682.61017893906,422433.64641106833
2023-03-21 20:09:35,109354.6671595865,29704.578824970216,411571.6457145611
2023-03-21 23:01:59,111047.54184893027,28523.279068349486,382898.8798968797
2023-03-21 23:19:23,111331.20073177127,27959.558901274097,422871.1244908949
2023-03-22 01:49:47,111684.62832627058,28574.7570003384,427377.9289611499
2023-03-22 02:44:23,111653.82078661169,30253.96643509347,410658.6488165132
2023-03-22 04:24:35,113814.49824875782,30433.103394785747,453916.66071735916
2023-03-22 04:49:47,114822.77039146378,28797.000282640183,442027.3486252021
2023-03-22 04:50:23,114848.17855854773,30144.57837523006,438573.6421994209
2023-03-22 09:50:35,117724.68895502947,31073.901054106886,428427.0050815171
2023-03-22 10:16:35,116986.10913261652,32058.443030163606,460614.2519696321
2023-03-22 10:56:35,115960.10335650973,32000.124657576464,465268.60352257837
2023-03-22 13:25:59,114537.15437954916,31123.189132620613,464923.8097841785
2023-03-22 13:43:35,114627.86069200585,27645.51756886018,443471.7168372206
2023-03-22 14:47:35,115260.22136542978,28286.89995075462,515218.82109319296
2023-03-22 16:11:23,116225.23900969118,29114.828141296395,426103.28168270655
2023-03-22 16:14:35,116250.72748193188,29020.190413594955,458498.58933943586
2023-03-22 16:21:23,116299.92441513749,30017.1819589805,448173.858955943
2023-03-22 17:11:47,116411.5243472834,29830.167213654295,425896.8558118622
2023-03-22 17:40:11,116253.53540069058,33534.376788640424,451759.63116159517
2023-03-22 17:50:23,116158.72775907819,30969.564211708035,387421.77954709675
2023-03-22 18:07:59,115953.48902066231,28951.1485418603,418617.7341246064
2023-03-22 18:18:35,115808.07842947863,30519.90669704514,442604.75737063476
2023-03-22 22:11:59,114903.00750968076,30297.374603842414,405013.8948893952
2023-03-23 00:33:11,116568.71846556921,29936.873662675276,473312.0040681752
2023-03-23 00:38:11,116561.74107026617,31024.962543926675,380215.6229075573
2023-03-23 00:53:23,116512.41787005063,33095.11676902338,380483.8692641956
2023-03-23 01:24:59,116310.77672673871,28430.549989053783,446464.3160569542
2023-03-23 01:44:59,116155.74082000814,30855.557317246043,441928.7681147407
2023-03-23 02:07:47,116004.32937235212,28416.46184436588,412343.13585520483
2023-03-23 06:39:47,122824.38917800304,29520.175499592115,475608.06050429546
2023-03-23 09:20:11,121239.99970480369,29744.934348715524,471528.9699609565
2023-03-23 10:53:11,118013.47607633402,31034.013717859474,429970.62664336886
2023-03-23 11:11:47,117462.65634700203,29837.132175875984,434365.39335880766
2023-03-23 12:00:47,116301.15010203375,27709.28011111504,449271.235504496
2023-03-23 12:10:23,116126.34302910851,29449.849592684488,494089.3495465121
2023-03-23 12:10:59,116115.99936430831,28089.342293924958,456410.53134493885
2023-03-23 12:42:59,115662.0455454555,25620.393208873316,417425.03992764594
2023-03-23 12:52:23,115564.19779255797,29661.59949603142,463081.9336524902
2023-03-23 13:13:47,115398.02622764112,30597.186918904288,454329.0061901353
2023-03-23 13:15:11,115389.78048326276,31045.63168729969,421826.97654450394
2023-03-23 14:03:47,115277.97623013341,31438.5718646304,373922.7272853053
2023-03-23 14:30:23,115330.85007645623,29911.625531927355,397929.82076916884
2023-03-23 14:32:11,115336.42565919514,31889.76348680342,419454.7941298559
2023-03-23 15:57:23,115626.63182233663,30504.41163176792,408329.09884542413
2023-03-23 16:13:59,115628.00292345208,30263.40642818716,382095.38967358833
2023-03-23 16:43:59,115523.63552839904,31868.5866063673,424952.3896605863
2023-03-23 17:42:59,114816.84239991468,31388.9291343548,432004.28269253357
2023-03-23 17:59:11,114505.91970133137,28965.306281467216,433593.725031753
2023-03-23 19:43:23,112017.09151035204,28132.503738088086,409335.2613961099
2023-03-23 20:23:23,111295.05907674895,31875.746606387533,449487.77434298844
2023-03-23 20:30:11,111206.30206171914,30386.07093060853,466926.8523290283
2023-03-23 20:39:11,111105.88764675906,27495.364065901653,414858.13196014747
2023-03-23 20:49:47,111013.11801884245,28224.985144922935,442074.8635231734
2023-03-23 20:56:11,110970.55635544972,28857.25415758304,430403.2833190847
2023-03-23 21:42:35,110946.03872806112,28965.460706791473,440108.95056090096
2023-03-23 23:55:23,111762.55068444012,26595.174270370695,416778.7709045403
2023-03-24 03:56:59,110545.03717694055,30446.528086200025,428331.71318061335
2023-03-24 06:11:35,114545.66463762386,30675.961125749272,463685.13857962826
2023-03-24 07:18:47,115545.35950933155,30214.438514302165,433464.3678156787
2023-03-24 08:22:23,114845.5558149842,31927.14253301636,452827.5729353978
2023-03-24 08:49:59,114120.76781134709,30472.511328655997,405392.4085096494
2023-03-24 12:19:35,108079.28936095806,26514.40113928313,393371.9850154154
2023-03-24 12:27:11,107977.4692195246,29351.150618066193,399116.7080960107
2023-03-24 12:50:11,107734.54736865067,26670.15457445503,385971.30488356174
2023-03-24 13:00:59,107653.22642818578,28538.06183263201,410331.1802517996
2023-03-24 13:26:23,107539.17066978187,27748.0407010544,428089.2134184185
2023-03-24 13:58:59,107534.24203362277,27068.681634557084,409300.6779978809
2023-03-24 16:03:59,108194.85089369862,28583.622592429463,442268.95359658066
2023-03-24 19:45:35,105810.83469268157,28354.821018257604,442081.16332376545
2023-03-24 21:34:47,105520.02915358823,27602.03090829049,382164.1880555011
2023-03-24 22:02:35,105852.31572333019,29281.298077689895,386420.7962666551
2023-03-24 22:59:11,106727.8969270099,27027.247360620036,380902.2886872873
2023-03-24 23:04:11,106802.74914098832,28999.0639193782,385739.59591767774
2023-03-25 00:33:11,107510.96630938367,28972.78070269391,405738.8678331418
2023-03-25 03:16:23,107405.00071940363,27072.75374244193,411728.28192708903
2023-03-25 03:24:11,107526.21151403613,30541.09103435524,397996.7753226239
2023-03-25 03:32:11,107671.60947598077,27043.182435374474,427905.6217558821
2023-03-25 03:38:23,107799.02717099541,26141.182453878748,343701.03622622066
2023-03-25 03:40:59,107856.27426174027,27368.60040800875,418404.0534883365
2023-03-25 03:42:47,107897.21943455534,29298.187417215253,464355.60955844476
2023-03-25 04:28:11,109259.26885741178,26942.887208610024,407974.4612662301
2023-03-25 04:35:35,109533.00313551408,30972.817375600203,409168.40213546576
2023-03-25 04:45:47,109927.91924429742,26751.40795659838,370237.39407883893
2023-03-25 04:46:11,109943.7701935662,27247.63451452298,492665.73374147445
2023-03-25 04:58:23,110437.86251286647,28261.55705333819,431178.3592727975
2023-03-25 05:31:11,111814.67697230917,30513.508148595945,414371.7222568941
2023-03-25 05:41:35,112244.93876796536,29327.276398749542,449417.6341578103
2023-03-25 05:41:59,112261.26427396732,29254.94631752231,407535.3822985306
2023-03-25 07:10:35,114882.90985559433,28603.703778723506,424324.37858764286
2023-03-25 07:44:35,115114.27454974737,32941.081291908304,418878.4350901112
2023-03-25 09:47:47,112852.82086899944,25988.441111498716,431764.0245658289
2023-03-25 10:56:47,111048.8461995744,30124.20831133761,464535.5389143763
2023-03-25 11:54:35,110016.86728735699,28465.36722406178,413392.1248523923
2023-03-25 12:49:59,109585.9627915455,29008.20972718841,416563.1547033723
2023-03-25 12:53:47,109576.20495142168,26827.10122066276,383806.283047083
2023-03-25 13:56:11,109733.2459868968,27175.081917298707,416421.4379256654
2023-03-25 15:21:23,110565.10376318955,28367.0636022844,427084.38128766476
2023-03-25 16:00:23,110936.9993082699,29139.393433692123,414620.82125237037
2023-03-25 16:11:35,111017.0633663811,29467.208400257856,397379.7633932609
2023-03-25 16:56:59,111145.32098142015,28866.839215763277,440590.88281284407
2023-03-25 17:06:11,111125.89029863797,30827.78038157677,403275.057020028
2023-03-25 17:27:35,111016.3797772029,28111.149386344845,428307.0452834479
2023-03-25 17:34:59,110957.77511570822,29179.85431345337,430204.03880534676
2023-03-25 17:37:11,110938.35649399948,27396.893600979096,416721.34432373993
2023-03-25 18:05:23,110614.59135603507,26996.37195868578,404092.5407261887
2023-03-25 18:12:11,110518.05945285341,29042.510504833557,413561.0930620383
2023-03-25 18:19:59,110400.10963271889,29179.69099178332,395333.948657834
2023-03-25 19:17:35,109412.41872487332,29658.902553692576,431333.02394296275
2023-03-25 20:08:11,108696.56714895177,29828.109368820722,427781.958983676
2023-03-25 20:17:23,108612.14374119522,26813.296882950657,394360.12089183554
2023-03-26 01:27:35,109990.80821690804,28635.213998355648,474598.9440216988
2023-03-26 01:28:47,109979.36599471544,32780.96555628098,427680.81880183826
2023-03-26 03:13:47,109630.8525144623,28246.85101505444,418982.50691623276
2023-03-26 03:16:35,109657.93285547673,33347.60466065956,394985.7733974307
2023-03-26 04:16:59,110860.50390028024,28517.990070480675,370234.5236891801
2023-03-26 05:11:47,112736.68732180598,31921.53015805861,457470.0515619844
2023-03-26 05:14:11,112826.25622370973,29502.815704616474,394688.18211337645
2023-03-26 05:33:47,113553.73656337486,29285.0641445721,460097.2945461267
2023-03-26 06:05:47,114648.76944758302,30114.505320039432,437168.9809075269
2023-03-26 06:17:35,114996.41236602588,30883.38256952308,429868.5664017636
2023-03-26 06:29:59,115316.75445179422,31127.7947913957,466596.2056599488
2023-03-26 07:09:47,115962.14830010236,31567.90370969124,450590.21749533946
2023-03-26 07:37:23,116022.75913159153,29192.772122558876,447009.78323504515
2023-03-26 08:00:11,115832.44029048302,33631.78707961681,440265.4009923199
2023-03-26 08:02:23,115803.24027932427,30182.334968223688,408848.1442891495
2023-03-26 10:05:47,112295.53598375584,27703.202438131284,429987.55777062057
2023-03-26 13:53:47,108259.27340335018,28017.308099734746,436820.75069964165
2023-03-26 15:16:35,108576.44214308166,28447.802858818894,435825.0682379635
2023-03-26 16:11:59,108780.8008598981,28475.824582898058,455622.067841815
2023-03-26 17:03:35,108636.89648288724,28642.338415924263,402994.0633967173
2023-03-26 19:17:47,106391.84123892733,26551.039404869432,392629.2263842559
2023-03-26 19:42:11,105928.39372523398,27026.05514672316,433870.1219909995
2023-03-26 20:58:59,105157.71813416971,29308.034841317854,413792.19485341466
2023-03-27 01:55:59,105988.9508031676,29325.184923943823,413087.89534487366
2023-03-27 05:12:23,109124.33509935491,27822.89596628886,392179.2359517433
2023-03-27 09:28:23,110658.41969162217,28944.8738371715,400907.5164707813
2023-03-27 11:29:47,107451.30957367248,25659.520690272253,406145.0745291646
2023-03-27 14:39:11,106877.66060456561,26350.37973570014,391503.2346600599
2023-03-27 15:10:47,107175.22523671448,29179.31833419918,428165.8573748533
2023-03-27 15:17:35,107240.57722531882,27856.030738648114,448393.9183048862
2023-03-27 15:24:47,107308.77746071022,30900.252272736016,443932.57388929115
2023-03-27 15:44:35,107484.89417591166,28592.04248848769,400453.45334548876
2023-03-27 16:25:35,107739.65467579056,27855.976915579708,398380.70990079903
2023-03-27 16:36:23,107769.87331340363,26329.721942307653,374495.7922517316
2023-03-27 16:37:47,107772.43020763893,28798.174942101527,396787.73017353547
2023-03-27 16:56:11,107774.92507417573,26859.06495836392,402416.37093413575
2023-03-27 17:39:35,107536.60081691395,28116.539636120237,430542.47730791435
2023-03-27 17:46:59,107462.1656989512,27526.88074510445,407536.70841837354
2023-03-27 17:58:35,107327.66453582844,28287.73399588405,385638.61343836907
2023-03-27 18:02:23,107279.20729509731,28420.47598243365,380110.7582009097
2023-03-27 18:02:47,107273.98791448837,25498.42730062359,392324.4362765467
2023-03-27 18:03:23,107266.11737367022,27057.833177108267,459027.5322062657
2023-03-27 18:04:11,107255.54655081929,26643.72142594393,417317.05655610596
2023-03-27 18:06:59,107217.87150955819,30262.147789787185,406061.14199508756
2023-03-27 19:24:35,105965.26131500289,25564.489991796912,414986.0902027336
2023-03-27 19:29:23,105890.6753183279,30897.57266781918,425590.48173003615
2023-03-27 19:32:23,105845.23331123852,27883.08129382333,391786.02099935606
2023-03-27 19:36:11,105789.11424799469,28937.835015581266,398271.22272459266
2023-03-27 22:42:11,106344.46999723074,28005.442902460618,415004.85295085196
2023-03-28 05:59:35,111871.29109781003,29800.694343739277,390955.82147974457
2023-03-28 06:42:47,113082.70435204625,28665.138091487177,406094.0654005907
2023-03-28 07:11:11,113520.42213585407,30097.401390655406,433350.0132985855
2023-03-28 08:49:35,112588.73894902667,30858.93473383022,417965.073943523
2023-03-28 10:05:35,110318.0807388205,29660.731109782144,430555.6975659154
2023-03-28 10:18:11,109928.11795611016,26661.03048677718,410650.213998689
2023-03-28 11:35:11,107932.95897948109,26425.83579104741,404412.9989607452
2023-03-28 12:43:23,106985.00011531176,24511.802810304907,473127.4906249253
2023-03-28 12:44:47,106974.1510726106,29246.807668655543,395838.9141346551
2023-03-28 14:24:11,106941.2668747806,29364.69682816178,383991.4957273295
2023-03-28 14:44:47,107066.3160019265,27996.00208032543,458820.7520974677
2023-03-28 17:29:47,107326.9273296519,28816.70466340186,390109.4253167272
2023-03-28 17:34:59,107270.97023922813,30541.957111062013,409330.32333095453
2023-03-28 18:15:47,106681.67790605387,24479.640458245707,440849.9814379504
2023-03-28 19:31:59,105256.19556633806,29447.392477974736,404763.5896447413
2023-03-28 23:43:47,106011.50277332086,27636.37247844973,404255.278002739
2023-03-29 00:36:47,106092.03590502832,25261.81570771577,399894.0542282767
2023-03-29 01:04:35,105939.90483681564,28013.489568680052,448070.24460013007
2023-03-29 01:06:35,105925.31491692846,29690.843855209503,406700.3636212768
2023-03-29 02:11:35,105419.78278840918,24957.206248255574,422383.7271288057
2023-03-29 02:32:59,105345.93811543325,27095.771530576807,374075.04928772466
2023-03-29 04:21:35,106954.04293204956,29768.62288839374,451723.94077817147
2023-03-29 06:14:59,111026.97206954371,30435.052897480356,460735.5770106964
2023-03-29 07:29:59,112350.96727580164,28889.082797050873,429825.66293413396
2023-03-29 08:05:35,112209.26079731238,30577.330833199878,464343.6609714845
2023-03-29 08:18:59,112036.32802763488,31077.315069757926,446780.0750300831
2023-03-29 09:07:23,111001.57660098687,25333.475686586862,430099.1207048938
2023-03-29 10:01:59,109445.48826909694,28037.609589937896,416765.9785847049
2023-03-29 10:49:47,108142.91957389572,27407.44213318283,388590.36800183123
2023-03-29 13:42:35,106399.4943999681,29122.770891751778,421954.40341867594
2023-03-29 14:08:35,106545.24023526127,27069.86969964819,425258.2479983321
2023-03-29 14:35:59,106770.77571646456,26235.1942578971,420166.8615398684
2023-03-29 18:04:23,107297.24241769554,27394.55008184079,351176.49501361063
2023-03-29 21:00:47,105368.73476655124,28612.471434531493,406544.26524234866
2023-03-29 22:05:59,106000.7171079036,29778.19604920392,403486.026978476
2023-03-29 22:44:59,106618.90799427645,28053.28267581348,430097.85968026123
2023-03-30 00:38:23,107582.93089421025,29868.367442906452,413887.24142931623
2023-03-30 02:25:47,107012.53792166563,26296.99795701999,443621.80167186906
2023-03-30 02:53:11,107055.04427711679,28611.891168961924,417358.90543434117
2023-03-30 03:10:11,107184.80467595777,28969.06270840735,441310.7088765272
2023-03-30 03:32:59,107501.36442935005,28412.815834205296,365783.9874520145
2023-03-30 05:50:35,112033.21777005421,27137.694182305608,416517.1378117941
2023-03-30 12:03:47,107835.6463432655,26842.690695645655,444419.71292615443
2023-03-30 12:44:11,107351.11136428894,30812.577863659713,429866.9960302354
2023-03-30 13:06:23,107202.9153699717,31730.149417884713,419647.7951614309
2023-03-30 15:01:59,107428.44514703593,26168.506738992706,408256.5444250246
2023-03-30 18:07:47,106801.0141878987,25603.53363966524,404677.356737951
2023-03-30 20:26:11,104290.95717427749,24032.81483000435,371253.78343510046
2023-03-30 22:14:47,104502.79554222133,26111.53974372446,434737.688779319
2023-03-30 23:23:47,105222.7480848348,25681.884943223955,404785.6558547195
2023-03-31 00:48:59,105228.77955219605,27706.23135824704,397844.95944303216
2023-03-31 02:08:35,104458.69517790353,27598.933849486344,425793.50506311125
2023-03-31 02:23:59,104355.3584588739,30122.747673406608,382538.6214210758
2023-03-31 02:38:35,104301.24035583256,27788.37666351346,397017.2453291779
2023-03-31 02:39:23,104299.71522955521,25739.229189850197,406892.02318839694
2023-03-31 02:40:35,104297.72785753416,27887.695910868744,409343.4532669581
2023-03-31 03:38:35,104702.45444141592,30317.233169188625,377787.55803092086
2023-03-31 03:39:23,104715.47420505765,28538.733167072547,361881.9954064756
2023-03-31 03:43:59,104794.33272986725,27535.890656203872,400189.2718089884
2023-03-31 05:01:59,106996.30809575257,27877.048267140297,422316.99270521326
2023-03-31 05:03:23,107045.97048173775,26054.38106242766,383682.27756110404
2023-03-31 05:10:23,107296.17637491219,27409.540940475195,465050.436127883
2023-03-31 05:14:23,107440.12991674467,31014.14956676291,392265.31516173796
2023-03-31 05:14:35,107447.33863313067,30026.635355256036,394120.62876471656
2023-03-31 05:15:47,107490.60556934802,30255.186241785446,449404.50109755184
2023-03-31 05:21:11,107685.41731885602,25502.860776111353,418440.1879312012
2023-03-31 06:04:59,109182.49179408724,28263.361938834187,404014.3418170716
2023-03-31 11:04:59,105926.99276096384,27119.77072845652,460770.5235636292
2023-03-31 11:23:47,105531.81766418056,26832.310282737086,461765.910140231
2023-03-31 11:42:47,105194.87135999494,28676.884905663923,373385.41721403046
2023-03-31 16:11:23,105947.91197884211,25765.354857587514,449769.31945319736
2023-03-31 17:47:59,105986.05286104642,26681.00423360508,375871.1875605404
2023-03-31 18:35:47,105481.6499222448,29000.710692620243,397424.15074778127
2023-03-31 18:50:11,105294.94456536774,29479.21706247794,402900.6993677793
2023-03-31 20:06:11,104489.75268544993,26334.851040449266,387493.5927338414
2023-03-31 20:53:23,104484.71334765125,26237.849821049214,401799.46382849285
2023-04-01 00:21:35,107779.52890574733,25907.95832527546,395412.50087750686
2023-04-01 02:01:59,107956.22221912674,27972.74001541207,406876.3718054459
2023-04-01 03:03:23,108428.4642656838,26310.4079518742,401718.73059579945
2023-04-01 03:20:47,108753.78539024947,28271.409348286335,404525.0070785767
2023-04-01 04:05:11,110045.8608012966,25049.182563004004,415366.3878061547
2023-04-01 04:26:11,110872.13892035693,28461.196727098166,450377.2855445149
2023-04-01 04:55:11,112180.83466988688,31257.482159089654,364274.44954610226
2023-04-01 05:37:59,114262.02454121405,29518.639120834156,422491.87537036947
2023-04-01 11:12:23,114918.18793921333,29989.29041095204,420054.94962867844
2023-04-01 18:13:35,117395.31897142093,34986.0564703135,392745.4040833957
2023-04-01 21:40:35,116834.57758056381,28789.72738413513,430653.0873555656
2023-04-01 21:41:11,116845.01231805919,32749.325239965296,447447.7812879621
2023-04-01 22:26:23,117773.01421485256,31281.64242312695,467507.3663694408
2023-04-01 23:40:23,119266.42683701,30804.391457063484,475554.97885753657
2023-04-01 23:42:59,119304.50072333089,30112.553666750086,447671.3379031004
2023-04-02 01:58:23,119570.90705155187,29517.1780074003,482195.5819788454
2023-04-02 03:02:47,119816.41994051715,31112.1017605548,436270.30698570784
2023-04-02 03:07:23,119878.56163078,28939.664377139485,468591.8686130194
2023-04-02 03:13:47,119977.2275367974,33293.994917276206,460502.6695619736
2023-04-02 03:14:59,119997.33627713166,29097.47153465112,455328.6773430099
2023-04-02 03:17:59,120049.85806784817,30765.543588504162,479901.34213535395
2023-04-02 03:19:11,120071.77136311715,28825.838843506044,454276.84630069876
2023-04-02 03:24:59,120185.02784573768,31132.9792960253,412204.610355184
2023-04-02 04:04:23,121275.40568405854,32613.517779708396,417097.8162744512
2023-04-02 06:43:23,127931.6760545456,32766.7676997747,444376.7898728722
2023-04-02 07:09:59,128509.58774883879,31970.630108860038,468499.4143343186
2023-04-02 07:35:47,128754.21252987155,35681.209968233954,478444.2319401459
2023-04-02 08:41:59,128048.9818083047,33348.65700984585,480556.86461955647
2023-04-02 08:46:35,127942.32745852706,32707.300671525623,462547.9041362963
2023-04-02 09:11:11,127287.89790221298,32976.4733141388,474863.38620142936
2023-04-02 09:27:23,126800.60531531088,31271.469307306816,553936.620876108
2023-04-02 10:13:11,125345.09187323404,33436.607989524025,456747.1704483333
2023-04-02 11:11:35,123709.81302481002,33876.28226554563,474210.633021649
2023-04-02 11:57:47,122825.8036243938,33175.66458468569,507541.38532721426
2023-04-02 13:30:23,122331.91895471937,33352.10820651358,425864.55025608256
2023-04-02 15:00:47,123108.30229494743,30769.038157920106,488968.847219573
2023-04-02 15:58:11,123741.48402323881,30260.462217938282,472005.8252933196
2023-04-02 16:18:59,123898.80829310098,32927.16161684436,454645.35181168746
2023-04-02 20:48:59,121267.98330405151,29481.13464435875,459553.1106729023
2023-04-02 22:00:35,121981.3592007295,31018.558315468545,454837.15132849914
2023-04-03 02:51:35,123788.94471722875,31469.81869253111,486057.9061430074
2023-04-03 03:35:59,124506.82982510627,31658.994061175574,451516.3907958042
2023-04-03 03:45:47,124766.20108066841,31839.12938612965,490035.2628539168
2023-04-03 05:27:11,129074.88165240476,34951.636411161075,468511.3092144859
2023-04-03 10:53:47,128713.0137063408,31747.1103291265,478620.85762432177
2023-04-03 10:59:11,128577.61043505241,35461.57840143889,497166.0271261512
2023-04-03 18:45:35,128244.30637938395,31007.007196162518,492091.8264899103
2023-04-03 19:48:23,127194.89576707318,31376.47495923573,509523.4974540206
2023-04-04 04:30:59,131584.38148524245,33913.738677893685,458229.5980325863
2023-04-04 05:30:11,134293.7630283208,37571.572983680744,546901.4849118062
2023-04-04 05:33:11,134433.72891866445,32267.956447866676,531068.8409207748
2023-04-04 05:42:35,134865.44350158618,35242.34762541308,505068.1365201921
2023-04-04 06:12:23,136115.94139583813,37276.21632198548,584197.4310571151
2023-04-04 06:35:35,136895.0080227607,33609.28757766146,471467.08404131053
2023-04-04 06:51:47,137304.9807876693,35337.36146456464,512696.8054561004
2023-04-04 07:46:47,137731.88777560924,34850.10103600062,574787.3032690448
2023-04-04 07:47:47,137725.55640353536,35612.10308917991,521366.4750055846
2023-04-04 07:48:23,137721.52484437567,38551.06436034362,535544.6977293941
2023-04-04 10:02:47,133843.9131944239,32733.22398066799,505487.15506992716
2023-04-04 11:34:47,130810.72100719488,34538.71255265739,528181.3857479848
2023-04-04 11:59:47,130253.24137591865,31499.71299533181,498621.98528559576
2023-04-04 12:08:47,130085.4039081287,36477.0729192774,514468.2370748537
2023-04-04 12:18:47,129919.35429708932,36258.92171509471,509620.5756773811
2023-04-04 12:32:47,129722.6605550543,33156.4531067788,531842.351693487
2023-04-04 12:33:47,129710.18863896698,31082.599961570744,518357.3112291719
2023-04-04 12:51:59,129519.09299965916,36600.9864817383,487462.80071102246
2023-04-04 13:01:23,129446.34333505172,35501.466357643396,501424.8168814247
2023-04-04 13:37:23,129318.27471469773,29761.892107346957,498778.95663526293
2023-04-04 16:00:47,130050.02696960037,34890.24941294954,471169.4349853237
2023-04-04 16:01:11,130051.43300512587,35761.2044272534,434482.22009943775
2023-04-04 16:02:47,130056.84117164681,36105.22798435186,481061.7800008387
2023-04-04 23:54:59,127196.5249715197,32731.87612502327,467118.731145454
2023-04-05 02:43:23,125776.96818846409,29600.53597341712,511380.9565377898
2023-04-05 03:07:35,125828.8589808481,30682.992911442034,468487.4451067165
2023-04-05 03:30:35,126076.41725645147,30644.520531130285,486657.97519591334
2023-04-05 04:48:11,128301.29798690995,37494.815193388575,485365.2163002046
2023-04-05 04:54:11,128539.48546809773,34601.8085144128,458600.4082644762
2023-04-05 05:42:47,130536.56704363183,32788.445750353676,521823.08136118914
2023-04-05 05:50:11,130825.90249444149,35115.23823628895,446262.09125449666
2023-04-05 07:08:59,132850.12401262706,33715.93396675363,469336.52677476476
2023-04-05 07:22:11,132928.20051178307,37185.04885625389,513556.15934576007
2023-04-05 07:52:35,132788.43715023043,34345.08385163622,556742.1613267092
2023-04-05 08:18:23,132344.33751005153,33513.67702235796,500421.6731852604
2023-04-05 09:23:59,130258.64148163963,29165.132914153935,508008.1091188711
2023-04-05 12:31:47,124535.07600468767,30630.043640584474,441636.6960849555
2023-04-05 13:27:23,124079.79165318003,33318.94099179174,458079.03600461414
2023-04-05 13:37:47,124055.87026913096,35055.80441848119,464662.14525209944
2023-04-05 13:38:59,124054.20716694227,30240.229625647455,440398.1977000219
2023-04-05 13:44:35,124049.32279996392,34583.85712779447,499604.6634073063
2023-04-05 14:39:47,124206.98026879878,32846.656135229656,454074.40079167415
2023-04-05 14:40:23,124210.20167743397,31662.745208044085,456754.6412226637
2023-04-05 14:43:23,124226.6029991274,32155.337559403222,456742.847948405
2023-04-05 15:41:11,124560.46362451407,33527.62412038313,510448.26276441355
2023-04-05 15:45:47,124581.32421464079,33554.3708969363,486573.62462747534
2023-04-05 16:59:35,124510.74564143644,34514.167729255874,476115.7681695869
2023-04-05 17:46:35,123909.01912350407,29521.28877451626,471058.3255983165
2023-04-05 17:46:59,123901.94288203791,30285.32402516673,483042.65012680885
2023-04-05 18:48:59,122523.74155460863,36614.58683542225,496871.6286977347
2023-04-05 19:27:59,121564.94610345324,32905.06295019476,494414.3665235307
2023-04-05 22:36:35,120871.88020644546,33741.510714221695,465654.97532715584
2023-04-06 03:33:59,119923.94436441228,32989.766788152105,453826.70450469956
2023-04-06 12:55:35,115211.09058299389,28914.409567041526,428628.59438628523
2023-04-06 13:15:11,114941.80874218734,29388.708023679796,435170.4238462449
2023-04-06 13:49:23,114614.25307715566,33005.247401375695,472117.1469274569
2023-04-06 14:20:59,114441.29871193187,31123.393278771913,430501.97066047695
2023-04-06 15:22:35,114281.23592367306,30521.699402692073,408878.17392057355
2023-04-06 15:40:11,114229.87194033465,28776.0553158259,419990.120511418
2023-04-06 16:15:11,114046.8074823761,29730.52831604815,407058.3977220493
2023-04-06 16:39:11,113824.13157624789,29635.173723382664,443764.1192716613
2023-04-06 16:40:11,113812.73465789812,32126.903636178213,436739.6418921601
2023-04-06 16:54:35,113628.13644797033,28602.612386066146,424044.2291078491
2023-04-06 17:28:11,113041.07574006236,28270.10493809938,433042.5044103969
2023-04-06 19:57:59,108887.72391660728,29430.802368333894,404300.1553825219
2023-04-06 23:14:11,107716.44908080045,31202.832198372547,455595.23479747854
2023-04-07 00:51:11,106944.74557293995,27061.869608468794,420985.3668397133
2023-04-07 00:52:11,106928.07347008024,27196.318689668224,432294.6464125383
2023-04-07 00:52:35,106921.36703185372,29722.473407852158,414823.12765229406
2023-04-07 03:36:11,104954.67206608725,25537.967768780753,384538.74413136294
2023-04-07 04:50:35,106233.65541432235,26823.041128566605,445883.6265289475
2023-04-07 04:58:59,106449.36968847107,34075.582396054444,391876.5445934629
2023-04-07 06:14:47,108328.72649332412,28560.949688454373,426785.08137332276
2023-04-07 11:07:11,102191.3908436307,27925.600344876264,430401.8342589699
2023-04-07 12:03:47,100753.8149182348,27347.625895002795,406345.7899598236
2023-04-07 15:43:23,99599.71173253671,26949.82652721921,362479.8581101396
2023-04-07 15:44:11,99600.45954486524,25742.987498996063,373327.54325497366
2023-04-07 15:56:11,99606.44297915233,27808.54047082874,433821.08101943653
2023-04-07 16:57:11,99395.59072275038,25707.77057823551,381297.3672362877
2023-04-07 17:03:47,99341.00862388077,23230.521625940797,367235.5801264374
2023-04-07 18:00:47,98583.78305730881,25834.06111254382,367375.68373464857
2023-04-07 19:07:11,97268.93704548916,25114.83492720703,372992.5047541338
2023-04-07 19:20:47,96996.62009025156,25068.548201466343,331106.0465198041
2023-04-07 21:14:59,95808.87303773593,23328.83649906881,367791.2391651349
2023-04-07 21:43:59,95927.24358661169,25530.469993682844,383604.1198204009
2023-04-07 22:45:23,96519.13481028544,24525.06121426779,366324.1736870633
2023-04-07 22:59:59,96672.5407179029,25008.467335492896,391920.85204432457
2023-04-08 01:34:11,96610.4248281285,23497.14383871829,381667.91397961945
2023-04-08 02:25:59,96257.36070993496,23165.81252163144,362947.55611517205
2023-04-08 02:29:11,96247.76793175942,26325.908593052347,380631.776983159
2023-04-08 03:31:23,96567.40354567155,25574.82754970248,378691.783951638
2023-04-08 03:57:11,97026.83510925483,26039.20242999379,395766.9512284553
2023-04-08 04:30:59,97900.6265601368,26099.4465022088,340946.01544140757
2023-04-08 04:43:23,98282.56200394235,24278.323799717666,386565.2585633949
2023-04-08 07:04:35,102251.33192911974,23641.880862922702,372363.0126456262
2023-04-08 07:18:11,102372.13486795108,27036.55489866472,396041.07095379836
2023-04-08 08:50:47,101497.53160765738,26598.73408139977,422155.5388774199
2023-04-08 09:01:23,101251.53757632803,24814.04693817441,406135.2026559279
2023-04-08 11:32:35,97499.93287548797,27694.223193865593,335056.5838076952
2023-04-08 14:13:47,96650.75397473761,28400.30127381802,383503.0370494493
2023-04-08 16:39:59,97400.67859029768,27618.477299792805,369161.80575760093
2023-04-08 17:15:11,97273.79235716822,27092.7999953224,338751.0799904548
2023-04-08 17:58:35,96833.34205947326,25705.155391368375,381873.41450022784
2023-04-08 18:27:47,96390.80415791122,24332.00182179978,363693.1337302706
2023-04-08 18:54:59,95920.43332735517,24510.583282403473,357160.6727962869
2023-04-09 01:28:47,95271.61802391273,26570.064332821443,362774.0057418855
2023-04-09 05:01:35,96963.91929504547,26332.10466407333,352970.1080836076
2023-04-09 05:09:11,97194.4849079872,27122.919000633785,431100.1908076053
2023-04-09 05:13:35,97328.94080027251,25299.051395781753,357168.569668805
2023-04-09 05:16:35,97420.7777939866,27353.84923712985,371638.78778235795
2023-04-09 11:41:11,93988.93147725286,23572.379629791656,391000.1933343433
2023-04-09 15:02:35,92879.02316207218,24650.85919763077,354740.3098132251
2023-04-09 16:29:11,93035.81246194443,26887.259309010173,330394.8423987754
2023-04-09 17:07:59,92850.74517575282,23055.175583860717,341061.6524198003
2023-04-09 22:31:11,90259.88977236603,23368.971644127185,344324.08753272577
2023-04-10 03:22:47,90297.03324105055,24093.27751944858,335188.65801417554
2023-04-10 05:00:11,92504.29369197256,23099.972158553846,369231.77236064186
2023-04-10 05:02:11,92567.38670255785,22578.535467283054,376022.4205935561
2023-04-10 06:04:59,94512.72566984111,23311.161544670456,345778.2461296925
2023-04-10 07:49:35,95833.240366657,25013.171315173488,368686.1114710775
2023-04-10 07:53:23,95813.25853723139,25744.50339583091,359977.5103533898
2023-04-10 08:53:11,94966.89801328724,26452.767496176584,358116.24639959825
2023-04-10 09:02:23,94768.08940875737,22716.94970177136,349055.549301981
2023-04-10 09:02:35,94763.62866301542,23129.105414056474,384758.8614039637
2023-04-10 09:03:11,94750.21348930644,23148.920071889548,333432.4136804478
2023-04-10 10:10:11,93095.81949533283,26749.98842135801,370359.77849778393
2023-04-10 10:11:11,93070.95404960372,23277.367778512278,374844.4993913964
2023-04-10 13:28:47,90582.50880958629,25029.43600887329,378606.04493747023
2023-04-10 16:01:11,91567.1134536418,23500.368583139178,372772.8949400852
2023-04-10 16:09:47,91614.33169921378,24201.667159962046,372803.8466732215
2023-04-10 16:26:23,91682.89401456466,25714.519536313433,383113.9578631148
2023-04-10 16:47:59,91719.09145331345,24163.93932948226,365153.7782736225
2023-04-10 20:02:11,89783.4662913544,25018.676107837186,359409.4660729926
2023-04-10 23:45:11,91277.10433827249,24386.533056179644,335499.57285803865
2023-04-10 23:48:11,91297.63511340352,20730.979991937933,398162.64759535535
2023-04-11 01:37:59,91131.86495837009,23549.23562892409,329784.97103593254
2023-04-11 03:21:11,91176.41633572485,25930.851149289247,343380.2287988172
2023-04-11 04:23:47,92435.02274625386,24297.802658081157,364651.41746586515
2023-04-11 04:49:35,93207.83671903587,23814.3169533988,364349.10353130085
2023-04-11 05:32:11,94614.03120375537,24204.356719991556,356768.23304935306
2023-04-11 08:45:47,96256.07331136415,25732.82575209518,396267.7252188726
2023-04-11 08:47:35,96219.40416319067,23279.63215711926,373860.5755593243
2023-04-11 09:47:11,94765.10830036172,23102.537168185703,355462.5260314456
2023-04-11 14:42:47,91645.70148347915,22908.624187379046,352270.9738969079
2023-04-11 14:45:59,91665.64963353315,23884.905400965185,359374.1485678234
2023-04-11 14:47:11,91673.22195887304,26213.493988457067,324146.7676300622
2023-04-11 17:55:59,91713.67511308267,23845.369358002852,364153.1120824672
2023-04-11 17:56:59,91701.66004057929,21357.59836443248,359110.76887042896
2023-04-11 17:57:23,91696.81871636897,25601.01010929241,371452.108504929
2023-04-11 18:59:35,90776.09552123542,23250.70167790914,354485.4733070479
2023-04-11 23:12:47,90816.26682148558,25889.266099324966,365461.5985282324
2023-04-11 23:15:23,90842.75597905232,25001.87927756947,327574.4581932532
2023-04-12 02:02:23,90700.07896705528,22251.125519527148,337219.0726054675
2023-04-12 02:51:35,90635.24146842842,23399.331275246404,367150.5586298779
2023-04-12 05:29:59,94238.02638648119,23146.308506401834,354548.3380112253
2023-04-12 05:40:23,94582.58726656232,27673.807742579473,346846.00398812356
2023-04-12 05:43:47,94693.2103925798,24852.364221426924,384802.1577052425
2023-04-12 05:56:11,95084.56336011425,22975.960624077055,377125.98544690845
2023-04-12 07:00:23,96564.89207286411,26425.653356641422,339288.1570969218
2023-04-12 07:08:23,96662.14747635569,26555.698177322753,375772.110088152
2023-04-12 07:14:47,96723.95402931893,24541.88996177127,406301.3374050289
2023-04-12 11:36:23,92474.20653165811,24819.184590163764,351194.21043860575
2023-04-12 12:32:35,91917.6455618905,23346.128163043857,340676.91858577693
2023-04-12 13:14:23,91815.15949168555,23259.12015058232,358644.4604503797
2023-04-12 13:15:59,91816.11619200016,24075.66796426779,355724.0490075842
2023-04-12 13:18:35,91818.39158555692,24624.096388225367,373304.9600404634
2023-04-12 13:19:47,91819.74006817803,24631.619944850405,355341.48374246125
2023-04-12 13:43:23,91882.64077022336,24091.879190502204,345703.7602603872
2023-04-12 13:54:47,91935.90054148981,22962.473152010447,338826.3706199475
2023-04-12 14:15:59,92068.5009947266,27026.9105783427,357595.89872385457
2023-04-12 14:43:47,92292.71152348477,21948.470659535964,322108.6370538157
2023-04-12 16:22:35,93085.03652655934,23900.172020833783,379581.11402102065
2023-04-12 18:57:11,92101.68235426077,23859.845067787188,358199.6973751888
2023-04-12 19:00:59,92049.35619098129,23410.039092196155,346802.35485772253
2023-04-12 19:05:11,91991.74976550149,23940.79998145943,357068.7861937925
2023-04-12 19:26:59,91704.10994502367,25293.792019193417,349068.28902463894
2023-04-12 19:41:11,91535.96351791137,24803.796289848025,365049.9473572931
2023-04-12 20:43:23,91147.86859008158,24389.281253312532,327538.1441116194
2023-04-12 21:24:47,91299.08294181319,22158.557483164193,359042.76470963785
2023-04-12 21:45:11,91488.07297524926,23476.095864921215,358182.2207293148
2023-04-12 23:11:23,92641.21380309029,27471.280076185016,371370.6594997104
2023-04-12 23:12:35,92656.00508711365,23303.718456133443,334196.82118121063
2023-04-12 23:17:11,92711.25018256078,23827.62950155792,363250.66678085626
2023-04-13 00:22:47,93154.94709541775,22905.133777281888,326830.0528321193
2023-04-13 00:35:47,93156.32226460778,24431.040864423983,333610.36877790425
2023-04-13 01:54:35,92793.89301034044,23451.76654917755,350624.2902396409
2023-04-13 02:22:35,92690.44810884882,23238.656793333,358137.86548363295
2023-04-13 02:55:47,92741.32022101102,25199.60358470222,378112.8205998435
2023-04-13 03:05:35,92805.4784405924,21451.64359468138,395950.21643370885
2023-04-13 03:07:35,92821.66503826348,24112.44574733388,393442.1091185413
2023-04-13 03:14:23,92884.78579983761,26825.688326415264,364635.7536805566
2023-04-13 03:15:35,92897.23894300337,23837.56019082689,370849.5741451372
2023-04-13 03:16:11,92903.61477971134,24206.933047711897,358227.1137773971
2023-04-13 03:16:47,92910.09035496363,24492.129604572772,372400.26529848896
2023-04-13 03:17:23,92916.66583140421,25549.810301334142,346832.02433202794
2023-04-13 03:18:35,92930.11710300995,23938.670452395145,351149.0314491657
2023-04-13 03:34:11,93141.77538226134,25568.37730594802,381821.44893921167
2023-04-13 03:46:23,93354.99804723992,22909.462346953333,352798.3226437503
2023-04-13 04:22:11,94206.61200500581,23801.37203048435,362114.25104898395
2023-04-13 04:23:23,94240.35511003128,25847.99253682668,355734.14429382124
2023-04-13 04:24:23,94268.69821581653,25473.24747459437,344777.0540042751
2023-04-13 04:29:11,94407.4823941145,25162.280595214263,348456.2709120968
2023-04-13 04:30:11,94436.94611699594,23372.19583586728,410555.6579159337
2023-04-13 04:30:47,94454.71225793622,27107.045905641517,369747.56566298945
2023-04-13 04:41:11,94772.38192472773,25642.46680099647,360264.05577230675
2023-04-13 04:47:47,94982.37342883155,23912.49135602603,372239.7790896585
2023-04-13 05:02:23,95463.9303798921,25094.843949580743,344325.1700416239
2023-04-13 05:09:47,95713.82294566256,24525.955030691126,376374.5687527338
2023-04-13 05:21:11,96101.3516844833,22576.645435479717,381729.33708386874
2023-04-13 05:36:11,96606.0930665876,25845.486916393238,381898.5389468326
2023-04-13 05:37:35,96652.42639904792,26043.75505136578,336733.9855185521
2023-04-13 05:38:11,96672.2277974538,27098.366357160998,396204.60786458285
2023-04-13 05:38:35,96685.40943799165,26915.748343345134,361330.5563122849
2023-04-13 05:39:11,96705.15225151113,25471.965464202676,335638.930197192
2023-04-13 05:40:47,96757.61907457052,25852.592350476076,380610.5696520009
2023-04-13 07:01:35,98704.56129167778,26647.989149280325,372145.77525545616
2023-04-13 07:33:23,98903.96174172928,27212.725007549907,336728.02862097794
2023-04-13 07:46:47,98877.67957620182,24696.700585057075,375406.26236824604
2023-04-13 08:07:59,98709.76897548232,24760.851359520722,359347.0068086214
2023-04-13 08:51:47,97951.34686476341,26086.24074697966,392848.68238663295
2023-04-13 08:53:35,97910.82508515097,25137.442510026533,357464.68328104727
2023-04-13 08:59:11,97781.13367624258,28045.384365606264,342293.62652967195
2023-04-13 09:11:47,97471.7543145623,23624.51677175466,424795.7179051852
2023-04-13 09:58:47,96199.37883583164,23082.572601970507,347943.1321396094
2023-04-13 10:18:47,95652.79083455689,24467.47366888483,337907.56406847265
2023-04-13 10:41:47,95055.88180558456,23244.632159930083,356193.6998503162
2023-04-13 11:04:35,94517.33959853333,24393.412699347497,383300.88673645456
2023-04-13 11:49:35,93659.7076058634,25028.71193963513,364978.2016499228
2023-04-13 11:51:23,93631.66583411103,22324.68850996135,359174.1504289187
2023-04-13 12:08:59,93383.76617516641,26520.987573881026,334880.4329988875
2023-04-13 12:10:11,93368.60237921012,24853.226845855654,316448.68678364536
2023-04-13 12:11:11,93356.13510912604,26605.97019696623,373974.9976248615
2023-04-13 12:44:59,93023.95183737356,23824.303478464615,376326.8362016371
2023-04-13 12:46:11,93015.27697075708,23980.03981744144,333893.0088203528
2023-04-13 12:48:47,92997.19347266796,23895.05123850783,353808.6237445719
2023-04-13 12:49:47,92990.49649961424,22513.511942107823,392575.8341530312
2023-04-13 12:49:59,92989.17425297061,23923.70823382903,410345.66806675505
2023-04-13 13:03:47,92911.51536817203,23471.459550029227,365925.0525833712
2023-04-13 13:04:11,92909.65666887359,24013.41291637692,351594.6807130127
2023-04-13 13:04:35,92907.81965624273,26208.961893197025,359053.63648277335
2023-04-13 13:04:59,92906.0042942461,24777.70786224051,375716.67104109103
2023-04-13 13:18:23,92857.44266407947,24176.174208112236,378013.8765820336
2023-04-13 13:19:11,92855.27903310003,23494.120688870553,406774.664644753
2023-04-13 13:20:59,92850.70573396179,24460.750980925324,316378.9303905269
2023-04-13 13:41:47,92826.1346667877,24512.455848271034,370451.8180388022
2023-04-13 14:04:11,92851.81590695518,23591.36628849167,396146.7313953195
2023-04-13 14:22:11,92904.30919360521,25799.87407178729,395198.3443238684
2023-04-13 14:27:59,92926.03885350643,23680.819261082666,343334.977649435
2023-04-13 14:30:59,92938.04728063864,22734.37568057397,377405.2339367344
2023-04-13 14:40:11,92977.67683536763,24726.41813271355,336494.2094776537
2023-04-13 14:48:23,93015.86036600618,26214.685818750026,365067.6329227639
2023-04-13 15:49:59,93297.56225745461,26512.282069968824,340375.5169837498
2023-04-13 16:41:47,93325.50865211489,23915.23490241125,357538.1497975162
2023-04-13 18:09:35,92476.14195024846,23133.421610807894,349271.81587251567
2023-04-13 18:16:23,92365.3906559287,22797.29833827616,350801.8715435037
2023-04-13 18:56:11,91652.27074483792,22799.794914007067,348697.9690607778
2023-04-13 18:58:59,91600.28816651658,26083.834464944855,402931.9740538314
2023-04-13 19:18:11,91248.74729972142,23054.962547761097,346670.3105402842
2023-04-13 19:18:35,91241.59281156454,25721.442353299164,389741.63646331464
2023-04-13 19:19:23,91227.31321639034,22421.950393947318,377130.0581388226
2023-04-13 19:20:11,91213.07391346955,24010.763536244915,379570.90460773115
2023-04-13 20:28:59,90270.33198551579,21213.136144221822,307873.0583665601
2023-04-13 20:47:59,90151.81413622966,25387.916034554397,362919.76485379686
2023-04-13 21:21:47,90118.60579972489,21882.92812881225,347303.48037370667
2023-04-13 22:13:59,90434.14332040331,23379.73302642149,346101.39140347874
2023-04-13 22:33:59,90619.38035049268,24475.43723013586,335675.69428714545
2023-04-13 22:45:11,90725.23554727159,22463.5379797525,377145.6005496875
2023-04-13 23:48:47,91149.8111662039,21516.82350485881,346852.58033682336
2023-04-14 00:02:35,91169.51766701826,22584.492341374487,352890.49038090446
2023-04-14 00:05:23,91169.61336971448,24582.21668452029,315458.77083201456
2023-04-14 00:08:59,91167.78421229144,24832.494176091626,355845.9662872045
2023-04-14 00:14:35,91160.58449995049,24635.06414260117,340884.92894787545
2023-04-14 00:39:59,91064.07005447654,22699.786562428326,351675.41939730616
2023-04-14 00:44:47,91035.02181990113,23294.77916555607,375894.192596218
2023-04-14 00:46:23,91024.65991034638,22615.29159643215,364438.02345707774
2023-04-14 01:13:35,90806.25276080103,25108.560331041048,367382.6139527693
2023-04-14 01:34:23,90607.67708831532,24353.85922647456,363662.42926925624
2023-04-14 01:57:23,90393.9622431006,23945.87735777037,349329.578639966
2023-04-14 02:10:23,90291.04945080967,24299.93182885317,344694.93689979083
2023-04-14 02:34:59,90162.6247081098,22491.524799694096,368757.5243977204
2023-04-14 03:12:11,90212.03947442638,23179.598450093217,356498.5957937302
2023-04-14 03:19:11,90261.21741066856,25915.500026541828,332017.70100762194
2023-04-14 03:26:47,90329.99323237325,25271.13445884418,332864.6352464049
2023-04-14 03:48:11,90610.33753487564,24614.303039597482,376282.84864224825
2023-04-14 04:48:59,92020.52824421792,23477.657694349262,380627.0392409874
2023-04-14 05:18:35,92907.36273358937,22313.793170759465,347569.4639881334
2023-04-14 06:35:11,94930.07015360722,23807.492520264834,312618.5616925025
2023-04-14 06:54:47,95234.98879477865,23029.206975985806,370088.72439971665
2023-04-14 07:32:59,95464.35575677129,24720.46362970803,346275.21045222116
2023-04-14 08:03:11,95297.43438001096,25804.544950946693,392277.1753917075
2023-04-14 10:13:11,92433.84811629802,26121.49567725472,347156.02808323625
2023-04-14 10:13:59,92413.40096654331,22265.25374697778,338537.42933373834
2023-04-14 10:14:23,92403.1921627388,23928.936122403895,357761.4423647152
2023-04-14 10:14:47,92392.99338215552,22524.65504007749,330502.515745833
2023-04-14 10:15:35,92372.62641413596,23490.042351782122,387997.8320192014
2023-04-14 10:47:47,91597.63425196482,24701.208772483606,357013.38143990963
2023-04-14 10:56:59,91396.52679440053,23791.952149016965,337842.31602711015
2023-04-14 11:32:11,90733.51650369026,22452.567234420898,345190.55331721605
2023-04-14 13:38:35,89915.10372092931,23233.043968732178,343902.59151711373
2023-04-14 14:33:35,90206.78436508894,23385.14600119878,340643.9162979231
2023-04-14 14:34:59,90217.40117338931,24785.562169591234,365987.95826866775
2023-04-14 14:41:23,90267.29878907678,21435.96228428476,328357.13138402917
2023-04-14 14:41:59,90272.08310624902,23803.126790407532,380318.74131442263
2023-04-14 14:42:23,90275.28207805038,23793.811352115186,345616.7348441002
2023-04-14 14:59:35,90418.60233184077,24504.69099195685,337426.7979535739
2023-04-14 15:11:23,90520.83598298216,25747.914783582277,372040.27030418854
2023-04-14 15:39:35,90760.30801334517,23269.348677125592,335071.69920712226
2023-04-14 15:45:11,90804.5863608751,23185.31957708186,323011.7687345729
2023-04-14 15:47:35,90823.03108341631,23157.15161830626,334322.2885654136
2023-04-14 15:49:35,90838.13304361413,24285.155441029958,336638.65468109207
2023-04-14 16:22:23,91039.44707579013,23060.570666443622,356401.33403284755
2023-04-14 17:40:47,90972.75977377205,23638.65608284628,345673.68429250957
2023-04-14 19:18:23,89927.13878811443,23140.459224054837,342545.953077401
2023-04-14 19:20:35,89902.07554910851,23470.46488798494,359976.64979025145
2023-04-14 19:24:23,89859.61199804554,24284.589286189523,375494.27392564924
2023-04-14 19:55:47,89565.73821158356,22139.837982918387,339130.0146279963
2023-04-14 20:17:23,89446.21934123093,24730.26092075361,339037.3604569048
2023-04-14 20:18:59,89440.65853011269,22486.536389907076,312955.0035205678
2023-04-14 20:19:35,89438.6976273967,26097.995978495306,359647.7574617367
2023-04-14 20:59:35,89470.2688891814,25803.959736854773,306586.5016555172
2023-04-14 21:28:59,89699.37132911205,21440.61015434481,316739.7993591783
2023-04-14 21:42:35,89858.07039208591,25933.43547329682,349038.3501616911
2023-04-14 23:43:35,91708.9603942201,24326.087646197637,344908.07289457123
2023-04-14 23:47:23,91751.01064878242,24323.176700468084,348123.929402894
2023-04-15 00:00:47,91880.92885376746,25734.13902245376,358344.2012982075
2023-04-15 00:18:59,92009.92710807532,23083.77680415857,324939.1781977112
2023-04-15 04:40:59,94878.99622422394,25081.071187945425,391793.3450764773
2023-04-15 07:09:59,99893.09807995174,23546.466082998577,364481.0150559937
2023-04-15 09:56:23,98560.882079385,24752.52903658927,377189.8665915439
2023-04-15 12:20:47,96589.82046849135,24527.9957251221,359604.50083511695
2023-04-15 13:34:59,96755.49947557772,25667.969037812676,388885.0952005057
2023-04-15 13:57:23,96948.03847855836,25937.26906885556,367910.39165885537
2023-04-15 14:03:35,97010.61001146452,24106.448135229475,333516.1763418357
2023-04-15 14:03:47,97012.68900809043,25023.051477750374,363124.479725022
2023-04-15 14:09:35,97074.54563117986,22528.157784949388,347067.91558078065
2023-04-15 14:31:11,97328.16685944187,24638.959759323086,351835.0255150091
2023-04-15 14:47:23,97536.38301700726,25598.85158598924,364908.17222315166
2023-04-15 14:50:59,97584.01316506579,27239.125975136343,362780.551903601
2023-04-15 15:04:59,97771.6663211442,28665.959793175993,374991.8586832131
2023-04-15 15:21:11,97988.80134901915,24890.753100670616,364655.1134082804
2023-04-15 15:29:23,98096.376657441,28304.693771376184,372490.5622991341
2023-04-15 15:47:47,98325.51729983058,24369.437416806057,366811.596660277
2023-04-15 15:50:47,98360.67565865788,25737.275096428926,363948.22819705034
2023-04-15 15:51:47,98372.23019239523,24484.31198877342,375942.0994432097
2023-04-15 15:52:23,98379.12198488132,28392.68999998053,366139.92523419164
2023-04-15 16:04:47,98514.00334149638,26411.707754854935,417749.4140702642
2023-04-15 16:14:35,98608.97497785588,25513.830608150558,383104.0471940475
2023-04-15 16:15:47,98619.81257290395,25845.305944801763,363003.21623154485
2023-04-15 16:19:47,98654.60854126845,23560.814057650034,368735.8110694084
2023-04-15 17:02:59,98878.81949846914,24792.165535296175,412154.44577322464
2023-04-15 17:07:11,98884.15606507515,27444.83080797117,386925.6356522298
2023-04-15 17:31:23,98854.61162605452,25867.484641507483,379045.1607820231
2023-04-15 17:59:23,98697.98504399901,24168.505334172805,380481.7084827173
2023-04-15 20:08:11,97386.66318582611,26061.089694344246,344004.3786798592
2023-04-15 20:09:23,97380.27304635529,25029.100548176142,370362.05032286816
2023-04-15 20:09:59,97377.17437040762,24898.978696601396,356987.7402816654
2023-04-15 20:10:23,97375.1445310919,24001.80066848084,359563.4267154286
2023-04-15 20:10:59,97372.15395055336,26478.129634336234,388501.85343675036
2023-04-15 20:15:35,97351.42126586812,24763.112586287927,392710.27324132447
2023-04-15 20:16:11,97349.00790046423,27043.5144965253,406076.339221428
2023-04-15 20:16:59,97345.89613628894,25351.611854373466,339666.39101855643
2023-04-15 20:33:35,97309.74759927114,21563.874074948697,409911.43195483595
2023-04-15 20:39:59,97310.8685761609,27321.046804192156,370230.2979429841
2023-04-15 20:42:23,97313.5123194663,25720.18408285928,365205.67568818567
2023-04-15 20:44:11,97316.29640498596,25053.55818526108,352431.9497382622
2023-04-15 20:48:23,97325.47194553415,23909.215560466917,372644.8500800352
2023-04-15 20:50:23,97331.16164530229,22866.96099997022,406212.3944788179
2023-04-15 20:51:23,97334.32600864164,25983.94740239354,369618.46786055877
2023-04-15 20:55:35,97349.93942870286,25674.83652592157,425057.90476174606
2023-04-15 20:56:47,97355.08822595315,24706.96125164741,377440.4399287586
2023-04-15 21:09:35,97428.7959923668,25890.386108356433,379100.3575588226
2023-04-15 21:09:47,97430.21631327967,24035.414307174353,330722.52494493214
2023-04-15 21:10:23,97434.52598928529,23592.481024660083,382350.7091200843
2023-04-15 21:10:47,97437.43962361394,26650.084654721293,364078.6818336068
2023-04-15 21:12:11,97447.89159489868,24967.435893188933,336535.3567628809
2023-04-15 21:12:47,97452.4915884188,23713.858150353546,411691.1517022595
2023-04-15 21:13:23,97457.16359598181,25301.807237727615,368543.1256171821
2023-04-15 21:38:59,97719.48163908144,26893.894723419548,382573.64366893657
2023-04-15 22:04:59,98089.71040534157,28409.20705594678,393539.5057626789
2023-04-15 22:11:47,98198.55380985771,25502.00033710299,382966.7338383954
2023-04-15 22:12:23,98208.32654597165,26702.228607074983,335423.4320146145
2023-04-15 22:16:11,98270.76168880347,25789.747023064647,359666.71898042475
2023-04-15 22:16:59,98284.01518105072,25347.197441100197,334658.62270219356
2023-04-15 22:17:11,98287.33399431407,26511.814749017052,361399.3157438741
2023-04-15 22:26:59,98452.0654942688,28710.756691568105,408649.3653634071
2023-04-15 22:54:23,98914.23185166327,24199.209106387254,408596.5422808593
2023-04-15 23:17:23,99267.56240244317,23292.28494084239,358522.94024643005
2023-04-15 23:25:59,99383.93184484102,26718.423450860726,337149.72917547903
2023-04-16 00:05:47,99763.99384192523,23595.674650627585,351447.02791582065
2023-04-16 02:12:35,99503.14474015703,25680.79312741599,374762.7203324014
2023-04-16 02:12:59,99502.2024310305,27687.37308010145,398274.12205475767
2023-04-16 02:56:59,99586.67434106795,28127.058927225447,373041.70560271665
2023-04-16 03:29:35,99969.74644150081,26426.414992219234,340754.3692854292
2023-04-16 04:01:11,100642.90789415657,27671.39196534081,373837.3255125711
2023-04-16 04:18:23,101126.44167045128,28623.093094841337,368618.66641810123
2023-04-16 05:32:23,103758.9550039111,27535.356319227736,403570.3028223293
2023-04-16 05:37:23,103943.05329006258,24876.65863554075,380310.52466447325
2023-04-16 09:15:47,104973.59851510472,27010.51591892769,372166.0777200713
2023-04-16 09:19:23,104877.33726067205,26810.925236861953,439731.34891709004
2023-04-16 09:26:11,104692.04203075162,25146.17000525806,410975.6150354742
2023-04-16 10:12:11,103392.73656281995,26171.763281398868,432515.19583873753
2023-04-16 13:20:59,100490.21752210581,25050.74073257616,368362.34351952403
2023-04-16 14:05:11,100583.59602673729,27321.8642683208,437001.2768159026
2023-04-16 14:07:47,100595.83842820882,27674.063195905845,383218.2657644051
2023-04-16 14:45:11,100829.7238478014,26557.125105363895,393047.9019236422
2023-04-16 15:16:23,101068.82104474919,26913.562280342398,402222.57928378764
2023-04-16 15:30:59,101178.40589764561,25058.83537035542,409895.3229675476
2023-04-16 16:32:59,101467.79183569303,27586.419837529887,387949.1574326801
2023-04-16 17:29:23,101262.08738548575,22826.969920737596,387172.01957125886
2023-04-16 18:09:47,100792.39423265633,25967.25144957001,387419.75543279055
2023-04-16 18:10:23,100783.72936770691,28552.24585206171,374648.0185429776
2023-04-16 18:11:47,100763.35297610056,25012.87663430318,354701.86100336985
2023-04-16 18:12:59,100745.71445229021,26384.49254302899,360230.33025332325
2023-04-16 18:13:35,100736.83649267117,22603.53565140502,389566.23940579384
2023-04-16 18:17:23,100679.7340443167,25657.901335640072,389301.2432498033
2023-04-16 18:42:23,100274.60190810246,26024.49353274609,421855.77986034605
2023-04-16 18:46:11,100210.04392189517,22533.527204330177,394877.711947865
2023-04-16 19:11:23,99780.18542266585,22864.406031560768,382077.51172425185
2023-04-16 19:32:23,99443.05537970997,25809.429943815838,398239.8646490035
2023-04-16 21:06:59,98778.14850394963,29655.59940180403,384329.044754322
2023-04-16 21:23:47,98855.93958183157,26158.982729690044,413368.42012413684
2023-04-16 21:24:47,98862.37374811611,25208.364135370066,395149.76178251125
2023-04-16 21:46:11,99043.43805166881,26976.854332659917,369416.14809549553
2023-04-16 21:59:11,99188.17082091283,25444.404948451884,378039.9538600205
2023-04-17 00:24:59,100640.20373426024,28193.343242853967,394654.54126421624
2023-04-17 01:29:35,100362.30602022684,25068.66516372296,377900.0592995557
2023-04-17 01:52:59,100208.1849243297,25503.02295405753,384636.56081384566
2023-04-17 02:50:23,100110.03102822536,26778.329922596782,407568.05283896887
2023-04-17 03:39:11,100671.0278363004,24520.529211067194,351112.50255688233
2023-04-17 03:44:11,100769.7427748949,24627.734386440537,360002.03592061653
2023-04-17 04:23:11,101788.0887741858,28193.162540409518,401229.3629585749
2023-04-17 04:55:23,102891.6014634337,28285.62004497379,389813.7725827586
2023-04-17 05:03:59,103210.51892000176,27471.705700795035,388082.16458995594
2023-04-17 06:54:23,106714.4716209766,27344.831470630685,417107.1957083808
2023-04-17 07:08:23,106925.47103413392,27542.851184276762,419218.05174813
2023-04-17 08:52:11,106265.47259643787,30379.07414900367,413080.2626620507
2023-04-17 09:01:59,106045.01837342892,25955.79385458404,427908.52014760376
2023-04-17 09:07:35,105911.96608390726,26566.655066122432,401219.13954592997
2023-04-17 09:09:47,105858.46325123211,27235.514360530866,405384.9683676235
2023-04-17 10:58:35,103080.2688978147,27739.209546942275,373402.71748253866
2023-04-17 11:09:47,102847.14683639085,27711.715470711333,369970.324567533
2023-04-17 12:21:23,101836.69008005213,25894.249688321852,405789.40189283295
2023-04-17 13:27:23,101660.39385897122,23579.63064412799,396345.7176726735
2023-04-17 13:33:23,101676.59087201615,25378.508760237673,419128.0329236233
2023-04-17 14:16:35,101919.07099451884,26941.588145790964,399693.2909895776
2023-04-17 14:23:47,101977.16820394018,27135.71156124575,439066.4119149211
2023-04-17 15:29:47,102607.99868407233,26973.075960180824,420039.48443584965
2023-04-17 15:30:35,102615.56948989395,24845.28127096824,368798.7264931148
2023-04-17 15:31:11,102621.22848437802,27213.620630506233,394626.9415166405
2023-04-17 15:31:23,102623.11109198518,26288.099132662202,418943.57550270576
2023-04-17 15:32:11,102630.62248310387,26948.419751074634,435545.99253362726
2023-04-17 16:30:23,103030.85454977982,29871.46856154205,390861.35058539227
2023-04-17 16:34:47,103044.26949457281,26116.208860587518,471508.2229178546
2023-04-17 16:37:59,103052.13519726924,27689.621950778514,376777.9009824975
2023-04-17 17:24:11,102970.88605516122,26732.573938919646,423664.05151768285
2023-04-17 17:25:35,102962.50199799966,27823.22999712728,418581.02740701684
2023-04-17 19:50:47,101047.0098715188,25293.732561202767,387509.0719379921
2023-04-17 20:48:23,100681.71893003081,26761.439804303936,408013.3920417714
2023-04-17 20:49:59,100681.55051542073,24485.57273590366,401275.68997863634
2023-04-17 20:59:11,100691.63482086179,27185.703302061997,360320.9816153445
2023-04-17 22:12:59,101358.1278969803,25208.056962596092,379028.32238641713
2023-04-17 22:48:23,101875.45163904308,28372.21776613386,411908.8542227513
2023-04-17 23:15:23,102239.13930439766,27284.965578763306,418783.54628965864
2023-04-18 00:02:47,102634.86509001319,28040.32689330615,386497.77244166005
2023-04-18 00:25:47,102676.05191675616,26393.303151047916,422112.9065089686
2023-04-18 00:26:35,102675.6638915781,28500.316752343697,411266.8560451588
2023-04-18 00:59:11,102568.84469382852,28696.669978486687,393025.6851398156
2023-04-18 00:59:59,102564.30309967101,27947.308341153286,387468.8852441047
2023-04-18 01:40:47,102271.26025968396,26918.040202161366,430392.5257855092
2023-04-18 02:05:59,102097.10326352982,25849.76455134832,365992.76241359476
2023-04-18 02:07:35,102088.072636015,28054.723127990692,430590.4079697594
2023-04-18 02:15:47,102047.36979399732,26644.54798440897,394161.28494113317
2023-04-18 02:17:35,102039.8118003577,24967.74013726102,433766.20968292817
2023-04-18 02:18:11,102037.41172846523,27916.22235754359,402777.0924214597
2023-04-18 02:21:23,102025.65811905613,26939.26339253775,388055.7376370894
2023-04-18 02:34:47,101997.7293478662,27869.218124053266,402603.0166769251
2023-04-18 02:39:47,101997.16451668985,25845.37216808178,362990.4183536615
2023-04-18 03:23:11,102271.17859481426,29893.841175737936,379965.4611036098
2023-04-18 03:36:59,102475.63950853067,28622.26947260369,408128.32019602944
2023-04-18 03:40:11,102531.4616553667,28787.54432075375,375703.7550389088
2023-04-18 03:41:23,102553.20581406116,28200.869569534687,379569.21853358985
2023-04-18 04:42:59,104196.96074089828,25983.581398947055,379436.19985659217
2023-04-18 05:33:59,106003.02571271952,27494.324181716842,398677.8242279835
2023-04-18 06:02:59,106971.4994145187,27610.327095379598,440091.7561349195
2023-04-18 06:58:35,108236.10435617472,29599.181708694487,418304.0759467106
2023-04-18 10:51:59,103738.80379326866,28005.747125500362,410385.7825608295
2023-04-18 11:42:11,102566.56014751602,26577.59288772311,419965.9958015367
2023-04-18 13:24:35,101454.33429367501,26848.77014285113,404642.3825595883
2023-04-18 14:07:59,101441.62237513182,29411.482824430856,406400.4830862796
2023-04-18 15:36:35,101805.95845732509,28073.142385933792,340399.65100063826
2023-04-18 15:47:47,101846.08631568658,25962.21272939557,431899.8916784694
2023-04-18 17:03:47,101736.29703635277,26851.607228035457,381602.9884340154
2023-04-18 17:05:47,101721.31927778135,26758.16268336051,396261.63860831835
2023-04-18 17:29:47,101486.63282895078,24556.223406618636,409623.48748617177
2023-04-18 17:53:35,101157.63166033954,29718.564400212144,382649.9964814813
2023-04-18 18:05:47,100956.11751376408,23573.18882379283,363574.7878281464
2023-04-18 18:08:11,100914.19686800586,27668.195974218794,389953.2521559023
2023-04-18 18:53:23,100031.22457443501,26725.68515238183,338363.0727367317
2023-04-18 18:56:59,99957.06976451802,26348.61569199709,373586.3855626786
2023-04-18 21:56:59,98443.4275827267,28255.62037553069,392341.28472402535
2023-04-18 22:30:23,98751.76311421514,24190.624409946482,400804.8850145744
2023-04-18 22:42:23,98872.86295892081,25905.578740980745,360463.0672982233
2023-04-18 23:51:11,99353.36211407927,24344.74595665338,350326.27747851063
2023-04-19 00:07:35,99363.37626072328,23943.44628215915,399233.1202824189
2023-04-19 00:37:47,99253.97470596706,26857.028648063682,391175.481541798
2023-04-19 01:16:35,98917.08636475258,26584.89097352244,398203.0702986472
2023-04-19 02:36:11,98211.02847814711,26025.12954260357,401147.62946970726
2023-04-19 02:38:47,98202.84798116924,27188.95938471184,383881.7809302224
2023-04-19 02:40:11,98199.08773220434,23249.26927489728,413149.5540738883
2023-04-19 02:54:23,98188.13444008108,26586.531163489137,373749.18108423764
2023-04-19 03:05:35,98217.17269603854,26059.549345453637,389250.7894719336
2023-04-19 11:50:35,97760.87177906901,26689.233577863866,349452.5340805241
2023-04-19 12:13:23,97411.04127109045,24249.966439764557,372801.2846725444
2023-04-19 13:10:47,96902.61133053037,22994.68108652164,371952.2590587524
2023-04-19 14:00:59,96839.88904822539,25074.487673602787,335384.2575718235
2023-04-19 14:02:35,96842.61104394139,25833.10638178251,363576.02213022625
2023-04-19 15:48:11,97285.35103192081,25303.316580548617,335927.0576886616
2023-04-19 17:05:23,97212.222301711,24937.34205081159,348120.4104002304
2023-04-19 17:12:35,97159.95508412049,25427.05191054516,357659.67970295245
2023-04-19 17:39:47,96884.41740619788,26108.082010530856,356012.7444522248
2023-04-19 17:41:47,96859.43884301852,25220.083320483503,409779.839023926
2023-04-19 17:42:11,96854.36916865104,27574.308144757295,330776.65821479337
2023-04-19 17:42:35,96849.27499309531,24844.470941173386,342431.41925628117
2023-04-19 17:43:23,96839.01340869283,25612.552320854713,345746.309752641
2023-04-19 17:43:59,96831.25341152202,25207.979955538627,380343.2094148336
2023-04-19 17:45:35,96810.29463781128,25653.12710035978,387917.8773752381
2023-04-19 18:41:59,95875.24161851077,22712.789591158074,366932.1401512662
2023-04-19 19:26:47,95033.0273798351,25886.572550381403,382620.4139519581
2023-04-19 19:44:23,94735.13452185997,24665.349306761982,340767.3717152258
2023-04-19 20:14:47,94320.58976767265,24084.852438682185,348248.9944879435
2023-04-19 20:19:47,94267.60916986254,22364.053795524127,372943.896850552
2023-04-19 20:51:47,94046.75329347304,26454.879844715717,383936.929300572
2023-04-19 21:18:11,94023.1584364274,23996.926528362117,338254.02317407785
2023-04-19 21:18:59,94024.59330078671,24604.200553738003,330086.8147968377
2023-04-19 21:26:11,94042.82318099384,25038.633977621445,368705.17358656164
2023-04-19 22:15:23,94372.14567173673,28080.74821539154,369183.50349939935
2023-04-19 22:38:11,94591.080591938,25086.093202310152,402993.32148196443
2023-04-19 23:25:59,94987.52618923709,26126.685246289508,357122.49382733146
2023-04-19 23:59:47,95094.25539998146,26438.72129504345,335304.6145625603
2023-04-20 01:00:47,94791.20007164842,24056.107120244575,347110.11178174143
2023-04-20 01:03:11,94768.36156400756,24334.003304826903,336934.5240030052
2023-04-20 01:15:47,94640.18118816236,27041.264470799804,364841.37049481337
2023-04-20 03:07:23,93867.59650518489,25347.301509643,375382.354565094
2023-04-20 03:13:11,93890.98290557422,27554.70153125593,397621.2491147243
2023-04-20 03:23:35,93956.25143154366,22945.12705272273,335882.65694910596
2023-04-20 03:30:35,94017.33030151181,25122.152681583855,376167.23748207616
2023-04-20 03:34:23,94056.29655146226,26177.11972490382,334867.89144328213
2023-04-20 03:39:11,94111.34362769363,22100.80123918408,341316.32315793954
2023-04-20 03:44:11,94175.55063491872,26803.118770996603,342517.10142001585
2023-04-20 04:12:47,94671.01694585824,24168.873759605158,344976.1832561955
2023-04-20 05:14:47,96283.77417523628,27653.23686426034,368581.864717217
2023-04-20 07:12:23,98572.05608326133,26521.72300200315,383857.5908940895
2023-04-20 07:21:23,98580.1466115244,25975.700099165315,386078.5134505641
2023-04-20 11:34:59,92276.66170630218,24136.685886793548,337552.07194406696
2023-04-20 13:03:47,90830.09096467051,24268.999304481382,347622.66288807243
2023-04-20 14:12:11,90429.60087127348,23774.48462516562,345370.39447613555
2023-04-20 14:28:35,90397.59587081482,22954.289477396258,330296.8714724301
2023-04-20 14:29:11,90396.73638851606,23626.02980615954,372611.9931065227
2023-04-20 14:29:59,90395.6202861534,22816.116690518564,353725.0596335674
2023-04-20 15:10:47,90366.80724412255,20850.7712490751,326624.42050691944
2023-04-20 15:30:59,90353.15927276266,23378.31082880193,358889.4301143754
2023-04-20 16:10:47,90260.71725245634,26813.776690869767,322998.9921938554
2023-04-20 16:11:11,90259.08116032572,23808.39738772958,345289.8026807502
2023-04-20 16:17:23,90231.44262538978,23733.79279522466,365534.09337059467
2023-04-20 16:29:59,90161.07672067522,23786.042333777543,369476.8857761736
2023-04-20 16:48:23,90020.0667610382,23279.308390921415,352694.23474139627
2023-04-20 17:10:11,89787.91586007523,23510.483078107685,353231.41185558017
2023-04-20 17:37:59,89385.25211004331,22813.843991409503,348771.16302368284
2023-04-20 17:50:47,89161.56602911229,23732.030491608275,328730.87817033025
2023-04-20 17:52:23,89132.04767116424,24994.67517387003,339220.90514445485
2023-04-20 17:54:47,89087.15381309862,25140.42743007773,311121.1594203896
2023-04-20 18:47:23,87963.90748263951,23641.82355734487,377877.8580323747
2023-04-20 19:01:47,87633.35796610749,21922.833451619805,339433.8983577069
2023-04-20 19:30:11,86999.41928739811,21384.53214379196,316825.77550734783
2023-04-20 19:55:23,86494.54669792774,22879.21247134423,309637.75139160425
2023-04-20 20:38:35,85850.40701026404,23181.792211306765,336504.4075771961
2023-04-20 20:43:11,85801.78079054621,21247.848252608805,325508.96739691263
2023-04-20 20:47:59,85755.3840012629,20288.56966718918,338595.74078165303
2023-04-20 20:49:35,85740.90607670811,23945.041639299383,358772.2736333009
2023-04-20 20:52:59,85711.77895355345,20829.78082319667,322067.3153873502
2023-04-20 20:56:59,85680.35647890296,21320.23008549831,352277.7716350467
2023-04-20 22:26:23,85630.6778234939,23573.10444730803,338757.944159497
2023-04-20 23:27:11,85803.82249953425,21932.71516595416,335748.37973729306
2023-04-20 23:46:35,85785.50404733329,22836.291369436174,321121.05032436486
2023-04-20 23:48:47,85779.99845519797,19343.79869357514,353039.78866439743
2023-04-21 00:12:11,85674.70175223518,23390.641935758347,317600.93171701685
2023-04-21 00:15:47,85650.8180356092,23154.518672669943,303391.3464092491
2023-04-21 00:16:35,85645.23473929438,25535.13896296329,336887.3349125063
2023-04-21 00:38:35,85454.06347538729,21040.15045750978,336201.3898982777
2023-04-21 01:16:47,84984.40815345048,22838.493147096884,344601.24614694633
2023-04-21 01:32:47,84760.40199847406,23002.55975970479,332181.5755630141
2023-04-21 03:11:59,83881.08105682465,21880.812943189885,298372.5652355004
2023-04-21 03:14:23,83883.33377656974,21841.344665797085,304298.2321530965
2023-04-21 03:20:23,83895.39709945959,20760.87967209006,313530.287688845
2023-04-21 06:52:47,87386.28327654474,22904.193340321744,341890.15191489505
2023-04-21 07:34:59,87402.68263214041,23388.891814368264,318185.5988810504
2023-04-21 07:43:59,87334.21404961095,23119.784163779106,339866.84870274604
2023-04-21 09:05:35,85769.88812514089,22807.485175130565,330051.90891778166
2023-04-21 09:15:23,85503.48656102717,22863.341976233954,328879.04031676974
2023-04-21 09:38:23,84851.91241256872,23862.7228794881,323352.0545270379
2023-04-21 10:06:23,84046.9555597679,22066.317011923635,330607.4817354149
2023-04-21 10:10:47,83922.42591973142,18033.79149613266,304174.8952357383
2023-04-21 10:16:11,83771.02095158338,22836.397565645282,300853.0568198864
2023-04-21 10:16:35,83759.87578966655,21839.722504110596,327598.0144004334
2023-04-21 10:17:11,83743.17732977627,22202.190072527745,287579.0662108469
2023-04-21 10:34:11,83281.20203223715,21571.7959139862,313643.7119912589
2023-04-21 10:38:47,83160.48074556723,23735.34306669957,338166.55018943496
2023-04-21 10:39:35,83139.69548345095,20970.263975738188,312482.9821496653
2023-04-21 10:48:47,82905.41955805814,20887.685939360643,314203.8236983996
2023-04-21 10:49:23,82890.45709047711,22062.35433935044,316966.0901140299
2023-04-21 11:20:11,82180.93289464836,22505.548453674426,314526.9709026926
2023-04-21 11:23:23,82114.29483185669,22843.038237681478,311337.1369756721
2023-04-21 11:25:11,82077.42981620616,20333.803065616154,312392.4175831907
2023-04-21 12:46:11,80899.06646071874,20052.91676898915,314641.3051314649
2023-04-21 13:10:23,80725.40316054742,22971.890975009483,326992.5862962849
2023-04-21 14:18:47,80598.45653041427,21224.84684311061,284845.65774273296
2023-04-21 14:19:35,80599.49798051002,22663.29427068601,288403.0504943586
2023-04-21 14:19:47,80599.76526401656,19681.158987584728,328583.6170860389
2023-04-21 14:19:59,80600.03529809571,21690.393548842178,318139.159782118
2023-04-21 14:49:23,80664.56748680575,22568.675505198284,267585.8971452314
2023-04-21 15:00:11,80696.97122352025,21947.944263290545,309017.09027143667
2023-04-21 15:02:23,80703.8724282817,21102.723323175043,307887.88102979877
2023-04-21 15:20:47,80762.6955385116,20423.086548116167,319374.75031089643
2023-04-21 15:21:35,80765.21611890312,22434.91530082277,329685.2435633927
2023-04-21 15:28:11,80785.57507331723,18059.389578710674,321308.8611382267
2023-04-21 15:40:47,80821.04692514813,21496.210877743895,326346.2276884813
2023-04-21 16:03:23,80865.08270891766,18970.387159641272,325564.6534351719
2023-04-21 16:03:47,80865.55471418495,20835.725326993634,258087.6343449889
2023-04-21 16:09:23,80870.81369495479,22392.473838018945,322744.41427243606
2023-04-21 16:10:11,80871.3515885703,20939.84892821842,306222.52641841245
2023-04-21 16:44:59,80832.84143406837,21953.561548856953,307925.71381737385
2023-04-21 17:02:47,80758.39126059825,22515.063505325517,320533.01009946567
2023-04-21 17:04:47,80747.46910987142,22117.44567134067,312759.47689130926
2023-04-21 17:05:11,80745.22158069744,23102.15502858148,314953.43187799345
2023-04-21 17:06:35,80737.18927067317,22262.756463966864,325981.1818414867
2023-04-21 17:30:59,80555.72057238859,21218.928357313216,332163.91759575915
2023-04-21 17:43:23,80434.21321233643,21946.314731431485,327092.20061764575
2023-04-21 17:46:59,80395.46177012888,19629.44588038308,288583.140346636
2023-04-21 18:25:11,79904.1755699329,22478.725281633277,301226.92593557073
2023-04-21 18:27:23,79872.39564799881,22667.400954960034,321424.88461871
2023-04-21 18:48:47,79553.06614771184,20718.606031531548,292083.3548623409
2023-04-21 19:32:47,78909.81844136595,21621.198461484822,288018.84284440475
2023-04-21 19:37:47,78844.36023842513,20995.295823712862,291043.1102957402
2023-04-21 19:41:23,78798.78802305993,22672.609078982256,291944.1558631885
2023-04-21 19:47:35,78723.65959609023,20245.97531613381,306457.38241121237
2023-04-21 19:54:47,78642.26355763746,18284.583197501852,294783.986886956
2023-04-21 20:02:23,78563.86193791947,20791.531094325812,316441.89626388915
2023-04-21 20:05:47,78531.47114440177,19025.17935653458,285383.30713784473
2023-04-21 20:46:59,78290.09089820183,21050.608284735335,306808.71283828147
2023-04-21 20:48:23,78287.14960068821,21882.85514293729,292346.35752199433
2023-04-21 21:14:35,78297.118903137,17979.50467542837,296925.0959092225
2023-04-21 21:20:23,78315.4651483131,20394.486380668623,284724.5035248794
2023-04-21 21:22:35,78323.86915277794,22265.360057389298,288133.52747514274
2023-04-21 21:23:11,78326.29630764027,20491.05319466629,280470.59139965137
2023-04-21 21:28:11,78348.72886550633,21358.897624733338,315986.9997507922
2023-04-21 21:35:23,78387.6918040184,19982.329144521806,304110.74938729394
2023-04-21 21:44:11,78445.21799068147,19772.502079239388,299676.2651256249
2023-04-21 21:44:47,78449.51005986804,21258.506167290554,305346.6153003117
2023-04-21 21:45:35,78455.30273935726,21594.786274493872,305922.72318797454
2023-04-21 23:39:47,79513.81021501971,19814.848978611226,295644.46688657237
2023-04-22 00:56:11,79584.78988665572,21517.08448450487,300392.61042555206
2023-04-22 01:08:23,79532.3781593277,21949.242810170865,267796.3510986393
2023-04-22 01:16:59,79489.64687896593,19458.118704473007,298267.0819200127
2023-04-22 02:32:11,79193.2162154761,20468.301303526274,323095.41242435476
2023-04-22 03:17:35,79405.37890942494,21988.297092921344,324722.6626986686
2023-04-22 03:18:23,79413.33514539133,20565.011256092457,294245.7343467906
2023-04-22 04:37:11,80934.00893158905,20793.695276623097,314037.87798197137
2023-04-22 05:44:59,82932.00838198666,23045.33299694619,336504.8655362998
2023-04-22 05:45:23,82943.57260885822,23479.04726896464,315817.0163850283
2023-04-22 06:51:11,84462.99026622906,22633.338874804933,314895.9377905834
2023-04-22 06:59:47,84583.31177561438,21635.036028321818,345298.80629515625
2023-04-22 07:01:23,84603.28656304147,19927.379709882058,320837.0715541469
2023-04-22 07:02:59,84622.49381866076,20976.470839195106,336765.69613283244
2023-04-22 07:07:23,84671.32549609602,21693.524154854385,336987.52462712774
2023-04-22 07:15:35,84746.54506216398,20578.480961612517,302892.29976327904
2023-04-22 07:32:59,84837.3726830715,21989.572251667483,357172.79882841714
2023-04-22 08:43:47,84324.0518318262,19830.94423939794,300020.5799036271
2023-04-22 09:15:11,83765.1913523178,20686.185970009294,316858.6573082467
2023-04-22 09:22:23,83621.36134141311,23534.841130540084,310711.1449068348
2023-04-22 09:24:11,83584.78841815636,24293.899001224912,334950.2578525569
2023-04-22 09:32:11,83419.85625479108,18908.595739182772,339516.8720250261
2023-04-22 10:09:59,82622.14434001948,21327.88192954421,301183.9452998403
2023-04-22 10:17:59,82456.88688486266,23290.157433391196,317650.9040102574
2023-04-22 10:54:23,81761.42535329412,23382.65739341019,316518.90694860026
2023-04-22 10:55:23,81744.02436045217,20639.854698154715,289915.49636688223
2023-04-22 10:55:47,81737.09362829002,23630.827103858108,332230.8566002403
2023-04-22 10:56:35,81723.28336251354,20542.487082130774,294369.39663143584
2023-04-22 11:08:35,81524.62892030388,20198.63469358433,320331.75463760097
2023-04-22 11:56:23,80910.13661151682,22192.730052203035,289357.11204427766
2023-04-22 13:09:35,80554.57165491303,21670.05320381043,285773.5854997126
2023-04-22 13:37:59,80592.5451303265,22467.92629625766,302894.0085090069
2023-04-22 13:38:59,80595.42592934889,20741.224661231037,293464.77000949933
2023-04-22 14:01:59,80687.15062959299,23288.850328701174,351418.63725637994
2023-04-22 14:02:11,80688.14658412515,21212.527569114514,313615.8155303409
2023-04-22 14:16:35,80767.62250911523,18741.797767311582,307783.31359503255
2023-04-22 14:24:59,80820.3014367363,22785.98345610888,322089.4816596715
2023-04-22 14:27:23,80836.08880574846,21603.484145698036,321798.4341207329
2023-04-22 14:35:47,80893.58186664601,20235.586342982806,303577.925232849
2023-04-22 14:47:11,80976.1395928585,20681.731380039673,309747.99195723765
2023-04-22 15:21:35,81237.59621517966,20176.278581081704,321211.7860134131
2023-04-22 15:50:59,81440.8882211155,20737.177151516495,296107.8966510244
2023-04-22 16:01:47,81502.60298908912,20869.90625061377,278164.66947807255
2023-04-22 16:04:23,81516.04640593282,21416.176872834178,337649.671299786
2023-04-22 16:09:23,81540.19101050026,22683.16708939097,289409.29812259116
2023-04-22 16:17:11,81573.02059491028,21525.292663101718,331244.899581416
2023-04-22 16:17:35,81574.53582393621,21483.991027933625,320938.52831569704
2023-04-22 16:29:11,81610.76987353407,20865.038789167913,325515.9555045906
2023-04-22 17:08:47,81605.4362660683,20009.825063513374,292059.5732407739
2023-04-22 17:11:35,81596.78973542625,21713.71156152001,319276.49416835967
2023-04-22 17:19:35,81565.86049856672,21018.088810525365,313815.74415576545
2023-04-22 17:21:11,81558.57027760593,21289.03661011722,320938.19454362744
2023-04-22 18:56:47,80592.52139399546,20690.7308127843,295199.33478157956
2023-04-22 19:52:47,79919.70474562571,20158.90748406125,297592.9958165333
2023-04-22 19:55:47,79891.26135364878,20198.49821802552,317858.3934831925
2023-04-22 20:15:11,79736.83209802578,20469.3529393971,323973.2992539059
2023-04-22 20:29:35,79659.33216593019,22012.458158334175,292179.9767467883
2023-04-22 20:43:11,79618.11493724027,23119.778856332832,327059.1004971965
2023-04-22 21:09:11,79628.87490212414,21145.487277805518,294700.48790123616
2023-04-22 21:15:47,79649.94795167196,22585.230456303318,331222.08728462044
2023-04-22 21:22:23,79678.03997799268,19813.381210747837,283574.16529548354
2023-04-22 21:25:11,79692.00130686308,19992.039261978753,282530.42736616917
2023-04-22 22:06:11,80012.28539966443,21523.180615689405,277179.54391446436
2023-04-22 23:21:23,80775.37191778331,20305.490669201627,278194.0332499271
2023-04-22 23:24:23,80799.06032885012,21597.65219834545,292753.3255359944
2023-04-22 23:37:47,80891.38303557782,21397.36090831223,340324.197908345
2023-04-23 00:25:35,81008.6130151829,20975.781069680812,286387.52293818246
2023-04-23 00:26:11,81007.87608437563,21804.05463774718,320277.35247334326
2023-04-23 02:38:47,80354.07402303108,20869.918267987032,319967.0180998812
2023-04-23 02:57:59,80377.09944184522,19543.67964830313,330783.8859846487
2023-04-23 03:15:11,80466.04532487222,21250.26495129103,317237.5721534655
2023-04-23 03:44:47,80784.98375958852,21248.91108026103,327703.6650036865
2023-04-23 03:51:11,80881.77763387653,22631.737845260875,296714.97070204664
2023-04-23 05:17:59,82920.4643596056,19950.768266242932,333038.11998185556
2023-04-23 05:52:47,83849.34255049794,26695.941585537134,309647.57644627243
2023-04-23 06:50:47,84966.2046408631,22064.839312609725,329163.1853718708
2023-04-23 06:57:59,85044.51329578615,21463.398450709243,315967.13714590925
2023-04-23 07:00:11,85065.333333668,22182.719823568772,318609.8949390128
2023-04-23 10:02:35,82569.22493175919,21149.826327017377,328489.91613227106
2023-04-23 10:10:47,82366.35699934704,21920.584154950615,297122.1105944398
2023-04-23 10:24:11,82041.56148667983,21434.686314983144,319631.3905975233
2023-04-23 12:50:47,79752.21766976638,21916.082199482185,308544.79524368263
2023-04-23 13:34:11,79598.88031981996,23285.543005135667,329275.3035501363
2023-04-23 14:31:59,79679.43346994149,19861.943031496627,316753.29220132076
2023-04-23 15:06:11,79814.66522079504,21446.58683568121,295472.44740310207
2023-04-23 15:20:59,79877.33104939372,21960.170104220513,331933.91719664016
2023-04-23 15:53:59,79994.52942886286,21319.330778615848,301897.88069934957
2023-04-23 16:14:11,80032.81770327319,21757.68991552581,301634.93297571427
2023-04-23 16:16:11,80034.6514874717,23158.233072124935,292231.3870789263
2023-04-23 16:50:35,79997.25634740028,20328.487402216004,280055.8067618502
2023-04-23 16:51:11,79995.3281102509,20289.003078149097,284613.08717307734
2023-04-23 17:58:23,79477.58283491193,23176.88696724117,309277.8121215798
2023-04-23 18:02:11,79431.69398159986,21494.614326754003,313507.0899514597
2023-04-23 18:07:11,79369.12362793,19557.394224719574,294633.223034786
2023-04-23 18:18:35,79218.11039494016,20881.53871263668,283767.4355683374
2023-04-23 18:25:59,79114.79284063318,20587.367396455673,313412.62691695895
2023-04-23 18:34:35,78990.64544347949,21534.7097235857,297439.25485349976
2023-04-23 19:49:35,77926.87140583519,20520.605077834567,292457.4648021381
2023-04-23 19:51:47,77901.53788501446,20072.622759709688,268720.42762529536
2023-04-23 20:23:11,77613.09546574195,20099.148907076753,314488.8101253856
2023-04-23 22:22:23,77937.77147155191,20226.910604538,301464.7213804096
2023-04-23 23:23:35,78490.55265829423,19780.17101330625,263638.68380715133
2023-04-23 23:23:59,78493.3817104575,20242.600150354174,305786.838407956
2023-04-24 00:03:11,78674.44453288945,20135.560404738317,308876.01297944295
2023-04-24 01:03:11,78550.69361948747,20971.867563385564,278965.5514673972
2023-04-24 01:04:35,78543.11511233615,20880.114868524633,298260.3865057626
2023-04-24 02:47:23,78101.09274801756,21023.6198633892,291578.4233165695
2023-04-24 03:07:11,78178.24195930443,20230.44426431197,315403.2445437929
2023-04-24 03:16:35,78246.0635626714,20278.399995703236,286627.1648607662
2023-04-24 09:41:59,81600.33359050233,21338.70966534501,300477.22871162195
2023-04-24 10:25:35,80675.28648907214,22336.187524165285,359047.0949421167
2023-04-24 14:26:59,79142.20638104933,19870.884806238846,290657.2996909797
2023-04-24 15:35:59,79641.5202745663,21632.241390759875,307762.4306517625
2023-04-24 21:41:59,78339.01142434179,21271.605687600124,321376.52298790053
2023-04-24 22:21:59,78749.56523991199,20852.38308077249,311533.1959873347
2023-04-24 23:18:11,79375.94099151835,22492.80444323693,292866.346631659
2023-04-25 00:30:59,79712.42947136697,19698.431070919538,292044.2015254462
2023-04-25 00:43:59,79692.83123207622,20937.084925095947,329895.3637356671
2023-04-25 00:44:11,79692.36310369842,18657.804132990383,286047.75619402836
2023-04-25 03:33:35,79608.12967092016,21153.87006651515,305198.94438411336
2023-04-25 04:23:11,80532.28341223473,21173.492076740094,284470.81438401964
2023-04-25 07:13:59,84412.88301745053,22628.25152488124,317168.41092411976
2023-04-25 10:26:59,81520.98133839504,21939.0264438302,330059.5721743322
2023-04-25 10:33:23,81380.1444553053,19655.751247065327,327198.1220635942
2023-04-25 12:33:11,79582.91143547742,20252.1489391541,322336.40963990765
2023-04-25 13:54:47,79380.63843902519,20272.006243859803,316625.03842559527
2023-04-25 13:54:59,79380.98785090227,20741.222053248777,281947.2522895357
2023-04-25 14:57:11,79612.80204825738,18552.45954608271,326524.2408403225
2023-04-25 15:29:35,79772.43862152008,21133.310348679384,297618.2127598891
2023-04-25 15:47:11,79847.29582988772,21458.13028734559,298209.97997637745
2023-04-25 18:47:47,78755.18178194112,18975.13133059534,299067.52348470775
2023-04-25 20:14:47,77653.04311643825,21346.76131640209,284086.9464119873
2023-04-25 21:21:35,77491.20338240554,20873.83313417008,308270.93467533425
2023-04-25 23:18:59,78415.07481430842,19696.229012592903,291036.4226962505
2023-04-25 23:42:11,78553.44522387133,19080.835164901706,283541.66002508736
2023-04-26 01:59:59,78093.97992512984,20977.235304863032,264867.5088927881
2023-04-26 02:23:35,77985.99903667493,17480.017460397397,298443.88480351056
2023-04-26 02:28:11,77973.48185568741,19857.10493085284,284489.25704887795
2023-04-26 02:40:23,77957.2859618236,18388.309278231314,265064.8028252842
2023-04-26 02:45:59,77958.95931089419,20689.300785429885,284899.63392620394
2023-04-26 03:10:35,78043.9601107067,20073.280868341884,264616.2757370853
2023-04-26 03:44:47,78396.00022287191,18679.57873704634,309587.1223573774
2023-04-26 04:04:59,78733.86401621962,20240.010356110197,304818.32772739127
2023-04-26 04:09:23,78819.37651709198,20712.631405876193,298653.21573259105
2023-04-26 08:26:59,82523.98206211072,20078.63811332302,299488.8063985456
2023-04-26 08:53:11,82095.23995373353,20010.289417712596,324202.22462642286
2023-04-26 10:13:47,80355.47597435495,19952.002431096844,287289.2608236187
2023-04-26 10:52:11,79563.92717796701,22343.394462101678,283572.2333189608
2023-04-26 11:03:59,79347.89308477755,21384.56773100272,319919.2644957
2023-04-26 14:32:23,78333.46828198232,21241.070713755467,283478.9644803253
2023-04-26 16:52:23,78926.5356768304,21548.968380921797,333756.12716933986
2023-04-26 17:16:11,78854.97161659179,19513.583790200813,287361.1046092841
2023-04-26 17:40:23,78703.65535629625,19329.596421397182,319717.2105645046
2023-04-26 17:52:35,78598.9427678674,19311.763818364365,304444.3502984243
2023-04-26 18:30:23,78177.8432118475,21163.928342958312,300921.0326126821
2023-04-26 18:41:23,78036.43298237128,22052.068761356495,303218.01598387334
2023-04-26 21:17:47,76873.3175715227,19808.337102025005,293304.5265336724
2023-04-26 21:19:23,76879.34613446186,20759.068358824876,290132.1580087842
2023-04-26 21:44:47,77024.12138204373,22524.031553594617,306917.37801480887
2023-04-26 21:48:23,77051.29806583219,20216.092367186437,276034.3454445609
2023-04-26 21:49:59,77063.83241659557,21806.47492013172,308712.0557874604
2023-04-26 21:50:35,77068.60260305373,19395.414396493852,312528.1725472004
2023-04-26 21:51:11,77073.41018997494,20748.46063796397,285588.14274093835
2023-04-26 23:59:47,78132.81183261232,19363.44551641784,300802.4866425092
2023-04-27 00:34:23,78135.01770170964,20175.92563470943,299986.1850751342
2023-04-27 05:58:11,81000.33742943386,21921.13013751863,297536.89322433
2023-04-27 06:57:59,82008.75158777181,17061.400318881017,322059.69705027353
2023-04-27 16:15:11,76548.47745801609,21644.857983281894,306811.98922660394
2023-04-27 18:25:47,75366.5430612849,21361.82846608993,310592.2125564364
2023-04-27 18:33:47,75236.0253674388,19983.220980913913,288548.7302918018
2023-04-27 18:35:35,75206.2271580001,20436.619740293714,312969.5598903927
2023-04-27 19:31:23,74276.90826303867,16951.059078582475,291862.06876104465
2023-04-27 20:04:11,73817.77569140629,20002.77969775735,295401.9066300311
2023-04-27 20:40:59,73472.81444348795,17553.138852322005,270990.3870561014
2023-04-27 21:00:35,73377.4780289738,20300.11078701599,274553.2726977175
2023-04-27 22:26:23,73576.97757986143,19636.403808966792,282575.1119097218
2023-04-28 03:57:35,73176.6773624206,22080.243622677724,282864.5150876556
2023-04-28 06:06:11,75778.23233677019,19955.144560593122,309963.2809208448
2023-04-28 07:12:59,76563.59190378188,18970.327541221843,287557.48265494895
2023-04-28 07:17:35,76576.00404136548,19163.16641228036,296461.942228242
2023-04-28 07:23:11,76583.21948128437,21412.01718033141,273541.7606207074
2023-04-28 10:00:59,74150.45639196133,18974.705958220744,288170.82918801386
2023-04-28 12:02:47,72007.95143201409,19393.844910603668,250427.76269741062
2023-04-28 15:21:47,71946.70498085332,16714.78578324358,253146.556907748
2023-04-28 19:48:47,70789.3837957226,17402.32842641104,262380.19888352725
2023-04-28 22:25:35,71290.60726611984,19033.297699896757,263285.5628399237
2023-04-29 04:50:35,74560.6455379278,18884.65593415565,265163.1174968056
2023-04-29 05:53:59,76455.4062851289,18421.090632117262,303409.26289561245
2023-04-29 09:19:23,77474.87504600066,22203.303771230316,304161.226399425
2023-04-29 09:28:59,77320.27141418323,20018.575486334892,290639.8548632636
2023-04-29 09:30:59,77287.39915570863,20227.453142208222,288689.7943358164
2023-04-29 12:05:11,75277.4567596901,20007.29307933279,287323.4584010029
2023-04-29 19:35:47,75799.15117299545,19900.680300972454,303294.9607198952
2023-04-29 20:35:23,75520.67993239936,21293.979016791705,263323.856085625
2023-04-29 21:36:35,75800.86852988855,20181.071401586032,288605.1350891745
2023-04-29 23:17:35,77009.42870551454,20814.118391313015,296114.94356439187
2023-04-30 00:44:59,77453.34364238691,21124.473201685727,286237.80275787576
2023-04-30 01:00:47,77425.61606948829,21616.401482159607,297398.06383075344
2023-04-30 01:04:35,77415.45062997077,21673.20656188252,312418.6284656541
2023-04-30 04:47:35,79216.41267147115,17137.49713222452,290841.6419839846
2023-04-30 04:53:47,79391.19351672068,19667.434749779,299851.72431199026
2023-04-30 05:15:35,80025.48664767608,21460.421126400648,323543.9795516089
2023-04-30 06:28:47,81956.8097783723,22060.1109335275,303080.6125918513
2023-04-30 06:34:23,82066.49148648993,21053.419570520353,280202.7786980041
2023-04-30 06:34:59,82077.77900704174,20490.381994356172,325468.577075223
2023-04-30 06:56:35,82419.85597489575,21058.550975683494,355881.7424197154
2023-04-30 08:12:11,82536.73102353622,22167.460816150637,307931.04889177176
2023-04-30 13:30:59,78237.15005827507,20995.001072634608,286627.3695560098
2023-04-30 14:10:35,78363.0412359452,19574.50499884582,268882.5240275892
2023-04-30 14:46:23,78572.67241516884,21551.966440764285,300746.38300983986
2023-04-30 15:07:11,78715.50583252725,21184.050709762858,275018.74955997075
2023-04-30 16:53:35,79177.54311717232,18788.972805605492,326649.2152835665
2023-04-30 16:57:23,79173.78140466573,21398.53342885187,310144.02235941123
2023-04-30 17:16:23,79126.08593905518,19711.761873079457,316037.5199198704
2023-04-30 17:54:35,78886.45369494871,21434.86442954549,301935.94727817096
2023-04-30 17:54:47,78884.7320346169,20665.78306373612,296949.2171571909
2023-04-30 17:57:35,78860.17253400783,20935.61283406646,288074.314512409
2023-04-30 17:58:47,78849.39047482236,20571.19990037201,321480.725987181
2023-04-30 19:18:47,77937.90395491547,19815.543025238843,317928.4104116387
2023-04-30 19:56:47,77557.64294306509,19564.016526845917,285782.90633775626
2023-05-01 00:41:35,79146.84225869366,20316.26541561644,289255.8565404067
2023-05-01 02:33:47,78905.94943376645,22860.13567124627,302533.1375694384
2023-05-01 03:37:11,79462.77313782393,21654.610663103314,311246.2196917617
2023-05-01 10:41:47,82616.81518727647,22187.433012547535,326846.4914295568
2023-05-01 12:37:59,81519.7361387694,19708.235249594618,324565.44708466396
2023-05-01 12:42:47,81513.43821849828,22621.808348264687,342535.12094007793
2023-05-01 13:49:23,81718.1876698163,23423.345817695954,335505.63342937577
2023-05-01 13:50:11,81723.59819384923,20655.11459099301,312282.79584070377
2023-05-01 14:25:59,82019.99155523776,23382.478609341793,321078.7447024096
2023-05-01 14:57:23,82341.55655642238,21202.658551529406,314474.9927600351
2023-05-01 15:02:11,82393.18081951668,24144.538497827172,292652.50464148313
2023-05-01 16:57:23,83308.42703115712,21746.145945653374,326936.84240687557
2023-05-01 17:54:23,83196.43773592912,23257.127227258912,314292.2287006575
2023-05-01 18:39:11,82839.46723242154,23296.890446104746,319180.29928602854
2023-05-01 18:51:47,82716.90591081166,20766.0651067633,311464.45525576413
2023-05-01 18:54:23,82691.24675579614,22580.302563914145,291771.34375678096
2023-05-01 18:55:59,82675.43783904576,23228.90361005214,334817.13865115144
2023-05-01 19:00:23,82631.98000304229,21604.144277193398,354381.9045935242
2023-05-01 19:04:11,82594.58976253275,23383.1129829405,316073.3346235974
2023-05-01 19:51:11,82195.09726147978,23589.344814568864,302266.4016148741
2023-05-01 20:15:23,82081.68811023292,21779.57063456617,322445.14485863934
2023-05-01 20:22:59,82064.70253113903,20494.78229822433,322007.5548469709
2023-05-01 20:55:47,82107.86082658975,20318.023138373857,326194.0780474853
2023-05-01 21:03:35,82146.87390789331,21822.103489684447,365093.8582335053
2023-05-02 01:09:35,84456.2149734956,22197.359641039482,334870.6692663492
2023-05-02 02:48:23,84407.2051608873,22031.40589097765,322671.062190766
2023-05-02 04:25:11,86115.76663828507,22904.76760262611,314930.41686784005
2023-05-02 05:02:47,87307.15510879594,23187.606146586033,332114.9802978147
2023-05-02 05:18:23,87836.48386668168,20971.332064045735,348098.18055349926
2023-05-02 05:45:11,88734.87010786659,24360.352310378406,337783.0617113699
2023-05-02 06:03:59,89321.34807805339,23904.478664513877,376443.74845225853
2023-05-02 06:05:23,89362.7129037583,24385.143632618816,372056.8747089068
2023-05-02 06:51:35,90467.58678806246,24534.698935130844,336152.3939786581
2023-05-02 07:01:11,90620.66389468261,22169.982058097878,320846.2687255691
2023-05-02 07:03:47,90657.01307079634,23356.24290617059,358995.74577123165
2023-05-02 08:02:35,90882.15412534543,23062.505005729556,331501.96580755716
2023-05-02 09:17:35,89804.41790054242,23910.874366665754,333120.8995804406
2023-05-02 09:55:11,88988.96258369468,23684.935343702484,362996.1741800409
2023-05-02 10:27:11,88296.82076419813,23377.212112404322,328797.31302790437
2023-05-02 10:28:47,88263.68071401097,26539.502488698392,320034.4611626417
2023-05-02 11:06:11,87557.16589757771,23239.41026947428,365117.20294581156
2023-05-02 11:55:59,86883.55703160515,24197.886457824323,343600.80892049
2023-05-02 12:05:35,86793.87092317961,21496.672476062824,319419.71904464654
2023-05-02 12:21:59,86671.42399010336,20790.740434393483,320161.45447222464
2023-05-02 12:24:35,86655.55588589371,23392.26997255312,343855.56744466897
2023-05-02 12:28:23,86634.09396053058,21929.8446862148,335877.8837645205
2023-05-02 12:28:35,86633.02110442643,22827.353387893105,343082.03233968874
2023-05-02 12:29:47,86626.70274607313,21816.705333489106,307293.408457534
2023-05-02 12:30:35,86622.60348805261,20207.954476178085,347483.6277676499
2023-05-02 12:35:11,86600.77984058628,25016.586442495813,305613.7431269241
2023-05-02 12:36:47,86593.88358574435,21010.848914978327,358152.00751109037
2023-05-02 12:46:59,86558.24729574773,21068.599255410663,307755.42579768534
2023-05-02 13:27:35,86551.68849109217,22899.091974167342,315072.3112407922
2023-05-02 14:23:47,86839.02586471333,22953.250395455267,345802.4676952922
2023-05-02 14:46:11,87017.82828988272,22929.086245183527,343904.2203490967
2023-05-02 14:51:11,87060.4442819299,23393.53853296442,306254.66459106904
2023-05-02 14:57:23,87114.10726988288,22440.787965945892,377865.5619900643
2023-05-02 15:06:59,87198.19406045323,23056.202407476983,294825.8596220945
2023-05-02 15:07:47,87205.22026509403,25230.77882340779,355788.37486979587
2023-05-02 15:08:23,87210.4894057149,25681.223465994124,338724.73953362793
2023-05-02 15:10:47,87231.55429093321,23894.06685220204,339732.56786635827
2023-05-02 15:51:35,87565.73725024822,21594.85015209039,348395.40266166517
2023-05-02 16:09:11,87678.83383463828,22408.59749575491,342118.8624621926
2023-05-02 16:15:47,87713.68172532301,23031.961219139066,351883.8073013915
2023-05-02 16:18:47,87727.96969970113,22185.34432824327,341408.92445388477
2023-05-02 16:23:47,87749.49762932464,24316.585716901456,322878.41283674206
2023-05-02 20:30:23,85926.68297139149,23885.328426208514,286263.090218065
2023-05-02 20:49:47,85907.48533750317,22698.15370747118,354089.7417219426
2023-05-02 21:05:35,85945.4130158379,22429.430776648005,335461.1368631634
2023-05-02 21:40:23,86188.07586796599,23359.869156251276,335379.0761613791
2023-05-02 23:57:35,87788.34749565893,22873.9025255703,306660.9107935957
2023-05-03 01:31:11,87739.70400473732,24112.557088649817,332731.3736766434
2023-05-03 02:39:11,87600.10242730388,22856.472426075026,325094.6688234197
2023-05-03 02:39:59,87602.42197319707,22256.205208652744,343940.17333842756
2023-05-03 02:42:47,87611.60660829255,22948.163746283004,345299.35458372976
2023-05-03 03:24:47,87975.44320801218,20499.224311290163,337998.12474963034
2023-05-03 03:35:59,88150.9583656506,21744.40134318009,339299.192700357
2023-05-03 03:41:23,88247.80960332809,24827.5278366012,352787.19644605834
2023-05-03 05:00:47,90448.35765569577,25848.074569639353,371817.2039050748
2023-05-03 05:00:59,90455.17947303134,23841.909910713835,359269.56598201167
2023-05-03 07:25:23,94170.57280620001,25826.60565619259,343934.36711354344
2023-05-03 07:26:47,94179.53442868048,24337.67838833196,331754.49952978856
2023-05-03 12:12:59,90073.42017614182,21601.218563367536,311885.09554668685
2023-05-03 14:06:35,90212.98862596253,21822.885014496776,365690.91751483997
2023-05-03 16:09:59,91407.19757837096,24789.07005588502,324810.51728134346
2023-05-03 19:59:23,90113.99616558422,26664.99683343467,359745.15013823815
2023-05-03 23:01:35,91511.9423479517,24604.62935966878,321505.5448802219
2023-05-03 23:45:11,92037.00324636907,26277.434310447297,396405.75001188443
2023-05-04 00:02:11,92165.09846214853,22270.332110166462,329738.27318789036
2023-05-04 00:05:11,92182.51102466426,21732.561011207632,339862.3736402764
2023-05-04 00:38:35,92271.75807498736,21172.257912921465,333379.97585000086
2023-05-04 01:02:35,92232.0098983515,24969.283506508928,367206.3487628212
2023-05-04 01:16:59,92179.35578205306,22605.24965715254,320380.31327893183
2023-05-04 01:55:47,92008.44734703907,24018.553813136776,340011.750097076
2023-05-04 03:31:23,92435.0257748301,22822.480177778278,329522.24177344306
2023-05-04 03:46:23,92707.62907419728,27054.361117448574,366344.50287464936
2023-05-04 05:14:23,95312.33220206978,26362.72854394787,384142.3344762886
2023-05-04 11:27:59,93889.95878917104,25771.36113399067,361979.59710937145
2023-05-04 11:29:59,93854.34254722236,26713.38341064116,347933.54356998805
2023-05-04 15:26:59,93282.24288397243,23485.80307712357,341426.71368132206
2023-05-04 16:24:35,93479.05602254518,26390.755465134993,382490.6007068123
2023-05-04 18:27:47,92394.32987707458,23987.193253162775,324049.28942703863
2023-05-04 19:03:23,91768.55097044606,22740.369548950894,337872.2142492947
2023-05-04 19:29:59,91310.83981208855,23680.244767017335,354007.1370110153
2023-05-04 19:48:23,91028.27305469655,23681.200220697097,328703.4533076659
2023-05-04 19:49:11,91016.90542737396,21812.222422745373,340011.8095683
2023-05-04 19:58:23,90892.62570320122,24145.84237218851,322620.8196065718
2023-05-04 19:58:59,90884.95341692936,25620.574062964533,358341.96594154596
2023-05-04 21:01:47,90442.73637683333,24034.620512487916,357952.05110922345
2023-05-04 21:06:47,90440.86704886702,22423.40973387951,349048.34395822533
2023-05-04 21:08:11,90441.22129251984,22518.950537883728,329328.44232238544
2023-05-04 21:08:23,90441.30297468061,25867.69995988344,332705.9079009432
2023-05-04 21:13:59,90446.70953158969,23345.440585930828,378229.81202856876
2023-05-05 01:05:23,91373.27026580696,23348.532739406557,362867.64419171255
2023-05-05 01:07:23,91357.05148591234,23542.78430416399,371490.8033587866
2023-05-05 01:07:47,91353.769945339,24090.65877482453,344763.9548252964
2023-05-05 01:44:11,91028.92793632757,22405.01310081766,379011.5282167759
2023-05-05 02:02:35,90875.76254690524,21848.467237661673,391172.60981306864
2023-05-05 03:01:35,90720.54140722523,23286.56665052499,331573.0466659323
2023-05-05 03:02:23,90723.6847266362,23661.718381174276,368022.00723532186
2023-05-05 05:00:35,92998.16465492811,23588.216225003995,392548.2013447244
2023-05-05 08:47:59,95337.92009331108,23399.256403286174,340452.6331186006
2023-05-05 13:36:59,90750.52133829062,25366.147678417234,338758.8594090524
2023-05-05 13:50:59,90799.56922643307,24218.526707062796,343302.0784946215
2023-05-05 14:03:11,90859.74548666686,21670.116830128616,360184.8028485864
2023-05-05 16:15:59,91908.24420091556,21375.43641690898,328582.4050752848
2023-05-05 16:32:23,91984.06525330908,23604.479321313596,346974.1489656917
2023-05-05 16:32:47,91985.50532450993,24594.99048612238,359412.75180702965
2023-05-05 16:33:11,91986.92481413693,25015.125062434487,366747.5481931542
2023-05-05 16:39:23,92006.2438834024,20772.737635781992,340157.4292826182
2023-05-05 16:39:47,92007.31400492221,21877.984661502305,361778.8253027522
2023-05-05 17:01:11,92031.55126819068,24097.077557881985,384184.8540991738
2023-05-05 17:19:23,91998.54932396495,23951.172748467965,367475.6072639995
2023-05-05 17:24:47,91979.07960597092,23615.103703320536,360965.3932952603
2023-05-05 17:33:23,91939.0699491004,21574.751252468475,376435.660014397
2023-05-05 17:55:47,91785.76563614853,24705.059067018632,340940.70165082556
2023-05-05 19:57:11,90497.41068771813,23993.110415137624,366159.3769846261
2023-05-05 20:33:11,90361.0072371976,23098.533243186514,320384.5625202647
2023-05-06 00:23:11,93049.65249303594,22412.02805826726,351178.10165857256
2023-05-06 01:57:59,93082.712405134,26660.18831955089,358514.45058830414
2023-05-06 05:29:47,97909.38477390065,27033.59150648156,385067.90337484336
2023-05-06 07:18:11,101160.86773435611,25792.68234701676,384393.9705692672
2023-05-06 16:51:47,99959.40907614543,23966.587843258814,393462.63221858774
2023-05-06 18:06:59,99733.17207667536,26960.336508727316,390079.24974266766
2023-05-06 19:38:35,98689.23275737975,24807.41730743946,415895.48816877836
2023-05-06 19:45:47,98619.99307152678,26682.437358103667,370433.39829904697
2023-05-06 23:43:11,100629.33822078344,27688.921063483172,440588.8735509371
2023-05-07 02:10:11,100519.14226359547,26954.861535396758,389690.34401865205
2023-05-07 02:39:59,100505.34575791575,26178.693920711587,408888.6356183043
2023-05-07 03:05:47,100656.04253424138,26082.917157338787,379046.62230519456
2023-05-07 04:25:47,102346.33005924129,24362.05789706214,413087.57227483805
2023-05-07 07:48:47,107449.66028608193,29839.425497677228,448047.72802289575
2023-05-07 08:05:35,107320.04581892428,25535.74427165559,413156.8760326269
2023-05-07 08:06:35,107309.18668309315,26910.68807715013,370765.90735818393
2023-05-07 08:10:35,107262.3825218768,27443.305642954714,380671.0695529257
2023-05-07 08:15:35,107196.49099395491,25079.828871009257,424558.7543858838
2023-05-07 09:26:23,105602.91786059478,24304.67396204908,401116.9391181205
2023-05-07 10:06:11,104452.063108452,27259.26839514742,405962.41181940056
2023-05-07 10:36:35,103604.68109407024,25660.140010303938,351037.5683802441
2023-05-07 18:18:23,101309.452467178,27191.41397787219,400368.15213526186
2023-05-07 18:26:11,101182.45202399215,29514.926163860946,377028.00244437926
2023-05-07 20:57:47,99310.7250516542,25086.16798460482,384899.2488446084
2023-05-07 23:03:11,100541.0767837944,25724.168924578495,385097.8803888554
2023-05-07 23:04:35,100558.4114235964,26150.32239644819,400067.3312078516
2023-05-07 23:40:11,100921.25793096659,25578.395211628405,398621.5064651669
2023-05-08 01:26:47,100782.96223384625,28093.380360419287,388184.4158431237
2023-05-08 01:35:23,100718.7046383416,23370.880713015307,423234.27873409534
2023-05-08 02:26:59,100437.83168647003,27665.874441410186,385249.80728922173
2023-05-08 02:27:59,100436.15785824212,24924.403414925466,374178.10383353825
2023-05-08 02:43:11,100437.7922131972,25544.351638838933,428329.2676959608
2023-05-08 03:07:11,100560.3614732962,26305.341379477162,376555.09655430244
2023-05-08 04:05:47,101584.84738764165,25366.828627769883,398698.82758807205
2023-05-08 04:06:35,101605.92105415954,27058.496872248754,360174.7472526174
2023-05-08 04:19:35,101971.88257464378,28067.46037530283,400408.25120446406
2023-05-08 04:34:35,102443.64938008087,26119.98310926023,383422.16774993704
2023-05-08 04:38:35,102577.12672444824,27076.556398695633,407702.5596884184
2023-05-08 06:56:35,106947.7400861565,28075.682591988865,349280.71494407626
2023-05-08 07:16:35,107194.80401366338,27307.139010911236,391068.36758610845
2023-05-08 16:57:59,102768.03959678205,28470.625986308503,443048.11570588447
2023-05-08 16:59:59,102763.57402466226,25719.88379620505,417549.4439183232
2023-05-08 17:01:11,102760.55530223333,24440.10576529579,394007.2866181243
2023-05-08 19:07:59,101245.58597433868,29256.5461006283,380111.2710337501
2023-05-08 19:32:59,100848.80345420887,26116.562544768472,361003.46414417116
2023-05-09 02:18:35,101208.92119213252,30363.421637904572,413974.39709400554
2023-05-09 02:46:23,101150.08956174602,28522.137389626692,402820.07741374336
2023-05-09 03:12:59,101273.2781226225,25799.106126813447,374673.41072091385
2023-05-09 03:22:35,101368.10624984813,23827.383227988415,329631.0487571415
2023-05-09 03:46:35,101728.15623658407,23666.117288214347,374171.2215800852
2023-05-09 03:51:59,101833.13784516326,27642.950465266094,376534.60828752443
2023-05-09 10:38:11,102718.19632486528,27080.42914165886,373832.20057520235
2023-05-09 11:09:47,101847.72372133538,27491.572326854774,394018.07948912145
2023-05-09 12:02:47,100724.08609434079,25485.624327162812,372937.55562899826
2023-05-09 12:09:35,100613.53264997015,26964.773889086064,399705.8932596873
2023-05-09 12:46:47,100144.08013492542,26027.439968028066,374296.913409255
2023-05-09 14:27:59,99853.9234303506,27042.720440351455,411285.50403460715
2023-05-09 15:14:59,100003.67446777372,25715.160620012426,367571.2910484318
2023-05-09 15:35:47,100068.7360705988,26117.232766607125,386408.8429460658
2023-05-09 17:23:59,99686.1775827095,27221.86035635557,389183.5957962492
2023-05-09 18:38:47,98390.7026795737,25213.51244814885,346414.1143637341
2023-05-09 18:48:35,98182.1472626543,25005.49329560328,422433.63198327407
2023-05-09 19:32:23,97265.66380248292,25137.540019764656,365856.94146567513
2023-05-09 19:37:59,97157.99718222368,26062.218351039966,402699.3748051348
2023-05-09 19:49:23,96950.71930593657,26089.23844485828,356404.17390151153
2023-05-09 20:00:47,96762.2849514738,22377.23936959561,322707.81554506195
2023-05-09 20:06:11,96680.50615479823,26893.137033609637,376867.53575923096
2023-05-10 00:27:47,96929.27022832571,28436.977956518567,391450.93691215187
2023-05-10 02:53:11,95636.85864410904,27804.712917360463,352510.79431464593
2023-05-10 03:26:59,95771.54237287553,27778.299063185834,376292.0935151106
2023-05-10 03:34:47,95849.453495796,25475.442040964794,364978.63271882694
2023-05-10 05:25:35,98471.46130730766,26740.03693684854,378420.2721344581
2023-05-10 07:20:11,100624.85258094802,24055.470864665884,442189.9052351941
2023-05-10 08:41:59,99587.0243145042,26882.86846689739,365237.48473155464
2023-05-10 12:25:11,93913.3518603747,23243.10109896778,354079.8450742432
2023-05-10 13:16:47,93463.13633198573,24573.946145489655,336517.62014469475
2023-05-10 13:29:47,93408.60082427047,23909.450579940225,340859.0085041151
2023-05-10 13:37:59,93385.01968102845,22949.222025951567,356403.6760326061
2023-05-10 13:54:35,93360.7194636166,26136.72114561458,381410.8714197419
2023-05-10 13:55:35,93360.1870590788,23733.324577813368,318805.59315031837
2023-05-10 13:55:59,93360.00206234369,24383.4284467197,359376.87430232373
2023-05-10 13:56:35,93359.75432153663,23259.422741572194,381580.19380331965
2023-05-10 14:11:23,93364.2948966593,23635.53296053693,346590.8428318181
2023-05-10 14:13:47,93366.8217348679,23242.41155277461,343471.53331742116
2023-05-10 14:18:59,93373.83483510774,25369.923030433183,372546.61081994337
2023-05-10 14:36:35,93411.0041795042,24744.44792553498,359363.54608819267
2023-05-10 14:39:23,93418.49556046103,25056.61545268608,382278.78412875766
2023-05-10 15:09:59,93515.50156728522,24756.55406823948,351326.82436145825
2023-05-10 15:51:11,93628.14106983294,25805.82989724711,376696.00426062103
2023-05-10 16:01:35,93640.4305530666,24199.05833486238,363547.95419325953
2023-05-10 16:43:23,93568.75586394443,23663.73280346065,386649.24525994726
2023-05-10 17:05:35,93430.26793314237,21759.77678495424,352676.28461999516
2023-05-10 17:21:47,93279.45032885579,27543.878953365704,412586.8124307191
2023-05-10 17:27:59,93210.5482184853,24841.326951734412,348764.5575555716
2023-05-10 17:39:23,93068.1414759026,23525.837388012358,348695.7789207671
2023-05-10 18:04:47,92683.5604843123,26716.793727693894,366295.6438985311
2023-05-10 18:57:35,91686.40911319737,22479.30080184517,345845.5263023926
2023-05-10 19:03:47,91563.11731984733,21078.985352546693,380888.3261540127
2023-05-10 19:30:47,91044.12465666073,25122.013638556386,357150.2305883568
2023-05-10 20:34:47,90153.83171218687,23981.118530208194,350985.49856152484
2023-05-10 20:43:47,90086.30641201673,22090.085162720556,316878.3684674741
2023-05-10 20:53:59,90029.31021826914,25154.056497457004,359027.03237117623
2023-05-10 22:16:23,90226.42183406309,24207.07709977431,373688.7144007876
2023-05-10 22:32:59,90351.98668055219,25128.742304088883,369999.6902954497
2023-05-10 23:08:59,90608.91591863488,24159.112114520074,334949.6126430163
2023-05-10 23:25:47,90693.23202768959,23833.52000622438,323819.4998941645
2023-05-10 23:26:35,90696.37825927808,25513.904733196516,360369.55103091226
2023-05-11 00:07:59,90724.036404554,22558.101217172007,364366.2617570179
2023-05-11 00:42:23,90528.5139412023,24210.661070831695,353270.0941673322
2023-05-11 00:57:59,90382.2730944549,24169.424536111368,345878.1330951624
2023-05-11 01:19:47,90137.21900265715,23222.798210404355,379200.53491410933
2023-05-11 01:51:35,89751.72612134111,22507.495008220147,368559.6328897379
2023-05-11 02:00:11,89653.58882349079,23016.32289781355,344149.6290034828
2023-05-11 02:19:47,89458.29325672628,21928.14869442328,342718.04284735676
2023-05-11 02:45:47,89293.22191871438,21089.943384778257,323717.08468233614
2023-05-11 03:11:59,89276.4307167906,22877.410427259336,320419.7197809286
2023-05-11 03:18:23,89298.70144909968,22042.18257917894,360657.509391239
2023-05-11 03:22:23,89318.13586186248,22844.710565504207,314486.5796633617
2023-05-11 03:25:11,89334.2854725439,24906.028067711708,349969.56879097025
2023-05-11 03:25:59,89339.2858571185,27272.66962626312,301282.07520307455
2023-05-11 03:39:59,89454.59695708829,23556.82746994527,340850.45666521054
2023-05-11 03:42:11,89477.47582857426,22276.908520057616,362202.77409277135
2023-05-11 03:42:47,89483.93758494307,21924.385091335764,308589.21880758874
2023-05-11 04:07:59,89838.09890725232,23690.48674775458,312124.1968785479
2023-05-11 04:37:59,90442.88464798602,23916.28578591631,303074.60372570297
2023-05-11 04:40:11,90493.3803313831,23026.27873671046,325204.2180411381
2023-05-11 05:29:23,91721.4048471,24257.046253088298,332765.44169488864
2023-05-11 06:18:23,92802.90964343186,24108.038278590615,360333.933571924
2023-05-11 06:49:35,93210.92007778096,23094.487444036586,358023.6838396543
2023-05-11 08:34:47,92253.22888387193,23319.784231532973,370975.66583862697
2023-05-11 09:24:47,90808.74594135968,23308.168277174856,341387.34265076055
2023-05-11 10:31:35,88653.95260901086,22084.547801639015,346378.05411892646
2023-05-11 11:54:47,86482.7865505549,20871.97238735717,336470.8697611816
2023-05-11 11:56:11,86454.2458317543,22051.780541959157,351971.7362226107
2023-05-11 11:56:59,86438.06396962634,21446.663319685325,330823.7103445418
2023-05-11 11:58:23,86409.96821676989,22440.082681858163,323748.78416247485
2023-05-11 11:58:47,86401.99287717392,21218.449358704092,320042.3203783725
2023-05-11 11:59:11,86394.04065746977,21127.29242896086,318703.5045398239
2023-05-11 12:04:23,86292.76524188876,22745.97579432151,309280.5919132863
2023-05-11 12:04:59,86281.33086812543,22418.503223065763,324865.8664063511
2023-05-11 12:05:47,86266.16583425265,23658.840722035406,337963.55799387675
2023-05-11 12:14:11,86112.49653079858,23054.625786332646,299950.9998357352
2023-05-11 12:22:11,85975.53964392311,21414.791799387654,303203.738933965
2023-05-11 12:22:47,85965.63479775692,21592.991668904706,339558.0467527768
2023-05-11 12:46:23,85615.85016504306,23091.36137157214,330871.9254789163
2023-05-11 13:31:11,85151.01190311303,23051.270651535368,342614.01753639354
2023-05-11 13:55:11,84994.58651047859,21537.018240696554,324702.14622122166
2023-05-11 14:13:23,84910.20613558251,22597.584540688,315962.8528278653
2023-05-11 14:20:35,84883.48097006042,23483.204780348853,318651.77184658847
2023-05-11 14:21:35,84880.02752830235,23482.592248122495,341322.3182642093
2023-05-11 15:17:47,84742.54396619427,19532.053422452867,334913.7622324534
2023-05-11 15:25:23,84724.97478512254,20385.02756015767,313093.0521614157
2023-05-11 17:01:59,84117.88059062054,22313.029274000524,319132.0136766365
2023-05-11 18:16:59,82829.17785166016,19734.056055034405,359151.80952638574
2023-05-12 02:17:11,77893.84295699357,20788.49880695122,292200.8445922377
2023-05-12 02:32:35,77733.00762096979,20930.14739398548,279691.59313633636
2023-05-12 02:37:47,77687.46309091826,20633.84366671664,279266.1055918104
2023-05-12 05:52:35,79677.86358645456,22485.01047972718,323753.37153097574
2023-05-12 09:04:11,78713.88781763359,20208.782022352472,271035.6370494063
2023-05-12 09:09:35,78571.92932903495,20941.997907166227,278651.1346263238
2023-05-12 14:57:23,73458.24233439968,18379.904506876228,280641.8882124978
2023-05-12 15:09:47,73474.20004007178,21425.862716907643,263921.4046107968
2023-05-12 16:42:59,73427.07219109827,18090.224960031126,281352.226150646
2023-05-12 22:28:35,71088.10979943485,18060.346125831933,277328.77379382437
2023-05-13 04:07:35,71771.81704553554,18180.66166698946,265460.6418419398
2023-05-13 05:36:47,73854.90867892093,19337.73772742606,266129.9813763125
2023-05-13 05:53:11,74251.5319252839,18524.54283225662,280792.68227106915
2023-05-13 07:42:23,75573.65837162347,19480.924991590127,292408.0874695532
2023-05-13 08:21:23,75308.10489955117,19598.38145799576,281225.05461556144
2023-05-13 12:03:59,71596.76706237812,20125.97283064387,289434.2672269567
2023-05-13 12:30:11,71395.88858981701,17734.01797616282,278029.3505111589
2023-05-13 14:58:11,71521.2534831755,18478.54807509558,269798.2659364297
2023-05-13 15:56:11,71795.77648621959,18715.033539834953,244945.47174068712
2023-05-13 17:23:11,71729.90877411872,17552.862181811273,275393.2626024347
2023-05-13 17:30:47,71681.51380951898,19300.36849348974,303496.8721980418
2023-05-13 18:14:59,71270.71720833288,19393.66080323578,259357.5772530448
2023-05-13 19:46:35,70136.58300497769,19255.59165464443,252752.3821469124
2023-05-13 21:05:11,69702.44099560974,16614.384504115642,256485.1564191674
2023-05-13 23:27:35,70543.50865060143,17978.4130024784,241158.19202940067
2023-05-14 04:25:35,70741.67449333653,17984.141643776467,282658.71382851986
2023-05-14 04:42:47,71078.7824889174,19503.679328418573,270969.63318228273
2023-05-14 08:23:47,73165.54946643709,18024.053013727025,284206.33033739234
2023-05-14 08:47:59,72758.85461216669,19082.553075293396,281803.8726728507
2023-05-14 09:43:59,71555.51551594476,19125.83122776895,287460.0043877563
2023-05-14 09:44:11,71550.91702941278,20493.351921036432,289887.6985809188
2023-05-14 11:43:59,69165.43665633109,19213.716426328545,266151.7435135315
2023-05-14 12:11:47,68812.82554585066,18149.146268987948,264500.7688508475
2023-05-14 13:14:11,68343.18025922746,17869.96514699018,254087.24994955733
2023-05-14 13:16:47,68332.6161050516,18177.757203122932,255587.66483298657
2023-05-14 17:06:47,68273.73026136447,17752.987314776652,251461.9211009541
2023-05-14 18:59:23,67008.4915330346,15679.550603873933,254967.36769113885
2023-05-14 20:52:35,65899.90372244315,17692.499074387066,253778.89757014625
2023-05-14 20:53:11,65898.32059170943,18353.272507604644,264640.72518690286
2023-05-15 00:52:35,66543.13517956645,17503.24911487101,249094.47916789167
2023-05-15 03:21:59,66097.06682403,16532.408663101098,256128.53060309976
2023-05-15 03:58:47,66489.22367660116,17069.013308132624,260544.35475243337
2023-05-15 05:07:35,67824.93733872012,16553.442111829423,272482.2452185996
2023-05-15 15:35:47,66350.77960884626,17397.1032209941,259493.1248839854
2023-05-15 16:52:59,66513.7914563626,16341.824660699598,270025.97432719916
2023-05-15 17:08:11,66479.31717948357,16656.313191190613,265687.7899651931
2023-05-15 18:04:11,66130.40525218369,17759.10575236881,247332.0018916569
2023-05-15 18:10:11,66074.73590795917,19353.098282524323,291214.0021632132
2023-05-15 18:31:59,65851.72807853011,16526.113877584132,284575.09190896945
2023-05-15 18:33:23,65836.53116967654,16104.216773486325,252853.94131146427
2023-05-15 19:25:23,65258.09942604053,15918.735045201634,251481.79426892093
2023-05-15 19:37:11,65138.3415634032,18279.47220128395,245742.74796564603
2023-05-15 21:11:11,64732.94490101628,18984.868670391937,263145.0214928119
2023-05-16 00:04:35,65808.54917584002,17235.336204467294,262016.22284400076
2023-05-16 02:13:23,65340.892976650095,16943.883754449602,229964.66230668416
2023-05-16 02:17:47,65325.64282581117,18002.770640086448,244899.97072051835
2023-05-16 02:37:23,65285.74936253682,16497.642125671504,264930.03280508565
2023-05-16 05:23:11,67505.14748567258,17896.580336276318,243649.29637490492
2023-05-16 05:23:35,67514.13382818425,18560.72258334697,272196.84310790413
2023-05-16 05:49:23,68077.37208876124,18027.196415992956,256625.45839657605
2023-05-16 06:06:47,68422.27710119747,18444.47172211497,252618.10638922403
2023-05-16 06:09:23,68470.23599065654,17841.580309519002,243752.80501067848
2023-05-16 08:00:59,69136.5010838963,17423.385032126505,260542.1161947128
2023-05-16 08:30:35,68820.31932786669,16499.50546878229,265587.18062343047
2023-05-16 09:50:11,67379.02618287657,17543.711315141238,270889.8726677094
2023-05-16 09:50:47,67366.81120916897,17366.37138499898,288260.0319850768
2023-05-16 10:08:47,67002.10839102499,17827.865556843826,225264.1616138608
2023-05-16 13:02:11,64766.543393147644,17454.28886996566,239593.2262712552
2023-05-16 13:02:47,64764.12615696682,17432.129954080017,237424.16065539626
2023-05-16 13:03:11,64762.53401650308,17089.698358209887,257409.1535013441
2023-05-16 13:05:23,64754.05276741863,17623.2711991425,253711.94153755583
2023-05-16 13:06:59,64748.17576884189,17801.31854005133,255247.70078790915
2023-05-16 13:07:35,64746.03472268579,16535.029386200873,257329.54875578138
2023-05-16 13:49:59,64675.161947373286,16600.666618809137,249566.1283322055
2023-05-16 16:11:47,64971.08636662725,16883.234068112662,243898.5633550506
2023-05-16 18:51:35,63815.48347863515,15585.968702183258,243520.05761164645
2023-05-16 21:24:35,62690.00035676818,16715.34658196248,204076.14797960687
2023-05-16 21:43:47,62748.37443265308,15579.198403803368,246393.2235214031
2023-05-16 21:53:23,62791.60841116691,17432.110562526403,248365.27857820631
2023-05-16 22:42:35,63095.80115663393,16337.155655612032,260865.20962926236
2023-05-16 22:43:59,63105.08759745008,14998.923704443676,232751.40031773885
2023-05-17 06:28:35,65963.6001320975,18063.186256182667,293281.7083315667
2023-05-17 12:11:47,62532.99495273172,15529.216505863462,272886.5294235722
2023-05-17 14:35:23,62310.5350667499,15438.633732476485,222394.00615590965
2023-05-17 17:17:35,62531.624369601624,14404.223224502726,227671.70221894348
2023-05-17 18:15:59,62075.09717775339,16071.707932937046,218861.6737014821
2023-05-17 19:07:23,61496.1675595763,16183.578545026317,228239.1811448008
2023-05-17 20:11:59,60872.302388075106,15256.106663672237,241943.5904469055
2023-05-18 00:54:47,61401.21360771986,17860.603632412673,232621.0031500256
2023-05-18 02:46:35,60846.15789428823,16124.865111010773,237747.82635665213
2023-05-18 08:53:47,63248.441000661645,16450.57699116,222579.9839682449
2023-05-18 11:30:23,60293.9542541648,15360.368795258619,235725.8388675796
2023-05-18 12:04:11,59854.06566605817,16353.654105313652,225024.94680759573
2023-05-18 13:20:23,59267.22446576681,15113.140802189633,245040.70719706104
2023-05-18 17:36:47,58616.84278202523,14851.687778874146,216085.06258006126
2023-05-18 18:28:59,57981.02756726752,16073.02486809266,215048.2250599578
2023-05-18 18:39:23,57835.1402280863,16619.26537329938,207890.53074559852
2023-05-18 19:05:23,57462.309631012286,15416.263157496338,224058.87265093194
2023-05-19 06:49:47,57770.42822928842,15966.235734219566,198690.5959304705
2023-05-19 12:49:35,53632.677658355795,15002.26846024018,207002.09701874873
2023-05-19 16:42:35,53692.45732670094,15985.843865212428,207319.17766813716
2023-05-19 19:59:47,52249.356730296066,14778.031674401216,203431.95278218234
2023-05-19 21:28:35,52108.96665969246,14436.861714823694,197596.5509846365
2023-05-19 21:30:23,52115.384503147994,13639.296852759982,208454.32447152465
2023-05-19 21:37:11,52142.478489795576,14533.893227831824,214782.57940676154
2023-05-19 22:33:23,52489.39801362899,13733.908349055167,189364.16717841133
2023-05-21 01:29:59,53429.890004506284,14235.43177392671,189665.3562495963
2023-05-21 01:32:59,53414.499372159415,13293.070300718597,192365.39238464306
2023-05-21 01:41:11,53372.51202987111,13278.89142768814,196337.22490368172
2023-05-21 07:24:23,56198.15916460754,13872.323969323406,211320.29719281459
2023-05-21 12:12:11,52632.83526385213,13412.853374111279,210614.37515367064
2023-05-21 13:53:11,52236.09138545148,14659.642444853083,185417.6484806593
2023-05-21 14:49:47,52291.53388690788,13847.902545839159,226067.7738233386
2023-05-21 15:10:59,52333.41136396115,14573.478719703215,186541.03152533912
2023-05-21 18:27:11,51691.42988133671,14600.15437585074,201595.99031705278
2023-05-21 23:37:23,51079.63536197752,13304.507432680857,193385.78301076058
2023-05-21 23:37:47,51080.687595293406,14669.957325201574,175186.7776270745
2023-05-22 02:33:47,50600.93617558444,14325.514939120356,196664.06909689508
2023-05-22 06:42:59,53431.823526819215,14733.89229444902,219249.371368405
2023-05-22 14:34:35,50562.06355865455,13481.946025887102,185013.4067272421
2023-05-22 14:35:11,50564.00737705321,12256.370419506049,178462.8817422111
2023-05-22 14:42:47,50589.4371514734,13396.798252429277,194442.82415820908
2023-05-22 18:10:59,50525.47116055595,13517.729206551154,193399.36658312846
2023-05-22 19:43:59,49741.69690064976,12670.748990311431,194881.52978908402
2023-05-22 20:48:11,49455.16894644119,13874.728697316415,200136.4300151108
2023-05-22 21:50:59,49583.87114895495,11923.684449201632,190569.06657953668
2023-05-22 22:01:11,49636.11980765176,12939.6889805728,215588.37905719187
2023-05-23 03:37:11,49967.600487103366,13172.684602785832,194351.5163498466
2023-05-23 08:50:59,52108.48242596024,13626.840110957855,197614.3604770584
2023-05-23 11:25:11,49881.44784177261,12914.3230417318,199404.98511007987
2023-05-23 11:25:59,49872.483969480156,12729.277173908888,173775.81256301625
2023-05-23 13:18:23,49129.41047225389,12739.414652500025,205159.60129838611
2023-05-23 14:20:47,49103.77004397764,12160.81067498767,179153.00645618723
2023-05-23 14:28:11,49112.9375620175,12446.925910740047,196638.2218894416
2023-05-23 14:35:35,49123.813493978974,13982.762692412578,187024.74091144244
2023-05-23 14:39:11,49129.63295181684,12928.053854358597,188509.334256236
2023-05-23 14:53:23,49155.135172545575,13168.944556295086,184291.6528449444
2023-05-23 15:01:47,49171.45616285634,12888.282668298058,186114.54043257146
2023-05-23 15:45:11,49248.58330088622,11376.031601470322,191113.20863187857
2023-05-23 15:55:47,49260.11107749491,13515.723213306614,198863.92006533014
2023-05-23 16:17:59,49266.62168289255,14294.932066618274,186684.74195748268
2023-05-23 16:49:11,49221.80972091365,13935.393608047072,171299.11879073328
2023-05-23 17:00:35,49186.63683604751,12848.762506726656,207584.30968529306
2023-05-23 18:02:35,48808.18132047876,13888.842322466931,200699.04289452647
2023-05-23 21:41:23,47475.89504870396,13274.74503926046,186545.45481333637
2023-05-23 22:35:59,47697.345699849386,12908.99973465379,154186.1565142397
2023-05-24 01:36:11,47640.31806403419,11353.31192159649,166319.72700244875
2023-05-24 02:54:35,47393.57043625791,13072.022600229067,176153.457824834
2023-05-24 03:36:23,47539.98219447118,12232.613291849579,195803.2670390289
2023-05-24 04:02:59,47764.138363945094,11868.321650371015,175565.5182085149
2023-05-24 04:04:59,47784.913736813665,12826.894623855622,180732.93247376094
2023-05-24 05:07:23,48635.98911442463,12650.061038627262,188836.6260847561
2023-05-24 05:10:47,48689.30509991314,12499.103616380613,200394.18213618067
2023-05-24 06:06:11,49519.72075899343,13315.805277396677,182230.3412531444
2023-05-24 06:35:23,49850.86142421862,13474.35955020599,200650.67955354572
2023-05-24 06:39:11,49885.125496570734,13361.577553095334,181426.61526304265
2023-05-24 06:39:59,49892.05052104948,13579.508201518167,185693.48516772693
2023-05-24 07:12:47,50082.88847317691,13575.550015076691,191035.69953830447
2023-05-24 07:43:47,50085.94702098147,12538.21295678407,210955.31936998497
2023-05-24 15:03:11,47044.10835215672,12910.90533634861,186166.29515855125
2023-05-24 15:57:47,47185.043455213214,12324.772401928378,175205.3708275983
2023-05-24 20:46:11,45767.75562583998,11386.132365757983,163856.9188973315
2023-05-24 21:46:23,45840.02286239586,11040.319178397676,171717.72373665226
2023-05-24 23:12:47,46267.41612041267,12836.423878551288,179333.4548787898
2023-05-25 05:47:23,47708.26563771677,10993.768566598113,195675.56299957886
2023-05-25 07:48:11,48427.48907875164,13579.555549436649,187562.77176707832
2023-05-25 14:40:23,44877.68999777292,11732.03886946306,180864.13809577347
2023-05-25 17:28:23,44643.2188156597,12248.22952567194,160277.1692544571
2023-05-26 00:19:23,43172.91735899629,11845.900715015552,166372.21616607136
2023-05-26 01:15:59,42926.110063411084,11933.113096850488,179094.95914454348
2023-05-26 05:49:35,44020.002197582944,11865.283173901882,171235.8374440058
2023-05-26 07:02:35,44630.46961538761,11031.950346760928,180121.73219656796
2023-05-26 07:48:11,44620.94044828387,11605.200976498909,183909.57685440758
2023-05-26 11:55:59,42008.851473270515,11394.87967200532,165969.39949008016
2023-05-26 12:50:11,41748.75277923666,10734.45770364984,168548.30419638767
2023-05-26 13:17:11,41696.69495217634,10887.998935868114,158298.7298494281
2023-05-26 13:59:35,41704.41212532458,10891.3506864596,154399.03471116142
2023-05-27 03:55:23,42653.258429813184,12521.860016191353,168356.63999449275
2023-05-27 04:07:11,42801.1129332363,10348.05882448024,152243.6351972717
2023-05-27 11:03:59,44261.48862255016,11186.585144864363,168692.1967851231
2023-05-27 12:06:59,43945.49142500157,11513.145923109287,179284.21126010717
2023-05-27 14:54:11,44355.72029239622,11625.708485398645,163895.6403592537
2023-05-27 16:44:35,44884.95967139686,11709.148804439901,179186.19326852288
2023-05-27 17:06:23,44912.24871940276,12278.330184550416,176102.71173985358
2023-05-27 19:13:35,44457.272968756006,11043.310657063505,177812.02821229358
2023-05-27 19:15:47,44445.593224933364,10911.641878499702,182112.6216040226
2023-05-27 19:16:11,44443.481617185476,11400.994650346267,171623.34169942493
2023-05-27 20:26:35,44200.388163923344,11629.26581828051,184826.592791227
2023-05-28 01:12:35,45357.529833918794,11791.766667584083,163231.7260277986
2023-05-28 04:06:59,45876.19870963663,11120.218113286493,164661.61316042257
2023-05-28 04:15:35,45990.90548754632,12913.875350400114,166049.19754129893
2023-05-28 10:05:59,47310.766728834955,12106.8286772506,182227.49209863957
2023-05-28 11:06:35,46636.12251533304,12197.447803895686,163489.43699375546
2023-05-28 11:07:35,46626.66069957768,12063.59407259901,192791.84506787176
2023-05-28 11:10:23,46600.52511121083,12165.938294632691,173585.56755299072
2023-05-28 12:10:35,46177.76334889315,13129.254905733724,167574.9992916874
2023-05-28 12:31:11,46097.09862252044,11471.717324768006,184985.38640621083
2023-05-28 16:55:59,46639.82359843976,12865.165668307409,184703.02404771672
2023-05-28 17:57:47,46467.14487542216,12768.777761428542,180256.09510602412
2023-05-28 18:29:23,46281.03197117205,11791.221038522805,187920.41431570944
2023-05-28 21:55:35,45858.85425790238,11025.168088630173,214434.92920650807
2023-05-28 22:37:47,46162.04348906725,10738.709271820198,169276.16091776825
2023-05-28 22:41:35,46190.86034442698,12231.464345758664,170790.38170194533
2023-05-28 22:55:47,46296.94226189136,11632.470781774606,188993.75515539764
2023-05-28 23:23:47,46486.00665410801,11528.193213511644,166206.6490310072
2023-05-29 00:13:23,46692.559028046635,12362.651134123771,173711.01911689813
2023-05-29 00:23:11,46709.276051944784,12004.420371861472,167254.95987299373
2023-05-29 02:08:35,46592.53777601956,12165.227291332989,168555.84065427227
2023-05-29 02:14:59,46588.74997409519,11285.432540640204,191190.04756243015
2023-05-29 02:15:35,46588.54725846711,11312.102510914649,184472.83915012763
2023-05-29 03:30:11,46871.15430000757,12853.830434173944,183509.96292914922
2023-05-29 03:31:59,46887.19295999235,13907.858873716372,184773.1207595495
2023-05-29 04:44:11,47887.408608971105,12762.82289010146,190314.23131437384
2023-05-29 10:11:35,49166.63305012806,11043.29146003022,165979.1066088416
2023-05-29 10:39:23,48876.256986133834,12144.704505269921,203026.95468990877
2023-05-29 11:41:23,48393.0604670856,12232.949759184712,175469.9284406804
2023-05-29 18:22:11,49093.126150921824,12980.085880349296,191110.9874733269
2023-05-29 19:15:35,48790.59892800365,14162.7443218384,190124.36549850492
2023-05-29 19:24:47,48740.29642777711,13360.930014922875,186832.2985986759
2023-05-29 19:41:47,48656.99374582135,12565.489830598559,184844.14718816552
2023-05-29 21:22:35,48668.0643654735,12197.661063509338,192606.5434927777
2023-05-29 21:29:47,48708.214996044386,13209.054128912452,189147.92494033274
2023-05-29 22:33:11,49212.253705684794,12462.53775188065,198017.07609359128
2023-05-30 02:32:47,49851.64081346185,12987.231403504202,194588.02210481506
2023-05-30 03:25:59,50111.17865110648,12029.906182995843,178593.76685613632
2023-05-30 04:13:11,50687.68049096282,12877.440304464155,194867.68006164194
2023-05-30 05:51:11,52527.153174803156,14359.981318894344,187162.3736645961
2023-05-30 08:28:11,53506.817307880425,13178.17674837939,198880.36266414053
2023-05-30 09:55:11,52503.65406566253,12637.437462415466,207317.9669019689
2023-05-30 11:15:11,51549.395559265766,13222.740024674398,204733.406506611
2023-05-30 18:52:23,51061.46163731753,14219.216808560901,188943.89794965947
2023-05-30 21:38:23,50575.64356832966,12739.498101448751,196131.92999677424
2023-05-30 22:24:11,50876.8826356523,12834.046620711537,204704.4561508095
2023-05-31 01:39:11,51351.128869152446,13125.02890572348,209453.1696628366
2023-05-31 03:42:11,51607.36835095165,13582.219248929774,194191.13727178576
2023-05-31 05:25:11,53313.87492907531,13105.766564025836,210752.48199335692
2023-05-31 05:38:47,53577.74290213751,14842.362629757854,199648.5221093679
2023-05-31 10:50:59,52989.649078034796,14358.332959169991,211011.10876659388
2023-05-31 13:43:59,52243.68873605835,14340.933577115291,191702.07267362165
2023-05-31 15:40:23,52784.51389709531,13365.965693842012,193070.85490003717
2023-05-31 16:47:23,52990.83868403021,13692.187387062864,197082.65814459702
2023-06-01 00:42:47,52963.431059424904,13516.104532387131,222263.49160724055
2023-06-01 03:04:23,52735.35362112748,13769.696589359211,195858.0722732415
2023-06-01 05:40:59,54945.26041580593,12908.123784024654,207993.76604125087
2023-06-01 11:07:35,53506.3280515388,12919.615908322254,206659.28612941477
2023-06-01 11:25:35,53288.20460965341,12152.154733324242,192655.84429213608
2023-06-01 13:36:47,52516.66673770111,13322.92578187697,220259.20784105823
2023-06-01 14:34:47,52559.01110320808,13003.828051194778,194274.43427777351
2023-06-01 15:44:23,52705.71045388034,15380.795325927495,199527.11881251683
2023-06-01 19:10:47,51520.26614269579,13219.038628233584,204678.85479923914
2023-06-01 19:29:35,51321.344854703086,13604.014355217836,196607.39081240748
2023-06-01 20:13:35,50939.69008254982,12710.517467477957,202716.77936220504
2023-06-01 20:34:35,50820.24917699964,13158.928413269166,199967.8584167058
2023-06-02 01:15:59,50956.95144996841,12450.853465449427,181227.03063026638
2023-06-02 01:36:35,50832.502166342594,13300.565746450606,196976.932618292
2023-06-02 02:11:11,50640.89324124858,14052.019522966619,188524.54153200585
2023-06-02 03:08:59,50551.37329235105,12387.600150736393,192368.8868713967
2023-06-02 03:10:59,50556.17188865923,13699.463028564798,170986.46115279236
2023-06-02 03:16:23,50572.16875439947,13568.648142900627,183981.29926822314
2023-06-02 04:50:11,51524.97450775269,13944.38073096206,196378.59906876337
2023-06-02 07:24:47,53316.7926848621,14511.247370985599,205631.25549573358
2023-06-02 16:24:11,50469.760585058706,14490.862613181309,182986.8040006804
2023-06-02 17:05:23,50476.98919969072,13159.78442762477,194423.6263752439
2023-06-02 18:34:59,50047.06182806834,13350.459623988805,184688.40451952288
2023-06-02 19:32:11,49634.037636455665,12083.42618546999,186287.30651223706
2023-06-03 02:22:23,50625.18983564779,12501.833360164675,199943.45848973308
2023-06-03 03:03:35,50762.51845282353,13740.290045410455,214674.5144418704
2023-06-03 05:55:35,53629.94068092524,12911.257079044026,201074.69673317065
2023-06-03 06:21:59,54114.779952456774,13907.72715488136,220272.70416943516
2023-06-03 08:11:47,54856.95635311329,14983.39190769264,178270.21074982296
2023-06-03 20:38:47,52876.86787703721,14782.408407647552,191166.2409006395
2023-06-04 04:32:47,55041.57592120256,14136.525765401559,212548.59293259113
2023-06-04 06:07:11,56854.00979136537,15334.747350829559,217561.40524185382
2023-06-04 06:44:59,57385.16228222447,16031.36091352082,220163.41101467048
2023-06-04 08:47:47,57200.95055710751,15348.57792747252,229830.21516127084
2023-06-04 10:30:35,55691.294010498415,16283.970771530301,212312.64815832768
2023-06-04 10:57:23,55325.438027266086,15268.080153394203,208321.82615055953
2023-06-04 20:58:11,53497.82887829543,14070.00011486886,226670.77456683834
2023-06-04 21:29:47,53578.51415543632,13233.223288784206,193659.1924568728
2023-06-05 05:26:11,56542.16575831607,14006.134168613618,216789.1144123445
2023-06-05 06:19:47,57573.1935182676,15611.38582956491,223206.47561958962
2023-06-05 13:25:23,55525.48291401101,15113.126706786643,228096.4411043754
2023-06-05 14:01:47,55637.8112658018,15446.898053985517,231888.47555654368
2023-06-05 15:35:47,56173.92498474081,15361.583009226712,210118.37832626855
2023-06-05 18:04:11,56261.74330035474,14447.689513429177,228371.5060309057
2023-06-05 19:00:35,55853.65652889148,13924.462334144338,201382.70640444264
2023-06-05 20:09:47,55412.48593748963,16477.052841637036,222769.46853853573
2023-06-05 20:42:47,55350.248658201446,13847.91054455046,221866.00012933774
2023-06-06 00:12:23,56642.97587805435,15542.430348496708,213956.24558368765
2023-06-06 02:13:11,56435.8826430934,16221.924773460842,203490.84668157174
2023-06-06 02:16:35,56431.11267847747,14458.962508741328,209958.0529629455
2023-06-06 02:18:59,56428.37288158329,14413.493471448994,197133.70647002812
2023-06-06 11:14:47,57697.15582523116,13715.425390470931,224840.63988042215
2023-06-06 12:08:23,57185.5186311903,14795.724176305112,214477.6107249112
2023-06-06 12:13:47,57148.98179105409,13852.251151426857,219695.48957397483
2023-06-06 12:36:23,57025.88047168272,15613.597546851795,210099.5457997383
2023-06-06 12:41:59,57002.69172930272,14515.963930925534,204717.99252269074
2023-06-06 14:41:47,57076.47357955912,16414.748947716704,199957.23588217277
2023-06-06 14:42:47,57080.29193298175,16412.24762783363,234509.93619897557
2023-06-06 14:48:23,57102.07740849158,15614.90350957704,198270.49336282638
2023-06-06 15:28:59,57265.87878617406,14231.84187832495,214339.88009151578
2023-06-06 16:12:23,57394.97587282246,14480.858327334263,213978.14684209457
2023-06-06 16:16:23,57401.55603782787,15974.016411187522,253618.39398641756
2023-06-06 16:17:23,57403.021741879944,14661.331774439002,227261.5201165598
2023-06-06 16:30:35,57415.167065215115,17075.080170271187,215100.42119049997
2023-06-06 17:20:23,57319.77137260556,15231.21256279573,226700.24063267853
2023-06-06 21:25:47,55795.26330405664,15540.926819341132,206629.95493360242
2023-06-06 21:54:11,55923.41073971489,16931.78606181682,214809.9403259061
2023-06-06 22:36:59,56212.12869099394,15350.816251153645,221569.32059448934
2023-06-06 23:49:35,56623.77160478245,15526.592694301426,220130.54138206533
2023-06-06 23:53:59,56635.46396051423,15259.258271799841,206036.92948514986
2023-06-07 01:10:35,56535.75252850781,13599.488146647824,216545.93809622808
2023-06-07 04:15:59,56974.59439075709,15282.971019810511,193433.10671699603
2023-06-07 05:03:23,57835.586195009826,15471.785436724793,216640.60313564865
2023-06-07 07:35:59,59878.45348066266,15370.266716479944,227761.66700425642
2023-06-07 18:15:23,56667.57927352809,14198.397847530974,200485.721152079
2023-06-07 18:59:23,56261.98723950709,16011.282117827917,209179.1414126681
2023-06-08 05:34:47,58096.65907547852,14771.679961788246,204921.92491793341
2023-06-08 08:24:47,58968.29088833151,15760.719928885532,208347.39567358533
2023-06-08 09:38:11,57822.153310604204,15593.07552447861,226508.06561167183
2023-06-08 16:50:47,55004.2731547813,14639.519884741605,203636.40824884988
2023-06-08 20:53:11,52714.370281470045,13361.186245918672,194140.944379911
2023-06-08 22:54:59,52892.95020179238,12965.832644570131,209147.4118031257
2023-06-09 02:10:47,52226.935767589,12842.99676224189,201660.80822723647
2023-06-09 07:49:11,54519.811050594275,14429.493491430318,234534.60731954032
2023-06-09 08:27:11,54191.426994612324,14583.552905877046,201349.98735067534
2023-06-09 08:48:23,53917.85952942132,14209.240275455057,192317.59562744378
2023-06-09 13:31:23,50720.81987153115,13331.986154312639,188124.29398628525
2023-06-09 16:03:59,51012.21487284321,13587.840368920692,205622.5737139009
2023-06-09 22:57:47,50281.344016342024,13554.820321570478,200341.2938760075
2023-06-09 23:54:59,50598.041748727795,13331.225955126969,201469.51834842964
2023-06-10 00:59:23,50632.09429446224,12666.37290619404,183575.28220272867
2023-06-10 01:23:11,50575.559067705384,13752.608587078517,200314.6706161806
2023-06-10 04:54:35,51971.886838253195,12905.09651575017,191292.9611060457
2023-06-10 05:45:35,52976.282464959026,12748.858030549482,221230.63265100308
2023-06-10 06:49:11,53962.54294824238,14487.982308713557,197908.55148690962
2023-06-10 07:25:59,54227.59978183647,14257.181016530612,213186.26968797538
2023-06-10 08:14:11,54179.69866210933,13331.574650389392,215898.49012760608
2023-06-10 08:15:35,54172.166679777336,13024.569841003755,208295.97654723492
2023-06-10 08:40:59,53985.76733378644,13209.124221118893,206210.98712680337
2023-06-10 08:42:47,53969.34249507916,13965.751725264887,185907.54823715534
2023-06-10 08:43:35,53961.921851443185,14642.433083908501,212712.8635311318
2023-06-10 12:48:11,51685.926482958406,14753.284963472785,199462.0923722454
2023-06-10 13:18:35,51679.396782317424,13784.450301090666,197406.93416131637
2023-06-10 13:48:47,51737.73213340869,12750.571245640349,179347.18502856107
2023-06-10 16:19:35,52405.96627616602,14712.639151457819,223769.38045099762
2023-06-10 16:20:11,52407.5287402507,11763.753953069465,218368.85871553203
2023-06-10 16:40:11,52444.08777064184,14572.984019165648,201154.44918577326
2023-06-10 17:22:11,52408.63852536983,12020.89860894058,196648.6637217543
2023-06-10 17:30:11,52383.49099027785,13046.339672990385,208624.24335596952
2023-06-10 19:43:59,51456.04393267865,13823.038884096828,188773.25832122163
2023-06-10 21:10:47,51234.563549841594,13707.52661681319,191626.93851929286
2023-06-10 22:07:35,51499.02184338481,12850.179918481474,200012.0280178151
2023-06-11 00:52:47,52105.127379696634,12897.152980051296,209275.39057477898
2023-06-11 03:02:23,51775.54815696377,13912.194232365626,198343.752875413
2023-06-11 03:45:23,52036.35083876114,14209.681103111769,205349.6472754684
2023-06-11 03:46:35,52047.74857149487,14466.338132641427,214534.33425713176
2023-06-11 03:47:11,52053.529907988144,13499.730150951647,181485.26573036634
2023-06-11 03:47:47,52059.366070926844,14773.5303643285,187610.19350192303
2023-06-11 04:14:47,52376.072198055306,14153.544876082628,187839.66942057517
2023-06-11 06:17:11,54371.493052706915,15107.030843499508,203892.81563203185
2023-06-11 06:19:47,54405.64473366996,14214.47517832277,197259.31271623928
2023-06-11 06:31:35,54547.80404652311,13499.412547395212,211981.05920426792
2023-06-11 06:32:11,54554.439041951206,15967.19725623025,208797.50466177287
2023-06-11 06:32:47,54561.01413402587,14629.679201296602,213566.94355157288
2023-06-11 07:51:47,54828.15911278972,13944.914784428276,209943.31638680413
2023-06-11 08:14:35,54680.56716966439,14338.17082139028,224917.86550035086
2023-06-11 08:42:47,54384.342219372775,14446.949831067197,202135.29694707727
2023-06-11 12:55:47,51325.11832316049,14549.55094628741,196255.83737842992
2023-06-11 13:01:47,51304.49658413625,13190.78052950178,199178.44721445648
2023-06-11 13:17:35,51263.39756894634,12021.704331598608,201706.57608139486
2023-06-11 16:02:23,51481.604014725184,14429.344003533943,186176.1741246852
2023-06-11 16:17:11,51492.11558062295,13022.567379157486,193403.14642546925
2023-06-11 16:30:59,51489.277630835924,13044.642088708917,188659.56970181648
2023-06-11 18:22:59,50899.692263240926,14547.858319230754,191631.62555740017
2023-06-11 19:12:23,50417.64634608718,13124.914646568512,184744.22441426583
2023-06-11 20:48:11,49795.967369516606,13943.953762485955,196726.34268541491
2023-06-11 22:08:11,49972.72658361837,13781.73202004041,209291.04320620574
2023-06-11 22:44:47,50184.799169130914,12592.99164114982,174902.9614785457
2023-06-11 23:05:23,50301.09814527495,12327.55817100622,192990.01830271218
2023-06-11 23:27:23,50403.9940131252,14760.976712532633,229089.7141130174
2023-06-11 23:30:59,50417.81969349676,12965.16086181083,202482.5447907564
2023-06-12 02:38:23,50067.87085501739,12842.454214658213,183903.06577255772
2023-06-12 05:46:47,52245.96773839366,12570.515419638301,204698.32750101766
2023-06-12 07:35:23,53292.504456746836,14939.157563759087,208423.5459156744
2023-06-12 12:05:11,50525.9554998975,12908.407088871669,188603.41948807248
2023-06-12 12:56:11,50326.65038370363,12626.376712631787,188706.82913728748
2023-06-12 15:26:47,50685.49932027103,12468.851386148333,204479.139450961
2023-06-12 19:01:59,50160.947095114425,12321.054150676588,190887.99908535142
2023-06-12 20:55:47,49589.63013692661,13187.601491850577,202703.67408047026
2023-06-12 21:17:23,49620.918733470826,11799.800824565462,192849.86658028254
2023-06-12 23:46:11,50445.81569991809,13742.681252866098,208093.88150639448
2023-06-12 23:47:59,50451.54401675783,13638.300726167463,189710.84362273547
2023-06-13 00:20:23,50502.51840006871,13689.958582699868,220257.86704392525
2023-06-13 03:49:59,50484.5211983247,13869.43848456406,208661.57972303985
2023-06-13 03:56:59,50559.105835356975,13464.864691963681,209772.4085302443
2023-06-13 04:26:47,50949.952060001844,14991.42039203013,181180.6110121822
2023-06-13 04:50:59,51336.7098204458,14463.981976503317,209634.8132583361
2023-06-13 10:36:59,51194.06570952833,12725.518566885488,185244.8722810115
2023-06-13 15:49:23,50138.070383931656,12868.491210769103,178997.31195738487
2023-06-13 16:26:59,50171.68953937911,12257.184852587934,182658.12440236975
2023-06-13 18:26:59,49568.31732709992,13138.687169783227,196373.4865998948
2023-06-13 20:14:59,48645.70326974307,13254.978605201277,181655.91835514648
2023-06-13 21:40:47,48568.23010357601,12282.369137502577,206271.4437488151
2023-06-13 22:36:47,48839.92358700584,11776.078752066487,192165.5898139055
2023-06-14 00:01:59,49166.632103220996,12290.886854934583,169668.4784992801
2023-06-14 01:14:35,49005.89156809866,11611.677967146525,200002.25109863162
2023-06-14 03:44:11,48953.65941316516,13727.267839869735,188259.4376062971
2023-06-14 07:44:35,51702.44365141216,13250.820383922804,188933.32346456408
2023-06-14 08:36:35,51371.43514524187,13817.36410818027,168844.43951506237
2023-06-14 09:17:47,50876.07895093076,12614.198953409685,194500.13499328354
2023-06-14 09:35:59,50623.81289119762,13379.80600228807,202105.20994300564
2023-06-14 14:29:47,48783.90360594682,11563.544545935489,204512.01320498984
2023-06-14 14:31:23,48789.09448185439,13033.451438866019,192232.9010843863
2023-06-14 14:32:47,48793.69976879238,13200.042573062616,193059.00985092638
2023-06-14 15:23:59,48983.227772673425,13589.716472851229,197861.01921622202
2023-06-14 16:28:23,49151.11043434992,13307.723637926172,179699.91192364396
2023-06-14 18:13:11,48811.03299810341,13256.561926435712,186867.39899890698
2023-06-14 20:36:47,47863.41942887933,12092.504278089826,186582.81939022124
2023-06-14 21:09:23,47855.75067622512,12528.860062169226,204478.14428516227
2023-06-14 21:48:23,47984.01077578104,11369.21915556073,174252.65721844623
2023-06-15 00:42:23,48659.64108157425,13904.322408108656,179625.49846260564
2023-06-15 02:36:23,48306.55003316675,12209.880621914912,183118.73148061358
2023-06-15 02:42:23,48305.37155409355,11994.455989079026,170141.59344773964
2023-06-15 03:52:47,48650.250418797055,12621.135378645162,179043.67051482134
2023-06-15 06:23:11,50851.20462422,13248.30401719376,183184.40150966714
2023-06-15 08:08:59,51117.286528586985,12953.898235978668,209357.47626544657
2023-06-15 08:52:47,50679.02816571381,12167.659868763567,198130.26840623893
2023-06-15 09:04:59,50519.35389740653,11756.01774504674,206899.28753691222
2023-06-15 09:53:47,49802.19986124186,12338.18145185701,190999.71231466046
2023-06-15 10:47:11,49025.674737737885,11895.983272942663,195928.0410233342
2023-06-15 16:20:59,47961.724031981306,11463.638093128378,172636.65979755486
2023-06-15 19:40:47,46556.592693510676,12792.960173305113,191008.06947106685
2023-06-15 19:48:47,46488.72785101697,11571.94844682093,189914.63904567977
2023-06-15 20:19:35,46273.165243125455,12414.095347257027,172664.6086080094
2023-06-15 21:55:23,46183.9304600198,12077.509309876259,171682.17910901556
2023-06-15 22:48:35,46398.538765756246,12883.410320813604,173939.47712126002
2023-06-15 23:59:47,46573.871593572,11828.867416281708,167906.03938640674
2023-06-16 00:46:35,46478.32546934665,11989.166977889625,164094.5639215332
2023-06-16 02:29:23,46005.692649826866,11798.953414908583,166260.02342168405
2023-06-16 03:02:47,45984.80345513388,11528.809761238625,176923.67001457408
2023-06-16 03:58:23,46281.15084313612,11904.425432579043,179197.05876132948
2023-06-16 04:21:35,46528.371216782296,11403.988899162614,209544.63800736945
2023-06-16 05:46:35,47752.92432756013,11858.946420374099,178682.38326388173
2023-06-16 15:18:35,46062.33126453162,12732.181006910281,178111.03454473423
2023-06-16 15:19:11,46064.98998488795,12961.07988874197,180938.4053803113
2023-06-16 15:40:23,46156.219279353034,12549.51510376248,177435.6755473093
2023-06-16 17:37:59,46278.637904491785,12666.704621447949,175945.89529622876
2023-06-16 20:53:59,45525.68103069248,12467.047608717856,168891.22300997737
2023-06-16 22:20:47,46049.10987538904,11984.878485810754,159049.98503786785
2023-06-17 00:49:23,46953.5361955173,12269.58710243802,180176.6778970413
2023-06-17 01:24:47,46959.31183025581,12284.2401451684,168656.05843231778
2023-06-17 01:31:11,46956.903337776275,11835.53339566591,196074.55966600074
2023-06-17 01:54:35,46951.602927288484,11806.542509189267,174229.74634451902
2023-06-17 04:08:59,47899.89229958,10635.066780205003,186587.17570074633
2023-06-17 04:16:47,48029.57485856009,12234.261459406032,166819.70485263888
2023-06-17 05:58:23,50071.15277712509,13309.19634448024,197272.59707735677
2023-06-17 07:28:23,51265.25746732164,13791.467246424105,188847.31159082064
2023-06-17 13:45:35,49887.81697369397,13729.508094155442,174331.40833989572
2023-06-17 14:36:59,50227.1254632074,12788.101660819066,200460.83589831763
2023-06-17 16:10:35,50927.61037956321,12440.402771644558,201341.7540660758
2023-06-17 16:38:23,51069.111464233094,13276.52862866387,182097.22820699879
2023-06-17 16:46:11,51098.31295016454,13435.372393067531,192114.6502365618
2023-06-17 16:46:35,51099.67476470914,13455.548352940783,195617.89818904013
2023-06-17 16:50:23,51111.936915361795,14104.368452982322,193005.4938705468
2023-06-17 18:28:23,51005.36835416177,13538.164249549796,183135.5119377108
2023-06-17 18:29:35,50999.94908979706,13010.960429838331,197041.2870341161
2023-06-17 21:00:35,50645.58754589652,13342.199411587439,193133.24459902468
2023-06-18 00:13:59,52175.475787970565,13986.20383272192,188909.17808374972
2023-06-18 00:50:11,52248.05678150774,14198.019809464846,227354.32215176622
2023-06-18 06:00:11,55325.02497930315,14617.132487810417,205360.64426063828
2023-06-18 09:33:35,55584.445204261414,13689.520683962004,206616.22828480098
2023-06-18 12:30:11,53918.41612721828,13180.2867596138,208265.00909668734
2023-06-18 12:44:11,53891.22797328867,13621.806968643748,205798.68082504423
2023-06-18 13:31:47,53920.46956985261,14266.537832406919,219030.26721097055
2023-06-18 17:58:23,54731.12166802179,14397.57813184125,212730.97488418937
2023-06-18 18:07:23,54684.822558623964,15011.973127844534,216717.62897466216
2023-06-18 20:46:35,53919.83682657411,13902.586502951992,209724.96427483283
2023-06-18 20:56:47,53940.14581160579,12978.09537092741,209782.9336647305
2023-06-18 22:22:59,54543.18806476165,13258.583372207882,214550.8236880586
2023-06-18 23:54:59,55343.50081770677,14055.173265460788,215305.89197870583
2023-06-19 01:10:47,55489.59072026213,14403.957546099296,198530.55723278402
2023-06-19 04:09:11,56434.44523077889,13934.16610217668,208867.1612067309
2023-06-19 05:44:11,58552.72292046934,16555.855554151432,238381.1407152413
2023-06-19 05:52:59,58752.408922203635,15337.267164696188,219858.5903515574
2023-06-19 05:57:47,58858.49513529827,16522.968571637786,239139.517818719
2023-06-19 06:00:23,58914.99165035246,14784.027488238215,232430.14324527507
2023-06-19 09:40:23,59409.57842058125,14543.13455649069,231316.4540641664
2023-06-19 11:48:35,58147.50222053137,16054.900800380861,214069.80848260064
2023-06-19 12:08:23,58069.37713457045,13969.057154697088,218030.4559491633
2023-06-19 12:29:35,58028.18698390421,15098.915081830863,227419.51079805932
2023-06-19 16:16:23,59376.90460702708,13232.778826377778,238890.9482122475
2023-06-19 17:52:35,59531.49351245023,17118.291249851398,227814.5408455588
2023-06-19 18:50:59,59236.78899101737,15351.243526293312,226830.59582738215
2023-06-19 19:12:35,59103.12145350579,15580.97798627832,227096.04121983305
2023-06-19 19:41:35,58946.481522749214,14134.860438040354,217967.57653392636
2023-06-19 21:02:23,58922.05345383041,18397.148455929353,229882.61460758743
2023-06-19 21:06:59,58944.95791576968,14743.628112361404,209833.80718856308
2023-06-19 21:07:35,58948.143472567695,14549.076143684695,209571.71746181106
2023-06-19 21:12:11,58974.064608364475,15123.81323932856,208143.89180734078
2023-06-19 21:55:59,59338.90802074433,16434.706236642134,208878.83085707677
2023-06-19 23:05:35,60132.11856834292,15213.739557228986,210625.04639184588
2023-06-19 23:18:47,60270.358121113335,13999.421353998096,232005.57111974419
2023-06-20 00:13:11,60669.45079651507,14576.119052740123,253076.6523403563
2023-06-20 00:22:11,60703.84822067181,15003.203588933606,260052.81650276197
2023-06-20 01:45:59,60705.57836686638,17035.41525628842,218157.57093113154
2023-06-20 02:43:23,60749.94856610333,16441.071524264968,222565.83580663215
2023-06-20 02:48:59,60774.5469359005,16444.77306603101,230598.22942262323
2023-06-20 02:49:59,60779.445710925276,16529.11754888946,253729.01730150712
2023-06-20 03:24:23,61051.116912054764,15748.111927762018,237966.43714695642
2023-06-20 04:11:11,61764.814617340526,15254.755876284056,230900.47148459416
2023-06-20 04:58:59,62831.080492795634,15537.38988044461,268607.452540034
2023-06-20 05:51:11,64112.60089259439,16622.159594550893,232427.00889541718
2023-06-20 08:42:23,65266.80046504391,17826.129359796592,279054.22780462774
2023-06-20 08:45:11,65235.67667965742,17535.963724120127,252923.49493602716
2023-06-20 08:54:59,65118.563623197166,17549.72156154316,273114.9128855869
2023-06-20 09:18:35,64794.45242526638,17594.27677255547,251622.0397839896
2023-06-20 15:25:23,63063.912971595375,16177.737481823908,259936.25982965637
2023-06-20 17:50:23,63190.89220614863,17493.828080627798,236105.97158971376
2023-06-20 17:52:11,63179.468228364305,16037.297219835817,245692.77405420944
2023-06-20 21:12:11,61973.82451708305,15957.936683266578,228978.47336196227
2023-06-20 22:04:23,62298.55577924042,16151.431899959789,262068.1093308526
2023-06-20 22:35:23,62583.79318202367,15979.900873924944,230718.56436529453
2023-06-20 23:03:47,62846.60247493317,16272.986223773505,272594.4161291764
2023-06-20 23:27:11,63031.83836369285,17655.9014882796,238587.3902450092
2023-06-21 03:00:23,63016.50675361694,17589.86661331639,229559.3364915585
2023-06-21 04:56:47,64788.32741407694,18037.235579984215,226303.69537322622
2023-06-21 05:37:11,65749.45682686138,16551.49166945157,267414.09743547416
2023-06-21 11:15:47,64655.942358168715,15491.632750030429,242760.6154089496
2023-06-21 11:29:35,64498.364202907775,16991.145143322727,261995.0857859649
2023-06-21 11:48:35,64313.688424258835,17483.76352757655,254682.8067988862
2023-06-21 14:34:35,64213.97329505121,17765.66996146244,247581.04200422295
2023-06-21 17:54:11,64583.53740156665,17051.27133625371,232773.2294814584
2023-06-21 17:56:11,64569.29686848695,16506.438938673575,251583.56448648422
2023-06-21 18:14:35,64422.20768157678,16528.51305334505,237976.7298246539
2023-06-21 19:15:47,63819.28417023066,16119.222832086936,227512.1390433701
2023-06-21 19:41:59,63577.312187687356,15322.477834571693,230567.09026274472
2023-06-21 19:43:11,63567.33369155575,17851.348599652363,231179.68840368386
2023-06-21 20:04:11,63414.35831877796,16810.64888834886,249646.7693521183
2023-06-21 20:13:11,63363.23865589589,15390.853069754798,237728.07677505582
2023-06-21 20:19:59,63331.12442130663,18697.812887862263,239526.94062154723
2023-06-21 20:22:47,63319.60684017779,17670.031621882103,220744.7596086974
2023-06-21 20:23:23,63317.271052719494,15930.892964291186,232551.2283580252
2023-06-21 21:56:47,63533.436504844845,15797.68792751138,235402.4078680905
2023-06-21 21:57:23,63537.996882060565,16926.66307373699,229745.97700615381
2023-06-21 22:37:59,63886.125656074866,18805.08996194998,275004.56448669016
2023-06-21 23:44:47,64371.15601696689,18415.857410637294,264440.7288521174
2023-06-21 23:50:23,64393.58375007407,18740.459021739436,249752.55320969617
2023-06-22 00:55:35,64380.03824805092,16239.575482284848,260434.92530597223
2023-06-22 01:03:35,64348.26778080146,15954.594305164936,273065.30940522405
2023-06-22 02:15:23,64006.32544076905,18289.185646049544,255345.90956050914
2023-06-22 02:24:59,63980.05591508056,17526.674203193925,237542.67649925192
2023-06-22 02:36:47,63963.03569207162,16277.585857825623,258393.2793956621
2023-06-22 03:32:11,64185.04100225187,16240.170928807436,261345.36504031366
2023-06-22 03:47:11,64343.594790355106,16271.30172825351,244747.6891584521
2023-06-22 04:09:11,64651.13711820819,16068.307838594566,247418.61855728333
2023-06-22 04:33:59,65090.55090030895,15761.311184784268,278972.06848277064
2023-06-22 04:34:47,65106.07804081581,17864.97227970117,259450.41372280932
2023-06-22 04:35:23,65117.771026727765,17057.618717109475,255976.91933584746
2023-06-22 04:48:23,65380.118959708205,16933.684373488057,259010.3319197765
2023-06-22 09:06:59,66730.90455053252,17960.195991464585,246704.569823214
2023-06-22 09:47:47,65912.2912935808,17886.656092007255,270012.2101355389
2023-06-22 13:12:11,63047.80256579754,16055.222621441291,228112.5965469914
2023-06-22 13:35:11,62968.59817944788,16208.66370744532,245206.2820687372
2023-06-22 17:29:23,62591.392579285355,14389.436005726755,221436.62862000125
2023-06-22 18:15:59,62055.0655641124,16518.083077824085,224688.14739321865
2023-06-22 18:21:47,61976.1654372915,16931.58574309198,229503.09015640226
2023-06-22 22:10:35,60186.07777644957,14619.014751667648,230053.41052790833
2023-06-22 22:28:47,60251.965663695235,16619.276651973087,220306.9185542013
2023-06-22 22:42:59,60306.55845641932,15525.837876123462,229836.81123721699
2023-06-22 23:18:35,60417.19393163983,16514.049478694298,235441.86250001937
2023-06-23 01:23:35,59906.78250171486,15576.577853641078,248568.24090176527
2023-06-23 01:34:59,59804.51633162954,15581.035451685331,249237.29854143847
2023-06-23 02:54:59,59296.46372593433,16342.825137847633,255488.72259973394
2023-06-23 03:24:11,59323.16091378489,16409.756366975034,206075.33278967094
2023-06-23 03:27:47,59337.00635867293,16114.17652403057,201611.3918832148
2023-06-23 04:10:35,59678.81980592307,15652.7739826043,239422.3363401567
2023-06-23 04:31:11,59947.309727153464,15462.799945016499,231916.71356997112
2023-06-23 06:40:47,61866.7377295526,17535.951249605903,244883.96495735543
2023-06-23 07:49:35,61911.7426404799,15445.69199998423,244895.31740288652
2023-06-23 10:13:11,59564.05277996975,15144.657929187882,227906.32160523845
2023-06-23 10:55:59,58784.526678817296,16808.46433579021,218340.9316822214
2023-06-23 10:56:35,58774.52494717191,17258.102402928926,222605.72124827778
2023-06-23 11:11:11,58540.72961964911,15274.730960590665,211494.37456422707
2023-06-23 12:32:59,57615.45441337413,15859.659215141988,206356.46817015784
2023-06-23 13:48:35,57335.035397738255,14823.179988860393,222542.5665332983
2023-06-23 16:05:59,57562.84002122255,14803.267978393516,197959.85303638232
2023-06-23 17:23:35,57398.45912009076,15262.871679343014,231760.58835967578
2023-06-23 17:24:23,57393.93884741385,14594.521550440671,219889.761003535
2023-06-23 18:01:23,57123.1784459428,15802.444617124092,213342.46485281302
2023-06-23 18:30:47,56838.68018462188,15476.509578980877,219660.5110295381
2023-06-23 20:26:23,55811.041023818725,14670.9496735323,206261.80846148965
2023-06-23 20:28:23,55802.842440907414,15023.383229064542,220177.8018462661
2023-06-23 21:05:23,55742.71194227741,15752.330659566982,222477.70401574514
2023-06-23 22:44:11,56261.72314941984,14526.180373800156,228904.59338093924
2023-06-23 23:32:35,56573.09761248805,14869.037320668425,213682.86473262153
2023-06-23 23:57:47,56666.26207795517,14696.91952794739,202746.80471410646
2023-06-24 00:16:35,56694.302068330675,15732.911927815514,221827.5760012849
2023-06-24 00:17:35,56694.7760031394,14710.460063798464,249822.18514107366
2023-06-24 01:05:23,56612.49744409104,13240.94072068693,215424.94838599354
2023-06-24 01:10:23,56594.643923767886,15290.4548523792,185224.33563251613
2023-06-24 01:28:47,56521.86100910587,16583.514734110937,225599.41585753375
2023-06-24 04:53:23,57853.72227740351,14764.807833071314,237737.1809786323
2023-06-24 05:02:35,58042.82762507366,14899.844486506654,212726.74911042303
2023-06-24 06:10:11,59403.67781050883,15322.746461458326,229433.02548752588
2023-06-24 09:13:59,59425.86914487797,14854.557918064012,225235.21177959628
2023-06-24 10:40:35,58112.26266703223,16811.37261624925,238789.37890747318
2023-06-24 11:17:11,57649.58700242552,14317.37495413453,250924.65993361385
2023-06-24 12:24:47,57105.24131048553,14354.726263340914,210919.49099927698
2023-06-24 12:30:23,57079.463295556336,15406.367229180347,201180.97767914552
2023-06-24 12:51:11,57008.85408217812,15103.048727071426,203458.4619569723
2023-06-24 13:27:35,56974.77104124102,13968.625169674802,221307.61489741754
2023-06-24 14:02:23,57033.863189457275,15598.65040324286,230126.09439790915
2023-06-24 15:39:35,57435.377278124695,14751.437888544013,231674.60923601617
2023-06-24 15:51:47,57480.7999425572,14497.471587167996,216713.40980716405
2023-06-24 16:06:35,57525.65356116782,14732.827287794233,213132.67851219856
2023-06-24 18:00:47,57242.13737153689,15702.728071193817,242716.57284758642
2023-06-24 18:27:23,57009.33552366406,14676.834073275453,209021.68200391837
2023-06-24 19:17:47,56503.49943892062,14180.105176569126,241129.51272474197
2023-06-24 19:20:23,56477.942684601265,14282.534060199036,213163.85117396587
2023-06-24 19:41:11,56285.080164911036,14074.572566541463,203039.56598110273
2023-06-24 20:26:11,55985.391283001685,13383.337680220488,210831.6918962448
2023-06-24 21:50:35,56037.8195414289,13729.469579519026,216655.4684289607
2023-06-24 22:31:23,56282.75069987968,13747.232781886187,220629.277422769
2023-06-24 23:22:47,56585.616255376066,14917.172064508257,230990.64806320373
2023-06-24 23:30:11,56616.40361383799,12945.914660239792,210029.11018441437
2023-06-24 23:52:35,56678.289380115595,16788.00698569897,199254.28242839483
2023-06-25 00:27:35,56668.849175009134,14384.007821858775,224243.3877393643
2023-06-25 00:41:59,56627.9659199543,13931.891183198954,209111.76782632223
2023-06-25 00:51:47,56589.481728909785,13180.495542397113,218782.88049910974
2023-06-25 01:23:11,56424.34517536103,13314.087022186659,205616.70334619502
2023-06-25 01:34:47,56354.83545697653,14912.571684103465,237612.566270115
2023-06-25 01:53:47,56243.130415036794,15078.089639478725,203765.3357934495
2023-06-25 02:15:35,56134.81404798933,15254.118300955028,216026.59943234344
2023-06-25 02:26:11,56095.920886182816,14744.766805189014,208246.09851915788
2023-06-25 02:43:11,56059.63461923285,15274.194007059383,224774.72962348128
2023-06-25 03:16:35,56107.036500947055,14937.7085154044,218256.5905008687
2023-06-25 03:19:11,56118.19501724931,14894.936197601255,195461.59193339513
2023-06-25 04:42:47,57047.05592941429,14114.25825351059,194250.00506548438
2023-06-25 04:55:47,57267.756083744476,14482.63582814213,216800.71225664348
2023-06-25 05:12:35,57565.18671466577,13629.112359102563,223892.49788058246
2023-06-25 05:31:35,57904.001106879274,15411.015295857582,237941.45952855644
2023-06-25 07:12:11,59064.792397086254,15506.941357499156,237189.709104992
2023-06-25 07:35:47,59061.20081625665,15424.715209766247,227107.3613219363
2023-06-25 08:55:59,58244.42727353031,16231.836130717918,228099.0492152941
2023-06-25 19:10:59,53463.231788950005,12630.480003455252,211434.59890507546
2023-06-25 21:09:47,52643.74664302554,12446.450255365497,191009.17772631117
2023-06-26 06:42:23,55431.06594322667,15329.6950532685,201516.00751288104
2023-06-26 10:22:59,53686.39366622647,14434.687555582017,201419.95619073955
2023-06-26 15:55:47,52579.28482089935,14480.127134555074,195580.41671564666
2023-06-26 18:58:11,51803.008595522944,14813.68079184337,181558.87456593162
2023-06-26 19:09:23,51698.236692106,12766.121286230715,210978.28614729425
2023-06-26 20:42:35,51103.83159684758,13873.87347971887,210438.65603931047
2023-06-26 22:51:47,51584.36643254334,14616.63842524916,223682.01343573869
2023-06-27 02:06:23,51477.709239090655,12809.907686674323,188841.27108176053
2023-06-27 02:07:23,51473.9705713809,13945.831182707196,179840.4556048278
2023-06-27 02:11:35,51459.01700120333,14427.437500396407,210966.70102168826
2023-06-27 02:19:47,51433.726586381956,13643.055699125198,203543.8335570171
2023-06-27 02:58:35,51409.805413603346,14199.863145839381,196234.19588639462
2023-06-27 03:48:35,51691.74479458561,14347.236678825668,202263.99622480216
2023-06-27 03:50:35,51711.05320014841,13779.626809596068,195616.62629799798
2023-06-27 06:10:59,53855.83165488068,14871.414418995257,196666.91762002316
2023-06-27 09:36:35,53133.30290087956,13768.66953586501,189628.10702382703
2023-06-27 10:12:47,52548.902023847986,14797.471158301867,205607.48096584997
2023-06-27 11:30:23,51477.81553152964,12602.618676390284,203977.5774922238
2023-06-27 14:46:47,50809.15233291475,12730.572047104684,189798.5517133101
2023-06-27 14:56:35,50830.30649704276,12871.252366671597,169853.966676132
2023-06-27 15:19:59,50882.838431015,13168.305993587834,206933.27321809958
2023-06-27 16:19:11,50957.7298693091,13379.372585298996,202360.53180960368
2023-06-27 19:29:47,49660.37032467657,13911.191747135184,191465.51279614138
2023-06-27 19:32:35,49634.38716396416,12597.696784985628,210686.35390893416
2023-06-27 20:40:11,49193.2833786602,12788.843457417142,178846.75382489778
2023-06-27 21:02:35,49149.58956725303,13963.907553807056,178717.38121249946
2023-06-27 21:50:11,49228.260608804965,12468.804215633858,196656.89482814263
2023-06-27 22:20:47,49367.067560845346,13209.284165201485,182493.70244506327
2023-06-28 01:23:11,49523.20837764859,12957.59613514827,185763.0826415138
2023-06-28 02:18:47,49274.8644087477,12955.75763491533,181122.34305792017
2023-06-28 02:19:11,49273.67531207801,11953.686401447607,190815.8959969121
2023-06-28 02:19:35,49272.500153211586,12290.85955768202,174926.74964432354
2023-06-28 02:42:47,49231.65470543597,12463.83513317602,190218.14282490106
2023-06-28 06:11:23,51609.7131697952,13875.444655031455,201365.5649495044
2023-06-28 06:54:47,52064.482281611155,14319.42925958863,190602.6952321879
2023-06-28 07:09:35,52146.85762091582,14511.226899701353,207324.8346713308
2023-06-28 07:51:11,52158.101029061116,14467.94607114863,195668.61078766314
2023-06-28 08:29:23,51902.76156456376,14271.90234238393,224832.2751414313
2023-06-28 09:08:23,51449.612934314726,15057.66759192666,180864.91371520885
2023-06-28 09:40:23,50999.44433141761,11860.210629181409,198949.35341344457
2023-06-28 10:30:59,50276.88418826996,13236.28216768104,206928.0622604499
2023-06-28 11:26:11,49627.033916838234,12541.573516592585,192807.042293356
2023-06-28 11:27:47,49611.51480051075,13419.855687257725,174273.20816933538
2023-06-28 12:32:47,49161.50787555203,13200.938602581951,190909.13727999
2023-06-28 13:58:47,49075.98359997432,12782.442108832056,182860.8292047269
2023-06-28 14:33:11,49163.68336925601,11726.127891416822,185633.68345543867
2023-06-28 14:47:59,49213.65130337261,14538.700010654022,186652.8934684369
2023-06-28 15:23:35,49344.03900433193,12560.342936256018,194079.02297096892
2023-06-28 16:50:35,49503.97632418886,13291.91899076027,191029.2398280259
2023-06-28 17:26:47,49415.630170175515,14026.30717977713,189485.50928075684
2023-06-29 02:41:47,48595.316979765725,13184.884797103261,181125.1766395658
2023-06-29 04:45:35,49632.650687164256,13432.656606818104,191982.83985052834
2023-06-29 13:14:11,48113.24684472464,12837.78739830992,196125.3265593003
2023-06-29 15:16:59,48167.70609015181,11906.411689290833,181072.8154429345
2023-06-29 17:51:59,47840.880507241156,12255.18648317613,195240.71680936622
2023-06-29 20:05:11,46610.02654965673,12340.931088088424,161305.11454591603
2023-06-30 02:45:11,46208.061083402354,11616.342351506011,178359.10371812078
2023-06-30 04:18:35,46718.58277324012,10492.838591015261,174694.79033106915
2023-06-30 12:03:11,46108.692220942445,11511.717476384187,166486.47503329473
2023-06-30 12:14:11,46047.58031995674,12851.48448751688,193287.5855808638
2023-06-30 12:45:47,45926.39171975984,12561.472604630766,178931.4396229144
2023-06-30 14:14:59,45968.473825345834,12296.966494229864,185018.216581382
2023-06-30 15:48:35,46339.580836813264,12585.882575536605,168528.41218193204
2023-06-30 16:58:47,46479.303409974695,12084.139010445268,172990.78416105325
2023-06-30 17:25:35,46444.86794965753,12661.035222396553,177617.55079482828
2023-06-30 17:59:47,46324.590308080325,12596.663389445122,203279.29327071703
2023-06-30 18:43:11,46081.237204479636,12348.702209411913,180304.14006196795
2023-06-30 19:59:59,45662.66550492823,11147.411181613703,176412.49737278288
2023-06-30 21:21:59,45710.42622729478,11056.879629681724,178823.94017102037
2023-06-30 23:48:47,46806.644598314335,12754.76800712726,190399.64146832644
2023-07-01 00:46:11,46984.546402674794,12237.062273021582,162801.9286826817
2023-07-01 01:20:47,46985.156201901125,11605.05196717896,186734.8804852437
2023-07-01 03:20:59,47274.7006601495,11935.268637540385,201551.2135073285
2023-07-01 03:23:35,47298.381379653736,11730.584608404544,175437.075608885
2023-07-01 04:15:23,47974.85784965326,12181.440977857992,180204.90271369895
2023-07-01 04:51:59,48650.37898141739,13150.072553442687,195153.69235439296
2023-07-01 04:56:23,48738.751299791205,14285.103696204518,200095.98199584702
2023-07-01 07:38:23,51197.794703962776,13312.958990779805,169617.3014164613
2023-07-01 14:23:11,49818.22441431901,13012.667927671146,191345.0142246449
2023-07-01 15:33:11,50317.70521353852,13215.981675529123,193095.41807957497
2023-07-01 16:04:47,50521.22114012783,13896.10116960581,186287.17787662454
2023-07-01 17:06:35,50740.19284176438,13241.4625364032,205782.04151110226
2023-07-01 18:49:59,50427.56505144171,12743.859558120332,190699.0005935623
2023-07-01 18:53:23,50408.25771541861,14123.262267997512,178962.72802217255
2023-07-01 19:01:47,50360.36244180857,13133.050499830346,197207.76511491483
2023-07-01 22:25:35,50677.96635063286,14755.669131135584,194397.07060119984
2023-07-01 23:16:23,51133.262117922655,12391.802666344931,204251.09106085813
2023-07-01 23:49:11,51352.677295753005,13156.477980814547,203451.60047547458
2023-07-02 00:21:47,51472.79410865069,14220.512330186231,213380.0499335886
2023-07-02 01:00:47,51488.883292321545,12292.612234970844,212383.87057764913
2023-07-02 02:56:35,51444.92709721104,14847.69583645723,213443.740852671
2023-07-02 04:03:47,52073.60969165531,11973.66617670771,189917.474822541
2023-07-02 04:24:47,52405.7121710913,12246.0877865032,207170.9379426668
2023-07-02 04:58:35,53035.53252119908,13327.95735881438,204772.42915456643
2023-07-02 05:46:59,53999.788758678915,15203.485329538582,201428.08255956927
2023-07-02 05:52:23,54101.74249107761,15106.481904523058,195811.95435992224
2023-07-02 06:01:35,54269.41238206947,14190.101234959167,214094.4278663208
2023-07-02 06:12:11,54451.18339130084,15065.2819890945,188667.5088008587
2023-07-02 06:28:11,54697.12259686139,14365.910468721257,216034.23222514032
2023-07-02 07:08:11,55121.641715680176,15124.150402407016,212495.24090223855
2023-07-02 07:44:23,55233.85848407533,14303.755354546387,198991.14109537867
2023-07-02 07:49:47,55228.087916564145,15682.32096967209,215480.03089514066
2023-07-02 08:36:23,54964.43235175371,13724.185221996599,206248.49717851274
2023-07-02 09:13:47,54543.4998395383,13727.767447425163,209866.4585186459
2023-07-02 10:29:35,53508.706267847716,13252.210258601852,198005.84461414046
2023-07-02 13:17:47,52383.965535329284,13523.056008415884,186711.13078815135
2023-07-02 13:29:35,52391.79467513813,14306.564638682989,210820.06110047118
2023-07-02 13:35:59,52400.09756611098,13023.772874589768,207815.20539352385
2023-07-02 13:50:47,52429.45347905099,13283.96814376011,199737.84539873738
2023-07-02 14:39:35,52606.40664306256,14094.316706988717,201559.81315761918
2023-07-02 14:40:35,52610.962245500785,13037.80892162617,200404.02753789962
2023-07-02 17:23:23,53018.44179196671,12476.52785908308,207634.33224034068
2023-07-02 17:27:47,53004.233328177776,13604.245265381775,221772.3259441083
2023-07-02 17:34:35,52978.89611771865,13928.986428398284,203917.76640233828
2023-07-02 17:56:35,52870.35531406284,11789.753803317075,200502.2619970218
2023-07-02 17:56:47,52869.19525012567,13588.037197775582,201968.8526100636
2023-07-02 20:00:23,51981.57588080857,13235.82406262084,189210.3571412747
2023-07-02 20:05:59,51955.10144821968,11638.826707980805,218207.4073182215
2023-07-02 20:11:11,51933.222031902595,13064.197275870374,186998.6857368632
2023-07-02 20:43:35,51862.2141571265,12923.201628763074,203370.76744582257
2023-07-02 20:44:11,51862.02709919063,13317.207316007765,197099.16424821937
2023-07-02 20:52:11,51863.57537048707,14280.17304367066,213819.035421425
2023-07-02 20:59:35,51871.69504566569,13164.738276500244,196808.136220913
2023-07-02 21:29:35,51967.85030508608,13896.694179552565,193519.31933079343
2023-07-02 21:32:11,51980.62576716004,12918.353927536968,209068.71449499225
2023-07-02 21:44:23,52048.83687562268,14087.662147539333,188161.730016953
2023-07-02 21:45:11,52053.75528930447,14660.250425755981,198420.5320178461
2023-07-02 21:46:59,52065.00825390993,11946.248297543505,202879.0311685647
2023-07-02 21:52:35,52101.59552420126,13578.631509461846,205305.1328422803
2023-07-02 21:53:23,52107.007886390646,12505.597685673056,187386.83809743915
2023-07-02 21:55:47,52123.50784028349,13670.96594595141,198403.66240497993
2023-07-02 22:31:23,52401.2326228359,13525.318799741259,179566.9823975104
2023-07-02 22:32:47,52412.866011747006,14235.495161643057,197331.86872894486
2023-07-02 22:33:35,52419.51916465205,13808.587537398533,203978.83475804282
2023-07-02 22:34:11,52424.51098343425,14037.600974853915,200547.90869186417
2023-07-02 22:55:59,52603.80479064899,14058.776574513526,205256.35262363404
2023-07-02 23:15:59,52755.07932956246,14299.207493427773,188630.90850219718
2023-07-02 23:29:23,52843.25525531195,13732.885134982225,204659.7501422218
2023-07-02 23:33:23,52866.98649582933,14208.947658633024,225015.04264783955
2023-07-02 23:38:59,52897.999226536704,14329.394196237854,219629.83648193645
2023-07-02 23:40:11,52904.29632844511,13762.527483167967,217371.7966951523
2023-07-03 00:10:35,53019.211181248575,15941.071581958935,188391.2746729998
2023-07-03 00:13:59,53026.51648516781,13341.526009895468,212542.34286802186
2023-07-03 00:52:35,53035.79606382137,13212.688370141232,203403.2155382806
2023-07-03 00:55:35,53031.58631824595,13931.34775046914,214817.2824271952
2023-07-03 01:26:59,52961.718040528634,14365.244242535398,212308.97724492147
2023-07-03 01:37:11,52934.28634206844,13892.797484498064,222046.44036403386
2023-07-03 01:45:23,52912.917511168576,13598.398771257645,190979.51335485696
2023-07-03 01:46:47,52909.41888215267,14528.791858084813,192419.1080518541
2023-07-03 02:19:23,52855.97217494101,13802.686899116296,221628.89309137437
2023-07-03 02:47:35,52886.681559654564,13233.072591627853,217443.7384343202
2023-07-03 02:53:11,52904.753295287366,13119.806399468422,185095.55191050834
2023-07-03 03:40:47,53254.1246585579,14052.740584617646,206194.04012968316
2023-07-03 03:41:47,53265.42032989656,14933.660852316061,211926.85554020424
2023-07-03 03:55:35,53437.75666367007,14886.76620721792,221490.91128228465
2023-07-03 04:13:35,53706.3953136178,12843.091451955503,193673.83486609042
2023-07-03 04:28:47,53967.572419327094,13256.29722049092,220561.72720373064
2023-07-03 04:32:23,54033.424712606364,14018.974350314058,216121.8221110136
2023-07-03 04:51:11,54397.34317680807,14429.36931886886,223043.68829238566
2023-07-03 05:04:23,54667.65819616708,14975.81116589793,200264.32713048937
2023-07-03 05:57:59,55767.614379363185,14654.850086464428,214276.58678339462
2023-07-03 06:07:35,55945.59838458404,14605.526405195586,223002.49637389818
2023-07-03 06:15:11,56078.714547975665,13836.813883641324,222390.60683882577
2023-07-03 07:50:47,56884.444831070905,15754.066327969515,201893.60806219385
2023-07-03 07:54:35,56878.93552281763,14984.628967262526,242658.63740735163
2023-07-03 09:15:23,56231.63691169745,13007.726032523085,200066.7239889688
2023-07-03 09:25:47,56099.64649246258,16073.317981241289,194948.45305216126
2023-07-03 09:29:11,56055.42293581655,14521.33494347778,215822.69004374126
2023-07-03 11:48:47,54497.04195049868,13795.018838986394,208088.852021066
2023-07-03 13:03:59,54276.43277856985,15505.883070184052,200487.0218317029
2023-07-03 14:31:59,54572.35997557248,15358.749336905497,230686.14191340414
2023-07-03 14:45:47,54653.32867680447,13307.228037183582,203793.1556102775
2023-07-03 15:38:11,54974.49402594292,15132.403500904753,188978.9814579572
2023-07-03 15:47:35,55027.04844613711,13906.758785032098,204399.9494742619
2023-07-03 16:09:11,55132.331994820845,16109.894002199979,198340.53732885033
2023-07-03 19:56:11,54293.77452127793,14518.107064436013,199120.42891406975
2023-07-03 19:57:23,54287.885493359805,14382.637716968275,207050.51210935935
2023-07-03 21:45:47,54402.389704250425,14721.088238462824,192702.83164834016
2023-07-03 22:46:35,54905.763341724814,14949.440996871861,208389.83304576445
2023-07-03 23:41:47,55307.93457720269,13908.188085482547,215553.66543060073
2023-07-03 23:41:59,55308.967297143805,13152.507534646573,217879.84977993462
2023-07-03 23:46:35,55331.64045691669,14687.269752977538,213683.37355732825
2023-07-03 23:59:11,55382.78011879612,15755.728158244197,204287.6454334769
2023-07-04 00:08:47,55410.59190263513,14066.97656536063,212335.14480471893
2023-07-04 00:39:35,55435.388323233965,15496.25739953515,213667.97859559287
2023-07-04 01:18:35,55353.408497833996,14452.339747137363,224639.67134122615
2023-07-04 01:29:59,55316.222334918195,14593.169605019328,227925.25128225153
2023-07-04 03:07:59,55266.00966415453,17141.82228543422,240127.08779572623
2023-07-04 03:19:11,55334.150092965705,14187.856469031834,207780.32219656708
2023-07-04 04:46:47,56543.294089393086,15171.149221423033,193517.28129529167
2023-07-04 04:51:23,56632.52941627528,14854.551213253078,221358.9104983867
2023-07-04 05:02:23,56850.918112184634,13774.678404613442,234466.3094119876
2023-07-04 05:03:59,56883.13095996397,14853.694026098396,211735.17989884698
2023-07-04 05:16:47,57142.95116592856,15806.349336045916,236625.21712895072
2023-07-04 05:22:23,57256.91162553031,13963.399765077178,219100.2039383891
2023-07-04 05:33:11,57474.90533614866,16075.686211840282,216386.11657937025
2023-07-04 05:49:11,57787.36933718572,14379.509421461145,205396.3151987429
2023-07-04 05:49:59,57802.5011547422,14505.084253483348,237573.34749172814
2023-07-04 05:50:23,57810.04596579874,16799.32925577749,214440.3040507163
2023-07-04 05:51:47,57836.339277532395,15752.327901851755,242197.70188580494
2023-07-04 06:00:11,57990.041525108805,14058.502064365588,209169.0611258697
2023-07-04 06:12:47,58205.17543357065,14708.838761275512,209871.96564313638
2023-07-04 06:28:11,58437.163790749415,15410.697660020007,212160.8233607707
2023-07-04 06:49:11,58686.881688870366,14813.922058214463,223650.4688555961
2023-07-04 07:07:35,58833.25791203059,15214.644478574057,223599.59328498377
2023-07-04 07:20:59,58894.152632935795,14726.211912510673,214746.73831040505
2023-07-04 07:38:11,58914.85395351246,13165.774525269471,228452.52234375308
2023-07-04 07:48:23,58897.12051286459,15823.780970184911,244903.23978700707
2023-07-04 07:54:23,58876.596251912946,15183.988186705448,212914.97870358103
2023-07-04 10:25:23,56895.26995022178,16230.734234009677,218931.2947765486
2023-07-04 10:32:59,56778.29083452877,14764.716033086925,198281.38959869175
2023-07-04 10:40:23,56667.349565063654,15049.611130772184,198809.53479222226
2023-07-04 11:40:59,55908.22393568926,14932.168308435705,191590.60055937505
2023-07-04 12:14:47,55623.46934947151,14697.332051031546,228236.25334813076
2023-07-04 12:33:47,55509.40985433896,14184.424282472208,200761.62433876126
2023-07-04 12:49:47,55438.3438837208,15129.071399017574,219989.0537270427
2023-07-04 13:36:59,55351.176294638455,14146.839588488267,191644.06745471424
2023-07-04 13:43:23,55351.983218207795,13830.801788193823,224595.00067247808
2023-07-04 14:06:35,55375.91436606191,15468.612716857555,204011.12427837768
2023-07-04 14:55:11,55502.35072920439,14926.616049265423,215832.15637688042
2023-07-04 16:04:47,55693.2107207795,15916.87369307481,204777.17016434376
2023-07-04 16:13:47,55703.63532433941,14835.528603469716,216079.03153276877
2023-07-04 16:24:59,55708.74998296992,14760.689096064756,220792.78133078752
2023-07-04 19:17:11,54519.55335486997,14322.551201165508,209156.19556227085
2023-07-04 19:39:47,54296.548234250324,15394.187410004966,202026.63427294465
2023-07-04 20:50:35,53879.0884323589,15131.091845637684,209870.4479662079
2023-07-04 21:51:23,53967.852376130126,13865.413840011523,200243.77862041062
2023-07-04 22:01:59,54017.85808983134,14323.648124948102,207821.9149958319
2023-07-04 22:37:11,54218.37320523237,13588.58816512291,177589.4708457129
2023-07-04 23:22:47,54460.7430777231,14649.609074502234,216967.13570651982
2023-07-05 00:11:11,54554.32566418192,13806.509708043697,202992.94339607688
2023-07-05 02:02:35,54089.83328309041,13755.658871697944,204199.74817794038
2023-07-05 02:11:47,54049.58427472982,14644.324450792634,207640.41875837115
2023-07-05 02:16:23,54031.91018877945,13251.720834038839,192220.92250831172
2023-07-05 02:19:23,54021.38628674353,15210.635929355987,222525.25812185268
2023-07-05 02:34:11,53982.83513948968,13417.241038253416,197574.05324196207
2023-07-05 02:35:23,53980.78777012224,13695.00896512839,201321.53131240705
2023-07-05 05:24:59,55736.04217485678,14167.997605816732,214060.80937635212
2023-07-05 08:10:35,56929.905050858164,14050.198019202018,215001.64523683657
2023-07-05 08:11:35,56921.715923292984,15899.1431112308,228727.77095623894
2023-07-05 08:15:11,56890.833614285846,12543.369432563055,218390.59143940127
2023-07-05 08:18:59,56855.912741918924,15668.7673319429,218889.22890001602
2023-07-05 08:21:11,56834.63650314146,14636.72396869988,201157.879663691
2023-07-05 08:24:35,56800.273788212726,15028.911184665796,219043.28950607756
2023-07-05 08:24:47,56798.19754025552,14290.938271705234,215758.18813873944
2023-07-05 09:20:11,56040.98830643179,14404.236008065052,207205.5029301421
2023-07-05 10:34:59,54818.65731180184,14170.387030585967,227372.02545477136
2023-07-05 12:12:59,53681.87728008096,15811.920684922434,217565.64393524476
2023-07-05 12:15:35,53663.14747109067,14033.267001721197,215584.30851596862
2023-07-05 15:21:59,53563.88680113453,13736.508083196808,196861.7486159309
2023-07-05 15:43:47,53618.22165924857,13576.493181015832,202352.08566171938
2023-07-05 18:22:59,53043.370634416126,13264.319901017032,210555.2222170723
2023-07-05 20:30:35,51904.39220736619,12999.709356630014,197304.4358603668
2023-07-05 21:43:23,51871.58559810252,12986.680362514491,218740.49376265495
2023-07-05 22:15:23,52005.764875423156,12861.221563829191,204290.04948158338
2023-07-05 22:16:59,52013.73921576685,13651.757647794619,191377.11716479668
2023-07-06 00:23:35,52360.140743091215,14337.259212576377,210941.06287772747
2023-07-06 01:03:35,52196.3230015502,13019.952366748566,202242.23213542358
2023-07-06 01:07:23,52174.99526843354,13242.92955340263,189123.989410317
2023-07-06 01:40:59,51967.472342737114,13503.730882028216,195473.9419849204
2023-07-06 04:08:11,52052.21765473401,15164.142038437323,192065.8594286935
2023-07-06 04:59:59,52744.35083894843,13938.607625560002,190098.997246715
2023-07-06 05:16:47,53003.997529220636,13314.73944122392,219134.78382986566
2023-07-06 07:39:47,54147.391369895384,15089.095347015233,243713.8011508848
2023-07-06 08:31:47,53672.54183540475,14814.854536171044,180692.5773407488
2023-07-06 09:18:47,52930.74164111788,13591.867056476425,194035.69164826366
2023-07-06 11:32:47,50664.526558298894,14424.645348780348,196763.79887329604
2023-07-06 11:36:59,50609.804364536576,12264.870177216033,183200.31490224658
2023-07-06 11:47:59,50473.36047264892,12308.290994717678,181753.55701998508
2023-07-06 13:36:47,49648.43966617587,11443.575442918043,201531.32226682137
2023-07-06 16:08:35,49409.43487269973,11371.840294252606,195103.9808465052
2023-07-06 16:22:35,49367.01680632024,13208.220734582983,168006.29367255568
2023-07-06 16:49:35,49246.196770851755,13015.101445884318,199835.29286545515
2023-07-06 17:22:47,49016.151342098,13378.155701429569,193077.32855242392
2023-07-06 19:55:47,47221.99716211788,12258.987830144599,195529.3869437492
2023-07-06 21:36:35,46641.013361332705,11088.653806032453,179181.37039255357
2023-07-06 23:49:47,46698.9739353688,12681.414502054511,184376.61519491413
2023-07-07 03:47:59,45620.10941468794,12974.584551717642,170241.97970597947
2023-07-07 04:31:47,45944.821041651405,11418.3954150486,170051.75043241412
2023-07-07 04:52:11,46159.97540670246,12180.344889709066,184820.80123972284
2023-07-07 09:12:35,46210.16786514266,12081.477360054354,204835.75513236164
2023-07-07 11:11:47,44386.25921512702,11223.754879996042,165509.96127238535
2023-07-07 11:15:59,44333.63079324648,11847.700271110023,172805.13650874695
2023-07-07 11:16:47,44323.75025193217,12506.098233936978,164703.156268677
2023-07-07 13:17:59,43390.84541118001,10742.101919056304,168751.95766548603
2023-07-07 15:02:11,43321.99970135998,12163.586793183495,156499.1344737366
2023-07-07 15:08:23,43327.91025195468,12114.162235232185,172531.78209688043
2023-07-07 15:12:47,43332.17356942396,12144.916510287638,171954.9742262637
2023-07-07 15:16:23,43335.649796544974,11674.917229143906,156518.23903664685
2023-07-07 15:17:59,43337.18059987498,11345.377441312838,166889.11941595707
2023-07-07 15:56:59,43362.25581650162,11999.667881663174,150957.23826867
2023-07-07 16:39:23,43325.52597218996,11300.524830011906,159947.10824300195
2023-07-07 16:57:35,43277.34184847954,11263.379849006718,177168.0828624171
2023-07-07 17:03:35,43256.50279305017,11326.612922599821,157720.60826717093
2023-07-07 17:30:23,43132.446083781586,11617.626010391057,169299.77134008997
2023-07-07 17:46:11,43036.221992626895,11017.645174307878,176248.1735485533
2023-07-07 18:07:11,42884.9669764333,11650.344005391795,161438.01631912438
2023-07-07 18:53:59,42486.25069478707,10655.628923754106,159619.2716954917
2023-07-07 19:40:23,42096.26843999257,10537.86189055214,142816.07916634413
2023-07-07 19:44:47,42063.89055162923,11371.565813938214,152070.7318328822
2023-07-07 20:23:23,41839.6403011915,10362.482656665059,153994.4176580259
2023-07-07 22:02:59,41872.303746699334,11599.160241488116,166856.43415813742
2023-07-07 23:08:47,42176.820557861094,12253.749362782986,161329.45683934572
2023-07-08 00:49:47,42276.29805805879,11722.80870699205,170756.542729124
2023-07-08 03:47:59,42244.38254534685,11229.884135239054,163351.42621087696
2023-07-08 04:00:23,42357.62295674589,10659.270901624634,179590.8687690436
2023-07-08 04:04:11,42396.054814342904,11370.49482709045,154123.40989189918
2023-07-08 08:10:23,44614.41780933139,12384.88027292911,174462.65597124453
2023-07-08 09:45:47,43694.62085161429,11927.741586146361,152006.2379000472
2023-07-08 10:49:59,42960.72891419924,11606.378833476376,152576.2609313746
2023-07-08 15:54:47,42512.42812007023,10569.824199874018,159893.03691192626
2023-07-08 18:59:47,41889.49549678771,11034.835759387652,160723.4977575283
2023-07-09 01:32:59,41651.80673344329,11163.999726216227,159823.54678889058
2023-07-09 01:35:35,41640.46520809381,10879.338778159368,165747.25539562185
2023-07-09 01:36:59,41634.36553613084,9962.581334312274,147767.00109865074
2023-07-09 01:37:59,41630.01488654668,10352.685003949151,144913.9259863139
2023-07-09 06:00:47,43190.12938779183,11534.807929830327,161267.6112145508
2023-07-09 07:17:35,43716.165950953684,10941.183054212237,149694.66031566678
2023-07-09 09:16:23,42880.37444888979,11052.928752671518,162116.03043861483
2023-07-09 10:38:11,41804.932936696394,11191.648225955389,172419.82077114267
2023-07-09 13:08:47,40662.03542117915,10198.526906016017,159078.2033279865
2023-07-09 18:03:11,40373.372719637846,10589.674980743881,162407.27443180705
2023-07-10 07:28:11,42003.915512883934,9938.954145998137,166432.18612027974
2023-07-10 15:18:47,40001.56556049711,9750.279941572446,163597.92330287944
2023-07-10 20:28:35,39289.73184798008,10438.741952486373,136081.81000900464
2023-07-10 23:45:59,40027.36982310285,10788.126782377047,137551.4748224004
2023-07-11 08:41:11,42266.69026681683,11519.631977173407,162908.6994896276
2023-07-11 08:41:47,42261.62893751308,11595.4503482468,167674.86130325074
2023-07-11 10:12:11,41288.00541936361,10713.950112663455,147419.66639829453
2023-07-11 12:59:23,40123.52605741149,11112.087239025475,154191.50563954038
2023-07-11 14:36:47,40202.771232791136,10264.88261668583,135396.0794001312
2023-07-11 17:32:59,40361.41587759594,10712.367038712142,144282.9941245909
2023-07-11 18:27:11,40072.10307130726,11292.237720360734,155933.15702221644
2023-07-12 05:56:11,41781.01984792112,10537.656994085944,160665.06189259648
2023-07-12 12:39:59,40403.997914414766,10054.501191123996,157392.72414319133
2023-07-12 13:16:59,40378.95137776962,11225.950971003278,155383.16817592905
2023-07-12 16:36:35,40976.37604929051,10408.933991299173,151957.35868390935
2023-07-12 18:26:11,40715.10384379945,11649.813453811212,149829.37470067176
2023-07-13 11:32:47,41464.93754439905,10084.878156653747,157546.7861154181
2023-07-13 16:46:47,41229.77062778837,11469.573482848211,159027.35825067773
2023-07-13 18:19:59,40799.94888339914,10920.484145844483,156982.78137940067
2023-07-14 07:05:23,42277.444429451185,9994.862815324488,148899.48116906767
2023-07-14 19:52:35,39867.76413503258,10035.112673337117,156863.01082295226
2023-07-14 20:37:11,39797.62151362004,10298.192443944312,157981.72904094428
2023-07-15 16:00:59,44099.11256989355,10918.239180539127,165343.06333102388
2023-07-16 14:12:59,45382.31279465176,11735.700913808389,168500.74069358292
2023-07-16 17:32:47,45703.78713779472,11938.450605869577,177078.64170334474
2023-07-16 21:56:23,44824.20058150854,11408.785807075677,187331.12816996913
2023-07-17 03:56:59,45761.28949531829,11734.185151984426,185838.6702565613
2023-07-17 18:24:47,46500.180801149945,11843.329288535793,188257.4317107512
2023-07-17 19:51:11,45931.20700357139,11757.312498229616,172591.86004630907
2023-07-17 22:47:35,46332.05390047501,12321.523114866792,188628.36468691556
2023-07-18 17:46:35,46184.35538968264,11973.609575426399,170794.79978338082
2023-07-18 23:24:11,45277.15449781826,12011.8812277222,173916.64209988643
2023-07-19 02:09:11,44890.69412909667,11309.955402194488,160229.06399402197
2023-07-19 12:42:23,44304.63771180137,11272.090904367698,169537.53743615974
2023-07-20 02:10:11,42879.82856771064,11141.076545004027,159304.5250353151
2023-07-20 02:57:11,42777.00356686968,11264.057235815919,163478.79448285614
2023-07-20 09:16:47,43908.359557635515,10900.43480140732,170512.13149100018
2023-07-20 14:08:59,41147.93555832446,11189.975631592699,160318.32447204442
2023-07-20 16:29:59,41002.269807274955,10461.9793018737,162540.14467801282
2023-07-20 22:54:23,38932.48216311747,10569.373905576862,147250.72097748984
2023-07-21 04:14:35,38280.21140079026,10060.172059813527,141398.98111106124
2023-07-21 12:52:11,36566.681041691,9056.401642575129,148158.65049467396
2023-07-21 18:46:59,35921.57678607946,9494.306677466708,133928.06836817233
2023-07-22 03:28:23,35782.7594132492,9234.044419452557,127444.71324992318
2023-07-22 21:37:47,35624.35053112871,9910.08850505811,135560.68280920046
2023-07-22 22:03:35,35714.964633699055,8894.394992999789,143277.6388138969
2023-07-23 04:28:59,36347.44114878525,9722.464865909464,144256.4383164273
2023-07-23 12:25:47,35467.22021386401,9160.828646408861,127845.11969131205
2023-07-23 13:58:47,35289.190188471825,9290.472251185767,137765.2708805623
2023-07-23 15:26:35,35398.23615886597,9586.4314328354,137823.71242855894
2023-07-24 05:46:35,35913.87944917853,10165.18064102373,149855.39990927308
2023-07-24 07:47:35,36628.43772845622,10182.895415159022,148985.83015176884
2023-07-25 18:15:59,34310.129994837764,8435.175178755118,124398.29399168174
2023-07-25 23:54:47,33973.1770060293,9078.689176413623,124795.04991627489
2023-07-26 02:36:59,33661.7434689638,8858.82816382146,133468.17734523973
2023-07-26 04:19:11,34099.74168766521,8688.997280101206,151550.78624022575
2023-07-26 10:15:35,34582.73607674191,8885.275444255101,133949.12106788167
2023-07-26 23:30:23,33435.40913836278,8505.293702192868,121753.63816678268
2023-07-27 16:05:47,32665.2067403181,8437.15751208397,131594.49467135497
2023-07-28 03:58:35,31143.56876169139,8202.180663082752,123999.81417894177
2023-07-28 16:52:11,30657.903050392175,7999.32033903329,125364.89708613856
2023-07-29 18:23:47,32383.191246884468,8272.333612169585,124710.13858974919
2023-07-30 02:56:59,32711.83057107439,8922.177202458326,134898.425608094
2023-07-30 18:51:23,33175.21837759197,8808.424791917161,118273.46549094263
2023-07-31 15:01:47,35056.104078901466,8894.145719210912,138023.8266046413
2023-07-31 20:36:23,34973.11873207732,9819.938695235214,132799.26195466222
2023-08-01 03:48:47,36405.20336755119,9068.882296771608,157511.08099191758
2023-08-01 04:09:59,36622.26909233557,10085.430206149962,130685.13891748468
2023-08-01 05:21:47,37603.19332882871,10649.38234196533,137718.09622789107
2023-08-01 05:48:23,37988.792285877265,9921.994484687164,146272.19106737964
2023-08-01 15:22:47,37509.35566308829,9669.249344460024,145577.260230332
2023-08-01 17:28:47,37714.13430024731,10307.131325271905,141431.08016121478
2023-08-02 00:13:11,37920.381372553195,10376.42420907869,145519.8533747422
2023-08-02 05:19:23,39441.05242688665,9150.164720633084,157878.41277987201
2023-08-02 14:43:59,39476.77853035934,10967.98857418143,141513.3244330604
2023-08-02 17:32:59,40000.79878500275,11054.745841215938,162146.95400156316
2023-08-02 23:08:11,40213.63259572269,10771.824125436955,150540.1848385378
2023-08-03 01:36:47,40516.8526742619,11771.203853732799,154597.0103150841
2023-08-03 03:05:11,40580.548068014614,11714.381318904452,151130.29162449704
2023-08-03 14:22:35,41412.45611997223,11748.976711516521,163303.20975392754
2023-08-03 14:26:35,41423.69409507515,11274.92894355988,153853.11603909513
2023-08-03 14:45:47,41482.80248589825,11175.83506812056,157860.66300348987
2023-08-03 17:08:11,41733.59796535718,10491.366754908342,150238.09236672203
2023-08-03 21:54:59,40748.368491943686,10759.69593341068,162532.1238913849
2023-08-04 01:00:23,41246.540862699534,11677.049901315251,147351.01424021224
2023-08-04 22:01:23,42322.80324081044,11542.719840930076,156367.89555674646
2023-08-04 22:16:35,42453.54235888282,11963.393736924754,174680.10219673038
2023-08-04 23:15:23,42980.24590115773,12356.33728749148,164084.11505372846
2023-08-05 00:54:11,43466.513450366794,11556.254218075246,143454.8592079924
2023-08-05 02:41:35,43623.99892173598,11674.755852625593,166073.87186089074
2023-08-05 07:08:35,47623.71238591914,14285.157779238962,180885.7370397478
2023-08-05 16:52:59,47930.56930909792,11135.148849546158,175504.09648738647
2023-08-06 04:48:47,50568.307797343856,13485.840233561536,199411.31856061023
2023-08-06 14:32:35,50751.12381819942,14672.097908440648,193479.34351479734
2023-08-07 05:15:47,53634.48553907367,13546.590203195525,207536.71231387407
2023-08-08 16:42:47,56190.72201667963,13915.45384855838,213074.80550735776
2023-08-09 01:30:59,55327.812542295185,13981.629115652078,226527.98392959518
2023-08-09 17:57:59,55651.94129857429,15290.626035237123,207344.22201926328
2023-08-09 22:43:23,54925.73829074063,14640.049857898719,216346.2896207608
2023-08-10 04:45:35,55938.10589310107,14352.348717184159,213851.4112543446
2023-08-10 15:15:59,53821.75591052175,14590.528284680879,222607.4811924509
2023-08-10 17:43:11,53385.64087337629,12975.5130821995,218289.65026501231
2023-08-11 10:29:59,51123.85781639233,12789.902379205469,181658.5398043604
2023-08-11 17:59:23,49744.72383355124,12162.01734420836,172597.30456468646
2023-08-11 18:50:47,49355.70687649424,12993.973747698146,184175.04126565962
2023-08-12 01:45:59,49745.409630327005,12659.068845697617,191756.47853078056
2023-08-12 15:46:35,52134.90123969912,14010.356551046565,198028.88807008573
2023-08-13 01:00:35,52543.870807770414,14703.541940716827,188256.50235909128
2023-08-13 21:57:11,52252.48766659881,14186.26168121829,227081.05149501516
2023-08-14 19:16:59,55010.070076248136,13830.160669324552,216380.0216521955
2023-08-15 01:46:35,56160.4465399407,14259.804318956412,202671.65892970914
2023-08-15 07:23:35,60387.5647692167,16754.40574554254,251692.25495449814
2023-08-15 11:43:35,57761.17508506936,15586.732492779853,215174.18976971923
2023-08-15 14:48:23,57720.16860122783,16375.523250899243,215432.5335208978
2023-08-16 00:49:59,58104.77565731867,15146.243707424774,214020.14133949415
2023-08-16 12:10:11,59335.975597507684,15180.658947716005,224736.58404781044
2023-08-17 11:13:11,61446.984857852454,14587.248029362128,234235.1390404454
2023-08-17 16:50:11,60817.22211378136,15864.638971685948,238805.5680784684
2023-08-18 01:23:59,59127.73794649567,13126.071824499806,221136.54508776337
2023-08-18 16:34:35,59218.00278614158,15696.77011558533,224232.66389664507
2023-08-19 02:38:59,59745.420396669266,16112.276571241622,210487.5420167954
2023-08-19 02:51:23,59803.03190880801,15749.496817709738,207059.08506001983
2023-08-19 05:06:23,62105.728810766086,16641.079112333508,257000.01463927876
2023-08-19 14:18:11,62784.33788890707,15988.404345015411,228625.3811381929
2023-08-19 15:48:35,63509.971649825304,17327.97007590845,240909.31613411396
2023-08-20 01:21:23,64268.077335590635,18263.44402453306,242409.15588637206
2023-08-20 04:12:47,65028.22832702664,17864.402258505725,267981.2153789417
2023-08-20 04:32:47,65426.6984610559,18070.431369812155,242538.53735164576
2023-08-20 04:55:59,65947.78177847374,15836.266688692647,250339.82412050312
2023-08-20 08:28:47,68258.55057044227,18690.11836469238,287675.8277832728
2023-08-20 10:33:11,66178.37935957043,17902.315802749235,261672.5379303503
2023-08-20 13:07:47,64682.95254969927,16459.416613645557,244783.31192541044
2023-08-20 14:14:47,64758.95324604023,16952.897575577408,268671.50353339
2023-08-20 20:49:47,63575.12565142846,17037.608102059126,237308.51785744508
2023-08-20 21:29:59,63668.62139699945,16160.132353607145,233812.47892995056
2023-08-20 22:26:59,64098.69610100641,18189.297847766687,259152.4629002958
2023-08-20 22:41:23,64231.606582907996,18564.453890711928,236491.2201646227
2023-08-21 00:17:59,64813.921537900176,19372.490421264945,230886.82755965934
2023-08-21 09:00:59,68476.96937077414,18224.06209795469,273349.94892204285
2023-08-21 13:42:59,65798.10101420856,17673.97590683179,268888.0539948271
2023-08-21 16:39:47,66770.84720724744,17253.88048299095,264213.4493680297
2023-08-22 02:17:47,66553.39872106838,16662.775363864777,229443.450349152
2023-08-22 03:41:47,66972.18030598419,19326.990870739875,285035.91954388894
2023-08-22 05:36:23,69392.40884052409,17993.2270713246,252095.04153382377
2023-08-22 06:21:47,70369.97045998649,17604.63528078125,283310.35080983
2023-08-22 07:00:23,70905.08288286183,18684.962678111402,323874.4862513429
2023-08-22 07:00:59,70910.5913455121,17969.373515972995,259141.78509230426
2023-08-22 07:03:23,70931.70489890645,19614.333025004416,272306.21418251755
2023-08-22 09:42:47,69493.32165571177,16967.985848063363,246341.4673388892
2023-08-22 12:13:11,67194.0142271187,16693.174907279263,268133.95787675824
2023-08-22 15:27:23,67256.80993877685,18616.40863374247,255897.60272931695
2023-08-22 16:21:59,67415.17626399668,17684.11424124165,244659.76481793553
2023-08-22 16:35:23,67419.64236408935,17728.461205675558,263158.34803035966
2023-08-22 23:45:59,66365.60629754805,16238.303655649985,253189.97361411786
2023-08-23 02:31:35,65887.06146535279,16173.10161025117,232182.3176241603
2023-08-23 04:39:23,67205.00115219079,17903.263805848117,261334.3605995691
2023-08-23 08:55:35,69406.84437550759,19090.35789152021,275656.75227406557
2023-08-23 09:04:23,69263.25162907298,21337.289208002374,269885.25133176567
2023-08-23 12:54:35,66167.53031912309,17347.791627074483,288655.22314810497
2023-08-23 13:11:47,66135.33412181713,17040.13264232289,271243.86858116
2023-08-23 13:47:35,66157.0688783504,16609.55898949721,253912.7184702661
2023-08-23 15:14:35,66541.26502278833,15629.005749313901,244898.15575595983
2023-08-23 17:13:35,66796.45407646235,16980.170540814175,268678.9752083376
2023-08-23 21:27:11,65187.501451064,17929.739119892165,270002.3351972376
2023-08-23 22:29:35,65642.2222921861,17862.06163052648,261433.09040676363
2023-08-24 08:18:11,69462.36544875952,16342.351492701371,249666.49675193138
2023-08-24 14:09:35,64972.34764677338,15886.741288944217,227266.66988993651
2023-08-24 16:53:59,65048.98578497116,17513.59187654566,265014.57975498383
2023-08-25 00:18:11,63028.041988846606,15411.119980599578,219276.59021678776
2023-08-25 00:51:11,62878.42396180381,17109.30585729276,251104.96084572133
2023-08-25 01:01:47,62809.58730306306,15708.645019989106,233536.79935388872
2023-08-25 02:04:59,62339.193848193114,16190.120418744867,237987.21082012646
2023-08-25 03:27:35,62252.81257792867,14766.39474954791,236424.6405103446
2023-08-25 05:28:11,64092.00617765832,16554.82224769819,232324.96862285072
2023-08-25 09:08:11,64488.90516315728,17397.854920928898,270259.31688491296
2023-08-25 15:39:23,61844.20711906264,16540.79120797351,235863.1000053286
2023-08-25 15:49:35,61890.2167407398,15120.839233847906,253913.23136485973
2023-08-25 20:43:11,60713.979151495434,15691.668697134937,244779.814608242
2023-08-26 04:14:35,63554.21379478036,17526.122670963563,249542.22687096157
2023-08-26 05:03:23,64740.312055372866,16470.232023552442,254392.96432084177
2023-08-26 07:20:35,67597.94620012007,17960.205143359897,268952.8232224131
2023-08-26 07:50:23,67728.66721699135,18685.80185719117,273536.4085041325
2023-08-26 08:04:59,67716.53568826673,16623.352656160812,260665.96351088316
2023-08-26 13:34:11,65301.79297415837,15499.254809975973,262105.95911922358
2023-08-26 14:07:23,65503.214184926204,16494.970189790296,244797.2194498598
2023-08-26 17:21:47,66741.52336548596,18039.67939129234,258361.55811135896
2023-08-26 18:50:11,66274.59168636386,17782.564941163484,273160.5205098695
2023-08-26 19:58:11,65799.36369762624,16078.55306974938,268103.4558522019
2023-08-26 21:03:35,65773.55887355174,17670.514672726964,247003.78626808885
2023-08-26 21:25:11,65896.00812436076,17426.113040013654,247709.14982920725
2023-08-26 22:14:11,66365.15104707831,17527.993602640927,242696.41660706978
2023-08-26 23:46:59,67329.5495964618,16804.34457446779,259572.71837990417
2023-08-27 00:39:11,67509.03797968579,17110.781476755405,266786.25722775393
2023-08-27 15:32:23,69064.430484387,16560.132586418284,251625.4701013048
2023-08-27 16:39:11,69329.47049084006,19646.222107935697,282070.6523476447
2023-08-27 18:22:59,68847.02461098581,19589.265682859346,261654.51621891552
2023-08-28 06:16:35,73469.91879595698,18501.15276535937,277375.0635247551
2023-08-28 20:29:47,71562.8927234358,18552.93387996427,259721.40582361945
2023-08-29 00:42:35,73491.183709147,18359.84896288151,279561.6372843186
2023-08-29 02:53:35,73352.5190070113,18300.81091546772,281994.13517959835
2023-08-29 03:20:23,73566.2012730755,20075.281901627666,301846.91322099854
2023-08-29 03:51:59,74020.78082284628,19129.16363769801,290809.9304860301
2023-08-29 07:40:11,78692.71418537233,21880.68894399415,332389.82887908886
2023-08-29 14:55:59,74843.91881121158,19729.43382686068,285173.9233667607
2023-08-29 15:19:35,74988.58956692554,17899.227023255455,267825.39252017287
2023-08-29 16:15:59,75257.65775697427,18929.161199534814,294146.6883810206
2023-08-29 16:23:35,75275.91676438281,20199.77557759862,301605.2935187172
2023-08-30 10:54:59,76040.2162095324,17210.93273199661,275942.74440845463
2023-08-31 02:05:23,74578.60865931264,20886.60564859092,304607.48220247944
2023-08-31 03:19:11,74610.28826078847,18961.142054350068,277135.02369992144
2023-08-31 03:55:47,75036.35342112192,19156.16778358064,280405.6215084441
2023-08-31 07:01:11,78810.01618979205,22965.54882879872,305713.72994624265
2023-08-31 10:31:47,75675.85826341779,19174.09246052332,272053.88860197645
2023-09-01 02:41:35,69374.94567314371,17894.082975625264,266765.74194657395
2023-09-01 14:04:47,67518.09329793918,16195.830778742542,287881.6982307569
2023-09-01 14:43:59,67616.23281016738,19995.887143967582,259375.7493696218
2023-09-01 16:28:35,67918.62919821034,16281.959757213903,269370.4163317796
2023-09-01 18:51:23,66933.09680107678,18331.726943750815,272799.83168113104
2023-09-01 22:49:59,66794.21252998989,17915.57124935706,248409.93960776477
2023-09-03 01:48:35,68703.84523237639,17220.0289224009,258057.95070903722
2023-09-03 02:59:59,68538.4969094637,17507.25472604432,255346.43489630264
2023-09-03 03:00:59,68541.58038224698,17174.143326148926,261116.25282813402
2023-09-03 03:06:11,68560.71629286768,18923.818303441156,264252.21857473854
2023-09-03 03:17:59,68624.00837956084,19346.30948223011,259598.29733298416
2023-09-04 20:11:59,64801.957920442605,17008.56754545142,252281.96950568247
2023-09-05 03:54:47,65558.75820683959,15944.631123063844,233887.16925778476
2023-09-05 07:22:47,68922.76489639217,19490.325254183914,282385.4141669034
2023-09-05 18:02:59,63687.98817721475,17798.49631311622,240003.04831514103
2023-09-06 03:49:59,61883.23401592431,16570.945548983495,233010.75271414593
2023-09-06 04:47:35,62742.844229362985,16838.210464576645,239585.1143911047
2023-09-06 15:16:11,60589.938906465686,16656.979708700695,239921.33256100112
2023-09-08 19:56:11,47435.42108954552,12540.081432384528,185810.82855674386
2023-09-11 01:55:23,42899.93704290737,11012.584047775885,164278.37649296428
2023-09-12 08:46:23,42641.87349629483,12179.418506078653,162289.71700727614
2023-09-13 02:23:59,38165.05701280859,9650.090972142012,139642.51455522262
2023-09-14 08:52:47,37823.10723477269,9806.29276458269,141402.81439939808
2023-09-14 09:07:35,37663.82348773348,9511.41629193232,139727.45952185008
2023-09-14 23:42:47,34040.33910999939,9394.130420788208,129595.45259156443
2023-09-15 03:56:59,33639.51452811288,8632.154339197814,137179.1391154471
2023-09-15 16:45:35,33174.76079656655,9242.222099113153,149221.05056932315
2023-09-16 10:45:35,35245.75572963552,9357.80673973975,130780.9132151688
2023-09-17 07:05:47,38989.88800571389,10628.968322590845,150404.62851305256
2023-09-18 23:12:23,41315.686456783515,10856.077152964162,155831.3775390688
2023-09-19 09:15:35,44569.49355979941,12389.980838172018,181211.06703202517
2023-09-20 09:33:59,46001.90329283207,13760.974013755593,190063.7217233907
2023-09-20 09:42:59,45899.95800607464,12145.323197779262,174215.12008927268
2023-09-20 15:44:35,45052.09780964764,11362.619037980205,154278.57961097764
2023-09-20 21:57:23,44487.61181394439,11813.231553594596,170325.93450980555
2023-09-21 11:16:47,45442.31868440056,11125.038227015712,164082.18249658935
2023-09-21 21:41:11,42949.350441821014,11006.534040643262,161543.77232127675
2023-09-22 23:24:35,41470.266589879655,10573.547565064506,157008.42809605927
2023-09-23 17:19:47,43021.78679164855,10774.953873878105,178443.97802895756
2023-09-24 18:41:23,41445.822023220164,10847.15637191942,176452.83254336772
2023-09-24 22:04:59,40801.701672689975,11345.193593393878,146134.5647669851
2023-09-25 16:50:47,41560.365465338014,11623.070363935816,145605.51485254086
2023-09-25 18:11:47,41308.15093979812,11144.688530174453,161589.24313456175
2023-09-26 01:09:47,41247.25574197862,10904.457009976077,153050.7329745961
2023-09-26 01:59:47,41100.43366208203,10442.090526293554,151424.85894855965
2023-09-26 13:09:23,41048.88456733053,11010.52535904644,158494.7645681422
2023-09-27 16:25:11,41252.88228485493,10141.293316967482,158899.1036325525
2023-09-27 18:10:23,41058.077246504276,12172.37860983133,150035.60381741132
2023-09-29 13:36:47,40415.24001826872,10111.226629025026,145490.39853009558
2023-09-29 14:31:35,40582.6766462644,11220.584799660424,144688.8230303576
2023-09-29 15:02:59,40722.102956986186,10829.92583354235,148010.58440780523
2023-09-30 07:25:47,46146.44598330635,12313.455803239112,183188.48240631906
2023-10-01 16:03:35,50173.93161660812,12923.269311822038,204441.6531292713
2023-10-01 19:20:35,49718.83486924638,12788.2097689254,206218.1018378062
2023-10-01 19:57:23,49535.09238974948,14358.469545004331,185183.62498186855
2023-10-01 20:07:47,49501.0546813872,13197.446639166506,192594.3259489112
2023-10-02 03:28:47,51214.06420363976,13177.537113290731,178066.45796894343
2023-10-02 03:52:35,51502.83195291467,12605.198449699188,184936.53645478608
2023-10-02 05:31:35,53415.74975853662,14161.321256965446,216720.8345460153
2023-10-02 06:58:47,54923.20392300684,16077.598429242711,217207.56481600026
2023-10-02 07:28:11,55151.16063212622,13529.625476388677,222778.6159121936
2023-10-02 10:38:47,53761.31588737196,15628.69145301708,206313.0893995955
2023-10-02 10:56:59,53586.14411791754,15341.927956509844,204255.98688615882
2023-10-02 11:20:11,53396.98924072336,14033.678286704035,204559.05326212218
2023-10-02 11:37:59,53281.4014092094,14302.779768516879,215415.96092028852
2023-10-02 12:24:47,53110.143370192876,13749.844716611951,198552.76228032503
2023-10-02 14:58:23,53720.45833056512,14596.117235305295,211712.19583308237
2023-10-02 18:31:11,54177.136537230996,13804.131265417785,193411.89404212314
2023-10-03 21:29:47,55481.63639641852,14633.947228017358,214792.41494671899
2023-10-04 08:47:59,59175.80849340976,15054.502398411702,212309.65712084773
2023-10-04 08:49:59,59150.343476485694,15761.67706498945,201311.5989953684
2023-10-04 17:32:47,56670.872011680534,14325.798584892955,232200.32020319166
2023-10-05 10:22:59,56125.199702009326,15955.970375812109,224014.04418790966
2023-10-05 19:12:23,52324.4396640613,13869.550438876662,202083.4733201072
2023-10-05 19:13:11,52313.97607943581,13634.217491320202,222811.52232792886
2023-10-05 19:15:47,52280.09426234677,14044.031224056682,196208.35739642972
2023-10-05 19:17:35,52256.759852860116,12706.750702513333,199928.4655644264
2023-10-05 19:32:59,52062.51049161599,14267.924025678047,195855.00693836735
2023-10-05 20:19:47,51572.90858679688,13748.172710016077,196566.22994663418
2023-10-06 04:10:59,50669.45073672452,14081.372681730769,211519.3527128072
2023-10-06 08:34:23,52008.28228458762,14084.054044637529,220668.8738797313
2023-10-06 14:06:59,48437.91891592839,12409.35786271866,214266.30056924967
2023-10-07 06:10:11,50077.012303168616,14108.619563401435,192652.1481387729
2023-10-08 02:27:23,47697.74600101515,12424.70264119778,180193.7837511052
2023-10-08 08:42:47,49963.83026734646,12847.142886900197,198949.20318353837
2023-10-08 11:34:59,47632.02344559733,12752.542726906575,200595.03749829292
2023-10-09 10:49:23,47135.84575772058,11560.36134239445,167830.25846702597
2023-10-09 20:47:47,45946.08238704264,13306.092039768624,164119.83261009067
2023-10-10 07:19:23,49883.06405691218,13267.330965780715,191770.80313433692
2023-10-10 12:39:59,47144.38253214947,11753.826723686721,189292.09220377257
2023-10-10 20:09:23,46342.20398373812,11210.710857369992,165453.26188782929
2023-10-11 00:25:11,47091.42060587637,11952.688244970324,176504.08477076807
2023-10-11 17:59:11,48132.23070401801,12470.38211681737,203500.0844910259
2023-10-11 18:15:11,48045.5744569227,13470.927073505853,200157.20275774412
2023-10-12 23:55:35,47716.49523534614,12368.510357192921,168179.88628012803
2023-10-13 12:16:23,47433.48633432072,10739.823410723437,174637.72653937282
2023-10-13 12:17:35,47428.11859368551,13183.56778272889,186242.34737830822
2023-10-13 22:30:59,47882.5795519601,12560.89973033446,161749.1589731895
2023-10-14 13:38:59,51531.26456362795,13421.138572696265,199962.32142726734
2023-10-14 15:22:23,52225.85025547661,15109.803467020678,186895.0156905744
2023-10-16 02:06:47,54283.937594838564,13940.363364572719,213802.0426950614
2023-10-16 02:52:11,54293.2685775261,14988.145131701449,215101.00335428884
2023-10-16 02:55:59,54305.86877823372,15502.22352867921,206733.22899660212
2023-10-16 04:53:35,55810.694805932595,13726.42318976425,196544.44148539368
2023-10-16 11:06:47,55998.969111204344,15197.208497314781,200738.32857490046
2023-10-16 13:38:35,55392.81183824937,13840.526647712199,217000.51641199552
2023-10-16 14:52:11,55714.16958837685,12574.07839767469,199469.25380725058
2023-10-16 15:21:35,55883.04066737224,15133.33382364849,199753.08474265903
2023-10-17 02:23:11,55804.63550033487,12943.137642370904,203952.46549121442
2023-10-17 16:50:59,55864.3720467292,14864.87748865602,200703.54965800483
2023-10-17 17:37:59,55633.323611377324,14396.047802513387,220504.64651092427
2023-10-17 20:17:59,54096.41865216011,13725.623592591366,221602.62434941877
2023-10-18 12:49:47,53274.88942651059,13882.305002121631,210213.64814425563
2023-10-18 15:33:11,53368.96750791353,12870.240987682366,199477.6159406532
2023-10-18 21:08:47,51567.09459334253,13505.756599319135,195980.2153918769
2023-10-18 22:12:23,51737.96937475491,12656.14664220891,177425.0664676065
2023-10-18 22:13:47,51744.71547595696,12058.286526405764,186818.2687337177
2023-10-18 22:17:59,51765.333041459526,13649.006011979909,214624.55430454854
2023-10-18 22:19:59,51775.32498240177,13816.171244122766,195797.6463806366
2023-10-19 17:00:35,49033.25694460365,12477.536494987731,192060.98411034502
2023-10-19 17:18:47,48905.72845364639,14031.682298658068,181947.29978628858
2023-10-20 00:06:11,46606.70070175275,13289.436920292537,168140.41857320516
2023-10-20 00:06:47,46604.70716943703,11649.61710253507,193318.96132001423
2023-10-20 03:01:35,45552.22782131826,11876.624566021308,182656.3244151071
2023-10-20 03:02:11,45551.39579682457,10846.775172848376,176108.888118119
2023-10-20 07:34:35,47351.24289123835,12327.77397214148,198155.37352395977
2023-10-20 12:35:35,43758.652369276984,11321.901182930354,183534.95909321163
2023-10-20 18:35:35,42928.40742650502,9980.8820592756,184226.44193583197
2023-10-20 19:02:47,42694.97366352665,9967.319654069486,154873.1608834023
2023-10-21 17:02:47,43244.48610462454,12231.741304051557,163143.21927285197
2023-10-22 01:43:47,42414.01816107295,11110.009721374428,161313.4520882517
2023-10-22 07:08:59,44602.56961153756,11419.401293338396,172511.60864660866
2023-10-22 12:38:59,41636.254098173835,11566.469528224288,146340.84381244343
2023-10-23 03:22:23,40334.39736238236,10479.693332358842,143314.79742669367
2023-10-23 12:10:47,40461.077493986326,10486.219032971918,173451.57687482843
2023-10-24 02:00:59,40101.496518954475,10208.402989839908,158647.78196301946
2023-10-24 07:02:35,42450.36001740685,12192.114780866788,161836.13754062765
2023-10-24 09:39:35,41507.13017748973,11015.241811245109,159774.52471403882
2023-10-24 11:22:59,40346.605319324175,10322.175366565089,150633.16801626486
2023-10-24 19:06:23,39134.975108524464,10424.776570199401,145778.07887242944
2023-10-24 19:20:59,39022.84091314754,10052.584028941154,156535.4171811054
2023-10-24 19:21:35,39018.34301740959,10549.034987057848,150382.13363931866
2023-10-24 19:21:59,39015.350427929916,9178.307869759477,164147.93373431193
2023-10-24 21:53:35,38644.94765307767,9637.346282330098,145298.33608690306
2023-10-25 15:40:35,38669.927818055934,11380.756566397258,143595.55934234097
2023-10-26 04:34:59,38395.191141877855,10070.766997020792,162034.69227168846
2023-10-26 05:03:47,38733.88257675067,11872.964029886502,164287.7236057132
2023-10-26 08:31:23,39601.76186264359,9993.828860259164,142380.4392843593
2023-10-26 09:32:23,38939.63477543337,10079.602750082424,157747.0969845614
2023-10-26 11:57:11,37388.84110340946,9826.003520002656,144886.26124303852
2023-10-26 12:55:47,37075.5665598131,9526.6460100122,144190.4322962238
2023-10-27 05:44:59,36087.831329149085,8684.697526229245,131116.69169319567
2023-10-27 06:59:47,36610.56563983825,9848.195998499737,146967.41263639828
2023-10-27 08:43:47,36243.69460874811,10114.070839708003,140787.25714825353
2023-10-27 11:52:59,34415.297175383916,9168.621593482485,123000.94191428756
2023-10-27 12:22:47,34263.04268364219,8729.755413091327,135175.66980508962
2023-10-27 12:33:11,34222.57452525261,8645.37939232325,141053.91605029686
2023-10-27 13:26:47,34111.661894864665,9863.270689545272,138218.9377911638
2023-10-27 14:03:35,34118.16376204162,8568.738204015144,134036.6013580458
2023-10-27 14:06:47,34121.31685905964,8747.774426916418,120416.40106668012
2023-10-27 14:07:11,34121.7364496338,9256.349528375697,139831.4648750975
2023-10-27 16:08:11,34349.288574394835,10035.697016361764,133317.02222795488
2023-10-27 18:29:47,34037.00659471005,8865.161372154931,117515.46763415661
2023-10-27 19:05:11,33841.410347321405,8735.592143402988,135908.91016386103
2023-10-27 23:55:23,34225.93743335326,8612.524416161601,129377.74786270304
2023-10-27 23:56:11,34228.03285155434,8717.295011976072,131786.54976503024
2023-10-28 03:44:35,34507.21086369946,8451.57467842857,130718.89179441218
2023-10-28 04:01:35,34659.167398533595,8952.005733526614,127621.51759129678
2023-10-28 10:58:47,35750.997290765255,9106.899989606341,141316.17366490117
2023-10-28 11:13:11,35662.83739234592,10206.116379770085,139116.24945266033
2023-10-28 20:01:35,35455.16969267236,9429.57583684289,138261.4405386359
2023-10-29 00:30:23,36232.87347455666,8846.115375582778,141785.9064232269
2023-10-29 17:14:11,36733.441741981136,9329.097461368401,138760.3461530784
2023-10-30 09:43:59,38593.885306182994,10474.755227335223,145354.43974920668
2023-10-30 12:52:35,37554.78347147554,11580.027436142005,154809.64680221002
2023-10-30 14:00:35,37674.37224649981,10621.477528862244,141977.8084333227
2023-10-30 15:29:59,38067.420203194044,10276.703791324013,146886.2616121175
2023-10-30 16:11:35,38237.146844526455,10549.34276098609,136065.80889504222
2023-10-31 00:58:59,38787.112468577856,10519.056743753237,128548.82157265085
2023-10-31 06:17:11,41138.67442107154,11861.34936004711,152851.60551578848
2023-10-31 07:45:11,41694.77133919534,10670.13412299549,177964.51161364693
2023-10-31 12:23:35,39707.15259595867,9987.03416880418,159882.60510283412
2023-10-31 12:59:23,39645.513595878125,11117.33454649061,144048.6248896788
2023-10-31 16:23:47,40186.831900793535,11138.306033594274,161274.11156934922
2023-10-31 22:59:23,39920.22788665066,10807.129801356701,139507.19177674683
2023-11-01 00:15:59,40224.810360266936,10885.935447696957,154279.92726629297
2023-11-01 06:36:59,42787.6783250497,11504.96191652107,160148.94128060507
2023-11-01 10:40:23,41824.460638268,10757.916840445432,160085.9204375002
2023-11-01 12:55:35,41196.272752756304,11043.049361191066,152463.48009391458
2023-11-01 18:03:23,41885.86109831336,11080.257266549837,153276.5902713234
2023-11-01 18:32:11,41755.410915083245,9934.550021359019,162208.62534047788
2023-11-01 21:40:11,41454.484250139794,11156.716083661311,158340.2632012432
2023-11-01 21:44:11,41476.530407970655,10849.307691453085,149301.47173768282
2023-11-01 21:48:23,41500.76439868682,10882.239118189305,147753.29075610192
2023-11-01 22:22:11,41726.25595944551,9500.952634999852,152160.47464853403
2023-11-02 15:13:59,43058.099304985466,11320.792791240543,195988.04877160728
2023-11-02 20:13:59,42019.08169576076,10464.90997575803,157419.1797126585
2023-11-02 20:15:11,42013.93808382762,11584.473372714507,174213.8293290862
2023-11-02 20:17:35,42004.012099561274,12329.648504215796,175081.5455270684
2023-11-02 20:18:23,42000.81159236271,11139.659022191818,158294.47550921273
2023-11-03 09:35:35,44033.754994800714,10993.817666027546,168852.92161777552
2023-11-03 21:14:11,42751.56411270784,11437.725550685056,167610.05878627498
2023-11-04 01:48:59,44166.415188981606,10518.430751080412,176613.4723373995
2023-11-04 11:59:11,46933.89511390615,12729.167730793792,190032.53682275437
2023-11-04 12:05:59,46919.54896643438,12212.105417981276,178297.11932131244
2023-11-04 12:39:11,46900.69957245083,12416.248587853494,183285.30227781588
2023-11-04 12:48:11,46909.94196248343,11391.376118757002,172000.76286850317
2023-11-04 16:37:47,48207.81956177749,12124.933080528519,173036.53378371967
2023-11-05 22:47:11,50571.160441030544,13306.28814198012,199071.46095323758
2023-11-06 03:28:47,51204.35674540679,13666.438495591343,184695.5355540549
2023-11-06 14:26:47,52695.17068626793,14702.431734771202,201705.16906746422
2023-11-06 16:07:11,53276.82845309346,13914.360408757097,201614.92981912426
2023-11-06 18:33:59,53060.35401007947,14094.513093501333,227719.1092835916
2023-11-06 18:56:59,52897.66140464952,13575.474530373802,201455.78646441372
2023-11-07 09:53:11,55781.17021523624,13640.38961613891,221237.38954211565
2023-11-07 11:25:59,54505.91715640119,14959.248919607171,215941.9838759765
2023-11-07 13:53:59,53870.37225952971,15602.750491574985,220673.21243081347
2023-11-07 15:30:35,54156.627472405504,14320.644919824796,209686.1095090558
2023-11-07 17:18:47,54169.591150983986,14252.911558759159,197648.213500079
2023-11-08 01:08:47,53210.21943119013,13908.925730694371,190305.373152938
2023-11-09 01:29:47,51877.95269465591,12604.75800057284,196707.29026498157
2023-11-09 05:59:59,53715.58727771958,13013.486836014743,203507.235151092
2023-11-09 06:00:47,53726.80283710223,12385.656217665426,204083.9546377765
2023-11-09 06:46:47,54223.45535430332,14853.66552740942,192842.77879815796
2023-11-09 08:49:11,53659.31479366099,14357.297450078666,198783.13007435805
2023-11-09 09:17:47,53210.276593784685,14408.14461781222,219474.92562493548
2023-11-09 09:26:11,53068.12820105008,13019.91890807507,210502.58053957415
2023-11-09 09:27:47,53040.70437135855,13630.315721121537,223632.66337348445
2023-11-09 11:40:47,50946.14800081591,12907.748046024908,194435.1741502175
2023-11-09 18:22:11,49141.58237458973,11574.946853410953,193995.0416888729
2023-11-09 20:20:11,47836.98419310355,11040.628547954955,189299.0923057853
2023-11-09 22:47:11,47691.11843275403,13088.659916993694,188999.9360452418
2023-11-10 01:26:35,47275.018170639894,12149.512363245592,202275.7183501809
2023-11-10 02:12:11,46954.72150719766,12515.328568949408,174902.18416599452
2023-11-10 05:05:23,47689.83489235274,11962.654317000288,170680.8231525368
2023-11-10 08:12:11,48610.21385833198,12189.012752023671,195015.48775739787
2023-11-10 11:14:11,46067.810443401264,12894.425913129104,175238.64503034131
2023-11-10 14:18:47,45167.73768779768,13160.588280895952,173757.2106230866
2023-11-10 15:17:47,45272.381401912346,11406.297028817928,175792.66546438215
2023-11-10 15:32:59,45303.06525005042,12755.140072418033,184901.0932184942
2023-11-10 16:48:47,45337.26224170255,11668.01692512132,181272.55015015494
2023-11-10 17:02:23,45307.73475866277,12031.165047184284,184127.85782683484
2023-11-10 18:30:59,44805.62796742775,11234.776817930977,162420.90466761892
2023-11-10 19:35:35,44292.2332723837,12095.989010379164,177434.89147392512
2023-11-10 20:01:59,44128.246401844735,11506.68211663362,176383.88529920118
2023-11-10 22:10:23,44220.19377795095,11132.654219966289,166141.4843437983
2023-11-10 22:16:11,44253.991258479386,11550.603129314839,163145.6027826038
2023-11-11 05:04:59,46056.75965926834,12196.427883504834,171553.42753699567
2023-11-11 06:19:47,47270.73439395049,14062.653517491995,204972.23081636263
2023-11-11 06:24:59,47338.712503473136,12340.247244335007,170448.5232474582
2023-11-11 06:25:47,47348.86200230122,12459.191317878105,169993.36002173525
2023-11-11 10:07:23,46668.459751029164,11651.315176607457,192776.89380952492
2023-11-11 11:53:59,45712.422035974785,12708.40124699827,179111.59305707228
2023-11-11 13:34:23,45540.171910968435,12940.795192013566,181809.39217420347
2023-11-11 14:53:23,45809.12669579874,11755.573496392331,185520.0063842272
2023-11-11 20:16:11,45161.79993873568,12807.703660153811,181978.98804982047
2023-11-12 13:13:23,45400.735417589945,11504.420135493596,162272.43403789224
2023-11-13 07:58:35,47879.649840454695,12161.160389003971,164521.93574823652
2023-11-13 09:25:35,47167.05050839243,11774.445548575182,199965.31874456574
2023-11-13 19:08:59,45633.779442844985,12871.513898409274,162008.26676298934
2023-11-13 19:09:35,45629.85759538678,12071.318061721731,167386.22423300808
2023-11-14 15:02:47,46741.91696950063,12398.168383202585,188015.46868572774
2023-11-14 18:15:23,46603.45410006667,12441.193161981533,180813.5436283346
2023-11-15 01:30:23,46320.72035282405,12599.54681672698,159460.99400659907
2023-11-15 05:35:11,48081.35373845353,12706.730899085092,202669.93453849797
2023-11-15 09:31:35,48406.03156257704,13454.806311100794,185285.29419376745
2023-11-15 09:32:11,48398.484100303765,13424.868140578184,180162.21094867066
2023-11-15 10:05:35,47972.87270228763,12097.326632899496,162411.22034595328
2023-11-15 13:08:35,46655.199501553885,12244.89550131375,149670.1158466393
2023-11-15 17:01:47,47255.45457722204,11386.56707636781,167642.19635068937
2023-11-16 08:57:59,49099.31517968424,13820.69303262227,203393.86150956195
2023-11-16 12:15:35,46706.07861320751,11299.55044075001,192746.95547142037
2023-11-17 03:58:35,44740.805793106265,11542.49779563749,152886.06674991004
2023-11-18 00:22:11,44279.852268763134,12295.048135510608,166836.0188993557
2023-11-18 05:26:23,46230.111805492306,12188.580653837202,177830.76060400592
2023-11-18 05:49:35,46645.54318960263,11547.706861780387,173264.1095735763
2023-11-18 13:32:59,45823.317684329275,13457.36320024184,173113.2911374156
2023-11-18 13:49:23,45871.241596498105,11926.93258306338,177558.5000010385
2023-11-19 09:41:47,48341.35258867112,12070.71427846283,193825.61429842908
2023-11-19 17:07:59,46720.66302082752,11759.873744711947,179556.61408920065
2023-11-20 06:08:47,48225.80158646524,13136.823377230885,189864.70414110244
2023-11-20 10:47:35,47106.563294269705,12327.209946723537,169118.64420441675
2023-11-20 19:29:35,46083.12278339725,11823.77872940708,180142.86790228751
2023-11-20 22:08:35,46055.13364946993,13003.377189319235,168591.50395547878
2023-11-22 00:58:35,45411.0908764543,11571.158753453175,162567.54293727566
2023-11-22 05:47:11,46913.098227518596,12824.215132035059,174093.73328399853
2023-11-22 11:04:59,45616.398536017456,12306.396512999621,178884.22526120764
2023-11-22 16:51:47,45229.659386401145,12194.635342554968,172481.02658978166
2023-11-22 18:01:11,44963.16239656019,11982.206713992045,171485.23601367392
2023-11-23 01:15:35,44457.83811749399,11712.982613718194,162624.95260583874
2023-11-23 03:39:23,44354.75524073158,11698.488986902712,171761.7744144466
2023-11-23 06:21:35,46362.79827735241,12094.377010701515,182638.36815039767
2023-11-23 16:09:11,43367.72831159975,11779.563100896423,159472.39295415996
2023-11-23 17:33:35,43080.47166186853,10889.184194877673,157735.57799561674
2023-11-23 23:16:59,41733.247180030565,11774.309098345033,159232.8853946319
2023-11-24 04:24:47,41540.785177361584,11534.248018900236,166475.93669183794
2023-11-24 10:27:35,41465.58491510176,10768.040504684399,154378.98106474165
2023-11-24 12:55:59,40352.936570537786,10449.802489421572,143398.15290157837
2023-11-24 13:55:11,40318.38125000733,10029.428744875493,161103.4497638383
2023-11-24 22:20:35,40098.22005166812,9718.169118950049,155722.87767225978
2023-11-25 08:49:11,43849.99967595591,11440.097304933277,158863.05751509202
2023-11-25 19:12:35,42797.35569689227,10805.218764113994,150501.61380014988
2023-11-25 21:39:59,42704.24099220585,10726.022491382402,173541.7501464128
2023-11-26 03:54:23,43905.80048258076,10470.076479789188,186682.9234219012
2023-11-26 03:55:47,43920.73904320899,12164.770603453715,162745.64764855558
2023-11-26 23:51:11,44459.28690285889,12585.688223360969,168422.7565244023
2023-11-27 00:02:23,44493.708839184364,10713.209082009524,174647.58183437397
2023-11-27 02:34:11,44385.27073829899,11246.514426319349,195560.80141801498
2023-11-27 06:37:23,47407.92799812214,12498.05635720571,195214.46623841234
2023-11-27 14:38:23,46039.082744941654,12322.667203051304,173602.58097151743
2023-11-28 05:51:47,49412.53202766314,14257.38023537633,201398.8233793222
2023-11-28 22:58:35,47631.09865200954,11321.111043092224,194625.57588972492
2023-11-29 08:06:47,50820.20146601115,13389.209927070213,192537.7948503659
2023-11-29 20:53:11,47594.85734290091,12280.693753146053,192818.37932010627
2023-11-30 04:04:35,48617.419844765565,12101.752882538029,187850.62340834716
2023-11-30 19:57:23,45990.73378767502,11986.159919569554,170977.91845868918
2023-12-02 20:29:47,45192.48778939932,10908.779647659589,169158.7425873706
2023-12-03 12:48:11,45544.39313288975,12225.214233464152,187684.26984445154
2023-12-03 13:31:11,45454.69302031951,11403.06483372799,176639.05816422583
2023-12-04 10:23:59,45969.02941590807,12775.762662782285,173604.1827967424
2023-12-04 12:35:35,44940.624632591454,12151.577883376034,180963.50044354418
2023-12-04 13:01:35,44886.858352188516,10923.326273620358,175334.4469517756
2023-12-04 17:56:23,45212.317638361004,12681.329539448458,182103.008425949
2023-12-04 22:39:47,44696.16463021713,10552.749866022034,191394.4555173251
2023-12-05 00:51:59,45034.768405168565,13675.956829641687,180592.86668101544
2023-12-05 12:08:59,44712.51677926156,11818.441428604658,155017.64191367244
2023-12-05 16:42:47,44595.94768745142,11534.504714927996,172758.14935608295
2023-12-06 14:41:47,42650.60153682939,10902.320729973773,167353.83325145586
2023-12-06 20:27:23,41511.50715207747,11817.399318016089,159584.74911437102
2023-12-08 13:25:11,35865.22180507369,10207.782864164965,145752.31722481918
2023-12-08 15:40:23,35929.116633775346,9643.612974876492,142567.84209357327
2023-12-10 08:05:11,36801.982133947145,10489.326828644213,143785.13229156355
2023-12-11 12:55:11,32750.830448857705,8363.778403256374,144456.54375400537
2023-12-11 17:15:47,32923.19997469489,8748.284673684853,128064.38470635955
2023-12-14 06:46:35,30980.83290025379,8082.654637789092,114369.72799990146
2023-12-14 09:28:47,30354.257144334755,8031.654409448648,104515.5964996221
2023-12-14 17:25:35,28682.824585011167,7304.94952069348,107589.03914878475
2023-12-14 17:28:47,28670.272710882047,7531.242762124113,119489.42964822786
2023-12-16 11:10:23,29185.606734772606,7243.417525954679,122553.35970334233
2023-12-16 12:33:23,29017.131433815084,7940.783350342282,112291.03348991374
2023-12-16 13:04:47,29038.426865308753,7932.878242911097,111360.32456427913
2023-12-16 14:08:47,29205.91263427929,7992.0545459895275,117117.69304683464
2023-12-16 22:53:11,30055.049729974857,8637.638281234193,104288.9544797346
2023-12-17 05:55:23,32158.941002755146,9524.160244387747,132539.58704431404
2023-12-17 16:08:11,31896.957423626787,8899.83360993448,119350.58268359907
2023-12-17 20:39:35,31450.64107406938,8157.363266418235,120719.58066474581
2023-12-18 12:19:35,34095.69617151327,8115.825553466661,128891.79138186187
2023-12-18 12:52:11,34100.906568531434,8861.229248899623,135754.94436309562
2023-12-18 19:16:35,34870.266094636034,8634.004430237223,148241.06395286688
2023-12-19 14:21:47,37677.0459432349,9526.358534128469,137800.01686547877
2023-12-19 17:08:23,38209.17186704894,10364.188402737556,151812.82907753484
2023-12-19 17:14:59,38205.52872224185,10708.071627259997,151626.6308980534
2023-12-19 17:21:35,38198.98569322074,10609.412893331788,147311.63066595406
2023-12-19 21:19:11,37580.734097639186,9637.11582307404,136626.99873095605
2023-12-19 21:24:23,37599.04717777374,9336.392432980383,159277.74806957075
2023-12-20 20:16:59,39707.48966797813,9720.78152429059,150767.6419486489
2023-12-21 00:05:47,40647.731760814546,10192.782884852057,145643.0563278624
2023-12-21 19:13:35,39961.62675195066,10238.099346484587,162906.48704844658
2023-12-23 15:21:35,40775.14023775124,10061.429967931736,153367.49003221325
2023-12-24 03:38:35,40921.5090334798,10141.179595258376,163116.1538937485
2023-12-24 19:34:47,39853.94489470413,10543.0358868999,143033.7863818033
2023-12-24 23:18:35,40054.676055438664,9942.97457971262,153006.3848506739
2023-12-25 02:45:59,39890.563384410554,9789.794951714244,144941.3778342475
2023-12-25 19:00:35,40363.53958277678,10552.667728488736,156610.11568674492
2023-12-26 05:58:47,42581.235026778,10878.933265003814,171696.505344552
2023-12-26 13:16:59,40741.55407258661,11020.889638747025,158335.22201315584
2023-12-27 05:06:23,41557.58874879691,10967.985993506822,170171.26275312572
2023-12-28 21:57:23,40632.8279528833,9368.989311632551,161449.95750204538
2023-12-29 04:50:59,41732.679209855705,10792.640905023543,162250.3851102349
2023-12-29 05:12:47,42046.29407379232,11227.750981166097,151286.06093342215
2023-12-29 18:01:59,41949.46926349143,12103.539053525168,166071.77388369734
2023-12-29 18:05:35,41938.16199564121,10046.226285654495,155318.29490177648
2023-12-30 19:50:35,47719.70878611497,12285.902095040108,163643.20737566997
2023-12-30 19:53:47,47714.04431079159,14280.234300863798,180689.49939913765
2023-12-30 19:59:23,47705.951506657555,13247.88850483282,174963.5430262418
2023-12-30 20:00:59,47704.08541835738,13043.625860081753,189640.88388409268
2023-12-31 02:32:11,49614.38948851687,12430.399985822918,171353.69136689958
2023-12-31 02:41:23,49646.183269004934,13151.21147264552,215271.72447168964
2023-12-31 08:29:11,53825.94720454139,14283.175544546608,193429.58025389444
2023-12-31 13:06:59,51769.63892406409,12481.60214967524,204452.10217298564
2024-01-01 01:03:59,53841.16840015831,12817.2079466756,186218.40028426622
2024-01-01 06:42:47,58131.8302016117,13527.979442896749,222983.26470105405
2024-01-02 02:38:35,59561.43264197374,15862.860523814485,215165.61745892727
2024-01-04 00:42:11,62840.54182284364,15689.746108943518,237056.5587247215
2024-01-06 18:18:59,56298.939898434706,14914.671633620956,230138.03499826827
2024-01-07 09:33:59,57660.70513864107,14619.45383840101,221797.68643209263
2024-01-07 10:58:11,56255.839762942014,15211.20944966556,197941.13385122168
2024-01-08 00:44:47,54290.054878789386,13770.918221412641,201158.41295622935
2024-01-08 00:48:35,54279.58063842804,13043.076656045896,202215.66598232478
2024-01-09 01:12:23,55084.98961001666,15851.09614161108,210577.58081559557
2024-01-09 05:04:35,56595.12538873004,16183.791966580491,229043.86553899746
2024-01-10 02:16:23,54982.631838176734,16131.556568182734,229868.18374991757
2024-01-10 15:56:59,56522.91419843124,15166.57987670281,216188.3620668866
2024-01-10 18:13:11,56392.84897910787,16557.313852206556,197253.35642203267
2024-01-11 02:12:47,56524.085403470504,15673.78729326606,204711.66137498792
2024-01-11 02:13:11,56523.393403161535,14350.677629972432,215046.50250712247
2024-01-11 20:36:23,55316.41004230907,13304.668166891483,202310.31676038745
2024-01-11 23:15:59,55845.303215876615,15665.737853976052,213299.16715965097
2024-01-12 05:47:47,57716.8121301105,14749.978453712518,211850.37536388467
2024-01-12 09:35:47,57588.66001881969,16163.23993164013,214679.40655356494
2024-01-12 09:36:23,57579.23780374503,15750.173127802791,206197.22942250982
2024-01-12 09:37:11,57566.66408636395,16239.225749366547,217080.42169021597
2024-01-12 12:20:59,55636.333866891095,14506.297336801756,188797.1581653462
2024-01-12 23:25:35,56795.29934275441,16022.704275857308,233016.2050794062
2024-01-13 03:55:35,58133.457871243765,14197.794861132135,240906.43076959575
2024-01-13 04:36:47,58980.69949648075,15668.582699944525,222758.00500829198
2024-01-13 16:19:23,61858.686693198935,15845.654985532941,230440.48513007982
2024-01-13 21:07:35,61266.97363958966,15938.899077504442,232961.5559481859
2024-01-14 01:28:23,62873.734926036625,15403.863499559357,261845.78490896133
2024-01-14 09:20:23,66454.18541299284,17103.470427004406,248355.1863620032
2024-01-14 16:30:35,64595.918244961686,17951.26064333267,248870.95939036243
2024-01-15 03:59:35,64813.01008363214,16325.387548260416,229498.87870122783
2024-01-15 06:16:23,67894.6822265296,17079.36325234713,250757.0637717662
2024-01-15 17:54:47,66297.33381048907,16832.63340805963,226998.88617927147
2024-01-15 20:48:35,65068.415302540474,16075.14240268187,255769.53358318078
2024-01-15 20:50:11,65069.07592660031,17420.613424810377,246210.16588162578
2024-01-16 04:09:35,66872.46736204288,17448.778381665692,244139.69917468147
2024-01-16 21:08:35,63916.446317185495,16351.604439808698,260723.2423552002
2024-01-17 16:55:23,63227.329792802855,16596.855262298068,252300.50211585086
2024-01-18 19:37:35,55834.36163665862,15996.511315461028,227308.1649981047
2024-01-19 12:01:47,51727.557274382816,13903.075138652566,195940.66966308528
2024-01-20 04:03:59,50146.399521420964,13481.938505827036,204870.78433500495
2024-01-20 05:24:11,51445.48338866675,13224.158960661445,176710.81227578476
2024-01-21 23:48:23,46806.950732044024,11643.271803472468,183522.63702329015
2024-01-22 17:59:23,46378.62422439885,11163.224450734546,164995.70671704182
2024-01-22 18:52:47,45985.19488781197,12297.674835026342,183664.51636954735
2024-01-22 20:03:11,45483.96311712215,12895.126145308204,174523.32922113608
2024-01-22 21:14:59,45354.108545219555,11909.963175999677,175388.39864300165
2024-01-22 23:31:59,46004.785929869155,11432.355005206236,182915.77836777785
2024-01-25 04:27:35,43144.637975085294,11017.615978127988,148874.5269351205
2024-01-26 00:11:59,39843.78392393815,11524.218964537798,150450.48623736636
2024-01-26 19:11:47,37835.563792140645,10354.068193878888,129360.98414391855
2024-01-28 16:02:47,40979.203622964786,10534.061486070928,164075.6542842514
2024-01-30 02:21:59,43242.40850774042,11197.36482820808,165644.62886476665
2024-02-01 02:22:47,47652.157462770796,14085.539920102226,188947.36862519704
2024-02-01 22:37:35,48017.90568336924,12154.226419212857,194966.70052063087
2024-02-02 08:05:35,51210.36590333007,13958.677795751822,202710.37206308157
2024-02-02 13:28:11,48741.06800891185,13973.073573537093,179709.96660040377
2024-02-04 18:37:59,60210.82476850436,15377.35055044211,231822.3337268909
2024-02-04 21:00:47,59562.8495487481,16821.66982064701,226562.0169744602
2024-02-05 05:25:59,63897.158132076365,17008.411479725528,253685.76174348107
2024-02-05 15:03:11,64184.90413890543,16512.196125619124,283461.6930585407
2024-02-05 22:32:35,64786.04125718746,18063.897770395713,245146.90033484314
2024-02-07 04:24:59,67402.75817083029,17584.462529134784,256701.16697187058
2024-02-07 21:14:11,65656.67457853642,17177.47659598615,269048.53782225563
2024-02-08 17:33:47,64432.78244233552,17075.579356910097,240654.2648794997
2024-02-08 18:37:11,63618.763297426056,15737.369951059327,244034.8685081775
2024-02-08 18:55:35,63341.785223865365,17722.466361928095,232041.60254216765
2024-02-09 12:22:11,59836.565412283446,16305.797965806338,217861.8701252942
2024-02-09 18:11:47,59433.72107654069,14141.781352892493,231860.14624353682
2024-02-10 02:31:59,59272.01115616764,16544.62676018943,220532.3283518043
2024-02-10 08:03:47,63790.20207984555,16936.77938982476,231778.97711933422
2024-02-11 18:10:23,61544.03416132222,16381.013819932861,225564.99722440925
2024-02-12 04:42:23,62508.981002756904,16474.418313460345,242908.4251389563
2024-02-12 11:11:11,62922.64345798011,15873.608029686031,249285.80325674862
2024-02-12 15:46:59,63101.15831545733,17646.38295003238,235072.45855857682
2024-02-12 16:18:59,63265.801492815655,18082.277902572674,248544.7268512916
2024-02-13 21:35:35,63321.00186164316,15444.139499598705,247799.09869133105
2024-02-14 20:56:47,64307.82665796945,18054.308709261066,246310.18367942193
2024-02-15 04:04:59,65953.93856743778,18799.004788559574,265855.26885006466
2024-02-17 01:02:59,62339.13977016669,17992.224654535108,248852.64716501764
2024-02-17 15:29:47,65328.41973922115,16375.678177596463,266384.41714819625
2024-02-17 15:46:35,65447.62718277292,19245.36318134831,239883.6436046364
2024-02-17 16:13:11,65604.84697217976,18660.296871756756,274903.6423054071
2024-02-17 22:11:23,64907.11699214363,15589.449498165914,244852.0946276599
2024-02-17 23:19:47,65558.88498388218,16252.243730930002,259207.60892704886
2024-02-18 18:24:59,65127.55302676139,17716.308683733496,255530.35248504364
2024-02-19 04:14:11,65206.91279616896,17433.399939420447,257126.54513408316
2024-02-19 13:28:23,64885.24454825537,16539.450396582288,287381.181273302
2024-02-19 17:31:11,65538.50239439154,17711.295351641933,246026.176650535
2024-02-20 10:10:59,66402.54388815208,15423.618598242674,223527.44202981002
2024-02-20 13:57:11,64139.06259320511,18068.74329407711,266396.02955117915
2024-02-20 18:07:23,63801.745729995135,16529.541061856235,254034.35265560853
2024-02-20 20:16:47,62305.1096969442,15401.815208963497,229781.7849718336
2024-02-21 17:36:47,61554.39256071269,16845.33349669361,211908.04218284338
2024-02-21 18:11:59,61247.9932526326,14185.252994423514,245615.14934719045
2024-02-21 20:15:11,59972.65544364537,14365.854377871652,214335.46491940532
2024-02-21 20:50:23,59821.78368319212,15220.460293759334,234213.1756337208
2024-02-22 00:54:35,60458.056150519,15587.715341539157,245567.06078047017
2024-02-22 01:40:35,60178.056741136344,14631.263795201467,242381.76565413113
2024-02-22 03:44:35,60134.10480367148,14530.987828448642,229983.13229356485
2024-02-22 18:24:11,57109.28023659881,15148.569037915084,205587.46972756163
2024-02-22 19:37:23,56110.78616104239,15063.68739014392,202850.8798621617
2024-02-23 17:12:47,53253.80842218305,12874.244400132817,195441.34008396757
2024-02-25 07:17:47,58657.41515058661,17512.225874090025,214209.43949800782
2024-02-26 03:42:59,55197.37261901196,14204.218704838997,208121.42823408789
2024-02-26 10:57:35,56604.332867543235,14837.27544935172,215061.58893668745
2024-02-27 10:09:35,58703.934351178395,17019.411270259472,225693.94675466922
2024-02-27 11:05:23,57873.4889601693,14313.036987563066,220420.27622970534
2024-02-27 12:35:11,57069.309408129106,15841.901860672819,249106.7899179039
2024-02-27 15:06:47,57178.530658068,14674.175247135441,226391.69753222392
2024-02-27 15:17:11,57218.51324670475,14745.729533678508,211376.43735615522
2024-02-28 18:58:35,55787.05551497097,14586.06452092688,213502.86786515964
2024-02-28 20:11:59,55175.651522401145,13888.207090675733,221299.39724739478
2024-02-29 15:34:23,54166.90934484744,14057.886606604248,192693.38151039393
2024-02-29 18:10:59,53375.2921633464,13793.594266396976,203026.67262984795
2024-03-01 13:37:47,49334.045550887626,11575.082235320877,192832.20583908432
2024-03-01 16:37:59,49572.34922807397,13993.898941172745,177593.7842564453
2024-03-03 08:30:59,52021.27612877724,13329.056737651606,202147.9509745672
2024-03-04 03:41:59,47627.615840230894,13404.080395011479,180448.5517880626
2024-03-05 03:20:35,46942.767928674955,11320.471916011687,168158.54390831836
2024-03-05 07:07:35,49593.33628543439,13035.072117892849,203738.80476657717
2024-03-05 10:47:59,47418.40330147824,11835.18022260546,188429.53656887327
2024-03-05 16:56:35,46320.9082924156,12016.707563603748,187804.08229593132
2024-03-06 03:12:35,44560.05740037013,12463.032225387673,164809.89465061738
2024-03-06 03:13:59,44563.895579269185,12329.32445988882,186691.4307143254
2024-03-06 09:00:23,46356.426650831236,11073.983270005037,157681.76077786146
2024-03-06 09:38:23,45851.372906963596,11127.11346117226,186525.96690986794
2024-03-06 19:47:11,42889.925843276025,9682.452783775409,141483.41292314188
2024-03-07 02:37:47,42543.10654974094,11250.875328764949,154953.32387557367
2024-03-07 03:01:35,42531.1577684305,10282.531981553338,162582.1640651775
2024-03-07 03:50:35,42722.2743698162,11935.113724756524,151462.10963028503
2024-03-07 05:01:47,43472.29451864933,10401.422664663538,168205.0309831819
2024-03-07 09:27:59,43562.07993829298,11031.639228100508,161328.40731144216
2024-03-07 09:28:59,43547.56276066155,10939.413983102531,170336.62458182944
2024-03-07 21:51:23,38832.86202858297,9759.12929434416,142054.3823114936
2024-03-08 03:44:59,38166.33142843561,11186.826927633283,128137.84071886755
2024-03-08 06:55:35,39693.02190317546,11150.505671864057,141373.8156049666
2024-03-08 11:39:23,37139.94587623074,10481.55994749488,143609.88518379626
2024-03-08 19:27:11,35820.48667858623,9233.30795069267,128329.31579546061
2024-03-08 20:13:35,35577.77746829745,8699.575937315323,128799.01918277406
2024-03-08 21:50:11,35576.01037287605,9862.355851369004,147576.00934192011
2024-03-09 05:16:23,37112.449305201786,10425.26953978523,154524.06401629158
2024-03-10 05:16:23,36892.389467408604,9167.009958490671,148180.83591584978
2024-03-11 05:16:23,34997.506880840876,9305.435030923147,149650.03539425507
2024-03-12 05:16:23,34392.47262460751,9308.389004597162,134575.70413373518
2024-03-13 05:16:23,32800.583362743775,8483.920462583243,120306.70164886776
2024-03-14 05:16:23,32061.808524023545,8094.638444287459,115452.78771246992
2024-03-15 05:16:23,30105.56194304086,7648.646980714187,121493.77160759958
2024-03-16 05:16:23,31226.46227868797,8139.173211164593,121438.90879537562
2024-03-17 05:16:23,34817.28468277862,9504.737805124569,136386.21976167735
2024-03-18 05:16:23,37871.54391326355,9889.741535621844,144725.93073392814
2024-03-19 05:16:23,42941.27811572578,10944.539741207602,153663.96081270784
2024-03-20 05:16:23,46601.850184139425,12176.342361822835,194515.61861981105
2024-03-21 05:16:23,50098.421780500066,14118.844335816815,196023.58574343208
2024-03-22 05:16:23,49242.195429447514,12960.985587803152,195461.28741042656
2024-03-23 05:16:23,50566.88287152004,11934.669976867886,188488.6388367163
2024-03-24 05:16:23,53056.12216923257,13401.843341705835,217291.8856408411
2024-03-25 05:16:23,52433.897774827994,15342.490215022044,196188.59169315998
2024-03-26 05:16:23,53376.745792023765,13990.228560300367,181647.75606804498
2024-03-27 05:16:23,52703.985411269336,13468.483711982302,193200.8306427431
2024-03-28 05:16:23,53360.32696456202,14916.723250150919,192851.00891485
2024-03-29 05:16:23,51738.088131773795,13370.484189513567,185689.59765739302
2024-03-30 05:16:23,54861.44429897802,14582.592010266717,199273.97419993777
2024-03-31 05:16:23,61411.9877445644,15399.22330965329,230303.7809104908
2024-04-01 05:16:23,65433.119046063985,16900.999962576516,269494.5007530358
2024-04-02 05:16:23,70729.75802742993,18431.962577212453,288987.34834278875
2024-04-03 05:16:23,71411.37557107118,17794.380250358743,271865.7256161279
2024-04-04 05:16:23,70237.35608613238,18526.88567364739,231547.44521918637
2024-04-05 05:16:23,62803.38437768599,17378.18582345504,233028.9214264126
2024-04-06 05:16:23,59017.03380244221,15085.428350507387,225888.65465868416
2024-04-07 05:16:23,57533.9502496214,14515.288919867084,217005.19993548645
2024-04-08 05:16:23,53896.315434477416,13618.650440929458,216984.82997905544
